name,host_name,room_type,price
Residenza Martin  Classic room,Andrea Frua De Angeli,Private room,120.0
Charming Gem - Oltrarno City centre,Cesare,Entire home/apt,166.0
Central Double Shared Bathroom,Lorenzo,Private room,120.0
Florence Central Double Private Bathroom,Lorenzo,Private room,137.0
Apartment Santa Monaca Oltrarno old town,Matilde,Entire home/apt,103.0
Pinzochere Mansarda at SANTA CROCE,Apartments Florence,Entire home/apt,
Stylish Terrace on Boboli Gardens,Rocco,Entire home/apt,202.0
Residenza Martin:  Superior room,Andrea Frua De Angeli,Private room,109.0
Residenza Martin:  Single room,Andrea Frua De Angeli,Private room,113.0
Residenza Martin:  Deluxe room,Andrea Frua De Angeli,Private room,127.0
Leonardo House,Darko,Private room,84.0
Central Single Shared Bathroom,Lorenzo,Private room,86.0
love Florence?love Florentin house,Elly,Entire home/apt,149.0
Terrazzino Apartment,Francesco,Entire home/apt,190.0
Toscanella Apartment,Francesco,Entire home/apt,345.0
Giotto Central Florence apartment with Terrace,Elly,Entire home/apt,158.0
Home Sweet Home away from home  Extended Stay,Paolo,Entire home/apt,89.0
Loft style historical Central,Elisabetta,Entire home/apt,152.0
apartment in the center of Florence,Stefano,Entire home/apt,151.0
Central Triple Private Bathroom,Lorenzo,Private room,157.0
Regal Apartment in 16th Century Florentine Palazzo,Allegra,Entire home/apt,185.0
Central Double Shared Bathroom,Lorenzo,Private room,120.0
Florence Central Double Private Bathroom,Lorenzo,Private room,137.0
Your apartment in the Heart of City,Dante,Entire home/apt,132.0
Large Studio in Ognissanti Palace,Gianluca,Entire home/apt,124.0
Duomo Flat Amazing view in Florence,Massimiliano,Entire home/apt,262.0
Alfani Suite by GALLERIA ACCADEMIA,Apartments Florence,Entire home/apt,
Alfani Terrace 2b near the Duomo,Apartments Florence,Entire home/apt,
Alfani 2b VIEW OF DUOMO,Apartments Florence,Entire home/apt,313.0
"OYSTER: lovely for 2, QUIET, by the DUOMO",Magda,Entire home/apt,
"MASSIMO: A CHARMING  LOFT for TWO, BY THE DUOMO",Magda,Entire home/apt,60.0
Arianna: a lovely apartment for 4 by the Duomo,Magda,Entire home/apt,58.0
Florence Central Twin Shared Bathroom,Lorenzo,Private room,120.0
Classy & big penthouse + cooking,Michele,Entire home/apt,667.0
★ Cozy Studio - Piazza della Signoria,Niccolò,Entire home/apt,112.0
Boboli Garden S. Spirito Center,Matilde,Entire home/apt,126.0
La Terrazza al Duomo in Firenze,Alessandro,Entire home/apt,165.0
Acacia Firenze - Primula,Acacia Firenze,Entire home/apt,238.0
Magic Florence,Maya,Entire home/apt,149.0
Ghibellina 4B by MICHELANGELO'S HOUSE,Apartments Florence,Entire home/apt,412.0
"Villa with great view over Florence, pool, Wi-Fi",Lorenzo,Entire home/apt,707.0
Firenze riverfront flat great Quality/Price,Christina,Entire home/apt,173.0
"Firenze centro storico:  ""Leonardo""",Adriano,Entire home/apt,110.0
Il MelogranoFelice center Florence,Alessandro,Private room,28.0
Beautiful private room Center of Florence,Paolo,Private room,108.0
Florence Central Double Private Bathroom,Lorenzo,Private room,137.0
VVMONO - ROOM in the HEART of FLR,Alberto,Entire home/apt,88.0
"""Grande Pepi"" - Luxury in the heart of Florence!",Massimo,Entire home/apt,318.0
Rosa Loft near SANTA CROCE,Apartments Florence,Entire home/apt,
S.Antonino 360° Views 5 Minutes from Duomo,Apartments Florence,Entire home/apt,639.0
The smallest hostel of Florence - Moonshine Avenue,Nadja Maria,Private room,130.0
Classic Apartment in Florence city center,Luca,Entire home/apt,250.0
Florence Holiday Homes - Santa Maria Novella,Paolo,Entire home/apt,153.0
Florence Holiday Homes - Ponte Vecchio,Paolo,Entire home/apt,142.0
New Appartment River Front,David,Entire home/apt,137.0
Florence Historic center - Tuscany,Valentina,Entire home/apt,93.0
BRIGHT & COZY APT IN MOST AUTHENTIC NEIGHBOURHOOD,Veronica,Entire home/apt,65.0
"Central, quiet near the Old Bridge",Filippo,Entire home/apt,147.0
Florence Gioberti Suite.,Thomas,Entire home/apt,180.0
LOFT PANDO S.CROCE FLORENCE CENTER,Thomas,Entire home/apt,180.0
romantic apt in San Frediano,Monica,Entire home/apt,120.0
Apartment historical center Florence,Cheti,Entire home/apt,163.0
"LOVELY,GARDEN,3MINS TO CENTER VIATRAMVIA",Paolo,Entire home/apt,223.0
"Soggiorno Fortezza Fiorentina, Stanza doppia / ...",Massimo,Private room,53.0
Bright Apartment on 2 levels,Tommaso&Eleonora,Entire home/apt,144.0
beautiful studio in the city center,Barbara,Entire home/apt,117.0
Raffaello stanza privata con AC,Giovanpaolo,Private room,121.0
Stella apartment at the Duomo,Andrea,Entire home/apt,102.0
CORTE D'ARNOLFO AMBRA APARTMENT,Silverio,Entire home/apt,165.0
room in the middle of the central,Enrico,Private room,85.0
Room with  View,Mariam,Private room,84.0
Florence Oltrarno San Frediano,Enrica,Entire home/apt,108.0
Ancient Fiesolana 2 bedroom Dome 5 min+Clima+WIFI,Rita,Entire home/apt,195.0
B&B Cimabue 9,Enrico,Entire home/apt,1381.0
"""al parco della musica"" with covered car place",Massimo,Entire home/apt,160.0
Ellen house soul space in the city,Elly,Entire home/apt,204.0
The Swallows' Lodge,Bitte,Entire home/apt,151.0
Borgo Pinti in center of Florence,Fernando,Entire home/apt,126.0
"The smallest hostel of Florence, Nemoland",Nadja Maria,Private room,168.0
Appartamento DUOMO a Firenze,Roberto,Entire home/apt,335.0
Your cosy home in Florence,Ilaria,Private room,92.0
Newly Refurbished in the Middle of the Center,Giovanni,Entire home/apt,134.0
Studio P.zza del Carmine2 S.Spirito,Matilde,Entire home/apt,110.0
Firenze Rentals Mini Corso 12,⁨Samuel & Paolo For Firenze Rentals®⁩,Entire home/apt,162.0
Florence Centrally Located Loft,Lorenzo,Entire home/apt,175.0
Oro 2 bdr with Terrace on Ponte Vecchio,Marusca,Entire home/apt,280.0
"Magic Terrace on  Ponte Vecchio, amazing view!",Marusca,Entire home/apt,267.0
Charming singleroom XIX century apt,Giuseppe,Private room,80.0
Nice Quiet in the Heart of Florence,Susanna,Entire home/apt,
Little Patio,Chiara,Entire home/apt,228.0
Apartment with garden and view,Tommaso,Entire home/apt,118.0
Uva appartement,Simone,Entire home/apt,189.0
Apartment in historical Villa in Florence country,Simone,Entire home/apt,132.0
Nice apartement in historical Villa in Florence,Simone,Entire home/apt,145.0
Residenza Oltrarno Guest House,Filippo,Entire home/apt,342.0
Palazzo Bardi XV Century,Stefano E Roberta,Entire home/apt,209.0
"Lodges le Mura 'Palazzo Vecchio' wifi, ac, terrace",Ulrika,Entire home/apt,206.0
"Newly rennovated apartment with terrace, wifi, ac",Ulrika,Entire home/apt,207.0
"Fantastic apartment, Dome view, wifi, ac, terrace",Ulrika,Entire home/apt,241.0
"Lodges le Mura 'Ponte Vecchio' wifi, ac, terrace",Ulrika,Entire home/apt,280.0
"Lodges le Mura 'Uffizi' wifi, ac, terrace",Ulrika,Entire home/apt,172.0
Artful Stay in Santa Croce,Nadim,Entire home/apt,126.0
Best spot: Florence historic center walk distance,Stefano,Entire home/apt,100.0
Ghibellina 2b by SANTA CROCE CATHEDRAL,Apartments Florence,Entire home/apt,313.0
La Stanza24 (Indipendent Studio),Paola Caterina,Entire home/apt,136.0
Comfortable private room,Antonio,Private room,129.0
Residenza Strozzi The Stables: pool garden parking,Pia,Entire home/apt,230.0
"Residenza Strozzi the Chapel:pool, garden, parking",Pia,Entire home/apt,210.0
"Soggiorno Fortezza Fiorentina, Stanza doppia sh...",Massimo,Private room,68.0
"Florence, wonderful apartments !!!",Simone,Entire home/apt,143.0
"Il B&B Casa dei Tintori, Camera Azzurra",Riccardo,Private room,139.0
Panoramic Santa Croce Apartment | 2BR with Lift,Marco,Entire home/apt,223.0
"""Piccolo Pepi"" - superior flat with all comforts",Massimo,Entire home/apt,224.0
SuperCentral flat -Lovely terrace,Francesca,Entire home/apt,143.0
Central apt amazing view!500m from SMN,Chiara E Stefania,Entire home/apt,411.0
Roof Terrace and Breathtaking View,Laura,Entire home/apt,480.0
APARTMENT BETWEEN DUOMO AND OLD BRIDGE,Lorenzo,Entire home/apt,198.0
Lovely & Strategic Apt in Florence,Marie-Claire,Entire home/apt,194.0
Florence Ponte Vecchio Apartment,Pierpaolo,Entire home/apt,200.0
H - Old Town Guest House,Daniele & Clara,Private room,82.0
Florentine Heart/Italian Soul/Quad,Elisa & Mirko,Private room,16.0
"Casa Schlatter, Stanza atelier d'artista n° 2",Alessandra,Private room,97.0
G - Old Town Guest House,Daniele & Clara,Private room,82.0
"Casa Schlatter, Stanza n1 atelier d'artista",Alessandra,Private room,97.0
"Casa Schlatter, Stanza atelier d'artista n° 3",Alessandra,Private room,97.0
Artist atelier-Florence center,Alessandra,Entire home/apt,314.0
"2 bedrooms, 2 bathrooms, in the heart of Florence",Giulia,Entire home/apt,150.0
Quiet & Central Nest in Florence,Elisabetta,Entire home/apt,135.0
Firenze flat with garden&free parking groundfloor,Christina,Entire home/apt,342.0
Palazzo Alfani Residence - Classic Apartment,Francesca,Entire home/apt,343.0
typicol florentin studio,Luca,Entire home/apt,163.0
Independent studio near SantaMariaNovella Station,Francesco,Entire home/apt,109.0
Nice apt in Santo Spirito,Claudio,Entire home/apt,
1 bedroom flat in the best part of the center,Guido,Entire home/apt,189.0
Panoramic apartment in the center of Florence!,Andrea,Entire home/apt,137.0
MODERN NEW FLAT CLOSE TO CITY CENTER,Sandra,Entire home/apt,67.0
Breathtaking City View Bright Apt-Elevator-Wifi-AC,Paola,Entire home/apt,268.0
"Soggiorno Fortezza Fiorentina, Stanza singola s...",Massimo,Private room,53.0
Art appartment Santo Spirito Matteo,David,Entire home/apt,120.0
Oltrarno-Pitti palace area appartamento,Elena,Entire home/apt,134.0
MARIA - Apartment facing large terrace,Clara E Carlo,Entire home/apt,183.0
STUDIOLO - Charming Studio in a 1860' Villa,Clara E Carlo,Entire home/apt,133.0
"Studio Flat Ponte Vecchio, WiFi-AC",Guglielmo,Entire home/apt,46.0
central loft apartment top floor,Claudio,Entire home/apt,67.0
Proconsolo Donatello Apartment by Mamo Florence,Mamo,Entire home/apt,170.0
Spectacular private terrace Duomo - private house,Marco,Entire home/apt,306.0
Apartment 1 min. from Ponte Vecchio,Yoko And Lorenzo,Entire home/apt,100.0
Apt Niccolo' a Ponte Vecchio-Heart of Florence,Riccardo,Entire home/apt,183.0
Marignolle relais & charme Florence,Lorenzo,Hotel room,368.0
Apt Iris 100m from Ponte Vecchio-Uffizi Gallery,Riccardo,Entire home/apt,189.0
Silent Oltrarno,Maurizio,Entire home/apt,125.0
Duomo Great Room Private Bathroom,Claudio,Private room,
Happy Florence Santa Croce 1 - Historic center,Paola,Entire home/apt,153.0
A place to stay,Gianpaolo,Entire home/apt,571.0
"Small Studio in S. Spirito, Oltrarno",Lucrezia,Entire home/apt,119.0
Art Flat Florence,Scott,Private room,164.0
Centro Firenze Bellissimo Appartamento del 500,Cristina,Entire home/apt,169.0
Novella House,Novella House,Entire home/apt,267.0
Santa Croce cosy apt with a view,Kora,Entire home/apt,
2)Independent apartment near  S.M. Novella station,Francesco,Entire home/apt,103.0
Bellosguardo/San Francesco di Paola,Sonia Filippo,Entire home/apt,206.0
Charming Historic Apartment in Santo Spirito,Nicolò,Entire home/apt,251.0
Elegant Apartment with Private Garden,Nicolò,Entire home/apt,300.0
Private Designer Room Florence city center,Elisabetta,Private room,116.0
The Heart's Cradle,Massimo,Entire home/apt,
Attic flat in the center - Florence,Lorenza,Entire home/apt,131.0
CondottaSuite14♥Piazza Signoria♥,Alessandro,Entire home/apt,363.0
Stay in Galileo’s House in the Heart of Florence,Modestino,Entire home/apt,144.0
The gateway to Florence and Tuscany,Giovanni E Claudia,Entire home/apt,59.0
Il Duca di Firenze Apartment,Daniela,Entire home/apt,
Acacia Firenze - Peonia,Acacia Firenze,Entire home/apt,156.0
"Tuscan Villa, shared Pool Parking 3km@Uffizi",Ginevra,Entire home/apt,1400.0
Monolocale Centralissimo A/C Duomo Piazza Signoria,Lorenzo,Entire home/apt,193.0
Florence/Italia lovely room + private bathroom,Antonella,Private room,64.0
Elegant apartment in Florence,Rafael,Entire home/apt,152.0
Charming and Cozy House in Florence,Serena,Entire home/apt,150.0
Bellavista Apartment in the heart of Florence,Francesca,Entire home/apt,579.0
Dimora Dionisio B&B,Francesco,Private room,98.0
Art gallery and charming home in San Frediano,Giovambattista,Entire home/apt,189.0
Cozy Vintage Penthouse Uffizi Museum,Luca,Entire home/apt,138.0
Magnolia - Large and comfortable studio flat,Marco E Patrizia,Entire home/apt,86.0
Double room and private bath.,Roberto,Private room,57.0
San  Marco Patio - Cathedral view,Tiberio,Entire home/apt,211.0
Charming  suite apartment in the heart of Florence,Fernando,Entire home/apt,180.0
"NICE house, CLOSE central (5min BUS, 20m on foot)",Simone,Entire home/apt,164.0
"AFFORDABLE, BREATHTAKING DUOMO",Lisa & Ciro,Entire home/apt,157.0
Palazzo Della Nave - AP 10,Palazzo Della Nave,Entire home/apt,117.0
Picturesque Double room in Florence,Lisa,Private room,99.0
Charming Apartment close to centre,Laura E Francesco,Entire home/apt,189.0
"Soggiorno Venere, Stanza con un letto 2",Najat,Private room,120.0
"Soggiorno Venere, Stanza familiare",Najat,Private room,115.0
Casa Giselle,Ilaria,Entire home/apt,126.0
"Soggiorno Venere, Family room",Najat,Private room,
"The delightful yellow Penthouse, Florence",Emi,Entire home/apt,183.0
Suite panoramic terrace Florence,Lorenzo,Entire home/apt,241.0
BOSI'S ART HOUSE - 5 mins to center,Silvia,Entire home/apt,145.0
Top Luxury Apartment with terrace in Ponte Vecchio,Luca,Entire home/apt,309.0
Pitti apartment in the city center,Sara,Entire home/apt,
Loft for 4 person wifi and parking,Andrea,Entire home/apt,
Via Maggio 2bedroom,Apartments Florence,Entire home/apt,
"Corte dei Carobbi, in the heart of Florence!",Francesca,Entire home/apt,261.0
The Rose of Florence,Apartments Florence,Entire home/apt,259.0
Very Nice Room near the Dome of Florence,Michele,Private room,68.0
Cozy Hideaway in the City Center,Susanne,Entire home/apt,194.0
Pandolfini Street 1b near SANTA CROCE,Apartments Florence,Entire home/apt,
Cozy flat nearby historic centre,David,Entire home/apt,118.0
Loft in down town also for smart co/working,Modestino,Entire home/apt,240.0
"Flowers' Suite, 1 bedroom, front MedicI Chapel",Mariangela,Entire home/apt,226.0
"Ponte Vecchio view to sun, Florence",Barbara,Entire home/apt,124.0
Warm apartment in center Florence with garden,Barbara,Entire home/apt,140.0
"Blue Sky Suite, 1 bedroom, front Medici Chapel",Mariangela,Entire home/apt,223.0
"La Sinagoga Suite, wondeful apart!",Mariangela,Entire home/apt,458.0
a romantic apartment in san Niccolò,Francesca,Entire home/apt,105.0
"Apartment,  in the very heart of Florence",Chiara,Entire home/apt,577.0
"At M&C, where locals live! En-suite bathroom",Marco & Cristiana,Private room,103.0
Florence&Us - Piazza Santa Croce - Dante,Niccolò,Entire home/apt,149.0
Apartment in the heart of Firenze,Alessandro,Entire home/apt,56.0
Cozy room perfect location! en-suite bathroom,Marco & Cristiana,Private room,137.0
Lussuoso attico con vista,Maria Gaia,Entire home/apt,879.0
Apartment of 40 sq.m. central zone,Vanna,Entire home/apt,87.0
A Florentine  Renaissance (Santa Croce),Fabrizio,Entire home/apt,343.0
Attico Panoramico,Laura,Entire home/apt,160.0
UFFIZI-PONTE VECCHIO apartment,Cristiana,Entire home/apt,276.0
Studio close to touristic sites,Paolo,Entire home/apt,84.0
Central historic flat in Florence,Michele,Entire home/apt,107.0
Beautiful room in Florence,Cristina,Private room,149.0
Modernity in Florence-relax near the center,Giuseppe,Entire home/apt,138.0
Bilocale a Firenze confortevole,Mauro,Entire home/apt,114.0
Aunt Lena's apartment,Candida,Entire home/apt,
Just steps away from the Duomo,Chiara E Nicola,Entire home/apt,112.0
"Charming Apartment, Palazzo Valori",Pamela,Entire home/apt,304.0
"San Lorenzo Loft, close to SMN train station",Leonardo,Entire home/apt,183.0
"San Lorenzo Terrace, suggestiva vista del Duomo",Leonardo,Private room,183.0
Charming flat next to S. Marco,Daniele,Entire home/apt,135.0
"Charming house in Florence, Iris",Elisabetta,Entire home/apt,104.0
Appartamento Leone Piazza del Carmine,Sabrina,Entire home/apt,112.0
Elegant Apt Facing Bargello,Edo & Rita,Entire home/apt,160.0
Novella House Pittalis,Novella House,Entire home/apt,214.0
Real charme near the Uffizi gallery,Simona,Entire home/apt,282.0
Acacia Firenze - Quercia,Acacia Firenze,Entire home/apt,241.0
Venus - On the roofs of Florence,Ludovica & Family,Entire home/apt,257.0
"Flat Beccaria Alberti Terraces, Free Parking",Marianna,Entire home/apt,194.0
Central Florence Merville House,Francesco,Entire home/apt,131.0
Ponte Vecchio - San Jacopo (Duomo),Saverio,Entire home/apt,243.0
Firenze Rentals Suite Corso 12,⁨Samuel & Paolo For Firenze Rentals®⁩,Entire home/apt,458.0
Loft Charming Residence in Florence,Lane,Entire home/apt,127.0
Loft a Pontevecchio,Barbara,Entire home/apt,132.0
Charming gem located in the heart of the city.,Salvatore,Entire home/apt,125.0
Yome - Panoramic Loft - terrace Duomo view,Patrizia,Entire home/apt,150.0
Charming and  Spacious Apartment,Filippo,Entire home/apt,217.0
QUIET ROOM IN CENTRAL LOFT,Raffaella,Private room,206.0
Appartamento  VESPUCCI  ( 2+2 ),Alessandro,Entire home/apt,76.0
Appartamento  COLOMBO  ( 2+2 ),Alessandro,Entire home/apt,
Romantic Apartment,Claudia,Entire home/apt,185.0
Appartamento MAGELLANO (4+2+2 ),Alessandro,Entire home/apt,
Luxury Apartment front Duomo Terrace View Ac Wifi,Luca,Entire home/apt,190.0
Top Location New Apartment Piazza Signoria Uffizi,Luca,Entire home/apt,172.0
Charming Florence Apart historic Center • 3 Guests,Cristina,Entire home/apt,149.0
Prime Location: Your Florence City Center Home!,Cristina,Entire home/apt,129.0
Cimatori in the Heart of Florence,Grazia,Entire home/apt,33.0
Explore Via Tornabuoni from a Lavish Serviced Suite,Alessandra,Entire home/apt,343.0
Keys of Italy-CorsoS-9-Studio by Palazzo Vecchio,Keys Of Italy,Entire home/apt,137.0
"Bright comfortable "" mini-loft""",Antonio,Entire home/apt,54.0
Monolocale nel cuore di Firenze,Piera,Entire home/apt,143.0
Florence Holiday 313,Cristina E Raffaele,Entire home/apt,
Delightful villa with a lush garden,Simona,Entire home/apt,260.0
MODERN AND COMFORTABLE LOFT.,Elisa,Entire home/apt,145.0
"Apt with Wifi, A/C, private parking",Alessandro,Entire home/apt,278.0
"Galantino, confortevole appartamento in centro",Barbara,Entire home/apt,137.0
Romama - Cozy apartment,Grazia,Entire home/apt,18.0
Apartment CasaInFlorence,Roberto E Anna,Entire home/apt,139.0
Keys of Italy -Guanto15Bil-1Bdr flat by the Uffizi,Keys Of Italy,Entire home/apt,125.0
Allegri Loft - Classic Italian Charme in S.Croce,Patrizia,Entire home/apt,271.0
"Fior di Gelsomino ""Vecchia Cartoleria""",Beatrice,Private room,135.0
Ponte Vecchio Unique,Alessandro,Entire home/apt,154.0
"Ampio appartamento, silenzioso Casa Adele Firenze",Adele,Entire home/apt,154.0
Work from home in Florence near the Train Station!,Sharika,Entire home/apt,
Elegant Historic Apartment with Private Terrace,Lorena,Entire home/apt,398.0
Elegant apartment in the earth of Florence,Nara,Entire home/apt,195.0
Spectacular Location Ponte Vecchio,Karin Honsberg,Entire home/apt,696.0
Comfortable apartment in San Niccolo area,Guido,Entire home/apt,115.0
White Suite - Boboli Garden,Chiara,Entire home/apt,155.0
Characteristic Artist's Apartment,Michele,Entire home/apt,126.0
Host by Beautiful apartment in Santo Spirito,Salvatore,Entire home/apt,131.0
Central bedroom near Duomo. Best location (lift),Lorenzo,Private room,143.0
PIAZZA PITTI -CENTER FLORENCE,Caterina,Entire home/apt,92.0
"Boboli, flat with private courtyard",Antonella,Entire home/apt,148.0
typical apartament into city center,Laura,Entire home/apt,66.0
Sunlight Fortezza,Amazing Italian Retreats,Entire home/apt,138.0
"B David Museum,central,GirasoleRoom,privateBath",Emmanuele,Private room,91.0
"Santo Spirito, Pitti - 3BR in Oltrarno",Alessio,Entire home/apt,480.0
Terrace on the River - Garage,Piero E Cinzia,Entire home/apt,234.0
Florence Superior Duomo Apt 316,Cristina E Raffaele,Entire home/apt,350.0
Florence  Duomo Apt 318,Cristina E Raffaele,Entire home/apt,224.0
The Most Beautiful District in Florence,Linda,Entire home/apt,114.0
Apartment in Santo Spirito,Giulio,Entire home/apt,149.0
Palazzo Della Nave - AP 11,Palazzo Della Nave,Entire home/apt,208.0
Spina & Nico's apartment,Nicola,Private room,
Flat in the heart of Borgo San Frediano Florence,Giulia,Entire home/apt,232.0
historic apartment heart florence,Nicole,Entire home/apt,230.0
Azeglio,Stefano,Entire home/apt,721.0
"WiFi CITY CENTER, SINGLE STANDARD ROOM",Susanna,Private room,39.0
Studio Suite - near Piazza Signoria,Roberto,Entire home/apt,149.0
Appartamento Liberty con Terrazza,Domenica,Entire home/apt,96.0
VENERE: ARTISTIC FLAT WITH TERRACE,Elly,Entire home/apt,179.0
ELEGANCE ANGELI MAISON WITH TERRACE,Elly,Entire home/apt,320.0
"Bright Red Suite, Medici chapel",Mariangela,Entire home/apt,230.0
Chiardiluna Ground Floor,Laura,Entire home/apt,166.0
Cosimo Lovely Apt - Piazza Signoria,Donatella,Entire home/apt,183.0
Orange room with private bathroom.Accademia Museum,Emmanuele,Private room,75.0
Flat in Villa Firenze sight Fiesole,Giovanni,Entire home/apt,297.0
San Gallo Suite in Florence Center,Agnese,Entire home/apt,153.0
Piazza Ciompi With Graden,Sid,Entire home/apt,420.0
Charming & cool appartment in florence,Daniela,Entire home/apt,172.0
Characteristic apartment in the heart of Florence,Elisabetta,Entire home/apt,158.0
Flat in Historical Center Signoria,Elisabetta,Entire home/apt,185.0
Contemporary loft in Florence,Marco,Private room,44.0
FIRENZE PECAN (SAN GIUSEPPE),Nato,Entire home/apt,103.0
A very nice flat in Florence,Edoardo,Entire home/apt,131.0
Houseof the sculptor.florentinestyl,Sara,Entire home/apt,103.0
Sunny & quiet at Porta San Frediano,Marina&Flora,Entire home/apt,114.0
Apartment Vincent,Alberto,Private room,303.0
Luxury villa in Florence,David,Entire home/apt,660.0
Luxury Loft with Air Conditioning in the city cent,Michela,Entire home/apt,469.0
Stylish Duplex • 2 Bathrooms • Walk to Duomo & SMN,Tommaso&Eleonora,Entire home/apt,183.0
in the heart of the historic center near the Duomo,Roberto,Entire home/apt,183.0
Apartment  Orchid San Zanobi,Daniela,Entire home/apt,131.0
Giglio Tornabuoni Apartment,Apartments Florence,Entire home/apt,261.0
"Florence Rive Gauche San Damiano 
Dine Overlooking Rooftops",Laura,Entire home/apt,215.0
Ghibellina Terrace Loft,Nicolò,Entire home/apt,197.0
L'Aranceto Guest House - Old Mosaic room,Alfons,Private room,65.0
L'Aranceto Guest House - Cherubini room,Alfons,Private room,59.0
L'Aranceto Guest House - Orange Kiss room,Alfons,Private room,65.0
L'Aranceto Guest House - Florence in Red Room,Alfons,Private room,59.0
L'Aranceto Guest House - Old Basin room,Alfons,Private room,59.0
Florentine Heart/Italian Soul/Sgl,Elisa & Mirko,Private room,10.0
"Piccola  ""dimora la Petraia""",Grazia,Entire home/apt,126.0
The real heart of Florence's center,Federico,Private room,90.0
F- Your Lovely Nest In Oltrarno,Daniele & Clara,Private room,91.0
San Giorgio near Ponte Vecchio,Luisetta,Entire home/apt,165.0
DESIGN APARTMENTS FLORENCE ALAIN FREE WI-FI,Serena,Entire home/apt,358.0
DESIGN APARTMENTS FLORENCE SERENA FREE WI-FI,Serena,Entire home/apt,246.0
"Room "" Watercolour"" Casa Rosati",Elisabetta,Private room,62.0
"Room ""Disegno"" Casa Rosati",Elisabetta,Private room,62.0
Ippolito comfort e stile nel cuore di  Firenze,Barbara,Entire home/apt,160.0
Cleopatra central apartment in Florence,Alessandra,Entire home/apt,166.0
special room yellow florence....,Roberto,Private room,86.0
NICE APARTMENT in FLORENCE (4 bedrooms + parking),Mia,Entire home/apt,286.0
L'Aranceto Guest House - Light Flower room,Alfons,Private room,65.0
L'Aranceto Guest House - Golden Floor room,Alfons,Private room,180.0
Delightful flat in front of Santa Croce,Francesco,Entire home/apt,293.0
Appartamento esclusivo in Piazza Strozzi,Anna Clementina,Entire home/apt,356.0
My Florence Home Santa Croce,Loredana,Entire home/apt,202.0
Nice romantic room in Florence,Katerina,Private room,44.0
Duomo Classic Apartment,Alberto,Entire home/apt,239.0
COFFEEhouse/casaBARTHEL,Elena,Entire home/apt,236.0
Your romantic paradise,Alberto,Entire home/apt,144.0
"Firenze, Giardini di Boboli, Garage",Maurizio,Entire home/apt,194.0
Florence 360°,Federico,Entire home/apt,193.0
PICCOLO PAPA - Charming flat in a 1860's Villa,Clara E Carlo,Entire home/apt,160.0
GIOVANNI - Studio facing large terrace,Clara E Carlo,Entire home/apt,137.0
MICHELE - Penthouse with sleeping loft,Clara E Carlo,Entire home/apt,171.0
DEL BOLOGNA - Romantic apt. with Sleeping Loft,Clara E Carlo,Entire home/apt,171.0
GHEGA - Lovely apartment facing large terrace,Clara E Carlo,Entire home/apt,183.0
GUIDO - Studio facing large terrace,Clara E Carlo,Entire home/apt,183.0
Pepi Apartment,Sid,Entire home/apt,128.0
san zanobi Florence center 7,Ninna Nanna,Entire home/apt,421.0
In the heart of Florence,Lapo,Entire home/apt,127.0
Ponte Vecchio Tower,Alessandro,Entire home/apt,169.0
appartamento in santa trinita,Anna Clementina,Entire home/apt,127.0
Sweet house in Florence!,Elisa,Entire home/apt,150.0
Little Florentine heaven,Alessandra,Entire home/apt,237.0
Lilium elegant Suite,Elly,Entire home/apt,234.0
Studio apt Ancient Palazzo,Matias,Entire home/apt,144.0
"Newly Renovated, Charming one bedroom apartment",Jacopo,Entire home/apt,58.0
"Maggio apartment, Pitti Square",Marusca,Entire home/apt,212.0
Affittacamere Il Fico - Stare d'Incanto,Simona,Private room,66.0
CERAMIChouse/casaBARTHEL  15' from the City Center,Elena,Entire home/apt,202.0
FARMERShouse/casaBARTHEL 15' from the City Center,Elena,Entire home/apt,202.0
Apartment Ricasoli,Alberto,Private room,369.0
OASI IN THE HEART OF FLORENCE,Marie,Entire home/apt,394.0
TREEhouse/casaBARTHEL,Elena,Entire home/apt,318.0
Pitti House,Dimitri,Entire home/apt,171.0
Appartamento luminoso a S. Croce,Piermarco,Entire home/apt,143.0
Appartamento in centro a Firenze,Carla,Entire home/apt,
Colonna,Mariaclaudia,Entire home/apt,105.0
Apartment in Historical Center,Matteo,Entire home/apt,147.0
Beautiful flat. 2 steps from Duomo.,Alberto,Entire home/apt,191.0
"A romantic ""Casa Torre 'del 300""",Barbara,Entire home/apt,
Petrarca apartment,Diasio,Entire home/apt,754.0
Via Panzani Apartment Near The train station,Sid,Entire home/apt,
Studio Appartment near Sta Croce Superb Location,Silvia,Entire home/apt,128.0
Ancient building near Pont Vecchio,Cristiana,Entire home/apt,147.0
Ghibellina 22 Apartment,Elena,Entire home/apt,188.0
"Mike's Home Tornabuoni - With 2 Bikes, Wi-Fi & AC!",Francesca,Entire home/apt,163.0
City center with beautiful view,Anja,Entire home/apt,151.0
Facibeni Room with Private Living & Parking,Susana,Entire home/apt,135.0
the roof terrace,Salvatore,Entire home/apt,269.0
Camera luminosa ben arredata.,Araceli,Private room,74.0
View of Florence Studio,Cristiana,Private room,86.0
Rooftop with duomo view from the huge terrace!,Caterina,Entire home/apt,164.0
home sweet home,Marco,Private room,
Studio flat X 2 - Central Florence,Raffaele,Private room,98.0
Iconic Twelve Century Medieval Tower Loft,Alfredo,Entire home/apt,385.0
Romantic Medieval Tower Loft,Alfredo,Entire home/apt,352.0
Camera con charme centro Firenze,Rolando,Private room,115.0
Suite in Santa Croce Florence,Marco,Entire home/apt,169.0
Moro Gemma 2bd close to Tornabuoni,Apartments Florence,Entire home/apt,333.0
Florence Art Apartment,Sara,Entire home/apt,309.0
In the Historic Center. Easy for Duomo and Station,Barbara,Entire home/apt,261.0
Duomo 2 steps away Pz Signoria 3 steps away,Barbara,Entire home/apt,343.0
Sunny Arno view apart. 3rd fl Drago Verde,Ilaria,Entire home/apt,120.0
great flat with terrace in the heart of florence,Elly,Entire home/apt,713.0
Nice Appartament in Florence,Francesca,Entire home/apt,113.0
Alessandro - Romantic apartment in 1860 Villa,Clara E Carlo,Entire home/apt,171.0
Porta al Prato - Leopolda  apartment.,Angelo,Entire home/apt,126.0
Florence&Us - Piazza Santa Croce - Michelangelo,Niccolò,Entire home/apt,127.0
Grande (8+) al centro vicino a Duomo e Stazione,Barbara,Entire home/apt,394.0
Room In central Florence,Raffaele,Private room,65.0
Lauraholidayhouse,Lorenzo,Entire home/apt,123.0
Quiet and Comfy Flat in the Historical Center,Giovanni,Entire home/apt,150.0
La Sosta de' Savi - David Double Room,Gabriele,Private room,103.0
Nice & Artistic Studio Flat Near Ponte Vecchio,Giovanni,Entire home/apt,100.0
K&F San Frediano Smart Apt - Center of Florence,ChiaraeFrancesco,Entire home/apt,129.0
Luxury design silence santo spirito florence,Jacopo,Entire home/apt,135.0
Mimi's in Florence: your studio,Isabella,Private room,113.0
Bonifacio 15,Roberta,Entire home/apt,86.0
CHARMING GARDEN IN FLORENCE,Elly,Entire home/apt,219.0
"Primaluce - luxury retreat, great view of Florence",Claudia,Entire home/apt,398.0
Meriggio Luxury - Overview Florence,Claudia,Entire home/apt,249.0
very quite 10 min to San Frediano,Serena,Entire home/apt,99.0
Charme near Piazza della Signoria,Simona,Entire home/apt,278.0
Tornabuoni Apartment in Florence,Federico,Entire home/apt,195.0
Keys of Italy- CorsoB-9- Studio by Palazzo Vecchio,Keys Of Italy,Entire home/apt,145.0
Casa Annita_ cozy apartment near the center,Elisa,Entire home/apt,99.0
"Tornabuoni, elegant ap. in the hearth of the city",Marusca,Entire home/apt,192.0
Delicious Apartment Near City Centre,Cinzia,Entire home/apt,104.0
E - Quiet in center of Florence (cheap parking!),Daniele & Clara,Private room,86.0
Maison Orange Street View,Natalia,Entire home/apt,166.0
"Charming apartment  ""open space""",Andrea,Entire home/apt,32.0
Apartment elegant and charming,Francesco,Entire home/apt,
Cozy Eco Friendly Ponte Vecchio Apartment,Vittoria,Entire home/apt,169.0
What a view in Florence heart!,Saverio,Entire home/apt,515.0
"Kissed by the sun,  S. Lorenzo-Santa Maria Novella",Rossella,Entire home/apt,160.0
VILLA 1 MILE FROM DOWNTOWN FLORENCE W/ HEATED POOL,Olivia,Entire home/apt,1071.0
Suite Montebello,Elisabetta E Leonardo,Entire home/apt,175.0
Tornabuoni - Central Florence,Lisa,Entire home/apt,350.0
Air conditioned near Santa Croce,Giuseppe-Tuscany Holiday Rent Manag,Entire home/apt,334.0
Luxury Apartment - Sleeps 4+2 - Walk to Duomo,Matilda,Entire home/apt,503.0
Lovely Apt in the heart of Florence,Alessandra,Entire home/apt,129.0
House with garden and unique view of the Duomo,Anna,Entire home/apt,186.0
Pretty Sprone Palazzo Pitti,Francesco,Entire home/apt,108.0
"Wi-Fi CITY CENTER, 2 SINGLE BEDS STANDARD ROOM",Susanna,Private room,
LETTERPRESShouse/casaBARTHEL 15' from the City,Elena,Entire home/apt,207.0
"loft PINO centrale, A/C wifi",Lorenzo,Entire home/apt,95.0
Magic Signoria Apartment,Umberto,Entire home/apt,285.0
Cosy apartment in San Niccolo,Francesco,Entire home/apt,109.0
BELVEDERE 2BR 1LR 1BTH Aprartament,Salvatore,Entire home/apt,226.0
Cozy flat with courtyard,Paula,Entire home/apt,132.0
Lemont Tree One Bedroom with Balcony,Matias,Entire home/apt,170.0
Apartment with terrace facing Duomo,Matias,Entire home/apt,229.0
new apartment near Old Bridge,Sumiyo,Entire home/apt,160.0
Luxury Apartment,Chiara,Entire home/apt,76.0
Fantastic double bedroom,Andrea,Private room,84.0
Charming apartment with garden,Francesco,Entire home/apt,121.0
"Soggiorno Venere, Economy room",Najat,Private room,
Triple with Private Bathroom in Florence's heart,Mariagrazia,Private room,103.0
"Double room Centro storico,privat bathroom",Cristina Montelatici,Private room,79.0
"loft OLMO centrale, A/C wifi",Lorenzo,Entire home/apt,104.0
Best Florence Accomodation,Manuela,Entire home/apt,242.0
Gorgeous studio by Ponte Vecchio,Davide,Entire home/apt,
Cozy apartment in central zone,Jacopo,Entire home/apt,118.0
Between the roof of Florence,Erika,Entire home/apt,196.0
"☆Central Market ""Sant'Orsola"" heart of Florence☆",Gabriele,Entire home/apt,143.0
Charming Florentine Hideout,Amazing Italian Retreats,Entire home/apt,330.0
Incredible Suite in Center's Heart,Federico,Private room,90.0
Casa vacanze Francesco 5,Francesco,Entire home/apt,197.0
Elegance flat close to  old bridge,Federico,Entire home/apt,179.0
Nice renovated apartment on the hills of Florence,Gualberto,Entire home/apt,54.0
Florence Holiday House,Gianluigi,Entire home/apt,126.0
Panoramic loft with lift in the heart of Florence,Michael Frederick,Entire home/apt,286.0
Studio Apt.  WIFI  & AC in Heart of Florence,Tiberio,Entire home/apt,177.0
Central and elegant,Alessandra,Entire home/apt,154.0
Federighi 1b near Ponte Vecchio,Apartments Florence,Entire home/apt,268.0
Bardi Apartment,Tomaso,Entire home/apt,365.0
Confortevole appartamento a Firenze,Giannì Paolo,Entire home/apt,200.0
Portinari Apartment (4+2 pax),Tomaso,Entire home/apt,
The Cradle of the Renaissance - SM Novella,Daniel,Entire home/apt,131.0
Flat in Santa Maria Novella Square,Fabio,Entire home/apt,160.0
Private room and garden in Italian home,Thalia Arzoglou,Private room,73.0
Modern Loft with Fantastic View,Carlo,Entire home/apt,
Central cozy loft,Loredana,Entire home/apt,109.0
Visitflorentiapartment - Borgo La Croce Suite,Fabio & Mirko,Entire home/apt,115.0
Accogliente camera con parcheggio,Alessandra E Serena,Private room,198.0
TERRAZZA+BELVEDERE 4 BDR 2LVR 2BTH,Salvatore,Entire home/apt,561.0
Apartment loft in the heart of Santa Croce,Fabio,Entire home/apt,105.0
Residenza Falorni  Room Contessa,Marta,Private room,84.0
Charming Signoria Suite Apartment,Franca,Entire home/apt,148.0
Gorgeous Villa with Postcard Views in Historical Florence,Karin Honsberg,Entire home/apt,856.0
Apt Bettino Polimoda Teatro del Maggio S. Frediano,Roberto & Paola,Entire home/apt,128.0
LOFT⭐️⭐️⭐️⭐️⭐️,Annalisa & Leonardo,Entire home/apt,159.0
Boutique Apart Duomo Firenze,Susanna,Entire home/apt,
Elegance flat close to old bridge 9,Federico,Entire home/apt,320.0
"CasaCaterina, your home sweet home in Florence",Caterina,Entire home/apt,227.0
Il Presto di San Martino,Amazing Italian Retreats,Entire home/apt,323.0
Spacious Family Apartment with Garden,Thalia Arzoglou,Entire home/apt,268.0
Brilliant Start in the ♥ of ℱlorence,Laura,Entire home/apt,151.0
Aparment Cosimo at Rifredi / Careggi,Jacopo,Entire home/apt,120.0
"Cozy Loft near Main Station, lift-for long period",Michael Frederick,Entire home/apt,200.0
LOVELY LOFT PIAZZA SANTA CROCE AND DUOMO WI-FI,Antonia,Entire home/apt,126.0
ROMANTIC APARTMENT,Annalisa & Leonardo,Entire home/apt,157.0
Lovely apartment in Florence,Alda Adalgisa,Entire home/apt,186.0
Your nest in Florence/town Just for one guest.,Roberto,Private room,64.0
"Creative home in central Florence, near the Duomo",Lysiane,Entire home/apt,112.0
Appartamento nel cuore di Firenze,Teresa,Entire home/apt,181.0
Big and beautiful room - center,Thalia Arzoglou,Private room,82.0
Stunning view of the Cathedral - Duomo of Florence,Isabella,Entire home/apt,309.0
Touch Duomo. Nel cuore di Firenze,Bona,Entire home/apt,189.0
Cosy artful flat in central Florence,Lysiane,Entire home/apt,133.0
Grazioso appartamento in centro 2,Maurizio,Entire home/apt,17.0
Caterina Luxury apt -Uffizi Museum,Donatella,Entire home/apt,326.0
See Florence From the Comfort of a Central Home,Donatella,Entire home/apt,311.0
loving apartment,Carlo,Entire home/apt,91.0
Tuscany Suite   Dè' Magalotti,Eo,Entire home/apt,183.0
micro studio apartment santo spirito,Michele,Entire home/apt,63.0
Appartamento in centro firenze,Natale,Entire home/apt,264.0
Guelfa Apartment,Alessandro,Entire home/apt,238.0
Luxury Central Flat River View,Paola,Entire home/apt,
DANTE spacious apartment,Anna Teresa,Entire home/apt,331.0
Traditional house (3 bedrooms-4 bathrooms),Maria Cristina,Entire home/apt,
"Near the Cathedral,   nice room with bathroom",B&B  De' Biffi,Private room,
Buontalenti House,Giulia,Entire home/apt,164.0
Nice room + bathroom few steps from the center,Pasquale,Private room,50.0
Firenze Rentals Mini Suite Oche,⁨Samuel & Paolo For Firenze Rentals®⁩,Entire home/apt,195.0
Federica's town cottage,Jacopo,Entire home/apt,70.0
"Radiant, Luxury Eclectic Apartment in Oltrarno",Leonardo,Entire home/apt,394.0
appartamento in palazzo storico,Natale,Entire home/apt,
bijoux apartment florence,Luana,Entire home/apt,185.0
Zeus B&B il GIGLIO,Francesca,Private room,120.0
Apartment in the Center - Florence,Stefano,Entire home/apt,251.0
Violet's House,Riccardo,Entire home/apt,194.0
"REFURBISHED FLAT CLOSE TO CENTER, CASA DELLA GIOIA",Rita,Entire home/apt,312.0
Charming apt in Santo Spirito,Erika,Entire home/apt,117.0
"Cool 'hood, live like a local",Miriam,Entire home/apt,
Comfort&Relax-Apt.50mq-Terrace-Garage-Wifi-A/C,Gloria,Entire home/apt,188.0
Apartment two steps from the David,Ilaria,Entire home/apt,365.0
Double room sunny house in Florence,Tommaso,Private room,87.0
Apartment a Stone's Throw from the City Center,Lorenzo,Entire home/apt,103.0
"Garden Apartment, 15 minutes from Duomo",Linda,Entire home/apt,251.0
Palazzo Della Nave - AP 08,Palazzo Della Nave,Entire home/apt,322.0
"Historical mansion in Firenze, sala rossa",Francesca,Entire home/apt,451.0
Historical mansion in Florence with garden,Francesca,Entire home/apt,447.0
Renascentia Apartment One,Luca,Entire home/apt,535.0
Apartment S. Egidio,Mirta,Entire home/apt,185.0
Appartamento nuovo in centro Firenze vicino Uffizi,Federica,Entire home/apt,232.0
Sogno Fiorentino - A big apartment with elevator,Bernardo,Entire home/apt,503.0
Fully renovated in central Florence,Francesca,Entire home/apt,229.0
S.Spirito apartment with view,Lucia,Entire home/apt,48.0
appartamento nel cuore di Firenze,Alessandra,Entire home/apt,175.0
"Florentine Charm and Comfort with ""Bellissima"" View",Rosy,Entire home/apt,249.0
appartamento tra duomo e stazione,Nadia,Entire home/apt,163.0
Museum Suite - Luxurious unit with a River View -,Federico,Entire home/apt,471.0
Cozy home with two bathrooms in San Frediano,Carla,Entire home/apt,
DUOMO BEAUTIFUL TERRACE,Cristina E Raffaele,Entire home/apt,343.0
A single room in city center,Carmen,Private room,25.0
​House Nubia Townhouse | S. Frediano| Free Parking,Michele E Cristina,Entire home/apt,293.0
Spaziosa ex Cappella con Affreschi,Alessandro,Private room,67.0
"Apt bright, quiet! In the center.",Paolo,Entire home/apt,132.0
Room with private bathroom,Thalia Arzoglou,Private room,137.0
Delightful room near Fiesole.,Alessandro,Private room,58.0
Nice 2 bdr near Accademy,Cristina,Entire home/apt,245.0
URBAN FASHION SUITE,Cristina,Entire home/apt,169.0
"Big, confy, quiet room in S.Croce",Mariaflavia,Private room,80.0
Camera Anemone,Lorenzo,Private room,19.0
Nice bedroom with balcony S.Croce,Mariaflavia,Private room,68.0
Charming Sunny  Flat under Fiesole,Cinzia,Entire home/apt,154.0
Cascine 2BD retreat w Large Terrace,Elisabetta & David,Entire home/apt,229.0
Your incredibly priced jr. suite in Florence heart,Antonio,Entire home/apt,143.0
Experience the Real Florence!,Renzo,Entire home/apt,110.0
Keys of Italy -Ginori40-2Bedr Apt Mercato Centrale,Keys Of Italy,Entire home/apt,285.0
A room with a view!,Gazza,Private room,63.0
"Piazza del Mercato, City Center",Mauro,Entire home/apt,240.0
La torretta su Firenze,Bruno,Entire home/apt,169.0
HEART of FLORENCE SWEET APT WIFI,Fadia,Entire home/apt,145.0
Ponte Vecchio pressi,Easyhousing,Entire home/apt,48.0
"Bella stanza moderna, arredo antico",Baerbel,Private room,
LA BARRIERA AFFITTACAMERE,Giorgio,Entire home/apt,132.0
Apartment PonteVecchio - Nel cuore del Centro,Lorenzo,Entire home/apt,358.0
Alloggio Casa Tua,Andrea,Entire home/apt,156.0
Alloggio Lombardi Nice apartment with garden,Rosi,Entire home/apt,111.0
Spada Wood 1b near Ponte Vecchio,Apartments Florence,Entire home/apt,
Florence - Comfortably and Cosy,Sarah,Entire home/apt,104.0
Single/2beds  Room in Old Florence,Giuliano Bolognesi,Private room,
"Liberty Apartment, common terrace with Duomo view",Maria Elisa,Entire home/apt,403.0
Cousy Studio in a green area,Alessandra,Entire home/apt,86.0
STUDIO 8,Daniele,Entire home/apt,97.0
Cozy apartment with a roof terrace,Grazia,Entire home/apt,685.0
"""Venere Suite"" *Centrally located! A/C - WiFi!*",Silvia,Entire home/apt,137.0
Design apartment in the center,Florence Privé,Entire home/apt,255.0
CENTRAL -   SUPER apt in S Croce!!!!!,Melania,Entire home/apt,190.0
"FRANCI  apartment,  Cathedral square",Francesca,Entire home/apt,171.0
The house of Love,Alessio,Entire home/apt,298.0
"Luminoso bilocale, con terrazza e garage privato",Nadia,Entire home/apt,166.0
"Florence downtow amazing flat, mono",Ferdinando,Entire home/apt,113.0
"Florence downtown, amazing flat",Ferdinando,Entire home/apt,173.0
Large and sunny double room,Elisabetta,Private room,26.0
Firenze rinascimentale,Simona,Entire home/apt,166.0
"Ponte Vecchio, apartment.",Astrid,Entire home/apt,143.0
Guelfa wth Florentine Balcony 1 Step to Everything,Francesco,Entire home/apt,
Apartment Florence Casa Dante,Raffaella,Entire home/apt,200.0
GardenHouseFirenze 10 min to citycenter-50m metro,Simone,Entire home/apt,242.0
Luminoso appartamento con terrazza,Alessia,Entire home/apt,109.0
Camera Magnolia,Carmen,Private room,28.0
Pitti Palace Loft in the Heart of Oltrarno,Sibilla,Entire home/apt,147.0
Florence Lovely Apartment,Massimiliano,Entire home/apt,207.0
Suite Ponte Vecchio★★★★★,Carolina,Entire home/apt,77.0
APRITISESAMO Double(+2) Room YELLOW,Tommaso,Private room,39.0
Cute accommodation in the historic center,Alessandra,Entire home/apt,91.0
Fabio and Maria Cesira's apartment,Maria Cesira,Entire home/apt,202.0
Two-room Apartment [Boboli Gardens],Mattia,Entire home/apt,131.0
La Casina on Via May Silvia and Giacomo,Silvia,Entire home/apt,105.0
Apt BEA Polimoda Teatro del Maggio San Frediano,Roberto & Paola,Entire home/apt,73.0
"Charming Studio with View, Center",Jacopo,Entire home/apt,166.0
Beautiful top floor flat with private terrace,Gabriella,Entire home/apt,128.0
Amore per Firenze,Giuseppe,Entire home/apt,162.0
"Quiet, central, nicely restored",Alessandra,Entire home/apt,
Florence Old Style near Duomo 317,Cristina E Raffaele,Entire home/apt,255.0
Quiet and Cousy apartment,Alessandra,Entire home/apt,109.0
C - dreamer's room,Daniele & Clara,Private room,90.0
B - between past and present,Daniele & Clara,Private room,89.0
D - contemporary room in ancient palace,Daniele & Clara,Private room,95.0
Suite 2 on the Ponte Vecchio,Marusca,Entire home/apt,167.0
Hearth of the town- Vajo,Ilaria,Entire home/apt,271.0
Florence at your feet! (apt.3S),Gianfranco,Entire home/apt,
"home away from home, to make you feel at home",Isabella,Entire home/apt,156.0
Florence city view apartment,A-A,Entire home/apt,205.0
San Lorenzo Church,Paolo,Entire home/apt,132.0
Holidays Apartments 311,Cristina E Raffaele,Entire home/apt,
LIVE THE FLORENCE HISTORIC CENTRE AT BEST !,Eugenia,Entire home/apt,189.0
Centrally located dream apartment,Claudia,Entire home/apt,158.0
Almost center far to noise: San Frediano is cool,Cristina,Entire home/apt,103.0
The wine oltrarno apartment,Francesco,Entire home/apt,195.0
La Casa di Greta,Ma Maison Vacation Rental,Entire home/apt,130.0
Lovely accomodation in the center,Naim,Entire home/apt,84.0
Lovely apartment in Santa Croce,Francesca,Entire home/apt,166.0
appartamento indipendente a firenze,Cinzia,Entire home/apt,86.0
"""Slow Time"" in Florence: location, personal touch",Francesca,Entire home/apt,228.0
In the heart of Florence,Betty,Entire home/apt,120.0
Uffizi Gallery apartment -Nicchio,Ilaria,Entire home/apt,202.0
The Italian Courtyard w/t free parking nearby,Bitte,Entire home/apt,143.0
Single room with kitchenette  close to city centre,Paola,Private room,63.0
Large and bright double bedroom,Sara,Private room,69.0
Stanza singola in centro a Firenze,Laura,Private room,50.0
Wonderful Fresco 5 bedrooms Apt,Francesco,Entire home/apt,505.0
"San Firenze, silenzioso",Easyhousing,Entire home/apt,176.0
Numeroventi Loft 2,Martino,Entire home/apt,389.0
Piazza Pitti View,Silvia,Entire home/apt,175.0
REAL FLORENCE. View of the Dome,Carla,Entire home/apt,108.0
Mariella in Sanniccolò,Mariella,Entire home/apt,115.0
"1,5 km from city center, 6 double bed + parking",Nicolas,Entire home/apt,137.0
Easy Firenze Historic Centre,Francesco,Entire home/apt,62.0
Casa Viviani - piazza Repubblica,Stefano,Entire home/apt,246.0
Alfani 3b near GALLERIA ACCADEMIA,Apartments Florence,Entire home/apt,
Sunny double room,Elisabetta,Private room,22.0
Views & pool 1mile from city center,Fabrizia,Entire home/apt,465.0
Historic apartment in Santa Croce,Maresa,Entire home/apt,223.0
Charming at the Duomo,Frederik,Entire home/apt,201.0
Dreamy house with a view at Duomo,Frederik,Entire home/apt,365.0
"Centrally Located, Authentic & Historic Stay",Andrea,Entire home/apt,135.0
SANTA CROCE NATURAL STUDIO,Marella,Entire home/apt,158.0
Vintage studio apt heart Florence,Anna Teresa,Entire home/apt,177.0
"singola nel verde,10 min dal centro",Alessia,Private room,100.0
"Firenze Suite Art, zona Duomo",Elsa,Entire home/apt,220.0
"vintage flat 60's,big sunny terrace",Mattia,Private room,61.0
SAN LORENZO,Bianca,Entire home/apt,129.0
Charming & relaxing apt in Florence,A-A,Entire home/apt,193.0
Apartment overlooking the Duomo,Michele,Entire home/apt,183.0
Exclusive apartment in San Lorenzo,Guglielmo,Entire home/apt,197.0
"""Magnifico Apartment"" with private parking",Saverio,Entire home/apt,130.0
Charming Signoria Suite 2,Franca,Entire home/apt,147.0
Ghibellina 96 2b,Apartments Florence,Entire home/apt,332.0
Duomo -AC-FastWIFI,Costanza,Entire home/apt,
Piazza della Signoria very small studio,Cristina,Entire home/apt,130.0
Cozy apartment 30 meters from Ponte Vecchio,Leonardo,Entire home/apt,300.0
Signoria Art Gallery,Stefano,Entire home/apt,420.0
Stylish loft · elevator · steps from Duomo,Stefania,Entire home/apt,154.0
"Chiasso, Historic Center, Florence",Diego,Entire home/apt,194.0
terrace in the city center - station,Caterina,Entire home/apt,377.0
beautiful apartment with terrace in,Daniela,Entire home/apt,45.0
Santa Maria Novella apartment,Ilaria,Entire home/apt,188.0
MONOLOCALE in pieno centro FIRENZE,Elena Fortuna,Entire home/apt,
Florence View Luxury Apartment,Roberta,Entire home/apt,320.0
Two steps from the Uffizi.,Massimo,Entire home/apt,147.0
Cosmea · Private Terrace with View | by Acacia®,Acacia Firenze,Entire home/apt,178.0
Amazing attic heart Florence,Anna Teresa,Entire home/apt,320.0
Alessandro's Small Apartment,Alessandro,Entire home/apt,67.0
Spacious room close to City centre,Claudia Luciana,Private room,
Quiete in citta,Valentina,Entire home/apt,179.0
Sunny Spacious 1BR Loft... Ponte Vecchio Prime,Shelby And Nicco,Entire home/apt,183.0
In the heart of Florence,Bruno E Francesca,Entire home/apt,184.0
casa carducci - il nido,Gaetano,Entire home/apt,103.0
Palazzo Della Nave - AP 12,Palazzo Della Nave,Entire home/apt,118.0
Open space central Tourism-Business,Riccardo,Entire home/apt,142.0
New! In the heart of Florence .,Chiara,Entire home/apt,183.0
Lovenest with terrace Duomo view,Michelangelo,Entire home/apt,247.0
Ponte Vecchio Cosy Flat,Graciela,Entire home/apt,160.0
Bronzino 53 | Flat with Parking,Daniele,Entire home/apt,120.0
Love The Roof • Spectacular Terrace & Dome View,Federico,Entire home/apt,384.0
Welcoming open space Duomo,Benedetta,Entire home/apt,116.0
Florence Flowers nice apartment,Alessandro,Entire home/apt,66.0
Love The Loft | Glass Bridge - Stone & Design,Federico,Entire home/apt,171.0
Il Valentino - Stunning Duomo view - Free wifi/AC,Valentina,Entire home/apt,303.0
Comfort nel cuore di Firenze,Giada,Private room,74.0
Luminosissimo Open Space Boboli,Benedetta,Entire home/apt,113.0
Arlecchino charming apartment,Francesco,Entire home/apt,200.0
No ZTL • Central • 24/7 Check-in • Metro Access,Nicoletta,Entire home/apt,145.0
Flò appartamento a Firenze ... con vista..,Alessandra,Entire home/apt,143.0
Dante apartment excellent position,Gibby,Entire home/apt,40.0
Room with 2 3 beds near the center,Ilaria,Private room,76.0
"Wi-Fi CITY CENTER, DOUBLE COZY ROOM",Susanna,Private room,45.0
Very Exclusive Apartment inFlorence,Andrew,Entire home/apt,179.0
La Piccola- Florence City,Paolo,Entire home/apt,
Casa Margherita CentroStoricoKm0,Nadia,Entire home/apt,219.0
Artist's room in central Florence,Beth,Private room,286.0
Wide house in Florence City Center,Valentina,Entire home/apt,
Duomo beautiful apartment,Letizia,Entire home/apt,206.0
Live Florence just like Florentines,Luca,Entire home/apt,62.0
buonarroti al Duomo wi fi A/C,Sibilla Peccerini,Entire home/apt,205.0
Apartment Class,Alberto,Entire home/apt,299.0
"Cosy Apt, Free Parking & WiFi, T2 Line",Ilaria,Entire home/apt,169.0
Romantic apartment with Duomo view,Nara,Entire home/apt,184.0
Mimì apartment with  garden WI FI parking place,Alessandra,Entire home/apt,192.0
Appartamento Efeso,Emanuele,Entire home/apt,201.0
Appartamento Belvedere,Emanuele,Entire home/apt,308.0
Nice APT 200m from S.croce square (sleeps 5),Emanuele,Entire home/apt,232.0
Cosy flat w/terrace in S. Ambrogio,Karen & Raffaele,Entire home/apt,205.0
San Niccolò Top Floor,Michele,Entire home/apt,187.0
"B&B di Il Giglio Rosso, Stanza matrimoniale con...",Il Giglio Rosso,Private room,171.0
Attico centralissimo area DUOMO - A/C Porta Rossa,Federico,Entire home/apt,423.0
Fabulous top floor with terrace,Francesco,Entire home/apt,158.0
Zeus B&B il DUOMO,Francesca,Private room,110.0
Appartamento Galleria Centro Storico Duomo e SMN,Federico,Entire home/apt,432.0
Attico super Panoramico Attrazioni in Stazione SMN,Federico,Entire home/apt,170.0
Your house at the Duomo,Frederik,Entire home/apt,850.0
"Il Melograno, Florence hills & pool & olive oil",Beniamino,Entire home/apt,202.0
giardinodililly,Giardinodililly,Entire home/apt,597.0
nuovo appartamento in centro città,Francesca,Entire home/apt,57.0
Spacious Family Flat Ponte Vecchio 2 Bed 2 Bath,Shelby And Nicco,Entire home/apt,250.0
Large room with a wonderful view!,Saveria,Private room,78.0
SERRA's Home - Bright Apt Statuto Area near Center,Andrea,Entire home/apt,252.0
L'Aranceto Guest House -Sweet Balcony room,Alfons,Private room,85.0
Barbadori 2b near Ponte Vecchio,Apartments Florence,Entire home/apt,275.0
Heart of Florence apartment,Pietro,Entire home/apt,112.0
A central suite in a medieval tower,Tommaso,Entire home/apt,151.0
Santa Trinita apartment,Cristina,Entire home/apt,406.0
Canto de Nelli 2b Mercato Centrale,Apartments Florence,Entire home/apt,336.0
Stufa Apartment in the heart of Florence,Lucilla,Entire home/apt,126.0
Firenze Rentals Ponte Vecchio,⁨Samuel & Paolo For Firenze Rentals®⁩,Entire home/apt,177.0
A  Wonderful central flat,Daniele & Clara,Entire home/apt,374.0
HISTORICAL MANSION IN FLORENCE 3,Francesca,Entire home/apt,343.0
Zannoni Loft - Historic center close train station,Massimo,Entire home/apt,203.0
"Crystal Suite,chic ap in the centre",Mariangela,Entire home/apt,219.0
Loft studio nel cuore di Firenze - l'Arte di Lilia,Lilia,Entire home/apt,119.0
Lovely house for your journey.,Duccio,Entire home/apt,196.0
NEW ! Apartment View- San Marco -  WI-FI  Free,Federico,Entire home/apt,238.0
Design apartment just steps from the Duomo,Vincenzo,Entire home/apt,148.0
Bedandview Suite with a view Florence centre.,Daniela,Entire home/apt,137.0
Fiesolana lovely studio in the center,Edo & Rita,Entire home/apt,97.0
NEW* ARTIST'S STUDIO DUOMO,Ulisse,Entire home/apt,
BEAUTIFUL AND ELEGANT APARTMENT,Cristina,Entire home/apt,513.0
APARTMENT IN THE HISTORIC CENTER OF FLORENCE,Annalisa,Entire home/apt,102.0
Elegant and large double room,Elisabetta,Private room,25.0
FIRENZE PONTE VECCHIO LUNGARNO,Annalisa,Entire home/apt,147.0
Appartamento Centralissimo,Guido,Entire home/apt,131.0
"☆Central Market Square ""Panicale""☆",Gabriele,Entire home/apt,187.0
Casina  nell' Oltrarno,Letizia,Private room,74.0
Apartment near station and Duomo,Mavi,Entire home/apt,286.0
Florence Historic Center/Romantic Oasis,Rosy,Entire home/apt,179.0
Marte suite & Venere suite!,Silvia,Entire home/apt,343.0
Ampia Camera Centro Storico,Giuseppe,Private room,39.0
Ampia Camera Centro Storico,Giuseppe,Private room,39.0
Ampia Camera Centro Storico,Giuseppe,Private room,39.0
Ampia Camera Centro Storico,Giuseppe,Private room,39.0
Ampia Camera Centro Storico,Giuseppe,Private room,39.0
Romantic Oltrarno garden apartment,Nicky Swallow,Entire home/apt,194.0
Tornabuoni Tower,Alessandra,Entire home/apt,156.0
panoramic room and private bathroom,Saveria,Private room,60.0
Quiet Non-Touristy S. Spirito Area w. Grand Piano,George,Entire home/apt,245.0
san frediano studio flat,Giancarlo,Entire home/apt,133.0
Casa Duccio,Sandra,Entire home/apt,187.0
Orsanmichele,Bernardo,Entire home/apt,75.0
Pitti Apartment near Old Bridge C&G,Giancarlo,Entire home/apt,220.0
"""Marte Suite"" *Centrally located! A/C - WiFi!*",Silvia,Entire home/apt,152.0
Amazing view of Ponte Vecchio!,Cristiana,Entire home/apt,259.0
your home in Florence,Enrico,Entire home/apt,93.0
Charming House with garden in the City centre,Filippo,Private room,
"Camera ampia, bella e ben arredata.",Araceli,Private room,72.0
Old Style Apartment near Duomo 301,Cristina E Raffaele,Entire home/apt,
Florentine Cavour upper-level suite near Duomo,Eo,Entire home/apt,183.0
Quiet Private Room with Bathroom Near Center,Sandra,Private room,67.0
"Flat w.courtyard, heart of Florence",Daniela,Entire home/apt,145.0
"Charming house in Florence, Gelsomino",Elisabetta,Entire home/apt,143.0
Apritisesamo Double Room Blue,Tommaso,Private room,36.0
Fabulous Uffizi Apartment,Federico,Entire home/apt,133.0
Bilocale in centro a Firenze,Andrea,Entire home/apt,76.0
Capponcina Apartment,Francesco,Entire home/apt,155.0
CARLA'S FLAT,Carla,Entire home/apt,160.0
Pandolfini Suite near SANTA CROCE,Apartments Florence,Entire home/apt,290.0
Accogliente e confortevole!Ora+vicino con linea T2,Carla,Private room,101.0
"Florence, next to the Pontevecchio",Susan,Entire home/apt,219.0
New! Quiet apartment with terrace.,Andrea,Entire home/apt,117.0
Santa Felicita,Novella House,Entire home/apt,159.0
Dimora San Giovanni,Giancarlo,Entire home/apt,226.0
NEW!! Sprone Suite,Sab E Fra,Entire home/apt,133.0
Appartamento  Indipendenza,Luca,Entire home/apt,145.0
Immerso nel verde di Firenze,Silvia,Entire home/apt,138.0
DUOMO APARTMENT - city center,Cecilia,Entire home/apt,81.0
Apartment with bright terrace in Santo Spirito,Modestino,Entire home/apt,155.0
San Miniato Guelfo,Apartments Florence,Entire home/apt,324.0
Time Machine,Wp Relais,Entire home/apt,329.0
Vigna Nuova 3b near ARNO RIVER,Apartments Florence,Entire home/apt,601.0
Wp Relais appartamento Dante,Wp Relais,Entire home/apt,496.0
Appartamento Botticelli,Wp Relais,Entire home/apt,321.0
Donatello WP Relais apartment in the center,Wp Relais,Entire home/apt,214.0
Casa Pepi - Great location near Duomo and St Croce,Annalisa,Entire home/apt,203.0
"Santa Croce, cozy fine restructured",Mauro,Entire home/apt,151.0
nice room in a very cosy apartment,Francesca,Private room,57.0
Parione 1b off Via Tournabouni,Apartments Florence,Entire home/apt,
Pepi Loft 2b in SANTA CROCE,Apartments Florence,Entire home/apt,376.0
"THE LOFT!200sqm,w\coffered ceilings,4 guests",Wp Relais,Entire home/apt,202.0
Palazzo Della Nave - AP 04,Palazzo Della Nave,Entire home/apt,137.0
La Tranquilla –Your quiet stay with a cozy terrace,Luisa,Entire home/apt,235.0
Bright Spacious Oltrarno Home,Maura,Entire home/apt,86.0
Oltrarno Home in the Historic Center and Wi-Fi!,Silvina,Entire home/apt,
Ponte Vecchio Luxury II,Alessandro,Entire home/apt,352.0
Top Location in the middle of everything,Nicole,Entire home/apt,297.0
"""IL GUELFO"" bilocale  PONTE VECCHIO",Francesca,Entire home/apt,160.0
"Apartment ""Il Borghetto""",Ele & Betti,Entire home/apt,123.0
"Signoria Apartment Florence, 2 Bedrooms, 3 Baths",Michelangelo,Entire home/apt,280.0
"""il ghibellino"" apt Ponte Vecchio",Francesca,Entire home/apt,154.0
Old barn The Nepitella Firenze,Michela,Entire home/apt,271.0
Borgo San Jacopo Deluxe • 7 guests • Oltrarno,Andrea Frua De Angeli,Entire home/apt,437.0
New! The location is well-served with railway connections,Antonella,Entire home/apt,123.0
"B&B di Il Giglio Rosso, Appartamento 9 camere e...",Il Giglio Rosso,Hotel room,171.0
"Casallegria, SM Novella station",Silvia,Entire home/apt,123.0
Experience the Renaissance 2,Stefano E Roberta,Entire home/apt,221.0
Casa dell'artista con giardino,Francesca,Entire home/apt,304.0
SantaCroce Deluxe  BabySuite,Alessandro,Entire home/apt,198.0
Lovely Apartament in the heart of florence,Donatella,Entire home/apt,220.0
Casa Desiderio a Settignano Appartamento indipend,Maria Grazia,Entire home/apt,103.0
Moderno fantastico design di fronte a Santa Croce.,Marina,Entire home/apt,106.0
C - Appartamenti CORSO 3 - Centro con VISTA DUOMO,Lorenzo,Entire home/apt,113.0
Unique apartment on the Arno river,Luca,Entire home/apt,154.0
Attico in Palazzo antico vista mozzafiato,Michele,Entire home/apt,440.0
Mara's Nest,Mariantonietta,Entire home/apt,61.0
"Appartamento ""Il Melograno""",Il Melograno,Entire home/apt,48.0
Lrg apt & terrace 15' walking distance to the Dome,Roberta,Entire home/apt,115.0
Accademia – Stylish comfort with a bright design,Luisa,Entire home/apt,226.0
Quiet townhouse in the city center,Marc,Entire home/apt,154.0
OFF exVigna 8- 1 Bdr Apt in Florence,Keys Of Italy,Entire home/apt,574.0
JR HOME firenze,Francesco,Entire home/apt,196.0
Cozy Neri Uffizi Apartment,Daniela,Entire home/apt,92.0
In the heart of the historical center,Caterina,Entire home/apt,240.0
"Santa Croce, a wonderful apartment.",Gibby,Entire home/apt,
Apartment Indipendenza Garden,Luca,Entire home/apt,145.0
Ponte Vecchio up to 4,Alessandro,Entire home/apt,
Single room with private bathroom,Luca,Private room,72.0
Terrazza su Sant'Ambrogio,Arianna,Entire home/apt,211.0
The Tiny Pinti,Giulio & Veronica,Entire home/apt,124.0
Beautiful Apartment in Ponte Vecchio,Andrea,Entire home/apt,205.0
Il Mandorlo b&b,Il Mandorlo,Private room,128.0
New apartment & private Parking,Nenad,Entire home/apt,154.0
New apartment with swimming pool,Simona,Entire home/apt,164.0
Wonderful balcony in Florence,Pietro,Entire home/apt,158.0
La Casa del Giullare,Giacomo,Entire home/apt,143.0
STAY in FLORENCE S. Maria Novella,M&B Florence,Entire home/apt,970.0
FANTASTIC APARTMENT NORTH FLORENCE !,Andrea,Entire home/apt,101.0
Cozy studio in historical center,Marco,Entire home/apt,145.0
M&B HOUSE 4 - Center of Firenze,M&B Florence,Private room,97.0
Huge Apartment groups in historical center,Caterina,Entire home/apt,559.0
M&B HOUSE 1 - Santa Maria Novella,M&B Florence,Private room,66.0
Apartment in the very center!,Marco,Entire home/apt,152.0
Apartment in Central Market Square,Marco,Entire home/apt,111.0
Splendido appartamento nel cuore dell'Oltrarno.,Cristina,Entire home/apt,234.0
Castellani Apartment,Federico,Entire home/apt,122.0
Romanticamente Campuccio,Marta,Entire home/apt,
M&B HOUSE 3 - Center of Florence,M&B Florence,Private room,63.0
M&B HOUSE 2 - Center of Florence,M&B Florence,Private room,49.0
A nest in the heart of Firenze,Ilaria,Entire home/apt,163.0
New !Homey Alfani lodging .,Chiara,Entire home/apt,143.0
100m. piazza Signoria apartment,Riccardo,Entire home/apt,209.0
I Fiori di Adele-central new apt(with lift),Alessandra,Entire home/apt,199.0
Horti Annalenae,Anna E Isabella,Entire home/apt,400.0
Cozy Retro Apartment in Florence City Center,Clarissa,Entire home/apt,157.0
Deliziosa Casina Ponte Vecchio,Tommaso,Entire home/apt,
LUXURY APT IN THE CITY CENTER,Martina,Entire home/apt,234.0
Serragli TERRACE with 360' views!,Apartments Florence,Entire home/apt,276.0
Francesco,Francesco,Entire home/apt,229.0
ANGUILLARA - Huge flat in the heart of Florence,Emanuele,Entire home/apt,286.0
Tipical Central Flat,Alessia,Entire home/apt,109.0
Keys of Italy -Pilastri-Central Studio with Patio,Keys Of Italy,Entire home/apt,110.0
Prestige S. Maria Novella View Near Station & Dome,Gaia,Entire home/apt,257.0
[DUOMO★★★★★] Elegant Apartment with Balcony,Gaia,Entire home/apt,190.0
Ponte Vecchio Flat,Flat Florence,Entire home/apt,117.0
Cozy Room With Balcony Steps From Santa Croce,Maria Cristina,Private room,148.0
AM Collection Florence,Alberto,Hotel room,144.0
"Beautiful,comfortable in the center",Simone,Entire home/apt,411.0
AM Collection Florence,Alberto,Hotel room,125.0
AM Collection Florence,Alberto,Hotel room,123.0
15 min from the centre of Florence with parking,Carlo,Entire home/apt,81.0
AM Collection Florence,Alberto,Hotel room,140.0
Creativity in the heart of Florence,Matteo E Giorgia,Entire home/apt,199.0
Modern home in downtown Florence,Emanuela,Entire home/apt,400.0
APARTMENT IN THE HEART OF FLORENCE,Sandra,Entire home/apt,179.0
LA CASA DI SCARLETT - NEW LOOK,Rossella,Private room,109.0
San Lorenzo Ariento Apartment SMN Station/Duomo,Claudia,Entire home/apt,303.0
Exclusive Guicciardini Suite,Alessandro,Entire home/apt,
A Firenze SerenaMente,Serena,Private room,78.0
via dell'Ariento room bathroom privat+1csppuccino,Cristina Montelatici,Private room,87.0
Firenze: CASA Terratetto indipendente,Antonio,Entire home/apt,54.0
Renaissance Palace in Santa Croce,Elisabetta,Entire home/apt,753.0
A cosy apt in the heart of Florence,Ivana,Entire home/apt,177.0
Bright flat in Florence Oltrarno. Self check-in.,Francesco,Entire home/apt,184.0
Suite Michelangelo with Terrace,Luciano,Entire home/apt,266.0
Cozy and modern open space,Claudio,Entire home/apt,118.0
Central and sunny place in Florence,Claudia,Private room,78.0
Peaceful Oltrarno Flat with Balcony,Marco,Entire home/apt,
X-large apartment in the hearth of Florence!,Massimo,Entire home/apt,700.0
Exclusive Loft in Florence 5 min from Cathedral,Tommaso,Entire home/apt,219.0
"Renovated Studio with View on Florence, terrace",Jacopo,Entire home/apt,73.0
LA CUPOLA 2BR 1LVR 2BTH Apartament,Salvatore,Entire home/apt,258.0
Hawaii Apartment - aeroporto,Massimo,Entire home/apt,90.0
Vittoria Apartment,Vittoria,Entire home/apt,129.0
LA CUPOLA the dome,Irene,Entire home/apt,224.0
Boutique Style Charming Apartment !  ( Sanitized ),Francesco,Entire home/apt,189.0
Charming and quiet loft with garden,Guillaume & Giulia,Entire home/apt,223.0
florence pitti loft,Dominique,Entire home/apt,410.0
Liza & Filippo Florence Home,Liza E Filippo,Entire home/apt,39.0
Ponte Vecchio Uffizi Charming Flat,Riccardo,Entire home/apt,158.0
Stanza affreschi - Borgo Ponte,Paola,Private room,190.0
Stanza dei fiori - Borgo Ponte,Paola,Private room,183.0
♡Suite Tornabuoni,Carolina,Entire home/apt,
Lovely apartment+ location = THE perfect getaway!,Silvia,Entire home/apt,78.0
Splendid in the heart of Florence,Luca,Entire home/apt,257.0
Free Parking - Superb Apartment Hystorical center,Sara,Entire home/apt,411.0
Apartment next to the majestic Florence Cathedral,Lorenzo,Entire home/apt,168.0
Firenze spaziosa e tranquilla,May,Private room,59.0
Terrazza fiorita in Santa Croce,Isa,Entire home/apt,183.0
A casa di Anto accoglienza e charme,Paola,Entire home/apt,86.0
Ramaglianti suite ponte vecchio,Sergio,Entire home/apt,236.0
Via della Chiesa Apartment,Silvio,Entire home/apt,151.0
Lovely apartment in the city centre,Giulia,Entire home/apt,86.0
Diladdarno Guest House,Dario & Eleonora,Entire home/apt,155.0
"Dimora Pieri- Strozzi Apartment, San Frediano",Carlamaria,Private room,103.0
Authentic Charm with Secret Patio near the Duomo,Chiara,Entire home/apt,171.0
Bright room in the historic centre/Tram connected,Daniela,Private room,98.0
Dimezzo Apartment by Mamo Florence,Mamo,Entire home/apt,189.0
Secondino Apartment by Mamo Florence,Mamo,Entire home/apt,180.0
Lacorte Apartment by Mamo Florence,Mamo,Entire home/apt,152.0
"Quiet room,close to David Museum/ Tram connected",Daniela,Private room,106.0
La Magnifica– A Vogue-featured exclusive penthouse,Luisa,Entire home/apt,519.0
Sunny top floor in San Frediano,Alina,Entire home/apt,120.0
Monolocale storico in oltrarno,Cristiana,Entire home/apt,132.0
"☆Central Market Experience ""Caterina"" Suite☆",Gabriele,Entire home/apt,132.0
CASARMONIA,Antonella,Entire home/apt,192.0
Star Loft Florence,Chiara,Entire home/apt,149.0
In the Heart of Florence with Style,Patrizia E Gianni,Entire home/apt,153.0
Palazzo Alfani Residence  - Classic apartment 2,Francesca,Entire home/apt,349.0
Piazza dei Ciompi near the Duomo,Lido,Entire home/apt,137.0
Vicino al Duomo/Piazza dei Ciompi,Lido,Entire home/apt,123.0
PEPI HOME in the heart of Florence,Antonella,Entire home/apt,
Ginori Residence - Italian Nights Collection,Italian Nights,Entire home/apt,208.0
Appartamento (AC) nel cuore di Firenze,Nicoletta,Entire home/apt,140.0
Get a loft experience in Florence!,Claudio,Entire home/apt,
Room by greenery in Florence,Alessandra,Private room,
Apartment with beautiful views,Giancarlo,Entire home/apt,
Studio Flat/Apartment in the Historic Centre,Marcella,Entire home/apt,42.0
Firenze - camera rubino,Giorgio,Private room,103.0
Firenze - camera zaffiro,Giorgio,Private room,107.0
Historical Cosy Apartment Oltrarno,Alessandra,Entire home/apt,188.0
Keys of Italy -Speziali1-2Bdr Flat PiazzRepubblica,Keys Of Italy,Entire home/apt,301.0
The 4th Floor! New! Free park next to city centre,Marialaura,Entire home/apt,132.0
Maggio private house next to Santo Spirito,Luca,Entire home/apt,189.0
Dreaming in an ancient Tower at Ponte Vecchio,Simona,Entire home/apt,311.0
Vigna Vecchia Apartment,Lorenzo,Entire home/apt,88.0
Florence Loft Near the Duomo,Paolo,Entire home/apt,249.0
"SMN Station, City Center, Family Home, 3 bedroom",Anna Rebecca,Entire home/apt,359.0
Country house in Florence downtown,Alessandro,Entire home/apt,
Mascagni Rooms V camera privata,Francesca,Private room,51.0
Charme nel cuore di firenze,Gianna,Private room,29.0
Oche fra Calzaiuoli ed il Duomo,Florence,Entire home/apt,152.0
Casa Bocchi 3 Appartamento elegante e tranquillo,Luca,Entire home/apt,122.0
Attico con vista in Piazza Santa Croce,Monica,Entire home/apt,172.0
B&B CASA ALDA 3,Maurizio,Private room,
Apartment Aurora at Rifredi / Careggi,Jacopo,Entire home/apt,113.0
B&B CASA ALDA 2,Maurizio,Private room,47.0
B&B CASA ALDA 1,Maurizio,Private room,58.0
"La Nannina Centro Storico, B&B La Nannina Centr...",Andrea,Private room,169.0
Comfort nel cuore di Firenze 2,Giada,Private room,
Serragli 79. Court in Santo Spirito,Marco,Entire home/apt,160.0
"La Nannina Centro Storico, B&B La Nannina Centr...",Andrea,Private room,186.0
"Soggiorno Pezzati, Stanza matrimoniale",Daniela,Private room,121.0
"La Nannina Centro Storico, B&B La Nannina Centr...",Andrea,Private room,168.0
"La Nannina Centro Storico, B&B La Nannina Centr...",Andrea,Private room,169.0
"Corso dei Tintori, 23",Daniele,Entire home/apt,154.0
COZY STUDIO FLAT IN FLORENCE,Antonio,Entire home/apt,111.0
Real and Upstanding Firenze Experience,Nadia E Laurent,Entire home/apt,201.0
La Casina rossa dell'Oltrarno,Giulia,Entire home/apt,103.0
Boboli Balcony – Rooftop View,Apartments Florence,Entire home/apt,188.0
room fronte of Basilica San Lorenzo+1cappuccino,Cristina Montelatici,Private room,82.0
Michelangelo Suite,Gemma,Entire home/apt,183.0
UFFIZI CENTRE COZY APARTMENT,Chiara,Entire home/apt,151.0
Confortevole  e luminoso appartamento residenziale,Chiarella,Entire home/apt,80.0
S. Ambrogio Art Studio wifi free,Stefano,Entire home/apt,122.0
Ronco Giardino near BOBOLI GARDENS,Apartments Florence,Entire home/apt,
White Rose Suite - Cozy & Modern in City Center,Niccolò,Entire home/apt,127.0
loft gavinana 2,Lorenzo,Entire home/apt,101.0
Beautiful location,Teresita,Entire home/apt,198.0
Friendly room with two bicycles,Stefano,Private room,
Luxury Dependance in Florence,Pierpaolo,Entire home/apt,311.0
Lovethecomfort SantaMariaNovella,Carlo,Entire home/apt,
Arno  Moon  House,Costanza,Entire home/apt,152.0
A spacious studio loft,Daniele & Clara,Private room,90.0
2nd fl Arno and Galileo Museum View Drago Rosso,Ilaria,Entire home/apt,139.0
Maison Alighieri Apartment,Umberto,Entire home/apt,289.0
"Top location 500 m to Duomo, 3 Bedrooms, 2 Bath",Nicole,Entire home/apt,349.0
San Lorenzo room con private bathroom+1cappuccino,Cristina Montelatici,Private room,79.0
Garden room,Francesco,Entire home/apt,124.0
PONTE VECCHIO SUITE,Kay,Entire home/apt,
Casa Rinuccini,Anette,Entire home/apt,209.0
Palazzo Capponi- Il Torrino,Sebastiano,Entire home/apt,414.0
CORTE D'ARNOLFO RUBINO APARTMENT,Silverio,Entire home/apt,154.0
Signoria Terrace overlooking PALAZZO VECCHIO,Apartments Florence,Entire home/apt,601.0
New and cosy Flat in Florence,Niccolo,Entire home/apt,153.0
Brunelleschi 1b near DUOMO,Apartments Florence,Entire home/apt,
Romantic S. Maria Novella with terrace,Marusca,Entire home/apt,269.0
Firenze - camera topazio,Giorgio,Private room,123.0
CORTE D'ARNOLFO PERLA APARTMENT,Silverio,Entire home/apt,165.0
"Piazza Signoria n.1, Apartment",Lisa & Matilde,Entire home/apt,206.0
Ronco 2b near BOBOLI GARDENS,Apartments Florence,Entire home/apt,
Freelance House Florence - Single Bright BedRoom,Italo,Entire home/apt,40.0
Walk to Uffizi Gallery from a Romantic Hideaway,Antonio,Entire home/apt,153.0
Elegant Apartment With Frescoes 209,Cristina E Raffaele,Entire home/apt,330.0
Florence Old Style near Duomo 208,Cristina E Raffaele,Entire home/apt,
Your Florence Retreat! Long term discount.,Antonella E Sandra,Entire home/apt,160.0
Agnolo studio apartment A/C,Sibilla Peccerini,Entire home/apt,158.0
Love House - Piazza Signoria,Vincenzo,Entire home/apt,203.0
Bright Double Room near Rifredi Station Careggi,Chiara,Private room,97.0
Double Room with Santa Croce Views – Florence,Silvia,Private room,108.0
Large Charming Bedroom.  Superb Location.,Silvia,Private room,109.0
Nice apartment in central Florence,Filippo,Entire home/apt,
APARTMENT IN THE HEART OF FLORENCE,Livia,Entire home/apt,114.0
Amicasa,Pamela,Entire home/apt,159.0
Attico & Loft nel cuore di Firenze ...,Mario,Entire home/apt,210.0
Florence Apartment Ponte Vecchio,Rolando,Entire home/apt,95.0
"☆Central Market square ""Lorenzo""☆",Gabriele,Entire home/apt,138.0
"Canto degli Scali, Camera di charme di lusso",Canto Degli Scali,Private room,395.0
"Canto degli Scali, Suite esclusiva",Canto Degli Scali,Private room,332.0
"Walk to Ponte Vecchio from a Hip, Colorful Apartment",Canto Degli Scali,Entire home/apt,535.0
Modern elegance with charm near Ponte Vecchio,Canto Degli Scali,Entire home/apt,332.0
Elegant Flat with Frescos Near Ponte Vecchio,Canto Degli Scali,Entire home/apt,402.0
Luxury Retreat: Elegant Decor & Charm,Canto Degli Scali,Entire home/apt,389.0
Elegant and luxury loft steps from Ponte Vecchio,Canto Degli Scali,Entire home/apt,469.0
CELLINI SUITE - Bright & Elegant flat Florence,Leonardo,Entire home/apt,147.0
Medici Chapels brand new apartment,Giovanni,Entire home/apt,376.0
BORGO PINTI,Elly,Entire home/apt,134.0
Camera doppia A/C  con bagno privato,Nicoletta,Private room,90.0
Camera Singola A/C con bagno privato,Nicoletta,Private room,80.0
Comfy unit suitable for work- street level w/patio,Isabella,Entire home/apt,177.0
Pitti loft: perfect spot next to Palazzo Pitti,Modestino,Entire home/apt,135.0
Romantic flat near Florence city center,Francesco,Entire home/apt,
"MAGNIFICENT 8BD VILLA W/ HEATED POOL,TOP LOCATION!",Olivia,Entire home/apt,1943.0
Appartamento panoramico vista Duomo,Silvia,Entire home/apt,128.0
Liza Florence House,Berny,Entire home/apt,122.0
Cozy hidden gem flat (Beccaria/Sant'Ambrogio),Coral,Entire home/apt,
San Lorenzo Big Apartment,Lorenzo,Entire home/apt,1427.0
Minerva - A gem next to Arno river,Ludovica & Family,Entire home/apt,179.0
Apartment in ponte vecchio,Vins,Entire home/apt,136.0
Lovely and quiet flat in S.Spirito with courtyard,Claudio,Entire home/apt,114.0
Firenze - camera ambra,Giorgio,Private room,103.0
Appartamento Polimoda San Frediano Luna,Roberto & Paola,Entire home/apt,132.0
"Antica Leopolda - new listing, same hospitality!",Cosimo,Entire home/apt,117.0
1st fl Arno & Galileo museum view,Ilaria,Entire home/apt,180.0
Colonna Apartment,Cosimo,Entire home/apt,221.0
"Renovate studio ""heart of Florence""",Ada,Entire home/apt,140.0
Holiday House Andrea Salucci,Andrea,Entire home/apt,171.0
Leopolda Dream Home,Lorenzo,Entire home/apt,155.0
An original flat in old tower,Barbara,Entire home/apt,205.0
Camera tipo loft A/C con bagno privato,Nicoletta,Private room,105.0
Appartamento Alice Firenze,Stefano,Entire home/apt,126.0
Elegant Liberty Flat in Florence + Parking,Irene Francesca,Entire home/apt,
charming studio ponte vecchio/ lift,Maria Paola,Entire home/apt,110.0
Residenza Albizi - Giotto,Residenze D'Epoca Collection,Private room,90.0
Le Badesse,Michele E Caterina,Entire home/apt,126.0
Le porte nuove,Niccolò,Entire home/apt,
Residenza Albizi - Leonardo,Residenze D'Epoca Collection,Private room,94.0
[Florence] house near the center,Sara,Entire home/apt,459.0
Maggie's House-Cosy ground floor parking included,Alessia Helen,Entire home/apt,152.0
"Florence center NEW ""La Guelfa""",Francesco,Private room,80.0
Cozy & Bright 2BR 10 minutes walk to Duomo,Laura,Entire home/apt,152.0
Appartamento Brunelleschi,Wp Relais,Entire home/apt,415.0
Easy Window,Caminxa,Entire home/apt,192.0
"BandBFirenze 8cittadella8's B&B, Stanza doppia su.",⁨BandBFirenze 8cittadella8⁩,Private room,119.0
Guicciardini Home,Silvia,Entire home/apt,198.0
"Florence Center NEW""La Ghibellina""",Francesco,Private room,100.0
"Fior di Gelsomino""Bella Rosina""",Beatrice,Private room,109.0
Unique Original Charm 2 Bath Ponte Vecchio,Shelby And Nicco,Entire home/apt,294.0
Spacious charming flat in historical building,Isa,Entire home/apt,194.0
La Sosta del Granduca,Federico,Entire home/apt,95.0
Florence view apartment,Marco,Entire home/apt,
Residenza Guelfa NEWFlorence Center,Francesco,Entire home/apt,240.0
New flat near Duomo and Station,Silvia,Entire home/apt,163.0
Quiet & Modern Two Bedroom Apartment With Elevator,Hanna & Andrea,Entire home/apt,114.0
Limone Pian dei Giullari,Erika,Entire home/apt,
6.0 ART FACTORY FLORENCE,Elena,Entire home/apt,96.0
S.Frediano Oltrarno (3bdr 7pax),Stefano,Entire home/apt,239.0
GIOTTO 3BR 1 LVR 2BTH apartment,Salvatore,Entire home/apt,323.0
MICHELANGELO 2BR 1LR 2BTH,Salvatore,Entire home/apt,247.0
GIOTTO E MICHELANGELO 5BR 2LVR 4BTH,Salvatore,Entire home/apt,561.0
"Pinti 1 amazing flat, family friendly, AC, WI/FI",Claudia,Entire home/apt,359.0
"Cozy flat in Oltrarno, in the city centre",Cristina,Entire home/apt,166.0
"Pinti 2, Wonderful flat FamilyFriendly, Wi/Fi, A/C",Claudia,Entire home/apt,371.0
Florence Duomo Central House,Paola,Entire home/apt,290.0
Cozy double room Florence Station Guesthouse,Chiara,Private room,97.0
Big room in Florence center,Tina,Private room,78.0
la casa dei viaggiatori cin it048017c2mjlp6pt,Donella,Entire home/apt,126.0
Florence Liberty Flat with Terrace,Sofia,Entire home/apt,177.0
Nilde House,Lorenzo,Entire home/apt,199.0
Cozy Loft in Florence / Independent apartment,Marco,Entire home/apt,107.0
GUELFA 47 - Elegant apartment in Florence,Leonardo,Entire home/apt,194.0
Oriental Suite in San Frediano,Uma & Tina,Entire home/apt,93.0
[Near the Centre] Lovely Apt with Garage & Terrace,Paolo,Entire home/apt,138.0
Florence Rooftop Apartment Attic,Eleonora,Entire home/apt,164.0
Florence Rooftop Apartment Veranda,Eleonora,Entire home/apt,117.0
10-min from historical city center,Silvia,Entire home/apt,112.0
Cosy and quiet apartment with garden,Giulietta,Entire home/apt,63.0
Appt.Terrazzo con vista /Zona (S.Croce/Uffizzi),Ilse Adler,Entire home/apt,179.0
Uffizi Paradiso,Maurizio,Entire home/apt,259.0
Cozy Apartment with a beautiful panoramic view,Alfonso,Entire home/apt,197.0
Borgo San Jacopo Penthouse by 360 Rentals,Andrea Frua De Angeli,Entire home/apt,304.0
Fortezza Apartment with parking,Anna Davide,Entire home/apt,263.0
4BR • Luxury Palazzo • Iconic Views • Pitti Palace,Donatella,Entire home/apt,1156.0
"Center, private room and bathroom",Beatrice,Private room,
In the center near Ponte Vecchio,Cristiana,Entire home/apt,48.0
Apartment The Lily on the Myrtle,Angela Mercedes,Entire home/apt,125.0
"Mediciapt - Lorenzo de'Medici, Florence design",Giovanni,Entire home/apt,229.0
Yome - 3 bedrooms apartment,Patrizia,Entire home/apt,280.0
Happy Florence Santa Croce 2 - Historic center,Paola,Entire home/apt,131.0
Marignolle relais & charme - Firenze - family room,Lorenzo,Hotel room,515.0
Luminosa suite nel centro storico!,Daniela,Entire home/apt,
"20 min a piedi dal centro, parcheggio e  giardino",Anna,Entire home/apt,115.0
Apartment in the heart of Florence,Claudia,Entire home/apt,237.0
Panorama Stunning Loft 360° Vista of Historic Gems,Luisa,Entire home/apt,260.0
Large single room in Florence,Davide,Entire home/apt,79.0
"Strategic location,cozy&modern flat",Filippo,Entire home/apt,187.0
NUOVO! Bijoux a due passi dal Duomo,Riccardo,Entire home/apt,166.0
Cozy Nest by Savonarola,Marco,Entire home/apt,148.0
Panoramic loft Duomo Terrazza Wi-fi A/C terrace,Rosa,Entire home/apt,194.0
S.Spirito Studio Flat,Lara,Entire home/apt,114.0
Chianti home,Stefano,Entire home/apt,369.0
.2 La Casa sui Tetti dell'Oltrarno,Enrica,Entire home/apt,146.0
Florence downtown Ambrogio,Nicola,Entire home/apt,135.0
Benci Oasis • Central Santa Croce Walk Everywhere,J. Andrés,Entire home/apt,125.0
Room with private garden in Florence,Luca,Private room,68.0
Ghibellina Balcony -1 Bedroom with Outside Space,Apartments Florence,Entire home/apt,
Repubblica Terrace 1b near the DUOMO,Apartments Florence,Entire home/apt,
Casa Le Rondini: la vostra casa nel mondo!,Valeria,Entire home/apt,129.0
Exclusive Penthouse Rooftop over Florence,Guglielmo,Entire home/apt,163.0
Nadja's Home with hot tub - perfect for couples,Nadja Maria,Entire home/apt,162.0
Elegant Quiet Flat 2 min from SMN Station,Ilaria,Entire home/apt,267.0
ELEGANT FLAT FLORENCE CITY CENTER,Costanza,Entire home/apt,365.0
San Zanobi's Apartment by Mamo Florence,Mamo,Entire home/apt,275.0
La Stanza di Marco,Marco,Private room,74.0
Ponte Vecchio - Guicciardini 10,Gmb Case Gianni E Barbara,Entire home/apt,212.0
LOFT in the heart of florence,Cecilia,Entire home/apt,169.0
Elegante appartamento in San Frediano,Francesca,Entire home/apt,194.0
Artist's chic and cozy flat in Oltrarno,Letizia,Entire home/apt,187.0
Appartamento Firenze Campo di Marte,Simone,Entire home/apt,
Boboli Suite: Your romantic design home,Caterina,Entire home/apt,154.0
Historic center of Florence Luxury Apartment,Valerio,Entire home/apt,685.0
Pretty room in B&B L'Argentiere,Andrea,Private room,
Firenze Rentals Suite Cavour 12,⁨Samuel & Paolo For Firenze Rentals®⁩,Entire home/apt,206.0
Il Gigliolo Apartment,Novella House,Entire home/apt,176.0
BIDIBI BOBOLI BU apt! Boboli Gardens 1 min away,Sabrina,Entire home/apt,172.0
"Casa Pinti, a Renaissance home in Florence center",Carlo,Entire home/apt,187.0
G3- Piazza Beccaria on the skirt of the old town,Alice,Private room,104.0
Pegaso Apartment,Istay,Entire home/apt,144.0
Ariete Apartment,Istay,Entire home/apt,154.0
Charming Loft with Terrace in Santo Spirito,Modestino,Entire home/apt,158.0
"Appartamento ""Soderini Palace""",Chiara,Entire home/apt,402.0
San Marco Suite - Center of Florence,Tiziana Ferdinanda,Entire home/apt,
Double Room with Private Bathroom,Lucretia House,Private room,200.0
Moderno appartamento nel cuore di Firenze,Anna,Entire home/apt,194.0
Suite Porcellana Firenze,Ilaria,Entire home/apt,
Atmosfere Rinascimentali,Hamid,Entire home/apt,236.0
Diladdarno – The Only Flame In Town,Antonio,Entire home/apt,137.0
"Soggiorno Pezzati, Stanza deluxe",Daniela,Hotel room,121.0
Casa Mia,Andrea,Entire home/apt,695.0
Gioberti's terrace,Andrea,Entire home/apt,115.0
Piazza Strozzi Luxury Apartment,Re,Entire home/apt,417.0
Mona Lisa Loft un emozione abitarvi,Tiziana,Entire home/apt,187.0
Garden Flat in Central Florence,Francesca,Entire home/apt,111.0
Raffaello flat excellent location,Gibby,Entire home/apt,40.0
2° New Apartment & private Parking,Nenad,Entire home/apt,133.0
Camera King Super,Sandro,Private room,92.0
Camera King,Sandro,Private room,80.0
STILNOVO HOUSE - Piazza Santa Croce,Rino E Jessica,Entire home/apt,103.0
"Little Jewel Florence , Dome, David, - Garage",Maurizio,Entire home/apt,327.0
San Gallo Suite - Romantic Studio,Cinzia & Matteo,Entire home/apt,122.0
Soppalchi Florenti,Silvia,Entire home/apt,85.0
"Lovely room breathtaking view Duomo, Firenze",Antonella,Private room,93.0
CHARMING SUITE private bathroom,Annalisa & Leonardo,Entire home/apt,134.0
Spazioso centralissimo wi-fi free !,Anna,Entire home/apt,
Casa Campuccio 1,Alessandra,Entire home/apt,139.0
The Place for Travelers-Yellow 1 P Occupancy Room,Chiara,Private room,82.0
Luxury Apartment in Ponte Vecchio,Lorenzo,Entire home/apt,193.0
Room in Casa Dani - Next to the city centre,Daniela,Private room,87.0
NEW Frescoed Stunning Central Stylish Dreamlike,Simona&Jacopo,Entire home/apt,181.0
Oltrarno Star,Giulio & Veronica,Entire home/apt,599.0
Agave · Design Suite near SMN Station | by Acacia®,Acacia Firenze,Entire home/apt,186.0
Aloe by Acacia®,Acacia Firenze,Entire home/apt,138.0
Acacia Firenze - Adenia,Acacia Firenze,Entire home/apt,170.0
LITTLE COZY LOFT,Annalisa & Leonardo,Entire home/apt,141.0
central apartment,Maurizio,Entire home/apt,117.0
Chic Florence-CACCINI,Giacomo,Entire home/apt,296.0
Leonardo House 2,Darko,Private room,89.0
Casina B.P.- historic centre,Irene,Entire home/apt,803.0
La Bottega Loft,Celeste,Entire home/apt,115.0
La terrazza di Zisa,Roberta,Entire home/apt,109.0
Cozy studio near the center,Marco E Daniele,Entire home/apt,109.0
La Casetta in Campo di Marte.,Miriam,Entire home/apt,
Tiche - Great room in Florence center,Tina,Private room,120.0
"Camera d’arte, vicino agli Uffizi",Cecilia,Private room,133.0
The Flora apt in front of the Duomo,Luca,Entire home/apt,297.0
Romantic Florentine House near S. Maria Novella!,Francesca,Entire home/apt,108.0
Charme fiorentino con terrazza a San Frediano,Alessandra,Entire home/apt,166.0
Domus Lucrezia,Federico,Entire home/apt,173.0
Unique 100 sqm design flat in Oltrarno,Matias,Entire home/apt,236.0
MyFlorenceHoliday Gold Bridge DLX3 with balcony,Milstone,Entire home/apt,182.0
MyFlorenceHoliday Gold Bridge DLX4 with balcony,Milstone,Entire home/apt,329.0
GIOTTO E BELVEDERE 5BR 2LVR 3BTH,Salvatore,Entire home/apt,561.0
Moderno appartamento affrescato,Matteo,Entire home/apt,400.0
Modernità & charme nel centro storico,Chiara,Entire home/apt,189.0
Very spacious studio in the heart of Florence,Anna Teresa,Entire home/apt,172.0
"NEW: Romantic Apartment in Oltrarno, San Frediano",Vanni Monsacchi,Entire home/apt,170.0
⭐️LOVELY HISTORIC APARTMENT⭐️,Annalisa & Leonardo,Entire home/apt,168.0
Room below Piazzale Michelangelo,Riccardo,Entire home/apt,
Charming apartment with terrace,Francesco,Entire home/apt,137.0
Signoria Suite 24,Alessandro,Entire home/apt,262.0
Central Cosy Apartment,Francesco,Entire home/apt,156.0
Orchidea Studio - camera matrimoniale,Francesca,Private room,106.0
La tua casa a due passi dal centro,Piero,Entire home/apt,149.0
Single Room in Casa Dani - Next to the city centre,Daniela,Private room,87.0
Unparalleled Views and Exceptional Style,Donatella,Entire home/apt,4635.0
"Ginestra, appartamento gestito dall' host privato",Marco,Entire home/apt,163.0
Cozy loft near the Duomo,Karin Andrea,Entire home/apt,177.0
Apartment Zarina,Alberto,Entire home/apt,
Florence Old Town Apartment,Andrea,Entire home/apt,219.0
A View To The Heart Of Florence,Immran,Entire home/apt,358.0
Keys of Italy -T Beta5-Luxury Apt Fashion District,Keys Of Italy,Entire home/apt,226.0
Close to everything! Renovated!,Giulia & Michele,Entire home/apt,217.0
Charming Top-Floor Flat Steps from Piazza Pitti!,Catherina,Entire home/apt,
Alloggio fino a 35p in pieno centro,Salvatore,Entire home/apt,905.0
"""Lucia"" Florence",Lucia,Entire home/apt,
"La CorteSUITE. *15 mins from center, easy parking.",Roberta,Entire home/apt,111.0
BLUE PEARL apt next to Duomo and Accademia,Angela,Entire home/apt,134.0
"""Pergola  Loft"" -   Duomo Cathedral",Lorenzo,Entire home/apt,67.0
Firenze nel cuore,Elisabetta,Entire home/apt,226.0
Alle porte di Firenze e del Chianti,Curzio,Entire home/apt,90.0
"Appartamento sotto ""Piazzale Michelangelo""",Lorenzo,Entire home/apt,111.0
Cozy flat in lovely family house,Renate Somn,Entire home/apt,118.0
La casa in via de' Pepi,Maria Antonietta,Entire home/apt,132.0
Nico's place in Sant'Ambrogio (free city tour),Nicola,Entire home/apt,121.0
"New! Central, bright apartment Gioberti Courtyard",Claudia,Entire home/apt,
"Centrale, vicino al tram, 24/7 check in",Nicoletta,Entire home/apt,137.0
Elegant and bright apartment with private parking,Chiara E Stefania,Entire home/apt,160.0
La Luna charming apartment,Daniela,Entire home/apt,177.0
OLTRARNO FLORENCE APARTMENT,Edoardo,Entire home/apt,131.0
ROMANTIC NEST FLORENCE,Edoardo,Entire home/apt,124.0
Le rose Siberine - Historical Apartment,Silvia&Leo,Entire home/apt,184.0
Apartment next to the center and the train station,Andrea,Entire home/apt,147.0
I SLEEP B&B - Comfort Double/Twin Room,Clarissa,Private room,125.0
"Maison Orange Florence [2 Bedrooms, 2 Bathrooms]",Natalia,Entire home/apt,230.0
Residence Galileo Galilei,Modestino,Entire home/apt,600.0
Apartment in Florence with free car park,FloRentals,Entire home/apt,121.0
Bellissima casa nel cuore di Firenze,Monique,Entire home/apt,194.0
La Filarocca apartment.,Gianna,Entire home/apt,331.0
INDOOR GARDEN DESIGN APARTMENT,Annalisa & Leonardo,Entire home/apt,153.0
Art Lovers' Historic Palazzo on Via Calzaiuoli,Marco,Entire home/apt,370.0
Apartment in Villa - terrace overlooking Florence,Simona,Entire home/apt,192.0
Cittadella 5,Elisabetta,Entire home/apt,373.0
Serena House,Andrea,Entire home/apt,117.0
VIA ROMA 4 HOME - your home just 50mt from Duomo,Mimma,Entire home/apt,200.0
Ines Lovely Flat,Marco,Entire home/apt,105.0
THE QUARTIERINO D'OLTRARNO,Biba,Entire home/apt,179.0
Faenza Novella,HouseFlo,Entire home/apt,109.0
"Flat il Prato, Florence",Elena,Entire home/apt,139.0
Modern Panoramic Villa in Florence,Leonardo,Entire home/apt,
Space Art Loft,Milica,Entire home/apt,274.0
B&B Firenze Capitale,Giuseppe,Private room,263.0
Art Apartment Velluti,David,Entire home/apt,141.0
Super and New Flat in Florence,Niccolo,Entire home/apt,129.0
Piazza Liberta 2b,Apartments Florence,Entire home/apt,
"Loft Il Prato, Florence",Elena,Entire home/apt,149.0
Feel at Home at Lorenzo & Virginia's apartment,Lorenzo & Virginia,Entire home/apt,396.0
Oasis in the heart of Florence,Matteo E Giorgia,Entire home/apt,208.0
"Apartment in Florence, Italy",Eugenia,Entire home/apt,
2BR Apartment Florence Oltrarno + Parking,Elena,Entire home/apt,164.0
GLAMOROUS  banana leafs apartment,Sara Micol,Entire home/apt,98.0
INDUSTRIAL style 2 floors loft,Sara Micol,Entire home/apt,109.0
Soffitti affrescati e bagno privato,Camilla,Private room,115.0
BRAND NEW CHARMING STUDIO SERRAGLI,Patrizia,Entire home/apt,137.0
"On the hill, close to the center",Stefano,Private room,114.0
Ghibellina Terrace,Alessandro,Entire home/apt,203.0
San Niccolò Flat-01 Modern flat with parking,Corrado,Entire home/apt,179.0
"2016Apartments, Luxury Flat 03",Corrado,Entire home/apt,194.0
MONNA LISA for  up to 7 people,Roberto,Entire home/apt,310.0
Casa di Dante Roof Terrace,Giuseppe,Entire home/apt,591.0
"Fortezza da Basso Apartments, ""Room One""",Giulio,Entire home/apt,222.0
Palazzo Della Nave - AP 01,Palazzo Della Nave,Entire home/apt,107.0
Apartment with garden and   parking,Giuseppe,Entire home/apt,96.0
VISCONTI DI MODRONE PALACE HEART OF FLORENCE,Gianfranco,Entire home/apt,417.0
Il Pianerottolo,Francesca,Entire home/apt,
Appartamento La Violetta,Alessandro,Entire home/apt,200.0
Modern Bohemian Penthouse in Santa Croce,Lorenzo,Entire home/apt,
Florence Duomo Rooftop Terrace,Sandro,Entire home/apt,308.0
Corno Superior Apartment by 360 Rentals,Andrea Frua De Angeli,Entire home/apt,204.0
Lovely Nest near Train Station - Diletta's Apt,Francesca,Entire home/apt,99.0
Orsanmichele View in a Fantastic Location,Apartments Florence,Entire home/apt,470.0
Convenient Apartment in front of Train Station,Alberto,Entire home/apt,360.0
"Studio in Piazza della Passera, Florence",Giuditta,Entire home/apt,155.0
Il tuo angolo di charme privato a Firenze,Francesca,Private room,94.0
200-Year-Old Historic Grain Depot Designer Loft,Angela,Entire home/apt,204.0
Oasi verde accanto  all'Arno e Santa Croce,Greta,Private room,86.0
Cosy florentine house in the heart of downton,Matteo,Entire home/apt,92.0
Appartamento in Sant'Ambrogio 59,Carla,Entire home/apt,113.0
SCALA GARDEN entire house,Jia,Entire home/apt,454.0
"Renaissance Charm: Cotto, AC & Central Location",Ranieri,Entire home/apt,161.0
Medicean Florence Apartment,Marco&Tania,Entire home/apt,290.0
Santo Spirito/Borgo San Frediano Apartment,Antonella,Entire home/apt,133.0
Camera Cielo  luminosa,Francesco E Marilena,Private room,80.0
SPACIOUS ROOM,Francesco E Marilena,Private room,86.0
Timeless Elegance in the Heart of Florence | A/C,Riccardo,Entire home/apt,263.0
Palazzo Capponi -Apartment Ermelinda,Sebastiano,Entire home/apt,
VILLA LE PERGOLE  - Florence,Anna Borgia,Entire home/apt,252.0
Duomo view,Camilla,Entire home/apt,162.0
Villa Belvedere,Erika,Entire home/apt,1438.0
"On the hill, close to the center",Stefano,Private room,126.0
Old Florence Apartment- Near DUOMO!,Giulia,Entire home/apt,189.0
The Florian apt in front of the Duomo,Luca,Entire home/apt,236.0
Camera Sole luminosa,Francesco E Marilena,Private room,
Welcome Home Steps from Duomo,Ekaterina,Entire home/apt,103.0
camera luminosa azzurra,Francesco E Marilena,Private room,86.0
Stanza Firenze 15 min dal centro,Emanuele,Private room,272.0
La Divina Dimora 'Beatrice' - Romantic Flat,Valentina,Entire home/apt,148.0
Villa Fiorale a 1400 Medici's Hunting House,Alexandra Isabelle,Entire home/apt,1056.0
Santa Reparata,Alessandro Antonio,Entire home/apt,189.0
Santa Croce nuovo comodo appartamento in centro,Massimiliano,Entire home/apt,263.0
Palazzetto dei Nobili Apartment,Isabella&Cecilia,Entire home/apt,296.0
Elegant apartment in the historical center.,Francesca,Entire home/apt,331.0
Florence House opposite the Duomo (20 m (~65ft) away),Floria,Entire home/apt,189.0
"Nel cuore di Firenze, Foglia",Sabrina,Entire home/apt,228.0
Big Loft with free parking and free wi-fi,Patrizia,Entire home/apt,244.0
Loft Ponte Vecchio in Firenze Lungarno Corsini,Alessandra,Entire home/apt,136.0
Florence Rive Gauche San Cosma Sun-Dappled Terrace,Laura,Entire home/apt,232.0
House in Santa Croce Florence center,Caterina,Entire home/apt,127.0
firenze from the top,Paola,Entire home/apt,333.0
"Beautiful, Bright 2 Bdrs by S.Croce",Tommaso,Entire home/apt,314.0
Apt in San Niccolò a pochi passi da Ponte Vecchio,MDR By Ciao Florence Tours,Entire home/apt,152.0
MDR  Duomo Grey  Apartment,MDR By Ciao Florence Tours,Entire home/apt,134.0
Charming Pitti Apartment,Marco,Entire home/apt,149.0
"Fortezza da Basso Apartments, ""Room Two""",Giulio,Entire home/apt,222.0
Santa Croce Paradiso,Maurizio,Entire home/apt,188.0
"In the heart of Florence, Fiore",Sabrina,Entire home/apt,216.0
Wine Apartments Florence Ciliegiolo,Wine Apartments Florence,Entire home/apt,210.0
Mascagni Rooms B camera privata,Francesca,Private room,56.0
SAN NICCOLO' 99 - A BIG APARTMENT WITH A VIEW,Antonio,Entire home/apt,620.0
Sleek Santa Reparata,Guido,Entire home/apt,123.0
Acacia Firenze - SALVIA,Acacia Firenze,Entire home/apt,175.0
Flat S. Reparata - Florence center - Tax included,Raffaella,Entire home/apt,131.0
"On the hill, close to the center",Stefano,Hotel room,103.0
Love The Stylish Suite • a steps to Old Bridge,Federico,Entire home/apt,252.0
Old town in the heart of Florence,Tiziana Antonella,Entire home/apt,180.0
Designer Penthouse Dome Square,Federica,Entire home/apt,444.0
Mascagni Rooms T camera privata con balcone,Francesca,Private room,56.0
Studio flat in the heart of Florence,Alessandra,Entire home/apt,47.0
Exclusive 2BR/2BA flat Walk to Duomo Quiet Area,Simona,Entire home/apt,356.0
Apartment with terrace on the roofs,Giulia,Entire home/apt,139.0
Beautiful duomo suite,Lorenzo,Private room,149.0
Old Market suite,Maria,Entire home/apt,104.0
Appartamenti Costa San Giorgio -FI-,Cristiana,Entire home/apt,396.0
SANTA CROCE YX STUDIO APT N 4,Marella,Entire home/apt,159.0
Bell Tower studio apartment,Domenico,Entire home/apt,144.0
Attic with a terrace in Oltrarno,Marina&Flora,Entire home/apt,48.0
The House of Mirrors,Giulio,Entire home/apt,165.0
Nel cuore di Firenze,Stefano,Entire home/apt,70.0
Da Chiara - La tua campagna in città,Aldo,Entire home/apt,96.0
Bell Tower Apartment with view,Domenico,Entire home/apt,207.0
PINOCCHIO HOUSE,Monika,Entire home/apt,155.0
Central Apartment La Contessina,Residence La  Contessina,Entire home/apt,107.0
Appartamento in centro - La Contessina,Residence La  Contessina,Entire home/apt,107.0
Residenza Historia - Da Vinci,Residenze D'Epoca Collection,Private room,100.0
Residenza Historia - Donatello,Residenze D'Epoca Collection,Private room,138.0
Residenza Historia - Raffaello,Residenze D'Epoca Collection,Private room,113.0
Residenza Historia - Botticelli,Residenze D'Epoca Collection,Private room,72.0
Camera Suite con Balcone,Sandro,Private room,92.0
DUOMO FLAT,Filippo,Entire home/apt,99.0
Santo Spirito Old Town Flat,Tommaso,Entire home/apt,257.0
❤️.... Anima e Cuore di Firenze,Leonardo,Entire home/apt,249.0
LISA LOFT,Barbara,Entire home/apt,173.0
Towards Florence,Laura,Private room,87.0
Accademia Michelangelo Nest - 5 min from Duomo,Apartments_Florence,Entire home/apt,258.0
Artemisia · with private courtyard | by Acacia®,Acacia Firenze,Entire home/apt,478.0
Santa Croce Singol/Double Suite Room,Elisabetta,Private room,133.0
"Nel cuore di Firenze, Melograno",Sabrina,Entire home/apt,216.0
50's in Porta al Prato,Bernardo,Entire home/apt,256.0
"G2- Piazza Beccaria, on the skirt of the old town",Alice,Private room,116.0
Lilla - Sweet Dreams in Florence,Irene,Entire home/apt,228.0
Appartamento centro storico San Zanobi holidayhome,⁨San Zanobi 49⁩,Entire home/apt,150.0
VILLA MEDICEA,Itinere Villas,Private room,14000.0
Newly renovated apartment + garden,Ingrid,Entire home/apt,120.0
"Central, super clean loft, check-in 24/7",Nicoletta,Entire home/apt,84.0
Buonarroti Apartment,Istay,Entire home/apt,140.0
una mansarda sul tetto (private bathroom/AC),Francesca,Private room,102.0
Apartment with River view - Florence city center,Andrea,Entire home/apt,
Appartamento del '500,Lorena,Private room,57.0
LUMINOUS WITH BELLAVISTA,Angela,Private room,66.0
MediciApt - Old Bridge. Luxury family apartment,Giovanni,Entire home/apt,838.0
Marzia's apartment in the Oltrarno,Marzia,Entire home/apt,119.0
Nazionale Left,Istay,Entire home/apt,180.0
PorteNuove  Apartment 2Suite,Lorenzo,Entire home/apt,217.0
Stanza matrimoniale al ponte vecchio,Marzia E Rachid,Private room,95.0
Stanza accogliente a due passi dal ponte,Marzia E Rachid,Private room,107.0
Autentico appartamento fiorentino,Marco,Entire home/apt,124.0
"Affittacamere Belfiore , Camera matrimoniale",Rosa,Private room,68.0
B&B Belfiore - Triple Room with private bathroom,Rosa,Private room,127.0
"Affittacamere Belfiore , Camera per 2 persone c...",Rosa,Private room,72.0
Albizi Romantico,Daniela,Entire home/apt,182.0
Ex convento del '500,Giada,Entire home/apt,123.0
Appartamento Botticelli 98,Saverio,Entire home/apt,137.0
Quiet AC Studio in Historic Convent • Oltrarno,Silvia,Entire home/apt,122.0
Romantic Suite in Florence for wonderful holiday,Gabriele,Entire home/apt,139.0
Art design with parking facilities,Floré,Entire home/apt,136.0
Florence around you,Andrea,Entire home/apt,247.0
Appartamento in Centro dal Sapore Rinascimentale,Elisabetta,Entire home/apt,468.0
G1- Piazza Beccaria on the skirt of the old town,Alice,Private room,89.0
Spectacular view on Ponte Vecchio,Marusca,Entire home/apt,197.0
"Affittacamere Belfiore , Camera doppia /matrimo...",Rosa,Private room,68.0
"Oliver Flat, silent & charming",Beatrice,Entire home/apt,252.0
MICHELANGEL E BELVEDERE 4BD 3BT 2LR,Salvatore,Entire home/apt,561.0
Sotto il tetto di Sofia,Sofia,Entire home/apt,237.0
Real Taste of Tuscany Apartment,Veronica,Entire home/apt,189.0
Casina del Sole,Giovanna,Entire home/apt,
Alloggio presso famiglia,Laura,Private room,52.0
Charming and Cozy Maggio,Alessandro,Entire home/apt,173.0
Galileo Galilei Apartment+Garage in city center,Giancarlo,Entire home/apt,60.0
Ponte Vecchio Balcony - Once in a Lifetime Views,Apartments_Florence,Entire home/apt,357.0
Large room close to the downtown,Michele,Private room,60.0
Cavour 28,Istay,Entire home/apt,156.0
Charming Suite Ponte Vecchio,Alessandro,Entire home/apt,183.0
A bird eye view over Florence,Isabella,Entire home/apt,134.0
Signoria Suite Art Gallery - balcony amazing view,Stefano,Entire home/apt,397.0
Susy apartment quiet and gardenview,Susy,Entire home/apt,
Santo Spirito Palace,Federico,Entire home/apt,444.0
CONTE CANACCI,Osvaldo,Entire home/apt,222.0
Quiet flat facing the Duomo,Pietro,Entire home/apt,174.0
Elegant Dome Apartment in the Heart of Florence,Houseflo,Entire home/apt,225.0
Appartamento nel verde a due passi da Firenze,Vittoria,Entire home/apt,318.0
Relais Duomo Adelaide,Grazia,Entire home/apt,127.0
Casa Al 4 - 4 steps from everything,Carlo,Entire home/apt,107.0
Fortezza Second floor,Istay,Entire home/apt,
CASA LILY nice apartment in the center of Florence,Chiara,Entire home/apt,149.0
Nel Cuore di Firenze - a 150 metri dal Duomo,Letizia,Entire home/apt,159.0
"Affittacamere Belfiore , Camera quadrupla 1",Rosa,Private room,70.0
La Divina Dimora 'Dante' - Passion Flat,Valentina,Entire home/apt,149.0
Santa Croce Elegant  With Garage,Sid,Entire home/apt,270.0
Proconsolo,Istay,Entire home/apt,183.0
Keys of Italy -SFrediano38-Monolocale in Oltrarno,Keys Of Italy,Entire home/apt,148.0
Pitti Three,Istay,Entire home/apt,177.0
Bright Designer Loft with Mezzanine in Santa Croce,Mascia,Entire home/apt,145.0
Loft Ortensia garden WiFi air conditioning,Lorenzo,Entire home/apt,165.0
Apartment in the very heart of Florence,Andrea Maria,Entire home/apt,200.0
Ponte Vecchio Terrace,Marusca,Entire home/apt,207.0
Camera con vista in zona esclusiva,Gabriele,Private room,75.0
Uffizi Apartment,Gabriella,Entire home/apt,234.0
Fine living with a great view and terrace,Manuela,Entire home/apt,228.0
Camera con Vista 2,Gabriele,Private room,75.0
Tornabuoni Terrace,Apartments_Florence,Entire home/apt,436.0
Greci Panoramic Terrace By MMega,MMega Homes And Villas,Entire home/apt,289.0
Brunelleschi Apartment,Istay,Entire home/apt,270.0
SS. Apostoli apartment,Natali,Entire home/apt,194.0
Red Rose Loft - Cozy & Fresh in City Center,Niccolò,Entire home/apt,127.0
Barbara's Place,Barbara,Entire home/apt,100.0
Appartamento con terrazzo Firenze,Blerina,Entire home/apt,132.0
Home Boutique Piazza della Repubblica,Ilaria,Entire home/apt,247.0
Grazioso Appartamento in Oltrarno a Firenze,Stella,Entire home/apt,104.0
Camera Con vista Loft 360° Vista of Iconic Gems,Luisa,Entire home/apt,211.0
La Divina Dimora - Virgilio Pretty Flat,Valentina,Entire home/apt,160.0
Delicious next to the Duomo,Pamela,Entire home/apt,426.0
Nuovo appartamento con giardino,Ricchi,Entire home/apt,339.0
SUITE DAMA,Tatiana,Entire home/apt,240.0
Susy apartment Lightly and quiet with gardenview,Susy,Entire home/apt,
Le Rose di Leonardo - Historical apartment,Silvia&Leo,Entire home/apt,201.0
Air-Conditioned Garden Retreat in Central Florence,Michela,Entire home/apt,172.0
Flat Firenze 43,⁨Flat Firenze 43⁩,Entire home/apt,140.0
SCALA GARDEN-Deluxe double room,Jia,Private room,
SCALA GARDEN-Classic double room in SMN Station.,Jia,Private room,
casa con giardino,Francesco,Entire home/apt,
Campidoglio F,Istay,Entire home/apt,
Campidoglio E,Istay,Entire home/apt,
Little Red Door: Design Studio in Oltrarno,Michele,Entire home/apt,161.0
Campidoglio T,Istay,Entire home/apt,
Sdrucciolo dei Pitti Second floor,Istay,Entire home/apt,237.0
"VITTORIO's in Florence. Apt with balcony, parking",Vittorio,Entire home/apt,177.0
Novella Goldoni Suite-M1,Monika,Entire home/apt,138.0
Guelfa Apartment,Istay,Entire home/apt,209.0
Apt. Brunelleschi Suite,Tommaso,Entire home/apt,190.0
Palazzo Capponi- Apartment Orlov,Sebastiano,Entire home/apt,260.0
The Heart of Florence walking everywhere,Alessio,Entire home/apt,223.0
"Elegante Trilocale, in Centro Storico Firenze",Tommaso,Entire home/apt,242.0
Lovely apartment with splendid marble bathroom,Chiara,Entire home/apt,216.0
SCALA GARDEN-Garden view triple room,Jia,Private room,
SantaCroce Flat-02 Stylish and Spacious experience,Corrado,Entire home/apt,220.0
florence signoria apartment,Lorenzo,Entire home/apt,175.0
Route26 - Florence,Cristina E Alessandro,Entire home/apt,
"Relais Stibbert, Stanza familiare 1",Angjelin,Hotel room,223.0
Cosy apartment - Only 1 minute to Ponte Vecchio,Lara,Entire home/apt,107.0
"Casa della Ciri - La
Pazienza",Letizia,Entire home/apt,158.0
Fresco room near Sta Croce. Superb Location.,Silvia,Private room,112.0
Penthouse Terrace on the River Panoramic Garage,Piero E Cinzia,Entire home/apt,202.0
Loft Caput Mundi.,Sara,Entire home/apt,96.0
Relaxing place in Oltrarno,Nicoletta,Entire home/apt,153.0
Margherita's Suite,Lisa,Entire home/apt,151.0
Numeroventi Loft 1,Martino,Entire home/apt,356.0
Incantevole appartamento in oltrarno,Isabella,Entire home/apt,236.0
Great Apartment,Frederik,Entire home/apt,685.0
cozy penthouse,Alessandra,Entire home/apt,27.0
Elegant Suite Michelangelo,Giandomenico,Entire home/apt,134.0
"Il Bronzino apartment, near Historical centre.",Marco Marchetti,Entire home/apt,
In the centre of Florence near the Duomo,Sabrina & Alessio,Entire home/apt,194.0
Pinti Loft,Giulio & Veronica,Entire home/apt,203.0
OPERA19 LUXURY APARTMENT - completely renovated,Carlo,Entire home/apt,403.0
Tower inn,Massimiliano,Entire home/apt,183.0
bright and quiet in the heart of true Florence,Giorgio,Entire home/apt,127.0
Wine Apartments Florence Colorino,Wine Apartments Florence,Entire home/apt,223.0
Aida romantic apartment,Francesca,Entire home/apt,160.0
FIorence Concierge-Deluxe apartment,Monika,Entire home/apt,177.0
Stanza Arancione Firenze LGBTQ+ Frendly,Gabriella E Pietro,Private room,80.0
Camera Tripla/ Triple Room In Florence City Center,Angjelin,Private room,228.0
Novella Goldoni Suite-An Allergy Free Project - B1,Monika,Entire home/apt,178.0
Uffizi View,Marco,Entire home/apt,208.0
"Double room with private bathroom, Ponte Vittoria",Marco Marchetti,Private room,109.0
Paintings apartament a Careggi,Stefania,Entire home/apt,122.0
"Relais Stibbert, Stanza familiare 2",Angjelin,Private room,3420.0
Lovely ATTIC! Dreamlike Stunning Terrace view,Simona&Jacopo,Entire home/apt,208.0
Casa Maron 1,Anette,Entire home/apt,232.0
Casa Maron 2,Anette,Entire home/apt,197.0
Penthouse Solarium double or single Private Room,Maria Novella,Private room,37.0
"Grande casa accogliente, comoda, luminosa...",Silvia,Entire home/apt,194.0
Pian dei Giullari | Golden Hill Flat,Marghe,Entire home/apt,247.0
Location Location Location,Paola,Entire home/apt,165.0
Central flat close station SMN and free garage,Fabiano,Entire home/apt,217.0
Frediano's Nest Studio,Andrea,Entire home/apt,103.0
San Miniato garden - Le jardin de fleurs,Mauro & Marzio,Entire home/apt,124.0
GUESTS ATTIC SINGLE ROOM BATH KITCHEN USE SHARING,Maria Novella,Private room,38.0
Private Room Penthouse kitchen Bathroom share,Maria Novella,Private room,
MDR Duomo Blue Apartment,MDR By Ciao Florence Tours,Entire home/apt,175.0
Mercato centrale bright apartment,Carlotta,Entire home/apt,178.0
"Il B&B Casa dei Tintori, Camera Gialla",Riccardo,Hotel room,135.0
Da Vinci Apartment,Christina,Entire home/apt,177.0
"Gold Suite, faboulus apartment!",Mariangela,Entire home/apt,363.0
Mio Room,Naike,Private room,
Ciardo-Cozy house in the heart of Florence,Gessica,Entire home/apt,234.0
Casa de Peruzzi near Santa Croce,Niccolò,Entire home/apt,172.0
Big Badroom with Terrace,Naike,Private room,54.0
Ponte Vecchio Exclusive with ARNO VIEWS,Apartments Florence,Entire home/apt,299.0
"Cosy, confy and quiet  in the hearth of Florence.",Mariaflavia,Entire home/apt,135.0
"Boutique Apartment • Chic, Central & Quiet",Davide,Entire home/apt,124.0
David and the Cathedral,Francesco,Entire home/apt,155.0
Ponte Vecchio Luxury View Suite,Cosimo,Entire home/apt,229.0
A window over Florence,Paolo,Entire home/apt,187.0
Casa Cosi - Masaccio,Casa Cosi Italy,Entire home/apt,245.0
CasaDaria - 3bd apartment station walking distance,Silvana,Entire home/apt,262.0
Pepi charme,Easyhousing,Entire home/apt,244.0
Oltrarno Florence Home,Silvia,Entire home/apt,185.0
San Zanobi apartment,HouseFlo,Entire home/apt,123.0
Stanza Azzurra Firenze LGBTQ+ Frendly,Gabriella E Pietro,Private room,80.0
CHEAP SINGLE ROOM in ATTIC Kitchen Bathroom share,Maria Novella,Private room,53.0
Cozy Appartment in traditional Villa,Simone,Entire home/apt,162.0
"Made in Italy Apartment, History & Cotto Flooring",Luisa,Entire home/apt,381.0
TOUCHING WITH A FINGER THE BEAUTIFUL PONTE VECCHIO,Matteo,Entire home/apt,273.0
Atmosfera Studio w/ View & Unparalleled Location,Luisa,Entire home/apt,168.0
Palazzo Alfani - Superior Apartment garden view,Francesca,Entire home/apt,343.0
Alcova Studio w/ Terrace & Unparalleled Location,Luisa,Entire home/apt,180.0
Fantasia Charming Apartment Unparalleled Location,Luisa,Entire home/apt,310.0
Delizioso terratetto alle porte di Firenze,Davide E Alessandra,Entire home/apt,115.0
Studio in Santo Spirito/Borgo San Frediano,Antonella,Entire home/apt,103.0
Charming House - Free Garage,Martina,Entire home/apt,170.0
Best  Location Ponte Vecchio,Angelo,Entire home/apt,221.0
Big and bright room in Dogali b&b by Irene,Federico,Private room,63.0
Lovely downtown house with private garden,Lorenzo,Entire home/apt,200.0
Carlotta's Place - 3B with View!,Apartments Florence,Entire home/apt,390.0
Artist's house b&B with a view of Florence.,Orsini B&B,Private room,
"Studio18 Santa Croce, quiet apt in the old town!",Massimiliano,Entire home/apt,115.0
Elegant double (single use too) room in Florence,Giampaolo,Private room,56.0
Tweety Bedroom,Naike,Private room,51.0
Cozy room in Florence,Maria,Private room,33.0
Charming Panoramic Home in the Heart of Florence,Aurora,Entire home/apt,291.0
New Studio in Porta Romana,Paola,Entire home/apt,89.0
Novella Goldoni Suite - M2,Monika,Entire home/apt,158.0
A few step from Duomo and SMN train station,Lucia,Entire home/apt,255.0
The House of Ezio in the Artistic Heart of Florence,Ezio,Entire home/apt,250.0
At Home Firenze: near Station and Fortezza,Francesca E Simonetta,Entire home/apt,187.0
"Central, peaceful and panoramic Florentine flat",Davide,Entire home/apt,246.0
Wine Apartments Florence Trebbiano,Wine Apartments Florence,Entire home/apt,156.0
Classic with private bathroom - Heart of Florence,Antonio,Private room,149.0
Novella Goldoni Suite - B2,Monika,Entire home/apt,212.0
"Mezzanine in Piazza della Passera, Firenze",Giuditta,Entire home/apt,155.0
Renaissance Apartment Touch the Dome,Vasily,Entire home/apt,366.0
TOSCANELLA APARTAMENT,Home Sharing Home,Entire home/apt,139.0
White Corso 2,Stefano,Entire home/apt,128.0
White Corso Balcony - 2 bedrooms 2 bathrooms,Stefano,Entire home/apt,217.0
Gold Corso,Stefano,Entire home/apt,152.0
Corso Futon 1 – Balcony and Terrace,Stefano,Entire home/apt,126.0
Amazing in Santa Croce,Michela,Entire home/apt,211.0
"""Casa Ghibellina"" - Apartment Florence city center",Elisa,Entire home/apt,215.0
Leoni B · Una dimora da Leoni/Parcheggio gratuito,Donna,Entire home/apt,194.0
Apartment with terrace overlooking Medici Chapels,Francesco,Entire home/apt,244.0
B&B Al Consolato,Emanuele,Private room,109.0
Charming & Romantic Room Steps From Santa Croce,Maria Cristina,Private room,142.0
Luminous flat 2nd floor - Beato Angelico Firenze,Francesco Sottili,Entire home/apt,162.0
Loft Piazza della Signoria,Ginevra,Entire home/apt,110.0
Bright & Romantic Room Steps From Santa Croce,Maria Cristina,Private room,153.0
Modern Murate View By MMega,MMega Homes And Villas,Entire home/apt,182.0
SERVI - VERY CENTRAL LOVELY APARTMENT A/C WI-FI,Rebecca,Entire home/apt,111.0
La Corte,Alessio,Entire home/apt,126.0
Small Central Market loft near main train station,Francesca E Simonetta,Entire home/apt,164.0
Firenze Rentals Suite Proconsolo,⁨Samuel & Paolo For Firenze Rentals®⁩,Entire home/apt,187.0
Suite with private large bathroom city center,Fabiola,Private room,
Books Corner,Barbara,Entire home/apt,166.0
Keys of Italy -Palazzuolo112-2Bedr Flat by Station,Keys Of Italy,Entire home/apt,167.0
"Soggiorno la Pergola, Camera tripla con bagno p...",Massimo,Private room,127.0
Sweet stay in Florence,Eleonora,Entire home/apt,86.0
"Aida Opera Florence Apartments, Luxury",Giulia,Entire home/apt,235.0
Incantevole appartamento in Santo Spirito,Simona,Entire home/apt,141.0
Florence centre,Massimo,Entire home/apt,
Room with private entrance & unique view,Laura Et Jerome,Private room,149.0
Sweet Cherry Room,Alexandra,Private room,37.0
Vale & Sabry - Apartment in Porta Romana,Valeriano,Entire home/apt,162.0
Luminoso appartamento in Firenze,Luca,Entire home/apt,152.0
Old Tower Ponte Vecchio Suite B,Federico,Entire home/apt,165.0
“A flat with a view”,Amanda Alves,Entire home/apt,149.0
Santa Maria Terrace,Apartments_Florence,Entire home/apt,540.0
Pretty apartment in the heart of Florence,Maria Cristina,Entire home/apt,107.0
my little cosy house,Andrea,Entire home/apt,92.0
FLORENCE APARTMENT - MODERN,Bernardo E Sara,Entire home/apt,102.0
Diana Florence,Piergiorgio,Entire home/apt,149.0
Refined apartment in the heart of Florence,Anna Teresa,Entire home/apt,343.0
MediciApt - Noble Floor in ancient Medici Palace,Giovanni,Entire home/apt,926.0
Apartment set in a property with breathtaking view,Ana,Entire home/apt,
Spacious Oltrarno Oasis in Heart of Santo Spirito,Maria Gabriella,Entire home/apt,149.0
PRIVATE SPACE: Camera con bagno incluso privato,Jacopo Vettori,Private room,65.0
Experience the authentic Florence!,Giacomo,Entire home/apt,151.0
Camaldoli- sunny apt in the heart of Florence,Gessica,Entire home/apt,246.0
Gemütliche Einzimmerwohnung in Florenz,Elisabetta,Entire home/apt,62.0
Wine Apartments Florence Vernaccia,Wine Apartments Florence,Entire home/apt,260.0
Studio flat in XVI century building in the center,Samuele & Lavinia,Entire home/apt,
Lambruschini room,Francesco,Private room,145.0
Exclusive house of Artist with balcony in Old Town,Michele,Entire home/apt,183.0
Bright apartment in Florence historic center,Dario,Entire home/apt,600.0
"lovely room downtown, Beccaria",Alice,Private room,383.0
Porta al Prato Appartamento Firenze,Blerina,Entire home/apt,131.0
Lucy house,Ivano,Entire home/apt,
"Casa Maggia, Florence",Milena,Entire home/apt,155.0
Nice cozy flat in Florence,Blerina,Entire home/apt,132.0
Frescoes in heart of Santa Croce,Luca,Entire home/apt,217.0
Santacroce 52,Fabio,Entire home/apt,200.0
"Lavanda, appartamento gestito dall'host privato",Marco,Entire home/apt,163.0
Luxury apartment in Ponte Vecchio,Maria Pia,Entire home/apt,228.0
Luxury Star Suite - 2 rooms studio,Margherita,Entire home/apt,123.0
Light-filled Florentine Retreat with Style & Charm,Lorenzo,Entire home/apt,160.0
Under The Dome,Florence,Entire home/apt,275.0
A home away from home in Florence city centre,Eleonora,Entire home/apt,
Appartement Arnolfo's tower of Palazzo Vecchio,Eleonora,Entire home/apt,140.0
GREAT APARTMENT IN THE HEART OF FLORENCE,Federico,Entire home/apt,628.0
RENASCENTIA APARTMENT 4,Luca,Entire home/apt,289.0
Wonderful and centrally located in historic build,Isabella,Entire home/apt,186.0
Villa il Quercione,Maria Paola,Entire home/apt,731.0
Nice and cosy flat in the heart of Florence,Claire Savinien,Entire home/apt,233.0
Petit Studio Florence close to the Dome,Monica,Entire home/apt,199.0
Casa del Tango tra Forte Belvedere e Villa Bardini,Detto,Entire home/apt,153.0
"Room with private bath, near Parco delle Cascine",Marco Marchetti,Private room,93.0
Sant'Ambrogio Flat-04 GoodOption for family&groups,Corrado,Entire home/apt,208.0
"steps to Duomo (0,14mi) premium 3+1 BR 4 baths apt",Isabella,Entire home/apt,752.0
Piazza Signoria SUITE,Laura,Entire home/apt,302.0
"Piazza Signoria SUITE ""Pepper""",Laura,Entire home/apt,265.0
San Lorenzo-Romantic suite in Florence,Gessica,Entire home/apt,
Oriuolo Elegance 2b near Piazza Duomo,Apartments Florence,Entire home/apt,370.0
DUOMO,Bianca,Entire home/apt,103.0
Spadolini Apartment,Istay,Entire home/apt,240.0
MEDICI RICCARDI,Bianca,Entire home/apt,220.0
Leonardo House,Darko,Private room,84.0
Faenza 73,Istay,Entire home/apt,273.0
Bargello Apartment,Istay,Entire home/apt,168.0
PORTE NUOVE SUITE FLORENCE,Guia,Entire home/apt,115.0
San Marco Elegant Apartment,Sid,Entire home/apt,210.0
The perfect place for your stay in Florence,Mariasole & Filippo,Entire home/apt,240.0
Apartment - Studio Anthurium,Andrea,Entire home/apt,175.0
"Duallook ""industrial"", super suite 5 rooms 80 mt",Niccolò,Entire home/apt,
Masaccio Suite in the heart of Florence,Agnese,Entire home/apt,168.0
"Il B&B Casa dei Tintori, Camera Indaco",Riccardo,Private room,135.0
Musicando B&B flat,Vanessa,Entire home/apt,100.0
Taddea 2b with TERRACE,Apartments Florence,Entire home/apt,
I' PIGNONCINO,Monica E Marianna,Entire home/apt,94.0
Casa Laura *centro storico*,Laura,Entire home/apt,160.0
Charming Apartment Ponte Vecchio,Barbara,Entire home/apt,240.0
Charming Renaissance Apartment,Margherita,Entire home/apt,146.0
SCALA SUITE,Martina,Entire home/apt,189.0
"Il B&B Casa dei Tintori, Camera Verde",Riccardo,Private room,116.0
CORTE SUITE,Martina,Entire home/apt,155.0
La piccola maison Firenze intera casa indipendente,Cristina,Entire home/apt,69.0
Florence Best View,Vittorio,Entire home/apt,186.0
Nido Al Duomo: dreamy retreat for couples at Duomo,Bernardo,Entire home/apt,326.0
Luxury Design Apartment • 3BR • Near Center & Tram,Giulio,Entire home/apt,379.0
Santa Croce apartment,Lorenzo,Entire home/apt,107.0
Luxury Suite with Epic view of the Duomo,Lorena,Entire home/apt,200.0
"""San Lorenzo"" Apartment Deluxe",Lorenzo,Entire home/apt,168.0
Gelsomino Apartment,Apartments Florence,Entire home/apt,
Appartamento di Minimal Design vicino Santa Croce,Silvia Antares,Entire home/apt,236.0
Cozy Florentine Home with beautiful garden,Bethsabe,Entire home/apt,363.0
Cosy room in center - Stanza privata centralissima,Sara,Private room,74.0
San Lorenzo Suite - Free WiFi,Lucia,Entire home/apt,192.0
Boboli Garden Terrace,Alessandro,Entire home/apt,247.0
small double or single bedroom in Santa Croce,Silvia,Private room,103.0
Piazzetta de' Giuochi,Elisabetta,Entire home/apt,314.0
Happy Florence Santa Croce double Apartment,Paola,Entire home/apt,242.0
I SLEEP B&B - Superior Double/Twin Room - Terrace,Clarissa,Private room,134.0
I SLEEP B&B - Small Double Room,Clarissa,Private room,125.0
I SLEEP B&B - Superior Double Room with Terrace,Clarissa,Private room,134.0
I SLEEP B&B - Basic Double/Twin Room,Clarissa,Private room,125.0
I Medici Apartment is a house exclusively for you,Lorenzo,Entire home/apt,164.0
C2 Duomo Deluxe 1 bedroom apartment with elevator,Alice & Gianni,Entire home/apt,199.0
Orange Room -The Place for travelers in Florence,Chiara,Private room,104.0
Cosy and Stylish Room Le Cure,Giulia,Private room,109.0
Fiammetta's house in Florence,Cristina,Entire home/apt,143.0
"Luxury 3BR Apt x8, Private Terrace, 100m Duomo A/C",Michele,Entire home/apt,348.0
Luxury apartment - Dimore d'Oro App 2,Cristina,Entire home/apt,409.0
L'Oltrarno,Raul,Entire home/apt,428.0
Comfortable & quiet flat close to central station,Walter Michele,Private room,
"Quiet, close to center with homemade breakfast",Agostino,Private room,136.0
Casa Santa Croce,Raffaella,Entire home/apt,150.0
Spada Apartment,Federico,Entire home/apt,233.0
Sweet little florentine house,Katty,Entire home/apt,142.0
Quiet Courtyard Apt • Walk to Duomo • AC&Workspace,Massimo,Entire home/apt,178.0
Design Apartment on Piazza Santissima Annunziata,Marusca,Entire home/apt,297.0
Pitti Modern Studio,Alessandro,Entire home/apt,136.0
Piazza Pitti 2 Bedroom,Alessandro,Entire home/apt,176.0
Ponte Vecchio View,Camilla,Entire home/apt,150.0
"Santa Maria View, Elegant 1b at PONTE VECCHIO",Apartments Florence,Entire home/apt,271.0
Cavour ChillOut - [2 steps from Duomo],Jacopo,Private room,125.0
"Maison@ldo: 4 double bedrooms with AC, 2 bathrooms",Aldo,Entire home/apt,514.0
Appartamento Paladima in Santa Croce,Rossana Di Maggio,Entire home/apt,194.0
Appartamento Loft Piazza Dei Ciompi - Santa Croce,Giacomo,Entire home/apt,160.0
Santa Maria Suite 1b near the PONTE VECCHIO,Apartments Florence,Entire home/apt,241.0
La Perla della Signoria-1 min. to Palazzo Vecchio,Patrizia,Entire home/apt,263.0
Shop at the San Lorenzo Market from a Creative Studio,Valerio,Entire home/apt,105.0
Love at first sight in Florence,Laura,Entire home/apt,137.0
Proconsolo Superior Suite,Marco,Entire home/apt,200.0
Proconsolo Superior apartment,Marco,Entire home/apt,331.0
Rooftop Studio With Terrace and Gorgeous Views,Alex And Elaine,Entire home/apt,251.0
Marisa | Design apartment in a 1930 building,Valeria,Entire home/apt,138.0
Firenze... La bella,Martina & Irene,Entire home/apt,229.0
Santo Spirito Apartment,Giovanna,Entire home/apt,126.0
Double room (two beds) with private bathroom,Olga,Private room,83.0
Renaissance Beauty,Chiara,Entire home/apt,305.0
Oriuolo Palace,Federico,Entire home/apt,206.0
Elegant apartment in the heart of Florence,Cecilia,Entire home/apt,308.0
Le stanze di Catia,Laura & Emanuela,Entire home/apt,383.0
InnOltre:design apartment with a view in S.Spirito,Silvia,Entire home/apt,215.0
Touch the Dome Apartment by Dome Cathedral,Elisa,Entire home/apt,
L' Attichino Loft with lift - Near train Station,Tommaso,Entire home/apt,214.0
'Casa di Kaya'  in the heart of Firenze,Andreas,Entire home/apt,235.0
Mini loft - Florence Skyline view,Pieranna,Entire home/apt,
Oltrarno San Frediano Santo Spirito Loft,Lapo,Entire home/apt,274.0
Convenient and quiet Florence - Superhost,Rik Miniati,Entire home/apt,113.0
CHARMING APARTMENT IN DOWNTOWN FLORENCE,Biba,Entire home/apt,255.0
Ponte Vecchio Charming Suite,Tuscany,Entire home/apt,1088.0
Appartamento Vivaldi.(vicino Manifattura Tabacchi),Filippo,Entire home/apt,140.0
Il più bel Lungarno di Firenze,Giusi,Entire home/apt,230.0
countryside flat in Florence 3km from the station,Isabella,Entire home/apt,178.0
"A cocoon at the heart of Florence, private garage",Patrizia,Entire home/apt,247.0
Vigna Nuova Suites,Lorenzo,Entire home/apt,245.0
Heart of Florence,Patrick,Entire home/apt,
Beatrice's home,Eddj,Entire home/apt,463.0
Novella White Daisy Apartment,Novella House,Entire home/apt,140.0
Sospiro Apartment,Alberto,Entire home/apt,
"Asso's Place, Luxury Apartment with stunning view",Piero,Entire home/apt,497.0
32 nero,Amazing Italian Retreats,Entire home/apt,359.0
"Trebbio Uno Suite, Santa Maria Novella",Mariangela,Entire home/apt,223.0
Fiamma,Maria Elena,Entire home/apt,303.0
Charming view over Florence! ( Sanitized ),Francesco,Entire home/apt,172.0
Central Market right in the square in Florence!,Maria Teresa,Entire home/apt,159.0
Borgo Stella Apartment,Clodi,Entire home/apt,441.0
Ghibellina 2 floors stylish loft,Manu,Entire home/apt,
Modern flat,Elisa,Private room,80.0
"Camera con bagno, parcheggio, WI-FI & AC",Piero,Private room,95.0
Ponte Vecchio apartment with stunning view,Simona,Entire home/apt,105.0
Mansarda a Firenze,AnnaMirella,Entire home/apt,114.0
Central Florence King Room,Zen Home Zone,Private room,
Nice apartment in Florence,Tommaso,Entire home/apt,
TERRAZZA + MICHELANGELO APARTMENTS,Salvatore,Entire home/apt,561.0
Wonderful house with garden,Anna Rita,Entire home/apt,666.0
Dimora Le Grazie,Alessandra,Entire home/apt,115.0
Charming Family Lodge With Private Garage(220x495),Matteo,Entire home/apt,407.0
Apartment in the old town of Florence,Francesca,Entire home/apt,143.0
The Terrace,Alessandro,Entire home/apt,168.0
bedroom/private bathhroom close to historical park,Cristina,Private room,55.0
"""Sunshine""",Matilde,Entire home/apt,159.0
Gallery Flat - S. Maria Novella,Lorenzo,Entire home/apt,151.0
Agnolo garden & fresh market,Lorenzo,Entire home/apt,144.0
"A Casa Signoria, in the city heart",Lorenzo,Entire home/apt,197.0
Central Pitti Studio Flat,Lorenzo,Entire home/apt,91.0
San Lorenzo with private terrace,Lorenzo,Entire home/apt,307.0
Charming loft near Ponte Vecchio,Lorenzo,Entire home/apt,138.0
Authentic flat in the city centre,Lorenzo,Entire home/apt,132.0
Old Florence - Ponte Vecchio flat with elevator,Enrico,Entire home/apt,263.0
Santa Croce Terrace - Holiday Home,Silvia,Entire home/apt,206.0
"CasaRIMA, Firenze centro storico",Raffaela,Entire home/apt,325.0
Appartamento con ampio giardino e portico,Luigi E Franca,Entire home/apt,122.0
Santa Croce Penthouse w/ Rooftop Patio & Lift,Mattia,Entire home/apt,451.0
MORE THAN THIS ... cozy three-room apartment,Francesca,Entire home/apt,149.0
BRAND NEW CHARMING APARTMENT SERRAGLI,Patrizia,Entire home/apt,159.0
Angiolo’s tower Cimatori: amazing monumental view,Stefano,Entire home/apt,153.0
Luxury modern Apartment at Ponte Vecchio,Ludovico,Entire home/apt,1427.0
"Il B&B Casa dei Tintori, Il B&B tutto per te",Riccardo,Private room,135.0
"Fosca, luxury style in the hill of Bellosguardo",Raffaello,Entire home/apt,143.0
Florence Santa Croce Via Ghibellina Wi-Fi and fre,Sergio,Entire home/apt,170.0
B&B mòsì -ROOM E- DOUBLE ROOM WITH TERRACE,Simona,Hotel room,127.0
B&B mòsì -double room,Simona,Hotel room,159.0
B&B mòsì  -M ROOM- DOUBLE ROOM WITH DOUBLE WINDOW,Simona,Private room,123.0
DoubleBedRoom in a FancyApartment 10min to center,Tommaso,Entire home/apt,
Florence Charming Suite/cozy apartment in center,Annette,Entire home/apt,94.0
CHARMING CONTI LOFT,Gianni,Entire home/apt,194.0
Confortevole Appartamento a Coverciano,Daniela,Entire home/apt,100.0
"Casina Guelfa,  10 minute walk to Il Duomo",Casina Guelfa,Entire home/apt,177.0
Apartment in Florence in the historic center,Niccolò,Entire home/apt,
"Firenze, ""A casa di Bibe"" - Zona Bellariva",Cristiana,Entire home/apt,103.0
Ghibellina Apartment in the heart of the city,HouseFlo,Entire home/apt,134.0
TOSCA romantic cathedral apt,Francesca,Entire home/apt,199.0
Rooftop San Zanobi Courtyard House with Terrace,Rossella,Entire home/apt,189.0
Barbi Loft [Fairy Alley – Florentine Charm],Erika,Entire home/apt,96.0
"Train Room - double, single beds outside bathroom",Simona,Private room,123.0
Riverside Apartment,Federico,Entire home/apt,283.0
Orsanmichele Balcony; 2 Bedroom with views,Apartments_Florence,Entire home/apt,323.0
SANTA CROCE BRIGHT STUDIO,Marella,Entire home/apt,166.0
Il Tulipano Apartment With Patio,Sid,Entire home/apt,197.0
Halfway Suite Charming Flat in a Noble Palace near Duomo,Patrizia,Entire home/apt,278.0
Guelfa 30-Exclusive Suite in the heart of Florence,Benedetta,Entire home/apt,194.0
Amelie’s Nest,Max,Entire home/apt,151.0
Nido in Borgo San Frediano nel centro di Firenze.,Sergio E Grazia,Entire home/apt,123.0
"Bello, near Uffizi, appartamento Canto Rivolto",Antonella,Entire home/apt,265.0
...quelli del piano B,Lorenzo,Entire home/apt,175.0
Comfortable & quiet flat close to central station,Walter Michele,Private room,
Cimabue Suite,Maria Augusta,Entire home/apt,271.0
Carmine's Nest,Ramin,Entire home/apt,
Affrescato nel centro storico vicino a Santa Croce,Federico,Entire home/apt,122.0
Florence house: my unforgettable Duomo view,Beatrice,Entire home/apt,139.0
"Bianca B&B - Firenze, Camera accogliente con ba...",Lorenzo,Private room,68.0
Fabulous 200sqm bright apartment San Francesco,Francesca,Entire home/apt,537.0
"Bianca B&B - Firenze, Camera spaziosa con bagno...",Lorenzo,Private room,78.0
San Lorenzo Palace,Federico,Entire home/apt,356.0
Blue Room - The Place for Travelers in Florence,Chiara,Private room,105.0
Nonna Lina rooms,Lisa,Private room,
Romantic suite Via dei Calzaiuoli,Massimo,Entire home/apt,199.0
best location!Florence Duomo,Bruna,Entire home/apt,200.0
Best Location 2! Duomo Florence,Bruna,Entire home/apt,274.0
Curated 70s Design Apartment | Heart of Oltrarno,Silvia,Entire home/apt,
"KIWI Florence, big room with bathroom and garden",Isabella,Private room,102.0
Dreamy Brunelleschi,Marco,Entire home/apt,280.0
Luxury apt close to Duomo A/C WiFi,Daniele,Entire home/apt,376.0
Apartment San Pietro,Simone / Carmen,Entire home/apt,163.0
Zeno Apartment by Mamo Florence,Mamo,Entire home/apt,233.0
Wonderful Room overlooking the Dome of Florence,Michele,Private room,84.0
Residenza Sant'Onofrio,Giulio & Veronica,Entire home/apt,265.0
Numeroventi Loft 3,Martino,Entire home/apt,378.0
Charme in a historic building,Lapo,Entire home/apt,136.0
Corte degli Agrumi Camera 1 Firenze con giardino,Tommaso,Private room,86.0
Apartment with balcony historic center,Cocoplaces,Entire home/apt,171.0
"In the Beating Heart of Florence, Santo Spirito",Sofia,Entire home/apt,
TERRAZZA + GIOTTO 5BR 3BT 2LR 2KT,Salvatore,Entire home/apt,561.0
"Rovezzano B&B con piscina, a Firenze, Stanza matr.",Francesca,Private room,120.0
LA CASA DEI PRATI a Firenze_viale Europa,Francesca,Entire home/apt,124.0
Apartment historic center Florence  Laura e Marco,Maria Rosaria,Entire home/apt,189.0
"""La MAISON de FUECOPARED"", casa",Paolo,Entire home/apt,150.0
Spacious apartment in the heart of Florence,MDR By Ciao Florence Tours,Entire home/apt,212.0
Casina Campofiore,Stefano,Entire home/apt,137.0
FORTEZZA DA BASSO CHARMING HOUSE,Francesco,Entire home/apt,111.0
Charming Attico Leopolda,Valentina,Entire home/apt,250.0
Super Central Single Room,Giulio And Flo,Private room,92.0
Super Central Double Room,Giulio And Flo,Private room,82.0
Super Central Vinyl Room,Giulio And Flo,Private room,84.0
"Wide studio apartment, lively neighbourhood",Stefano,Entire home/apt,105.0
"Apartment Ala, experience Florence history",Sibilla,Entire home/apt,263.0
Large and comfortable Apartamento in Oltrarno,Valeria,Entire home/apt,457.0
Big Historical House Florence Old Town,Giovanna,Entire home/apt,165.0
Bright Flat in Piazza Santo Spirito,Lorenzo,Entire home/apt,149.0
I due cipressi,I Due Cipressi,Entire home/apt,166.0
Apartment with balcony historic center,Cocoplaces,Entire home/apt,181.0
Giglio Verde By MMega,MMega Homes And Villas,Entire home/apt,162.0
Giglio Rosso By MMega,MMega Homes And Villas,Entire home/apt,162.0
Giglio Azzurro By MMega,MMega Homes And Villas,Entire home/apt,174.0
Giglio Viola By MMega,MMega Homes And Villas,Entire home/apt,168.0
Giglio Bianco By MMega,MMega Homes And Villas,Entire home/apt,162.0
Apartment with terrace  historical center,Cocoplaces,Entire home/apt,184.0
Stone’s throw from Uffizi amazing view,Luciano,Entire home/apt,536.0
AC • Quiet Studio in Historic Convent • Oltrarno,Silvia,Entire home/apt,130.0
Casa Orange garden retreat - Free private parking,Cosimo,Entire home/apt,103.0
Mercutio 4 bedrooms and 2 bathrooms,Marco & Lorenzo,Entire home/apt,445.0
Casa con parcheggio,Martina,Entire home/apt,127.0
Rose House,Barbara,Entire home/apt,143.0
Ophelia,Sarah,Entire home/apt,152.0
PENTHOUSE APARTMENT SOUTH FLORENCE,Paola,Entire home/apt,83.0
Appartamento luminoso 10 min dal centro,Margherita,Entire home/apt,164.0
Apartment with terrace historic center,Cocoplaces,Entire home/apt,195.0
Apartment Deluxe ZEUS,Francesca,Entire home/apt,243.0
Casa Biba - apartment in the heart of Florence,Lucia,Entire home/apt,
Apartment with terrace historic center,Cocoplaces,Entire home/apt,195.0
Apartment with garden view historic center,Cocoplaces,Entire home/apt,178.0
Apartment with balcony historic center,Cocoplaces,Entire home/apt,181.0
Apartment garden view historic center,Cocoplaces,Entire home/apt,167.0
Beccaria Suite,Federico,Entire home/apt,145.0
Suite Mariasole,Leonardo,Entire home/apt,146.0
IL SAN LORENZO,Filippo,Entire home/apt,160.0
Sdrucciolo double,Istay,Entire home/apt,141.0
La casa di Fiorenza,Silvia E Sandra,Entire home/apt,208.0
Mansarda (Attic with mezzanine)  Apartment Firenze,Enrico,Entire home/apt,126.0
Cupolone Apartment by Mamo Florence,Mamo,Entire home/apt,112.0
Firenze centro storico,Vittoria,Entire home/apt,217.0
Red Palestrina 1 bd.,Riccardo,Entire home/apt,177.0
"Florence city center, Palace, air cond, wifi",Lucia,Entire home/apt,
Florence central loft with rooftop view,Dario & Giulio,Entire home/apt,135.0
"Casa Mia, Oltrarno Ponte Vecchio",Alessandra,Entire home/apt,371.0
Top Floor Charme in the beating heart of Florence,Luca E Lucilla,Entire home/apt,240.0
Romantic Apartament on Florence roofs,Luca E Lucilla,Entire home/apt,250.0
Faenza double,Istay,Entire home/apt,112.0
Aurora Suite  200 mt dal Duomo,Aurora Suite,Entire home/apt,183.0
New Comfortable Studio in Oltrarno,Patrizio,Entire home/apt,165.0
TORNABUONI BOUTIQUE  APT,Tornabuoni,Entire home/apt,837.0
Appartamento La Guelfa,Silvia,Entire home/apt,187.0
Cozy Vintage Appartment with Garden near Center,Lasien,Entire home/apt,168.0
2 Tornabuoni Boutique,Giovanni,Hotel room,147.0
TORNABUONI APT 1,Tornabuoni,Private room,
4TORNABUONI OPERA,Tornabuoni,Hotel room,134.0
5TORNABUONI BOUTIQUE CHARME,Tornabuoni,Hotel room,190.0
3 TORNABUONI BOUTIQUE GALLERY,Tornabuoni,Hotel room,121.0
"PONTE VECCHIO: AIRCOND. ANCIENT FLAT ""NO KITCHEN""",Margherita,Entire home/apt,141.0
Dream with the view Ponte Vecchio,Camilla,Entire home/apt,158.0
Bright room w private bathroom 15min from downtown,Margherita,Private room,74.0
Ponte Vecchio Liberty,Carmen,Entire home/apt,152.0
Casa Laura&Duccio  Santo Spirito centro storico,Laura,Entire home/apt,163.0
Signoria Elegant Apartment By MMega,MMega Homes And Villas,Entire home/apt,238.0
Nardi - Quiet and close to the centre - New A/C,Gianna E Sandro,Entire home/apt,102.0
Antonino Terrazza next SMN Station,Egla,Entire home/apt,253.0
Charming apartment +wi Fi close to downtown,Sabrina,Entire home/apt,131.0
Pied-a-terre Pitti,Alessandro,Entire home/apt,108.0
The Dome Terrace - Duomo View Retreat,Erica,Entire home/apt,637.0
Matrimoniale con bagno privato vicino alla tramvia,Mariagrazia,Private room,80.0
"Dimora Pieri- Pieri Apartment, San Frediano",Carlamaria,Private room,117.0
Keys of Italy -Pergola19-Flat with inner courtyard,Keys Of Italy,Entire home/apt,153.0
1TORNABUONI BOUTIQUE RINASCIMENTO,Tornabuoni,Private room,116.0
"Apartment Il Cestello degli Angeli, Florence",Silvia,Entire home/apt,440.0
San Lorenzo Five Senses - Duomo Station Center,Antonella,Entire home/apt,406.0
Monolocale Smart a un passo da Ponte Vecchio,Martina,Entire home/apt,71.0
Casa della Ciri - Le Rose,Letizia,Entire home/apt,158.0
Visitflorentiapartment - The DAVID Apt,Fabio & Mirko,Entire home/apt,123.0
Veracini apartment - nuovissima villetta,Milco,Entire home/apt,175.0
THE FLORENCE NEST,Francesco,Entire home/apt,114.0
Prestige  Tornabuoni Apartment,Tornabuoni,Entire home/apt,296.0
Soggiorno Luciani-Double Room with Shared Bathroom,Olga,Private room,54.0
Giglio Villani 1b near PALAZZO PITTI,Apartments Florence,Entire home/apt,
Flat studio Il Cestello degli Angeli Florence,Silvia,Entire home/apt,151.0
View of Palazzo Vecchio,Damiana,Entire home/apt,231.0
Dave-Large Beautiful Private Attic Room & Batroom.,Vanna,Private room,94.0
"Winny Nice Attic Room, Aircon,  Wi-Fi",Vanna,Private room,106.0
casa del pellegrino home in florence,Alessandra,Entire home/apt,129.0
Visitflorentiapartment -the duomo apt,Fabio & Mirko,Entire home/apt,111.0
Attico di Sant'Ambrogio - Sweet Dreams in Florence,Irene,Entire home/apt,360.0
Eclettico appartamento nell'antico quartiere di Borgo Pinti,Giacomo,Entire home/apt,258.0
"Apt in the city center, connected to the airport",Daniela,Entire home/apt,215.0
A casa di Carlo e Maria,Maria,Entire home/apt,103.0
Piccolo Iris Florence Historic Center,Ilaria,Entire home/apt,217.0
San Marco Apartment,Emilio,Entire home/apt,225.0
"Mamma Orsa-Private Attic Room-AirCon, WiFi,Parquet",Vanna,Private room,111.0
Grey Suite Montebello,Elisabetta E Leonardo,Entire home/apt,252.0
Appartamento in zona centrale a Firenze,Caterina,Entire home/apt,99.0
"AMAZING ""TERME"" APARTMENT IN THE HEART OF FLORENCE",Tommaso,Entire home/apt,159.0
Secret Garden Florence by FlorenceHospitality,Gabriel,Entire home/apt,218.0
OPERA D'ARTE APARTMENT IN CITY CENTER,Eloisa,Entire home/apt,200.0
"Superb Views of Duomo, silent penthouse, center!",Seve,Entire home/apt,731.0
Lighty top-floor apt in the heart of Florence.,Gabriella,Entire home/apt,329.0
Very bright and wide room! 🌈,Giuseppe,Private room,76.0
Italian Fantasy takes you away........,Alessandro E Daniela,Entire home/apt,148.0
Chiarina's cozy studio,Chiara,Entire home/apt,97.0
Flat with large roof terrace with Duomo view,Usd,Entire home/apt,157.0
Santo Spirito apartment,Lorenzo,Entire home/apt,118.0
Florence nice  independent semi-central flat wifi,Carla,Entire home/apt,37.0
Pergola Fiorentina - Terrace - Historical Center,Marco,Entire home/apt,146.0
Casa Céline Centro Firenze + Garage,Celine,Entire home/apt,172.0
San Frediano 2 bedrooms + 2 bathrooms,Vittorio,Entire home/apt,123.0
"The Twins Boboli House, lussuoso loft ricco d'arte nel centro storico fiorentino",Silvia & Carla,Entire home/apt,285.0
San Lorenzo Dome Apartment,Houseflo,Entire home/apt,248.0
Mozart regal residence w/ lift at Piazza del Duomo,Mattia,Entire home/apt,510.0
San Giovanni lovely apartment in Oltrarno,Niccolò,Entire home/apt,63.0
Quiet and bright apartment in Florence,Caterina,Entire home/apt,131.0
Duomo suite,Francesco,Entire home/apt,134.0
Grace Apartment in Florence,Graziella,Entire home/apt,133.0
montebello street,Tiziana,Entire home/apt,229.0
Medici Chapels Terrace View Apartment,Tiziana Ferdinanda,Entire home/apt,234.0
Appartamento ampio in zona centrale,Mariachiara,Entire home/apt,78.0
Arty and Bright Townhouse near the Famous Central Market with Garage.,Chiara,Entire home/apt,320.0
Casa Pergola,Isabella,Entire home/apt,103.0
Fiesolana Apartment by Mamo Florence,Mamo,Entire home/apt,199.0
In the real heart of Florence!,Maria Gaia,Private room,52.0
Drom Gattolino Superior Double Room,Clodi,Private room,134.0
Luxury Petra San Frediano By MMega,MMega Homes And Villas,Entire home/apt,384.0
Arnolfo Elegant By MMega,MMega Homes And Villas,Entire home/apt,197.0
Lory Bedroom Apartment,Vasileios,Private room,82.0
Mattonaia Apartment by Mamo Florence,Mamo,Entire home/apt,234.0
La Casa Rosa del Galluzzo,Gianni,Entire home/apt,
"Niche of Ancient Florence, Velluti Apartment",Nicco&Lisa,Entire home/apt,112.0
Ponte Vecchio Paradiso,Maurizio,Entire home/apt,285.0
Central Design House - Centro Storico Firenze,Alessandro,Entire home/apt,143.0
B&B Lorenzo&Lorenzo vol.2,Lorenzo,Private room,110.0
Florence center Open Space,Eugenia,Entire home/apt,188.0
Cozy double room with private bathroom,Paolo,Private room,70.0
Central Florence Queens Room,Zen Home Zone,Private room,
Fiume 1 Apartment by 360 Rentals,Andrea Frua De Angeli,Entire home/apt,379.0
M&B Florence 5 - Santa Maria Novella,M&B Florence,Private room,86.0
"""Il Ponte"" Apartment in Florence",Umberto,Entire home/apt,155.0
Florence at your feet! (apt.3D),Gianfranco,Entire home/apt,
Cozy  and chic apartment in the heart of Florence,Federico,Entire home/apt,204.0
Extra spacious and quiet apartment super central,Massimo,Entire home/apt,260.0
La casa dei libri,Carla,Entire home/apt,228.0
Via del Moro Apartment,Amanda E Alessandro,Entire home/apt,107.0
Lambertesca  · The house of Secret in Ponte Vecchi,Donna,Entire home/apt,213.0
Exclusive apartment Ponte Vecchio,⁨Niccolo'⁩,Entire home/apt,143.0
Appartamento Centrale per gruppo di ragazzi,Federico,Entire home/apt,192.0
Big & Central Appartament per ragazzi giovani fami,Federico,Entire home/apt,120.0
Residenza Historia - Venere,Residenze D'Epoca Collection,Private room,76.0
Ampio appartamento panoramico in centro a Firenze,Andrea,Entire home/apt,164.0
Appartamento a 7 minuti dalla stazione centrale,Filippo,Entire home/apt,113.0
Luxury apartment in the beating heart of Florence,Anna Teresa,Entire home/apt,222.0
The cozy painted house in Florence,Lucia,Entire home/apt,104.0
SMN 1 - two private bedrooms,Leonardo,Private room,197.0
Fantastico appartamento,Gurpreet,Private room,423.0
Loft Via Gioberti,Gabriele,Entire home/apt,51.0
"Pepi Studio, brand new cozy staying in Florence",Anna,Entire home/apt,
M&L Apartment,Romina,Entire home/apt,197.0
"Capitelli Suite,  few steps from the Duomo!",Mariangela,Entire home/apt,200.0
Art Suite Ponte Vecchio,Anisia,Entire home/apt,463.0
last minute room!,David,Private room,69.0
FLORENCE APARTMENT - CLASSIC,Bernardo E Sara,Entire home/apt,
Bright room in Florence,Mario E Caterina,Private room,71.0
"A&G -Modern Style,Bright and Central Location Flat",A&G Home In Florence,Entire home/apt,387.0
Casa Chiantigiana 131/B,Natalia,Private room,86.0
Room close to city center (blue room),Julien,Private room,56.0
Rustic Charm in Santa Croce,Violetta,Entire home/apt,
Little place in Santo spirito.,Monique,Entire home/apt,115.0
Cozy Central Nest near Santa Croce,Marco,Entire home/apt,326.0
Residenza Historia - Monnalisa,Residenze D'Epoca Collection,Private room,133.0
"Country House ""Il Sabatino"" on Florence's hills.",Filippo,Entire home/apt,137.0
Residenza Historia - Ginevra,Residenze D'Epoca Collection,Private room,99.0
Meadow Forty-Five - Sweet Dreams in Florence,Irene,Entire home/apt,345.0
Centralissimo monolocale sui tetti di Firenze,Silvia,Entire home/apt,121.0
Rosmarino · long stay downtown | by Acacia®,Acacia Firenze,Entire home/apt,71.0
Alle Porte del Centro Storico,Paola,Entire home/apt,78.0
"Florence, spacious room 3km from central station Z",Isabella,Private room,125.0
Irresistible Ponte Vecchio Charmer With Terrace!,Italy Perfect,Entire home/apt,244.0
Ponte Vecchio Corner - San Jacopo,Apartments Florence,Entire home/apt,
Double Room with Private External Bathroom,Corte Passi,Private room,71.0
Corte dei Passi - Triple Room,Corte Passi,Private room,73.0
Corte dei Passi - Quadruple Room,Corte Passi,Private room,86.0
"Oltrarno, Santo Spirito stylish e silenzioso flat",Filippo,Entire home/apt,217.0
lovely time in Florence,Angela,Entire home/apt,133.0
Giotto apartment in S.Maria Novella square,Chiara,Entire home/apt,156.0
Giardino Toscano in Oltrarno Florence,John,Entire home/apt,117.0
.1 Casa Natura in Oltrarno,Enrica,Entire home/apt,148.0
Large Luxury Palazzo by Uffizi with butler,Alessandra,Entire home/apt,4565.0
Cozy & Sunny Big room near city center,Juan Antonio,Private room,78.0
Portinari 7,Elena,Entire home/apt,254.0
Maggio Terrace - 360° views,Apartments_Florence,Entire home/apt,258.0
"Corso Penthouse.Terrace with Duomo view,4bdr 4btr",Stefano,Entire home/apt,441.0
"Bright, Modern, and Spacious  in Piazza Repubblica",Apartments_Florence,Entire home/apt,
ALFANI APARTMENT NEXT TO ACCADEMIA/DUOMO A/C WIFI,Rebecca,Entire home/apt,108.0
Lucy's Apartment in Santo Spirito,Egla,Entire home/apt,164.0
Casa Romana By MMega,MMega Homes And Villas,Entire home/apt,184.0
Appartamento nel cuore di Firenze,Anna Teresa,Entire home/apt,323.0
Charming Loft – Sant’Ambrogio to Santa Croce,Beppe & Paloma,Entire home/apt,243.0
FABULOUS 3BD-3BA APARTMENT IN TOP  LOCATION!,Francesco,Entire home/apt,537.0
Casa Angela,Francesco,Entire home/apt,
"Lovely apartment, close to Arno River",Vanni,Entire home/apt,97.0
CELLINI LUXURY - Terrace on Florence,Leonardo,Entire home/apt,269.0
C3 Duomo Deluxe 2 bedrooms apartment with elevator,Alice,Entire home/apt,948.0
Matteotti Apartment,Elena,Entire home/apt,281.0
Prestige Signoria By MMega,MMega Homes And Villas,Entire home/apt,229.0
THE BIG NEST,Francesco,Entire home/apt,266.0
Lovely apartment in the heart of Florence,Federico,Entire home/apt,220.0
Central Station Lovely apartment,Lorenzo,Entire home/apt,141.0
Pier Capponi Apartment,Ugo,Entire home/apt,217.0
The cozy painted house 2.0,Lucia,Entire home/apt,109.0
MDR Duomo Red Apartment,MDR By Ciao Florence Tours,Entire home/apt,177.0
Casa Angi Gavinana,Sandro,Entire home/apt,107.0
Quiet Modern House in Walking distance from Center,Lorenzo,Entire home/apt,124.0
Santa Croce Deluxe - Bright and Spacious 4 Bedroom,Apartments_Florence,Entire home/apt,712.0
Terrace Overlooking Florence - Santa Croce,Apartments_Florence,Entire home/apt,512.0
Mona Charme 1B in SANTO SPIRITO,Apartments Florence,Entire home/apt,
Quiet & independent at the Duomo,Frederik,Entire home/apt,189.0
Ponte Vecchio DeLuxe - 2 Bedroom 2 Bathroom,Apartments_Florence,Entire home/apt,414.0
Elisa Apartment,Istay,Entire home/apt,225.0
"Cozy apt ""Piazza della Signoria"" historic center",Giulia,Entire home/apt,131.0
"CHARMING SUITE CAVOUR, A FEW STEPS FROM THE DUOMO",Tiziana Ferdinanda,Entire home/apt,194.0
Neri 33,Istay,Entire home/apt,244.0
"MiniAppartamento luminoso, pochi minuti dal centro",Magda,Entire home/apt,115.0
Apartment Tintori 23 Heart Of Historical Florence,Jessica,Entire home/apt,238.0
Charming Apt Les Borges - in the heart of Florence,Giulia,Entire home/apt,177.0
"A Firenze da Giulia, appartamento bello e luminoso",Giulia,Entire home/apt,114.0
Home in Florence with pool and garden,Francesca,Entire home/apt,550.0
"Accogliente appartamento, accanto a ""Boboli"" per amanti dei libri e della musica",Nicoletta,Entire home/apt,105.0
Florence View Amazing Panorama - Fibra,Roberto,Entire home/apt,188.0
PARTERRE HOLIDAYS ....... to live FLORENCE!!!!!,Massimo,Entire home/apt,83.0
MDR Central Luxury Attic With Private TOP Terrace,MDR By Ciao Florence Tours,Entire home/apt,344.0
"La Marmora Elegant - Washer+Dryer, AC, & WiFi",Fabio,Entire home/apt,286.0
Green Room The Place for Travelers in Florence,Chiara,Private room,105.0
Orsanmichele 1b near the DUOMO,Apartments Florence,Entire home/apt,
Ricasoli Penthouse - Best view of the cathedral,Francesco,Entire home/apt,450.0
LOFT WITH GARDEN IN SANTA CROCE,Raffaella,Entire home/apt,388.0
Santa Croce Luxury 6 Bedroom - Panoramic Terrace,Apartments_Florence,Entire home/apt,1229.0
Keys of Italy -Sprone15-2Bdrs Apt by Ponte Vecchio,Keys Of Italy,Entire home/apt,183.0
Luxury historic apartment with Terrace • Oltrarno,Valentina,Entire home/apt,221.0
"Cozy, spacious, bright: Florence at 360 °",Daniele,Entire home/apt,442.0
B - Appartamenti CORSO 3 - Nel cuore di Firenze,Lorenzo,Entire home/apt,120.0
La Casa di Giò,Giovanna,Entire home/apt,164.0
Sleep Florence Suite Presto,Matteo,Entire home/apt,176.0
Casa Futuristica 15 minuti a piedi dal Centro St.,Lorenzo Iannello,Entire home/apt,157.0
"Central Cottage, garden and private parking",Federica,Entire home/apt,171.0
Casa Falorni Firenze,Giovanni,Entire home/apt,99.0
"Duomo  0,14 mi away, 750 sqft, wifi and AC!",Isabella,Entire home/apt,171.0
Arioso Appartamento in Palazzo del Duecento,Silvia,Entire home/apt,176.0
"B&B di Luigi a Firenze, Stanza singola",Luigi,Private room,59.0
Scudo,Bravo,Entire home/apt,
Botticelli's loft,Michael,Entire home/apt,172.0
Tango Loft Florence,Patricia,Entire home/apt,217.0
Casetta Rosina,Lorenzo,Entire home/apt,123.0
Historic Apartment in Santa Maria Novella Square,Chiara,Entire home/apt,190.0
Sognando Michelangelo - apt.&garage in Florence,Marion,Entire home/apt,164.0
dimora di ARTISTA  8min bus from Ponte Vecchio,Caterina,Private room,103.0
Appartamento Sant’Ambrogio Centro Storico,Esther,Entire home/apt,165.0
Sweet Guelfa: Camera in centro con bagno privato,Ilaria Ginevra,Private room,108.0
Typical Florentine Apartment,Federico,Entire home/apt,194.0
Ginori Terrace 5 min from Duomo with elevator,Apartments_Florence,Entire home/apt,367.0
Palazzo Capponi-Apt Alvaro,Sebastiano,Entire home/apt,239.0
Ampia e luminosa stanza vicino a Santa Croce,Paola,Private room,183.0
"The nest on the roof
Il nido sul tetto",Roberta,Private room,126.0
Design apartment in a historical building,Donatella,Entire home/apt,253.0
"B&B di DuomoviewBb, Smart room",DuomoviewBb,Private room,154.0
San Marco Exclusive 1b,Apartments Florence,Entire home/apt,
"Cosy room in Center ""La Stanza di Frida"" Firenze",Silvia,Private room,137.0
Characteristic apartment in the center of Florence,Emma,Entire home/apt,213.0
Santa Maria Novella Studio,Arabella,Entire home/apt,166.0
Beautiful Room very close the Duomo,Michele,Private room,91.0
Cavour attic,Pietro,Entire home/apt,134.0
Il Podestà loft in Florence Air Cond,Michela,Entire home/apt,93.0
LAURA COZY NEST in a garden court by the David,Patrizia,Entire home/apt,230.0
The San Frediano Cool-Spot | Florence Center,Marcella,Entire home/apt,102.0
Berardi Palace Apartments,Wp Relais,Entire home/apt,858.0
Parione Street - A few Step from Ponte Vecchio,Lapo,Entire home/apt,263.0
San marco design Apartment near San Lorenzo,Apartments Florence,Entire home/apt,
Elegant Flat with Terrace and Garage,Veronica Caterina,Entire home/apt,163.0
Central Florence Prince Room,Zen Home Zone,Private room,
"Un appartamento di 35mq , pulito, tranquillo  ☺",Elena,Entire home/apt,97.0
"B&B di Luigi a Firenze, Stanza matrimoniale 1",Luigi,Private room,59.0
Sublime Home downtown Florence,Nadja Maria,Entire home/apt,195.0
Appartamento Centro Storico  Terrazzo Panoramico,Ciro,Entire home/apt,605.0
Affascinante casa storica con parcheggio privato.,Stefano,Entire home/apt,299.0
"Rovezzano B&B con piscina, a Firenze, Stanza dopp.",Francesca,Private room,120.0
Studio alla rosa di San Frediano,Gianluca,Entire home/apt,103.0
Velvet Loft - Firenze,Elena,Entire home/apt,295.0
La Piazzetta Fiorentina nearby Duomo,Francesco,Entire home/apt,118.0
Palazzo Della Nave - AP 05,Palazzo Della Nave,Entire home/apt,137.0
"Corsini Tintori, Deluxe monolocale",Songcong,Private room,125.0
Piazzale Michelangelo among the olive trees,Francesca,Entire home/apt,225.0
camera con bagno nel cuore di Firenze,Anna,Private room,
Oasi di Relax nel cuore di Firenze,Mariecloude,Entire home/apt,251.0
La stanza verde a Porta Romana,Ilaria,Private room,
Double room w private bathroom at Gigetti's home,Giovanni,Private room,67.0
lux topfloor apt | private patio | great city view,Marzio & Valentina,Entire home/apt,135.0
Casa Lilia - Florence,Lapo & Valentina,Entire home/apt,183.0
40 LOFT PONTE VECCHIO,⁨40 Loft Pontevecchio⁩,Entire home/apt,100.0
"** CENTRAL ** Comfy
Artist’s Home",Michele,Entire home/apt,137.0
Florence historical centre Dante's house,Emanuela,Entire home/apt,223.0
Central louisa apartment,Alessandra,Entire home/apt,531.0
Oche almost inside the Duomo  - Elevator and A/C,Apartments Florence,Entire home/apt,195.0
San Domenico 18,Erica,Entire home/apt,155.0
Elica - Sweet Dreams in Florence,Irene,Entire home/apt,145.0
SUITE MEDICEA***** - CENTRO STORICO,Katia E Manfredi,Entire home/apt,
Loft da sogno a fianco della basilica di Santa Croce con vista stupenda su Firenze.,Federico,Entire home/apt,193.0
Wine Apartments Florence Ansonica,Wine Apartments Florence,Entire home/apt,375.0
Appartamento nuovo Firenze Torregalli_Nuvola Rossa,Giacomo,Entire home/apt,119.0
Appartamento nuovo Firenze Torregalli_Nuvola Viola,Giacomo,Entire home/apt,
GuestHost - Nest near Piazza della Signoria,GuestHost - Welcome To Italy,Entire home/apt,95.0
la chiave di sol camera matrimoniale con bagno,Silvana,Entire home/apt,164.0
Spacious & bright apartment next to Ponte Vecchio,Lina Laura,Entire home/apt,263.0
The Tower of San Niccolò,Francesco,Entire home/apt,160.0
NEW!!modern apartment in the heart of Florence,Carlotta,Entire home/apt,200.0
Revisit the Past Under Antique Ceilings in Historic Downtown,Chiara,Entire home/apt,411.0
Magnificent Loft In The Heart Of Florence,Federica,Entire home/apt,192.0
Nordic style central apartment,Melania,Entire home/apt,71.0
⭐️⭐️⭐️⭐️⭐️New Signoria suite Luxury apartment,Piero,Entire home/apt,221.0
Beautiful apartment nera the city center,Giulia,Entire home/apt,116.0
CASA GUIDO Duomo top,Lorella,Entire home/apt,205.0
Feel like a Florentine!!!,Sandro,Entire home/apt,142.0
San Frediano House By MMega,MMega Homes And Villas,Entire home/apt,222.0
Taddea Loft - Italian Nights Collection,Italian Nights,Entire home/apt,175.0
Total Florence 100%,Lucia,Entire home/apt,386.0
Il cotto,Leonardo,Entire home/apt,104.0
Palazzo Larioni dei Bardi - Apt. Vigen,Sebastiano,Entire home/apt,
Tornabuoni Suites Collection-Palazzo Vecchio Suite,Alessandra,Private room,237.0
Tornabuoni Suites Collection - Belvedere Suite,Alessandra,Entire home/apt,
Shop on Via Tornabuoni from a Stunning Apartment in Florence,Alessandra,Entire home/apt,309.0
Tornabuoni Suites Collection  - Alamanni Suite,Alessandra,Entire home/apt,331.0
Tornabuoni Suites Collection  - Gherardi Uguccioni,Alessandra,Private room,
Tornabuoni Suites Collection - Obsner Double Room,Alessandra,Private room,
Centralissimo appartamento a  Firenze,Anna,Entire home/apt,209.0
"In the Heart of Old Town Florence, close to Duomo",Stefania,Entire home/apt,173.0
RENAISSANCE APARTMENT IN FRONT OF PITTI PALACE,Lorenzo,Entire home/apt,126.0
David's apartment Santa Maria Novella,David,Entire home/apt,202.0
Independent bedroom with private bathroom,Saverio,Private room,86.0
Appartamento Rosa Brandi - Palazzo D'Ambra,Francesco,Entire home/apt,295.0
Quiet & Beautiful Loft with Garden,Gianmaria,Entire home/apt,94.0
"Florence, Duomo, “Lorenzo” with Unique Terrace",Lorenzo,Entire home/apt,258.0
"Florence, Duomo, “Dante” with Unique Terrace",Lorenzo,Entire home/apt,265.0
"Florence, Duomo, “Raffaello, with Unique Terrace",Lorenzo,Entire home/apt,280.0
Central Florence “Michelangelo” with Patio,Lorenzo,Entire home/apt,275.0
Apartment in 16h century palace with frescoes,Alessandra,Entire home/apt,200.0
"1BR Modern Charm Hideaway, Ponte Vecchio",Shelby And Nicco,Entire home/apt,208.0
Settimo cielo,Valentina,Entire home/apt,130.0
Private Terrace •Panoramic Duomo View • 5 min walk,Emanuele,Entire home/apt,409.0
Nice and cosy down town Apartment,Regina,Entire home/apt,139.0
CLOSE TO DUOMO APARTMENT,Andrea,Entire home/apt,297.0
Casa Sveva,Donatella,Entire home/apt,86.0
Bellissimo Studio a Ponte Vecchio con Balcone,Federico,Entire home/apt,110.0
Private Terrace • Duomo 2 min • Elevator,Emanuele,Entire home/apt,251.0
Huge apartment 200m from Signoria Square 6+1,Emanuele,Entire home/apt,376.0
Titty's Home.Un po di Venezia...a Firenze,Tiziana,Entire home/apt,51.0
“Elegant Flat with Large Terrace”,Cristina,Entire home/apt,178.0
A newly renewed core center historical apartment,Mario,Entire home/apt,335.0
"•Stanza, 200mt stazione Rifredi, bagno privato•",Valentina,Private room,83.0
Appartamento Piazza Signoria,Silvia,Entire home/apt,229.0
STYLISH APARTMENT ♥,Giulia E Massimiliano,Entire home/apt,148.0
FIRENZE FORTEZZA -  Appartamento Ausonia 1,Galatia,Entire home/apt,105.0
Little Old Campuccio,Pier Filippo,Private room,157.0
Cozy private room with ensuite bathroom near Duomo,Georgiana,Private room,86.0
Mimi Suite - Brand new flat Santa Maria Novella,Jacopo,Entire home/apt,158.0
Oltrarno unique atmosphere in Florence,Simonetta,Entire home/apt,143.0
"Dimora Pieri- Corsini Apartment, San Frediano",Carlamaria,Private room,134.0
"Dimora Pieri- Medici Apartment, San Frediano",Carlamaria,Private room,205.0
"Dimora Pieri- Ricasoli Apartment, San Frediano",Carlamaria,Private room,114.0
"Dimora Pieri- Ginori Apartment, San Frediano",Carlamaria,Private room,162.0
Dimora Pieri- Pitti Apartment with living room,Carlamaria,Private room,205.0
walk everywhere- in the City center,Nena,Entire home/apt,177.0
CozyandChich Private Room Long stay in Florence,Barbara,Private room,
Carol's rooftop,Guido,Entire home/apt,144.0
Rodolfo Suite - Brand new flat Santa Maria Novella,Jacopo,Entire home/apt,179.0
Le Mosse di Anna,Anselmi,Entire home/apt,117.0
FIRENZE FORTEZZA - Appartamento Ausonia 2,Galatia,Entire home/apt,106.0
Central Fiesolana Apartment,Shiva,Entire home/apt,211.0
Central Strozzi By MMega,MMega Homes And Villas,Entire home/apt,210.0
NEW Fortezza Apartment- 5 min. from the centre,Chiara,Entire home/apt,104.0
La Piccola Large,Paolo,Entire home/apt,314.0
Elegant Palazzo flat with terrace by the river,Alessandra,Entire home/apt,455.0
Romantic spring in the secret garden,Lola,Entire home/apt,128.0
Appartamento Luna  Zona Piazza San Marco,Alessandro,Entire home/apt,97.0
Cupola View,Stefano,Entire home/apt,340.0
2 room apartment in Firenze Sud,Donatella,Entire home/apt,113.0
Zanobino,Alessandro,Entire home/apt,112.0
SWEET HOME IN SANTA CROCE torta,Sweet Home Apartments,Entire home/apt,183.0
🔑 The Smile Apartment 😃,Alessandra,Entire home/apt,143.0
Madonna charme apartment  Medici chapels view. 3 R,Donella,Entire home/apt,
Santa Croce apartment,Lorenzo,Entire home/apt,155.0
In the heart of Florence,Eleonora,Entire home/apt,185.0
Florence Sunset Luxury Duomo View Penthouse,Daniela,Entire home/apt,794.0
Unita Balcony,Apartments_Florence,Entire home/apt,
Lo Studiolo - QK Costa58 Home Tower,Riccardo,Entire home/apt,110.0
Casa Fiorentina-Botticelli room,Valentina,Private room,80.0
Just renovated chill out on the roof,Eleonora,Entire home/apt,183.0
Small Studio “Donatello” next to the Duomo,Lorenzo,Entire home/apt,155.0
Bilocale nel cuore di S.Lorenzo- Central apartment,Sara,Entire home/apt,166.0
ROMANTICO,Bianca,Entire home/apt,
Casa Fiorentina- Michelangelo room,Valentina,Private room,80.0
SWEET HOME IN SANTA CROCE verdi,Sweet Home Apartments,Entire home/apt,185.0
[Duomo] Appartamento storico nel cuore di Firenze,Rosa,Entire home/apt,252.0
Florence Station apartment 4+1,Chiara,Entire home/apt,255.0
VELLUTI LOFT in San Frediano,Grazia,Entire home/apt,
Paradise in the city center,Andrea,Entire home/apt,181.0
Enjoy a Boutique Penthouse Near the Duomo,Lorenzo,Entire home/apt,564.0
Rossini Apartment15 minuti a piedi dal Centro St.,Maria,Entire home/apt,118.0
Elegant and independent flat in Florence,Emanuele,Entire home/apt,399.0
Relax Garden Apartment,Paolo,Private room,38.0
My Flat in Florence Rosso Fiorentino,Patrizia,Entire home/apt,243.0
Firenze  Piazza Libertà Luna,Mari,Private room,115.0
Adelaide House Via dello Studio,Grazia,Private room,123.0
"""PIETRA D'ORO""  FIRENZE",Rossella,Entire home/apt,132.0
Tre Lune Camera Matrimoniale nel cuore di Firenze,Enrichetta,Hotel room,103.0
La Corte - QK Costa58 Home Tower,Riccardo,Entire home/apt,156.0
Affacci Sulla Via - QK Costa58 Home Tower,Riccardo,Entire home/apt,116.0
Il Cipresso - QK Costa58 Home Tower,Riccardo,Entire home/apt,146.0
Il Camino - QK Costa58 Home Tower,Riccardo,Entire home/apt,326.0
Il Miraggio - QK Costa58 Home Tower,Riccardo,Entire home/apt,222.0
Casa Fiorentina- Galileo room,Valentina,Private room,86.0
Florence Lily House,Valentina,Entire home/apt,
Remigio View～ Lovely Terrace & cls Santa Croce,Mattia,Entire home/apt,130.0
Ad un passo dal Duomo,Sau Chuck,Entire home/apt,204.0
Loft Elisa a due passi dal centro storico,Elisa,Entire home/apt,194.0
My Flat in Florence Bianco Buonarroti,Patrizia,Entire home/apt,197.0
Firenze Piazza Libertà Sole,Mari,Private room,115.0
Buontalenti Residence,Valeria,Entire home/apt,663.0
MUSICA tres chic free wi fi   lift A/C,Sibilla Peccerini,Entire home/apt,175.0
Nice apartment 200 m from S.Croce square 5 sleeps,Emanuele,Entire home/apt,
CaseMaggi Florence Historic City Center Apartment,Margherita,Entire home/apt,306.0
The Golden Tree - Boutique Apartment,Rachele,Entire home/apt,225.0
CASA AMELIE - APARTAMENT IN FLORENCE,Silvia,Entire home/apt,223.0
"Coderooms Firenze, la tua camera in centro!",Coderooms Firenze,Private room,321.0
Apt downtown Oltrano first floor wifi,Cinzia,Entire home/apt,143.0
Appartamento a San Lorenzo,Sara,Entire home/apt,132.0
"Coderooms Firenze, la tua camera in centro!",Coderooms Firenze,Private room,115.0
"Coderooms Firenze, la tua camera in centro!",Coderooms Firenze,Private room,321.0
"Coderooms Firenze, la tua camera in centro!",Coderooms Firenze,Private room,150.0
Acciaiuoli house,Eleonora,Entire home/apt,308.0
"Coderooms Firenze, la tua camera in centro!",Coderooms Firenze,Private room,177.0
Apartment in a yoga studio,Laura,Entire home/apt,115.0
Flat in the historic center of Florence,Giuliana,Entire home/apt,235.0
Cuore di Firenze,Olga,Entire home/apt,269.0
Rooftop with Breathtaking Views. Short Walk to The Duomo.,Geraldine,Entire home/apt,343.0
Dreaming in Piazza della Signoria top location,Marialaura,Entire home/apt,131.0
Campuccio 21 By MMega,MMega Homes And Villas,Entire home/apt,171.0
Chiara Stylish,Apartments_Florence,Entire home/apt,
Casa Fiorentina - Dante room,Valentina,Private room,88.0
Florence in One Day • Walk to Duomo & Uffizi,Emanuele,Entire home/apt,260.0
Tabata apartment in the heart of Florence,Stefania,Entire home/apt,245.0
Cristina Suite,HoseFlo,Entire home/apt,153.0
Via dei Fossi apartment,Emilio,Entire home/apt,351.0
Palazzo D'Ambra Presidential Suite Apartment,Francesco,Entire home/apt,424.0
Apartment in Renaissance Palace.,Francesco,Entire home/apt,286.0
Appartamento tra Storia e Design vicino al Duomo,Francesco,Entire home/apt,315.0
Nel cuore di Firenze con corte privata,Rosa,Entire home/apt,132.0
Palazzo Spinelli Apartment by Mamo Florence,Mamo,Entire home/apt,159.0
Home Magè Florence with private garage and balcony,Nadia,Entire home/apt,176.0
Appartamento alla Fortezza da Basso a Firenze,Benedetta,Entire home/apt,103.0
"""Annunziata Suite 2"" - Center of Florence.",Gherardo,Entire home/apt,202.0
Camera su giardino in centro città,Anna,Private room,61.0
A due passi dal centro e lontano dal caos,Stefania,Entire home/apt,76.0
Double room in Florence,Mario E Caterina,Private room,63.0
Living in the history of Firenze,Susanna,Entire home/apt,91.0
D - Appartamenti CORSO 3 - Vivere Firenze,Lorenzo,Entire home/apt,115.0
Il salotto del Maestro,Maurizio,Entire home/apt,149.0
Bufalini 2 - Raffaello by Interhome,Alessandra - Interhome,Entire home/apt,
Bufalini 3 - Michelangelo by Interhome,Alessandra - Interhome,Entire home/apt,146.0
Polo Universitario Apartment By MMega,MMega Homes And Villas,Entire home/apt,96.0
"2 floors apt: 2 beds, 2 bathrooms next to Stadium",Simone,Entire home/apt,120.0
Iris 1 apartment By MMega,MMega Homes And Villas,Entire home/apt,174.0
Il calore di un nido a due passi da Ponte Vecchio,Caterina,Entire home/apt,196.0
Lungarno Flat in the Heart of Florence,Giovanni,Entire home/apt,133.0
Sophisticated Ponte Vecchio Apartment with Rooftop Views,Eugenio,Entire home/apt,572.0
Cozy Laura Place,Laura,Entire home/apt,120.0
Amazing old bridge Florence - Mannelli Suite,Leonardo,Entire home/apt,
Naike's Home,Naike,Entire home/apt,
Matthew’s House,Matteo,Private room,111.0
Amazing on the Old Bridge - Bardi Suite,Leonardo,Entire home/apt,
Luxury Blue River By MMega,MMega Homes And Villas,Entire home/apt,449.0
"ALINARI Suite Belfiore Magè, garage and balcony",Nadia,Entire home/apt,481.0
Chic Loft in a Restored Couch House,Elena,Entire home/apt,108.0
Margot in Piazza della Signoria,Giovanna,Entire home/apt,198.0
"Flat in the heart of Florence, Santa Croce area",Emilio,Entire home/apt,286.0
Spacious family home w/ garden near Via Boccaccio,Helen,Entire home/apt,
"""Annunziata Suite 1"" - Center of Florence.",Gherardo,Entire home/apt,222.0
Dalia · Bright and comfortable | by Acacia®,Acacia Firenze,Entire home/apt,208.0
CASA AMELIE,Lorella,Entire home/apt,158.0
Angelica · Charme & Style by the Duomo| by Acacia®,Acacia Firenze,Entire home/apt,320.0
Tre Lune Camera Singola nel Cuore di Firenze,Enrichetta,Hotel room,72.0
Orcagna22,Giuseppina,Entire home/apt,116.0
Lovely nest near Florence city centre,Francesco,Entire home/apt,113.0
TreLune Matrimoniale con balcone in centro Firenze,Enrichetta,Hotel room,136.0
DiladdArno Holiday Home,Stefano E Patrizia,Entire home/apt,131.0
Santo Spirito Casa Falciani,Massimo,Entire home/apt,143.0
Casa Cecilia sopra il Duomo,Leonardo,Entire home/apt,244.0
"Ubi's Home, close to Polimoda-Pitti  Lift View",Giulia,Entire home/apt,234.0
Geppi Superior al Ponte Vecchio,Gianluca And Gaia,Entire home/apt,168.0
Santa Croce cozy apartment,Bernardo,Entire home/apt,212.0
GuestHost - Dimora Fiorentina in Florence's Heart,GuestHost - Welcome To Italy,Entire home/apt,145.0
GuestHost - Della Scala & Railway Station Apt,GuestHost - Welcome To Italy,Entire home/apt,102.0
La Clara,Francesco,Entire home/apt,
Il Giglio di Maria in S. Spirito,Anna,Entire home/apt,365.0
"Leo's place, cozy city centre appartment",⁨Fiesolana 48⁩,Entire home/apt,183.0
"Pitti  Penthouse, 2 terraces with stunning view",Marusca,Entire home/apt,347.0
Allegri4 il Loft dell'armonia,⁨Allegri4⁩,Entire home/apt,126.0
"FLORENCE ARMONIA, silenzioso apt per 4 a Firenze",Sabrina,Entire home/apt,144.0
Santa Croce appartamento wi-fi aria condizionata,Enrico,Entire home/apt,156.0
Luxury 3 Bedrooms Penthouse with Elevator,⁨Lucca Apartments And Villas S.R.L.⁩,Entire home/apt,634.0
Beautiful  terrace in Florence,Luca,Entire home/apt,514.0
Signoria Apartment in the real heart of Florence,Gabriele,Entire home/apt,
Looking for the perfect stay  Florence? Here it is,Stefano,Entire home/apt,397.0
MELARANCIO 1 APARTMENT IN THE HEART OF FLORENCE,Lorenzo,Entire home/apt,174.0
La Piccola Corte Fiorentina nearby Duomo,Francesco,Entire home/apt,134.0
MELARANCIO 3 IN THE HEART OF FLORENCE,Lorenzo,Entire home/apt,174.0
MELARANCIO 2 IN THE HEART OF FLORENCE,Lorenzo,Entire home/apt,129.0
TREBBIO APARTMENT IN THE HEART OF FLORENCE,Lorenzo,Entire home/apt,185.0
Acacia Firenze - Verbena,Acacia Firenze,Entire home/apt,219.0
"Room for one, or two very close",Francesca,Private room,68.0
Palazzo Della Nave - AP 09,Palazzo Della Nave,Entire home/apt,374.0
"Ca'Ortino, live a natural experience in Florence",Claudia,Entire home/apt,195.0
"Pitti - Flo Apartments, charme su Piazza Pitti",Flo Apartments,Entire home/apt,195.0
Appartamento con balcone,Francesca,Entire home/apt,159.0
La Casa di Cosimo,Cosimo Klaus,Entire home/apt,103.0
Camporeggi cozy apartment,Pietro,Entire home/apt,123.0
Arno House- Modern riverfront 1 bedroom 1 bath,David,Entire home/apt,137.0
double room/private bathroom next  to  duomo,Alessandra,Private room,
GREENHOUSE 1 APARTMENT QUIET AND ELEGANT,Lorenzo,Entire home/apt,157.0
GREENHOUSE 2 APARTMENT QUIET AND ELEGANT,Lorenzo,Entire home/apt,157.0
RORI APARTMENT WITH OUTDOOR SPACE,Meri,Entire home/apt,183.0
GREENHOUSE 3 APARTMENT QUIET AND ELEGANT,Lorenzo,Entire home/apt,197.0
Appartamento centro con terrazzo Amorino,Roberto & Paola,Entire home/apt,140.0
ALL- Supersuite,Antonio,Entire home/apt,404.0
ME- aparrment,Antonio,Entire home/apt,286.0
ALLME apartment,Antonio,Entire home/apt,565.0
Il Moro Apartment by Mamo Florence,Mamo,Entire home/apt,270.0
1) INDEPENDENT APARTMENT NEAR S.M.NOVELLA STATION,Francesco,Entire home/apt,109.0
Clara Domus Florentine House,Roberta,Entire home/apt,207.0
"Typical house in centre of Florence, with airco!",Adrian Tiziano,Entire home/apt,183.0
Casa Sani little apartment close to Ponte Vecchio,Alessandra,Entire home/apt,
The Tiny Studio: minimalism at its best,Riccardo,Entire home/apt,
Signoria Room between art and romance in Florence,Gabriele,Private room,
Pepi Residence: private garden and jacuzzi; duplex,Eo,Entire home/apt,434.0
Pepi Garden Loft with Jacuzzi Pool,Eo,Entire home/apt,217.0
PEPI Exclusive Suite,Eo,Entire home/apt,153.0
Welcome in Florence Cozy Room,Lorenza,Private room,67.0
Dany holidays apartment vicino al centro storico,Daniela,Entire home/apt,97.0
San Lorenzo's Shelter.,Mario,Entire home/apt,171.0
In the real heart of  Florence 2,Maria Gaia,Private room,48.0
Historic Comfort- Renovated 2 bedroom 1 bath,David,Entire home/apt,240.0
Spacious flat in the historic centre of Florence,Gianrocco,Entire home/apt,162.0
Capponi Suite,Federico,Entire home/apt,154.0
YOUR comfortable and luxury place in Florence,Arian,Private room,60.0
Palazzo Alfani Residence  - Deluxe apartment,Francesca,Entire home/apt,457.0
Romantic Flat with Tuscan Charm in the Oltrarno Quarter,Luciano & Tammara,Entire home/apt,270.0
A&G - Modern penthouse with a magnificent view,A&G Home In Florence,Entire home/apt,264.0
Enjoy Historic Veranda In The Heart Of Florence,Marie,Entire home/apt,617.0
Central cozy flat w/ elevator. 2' Duomo & Station,Matilde,Entire home/apt,142.0
Keys of Italy-13Apo1-Deluxe 2bdr by Ponte Vecchio,Keys Of Italy,Entire home/apt,323.0
Angeli in Costa San Giorgio,Valentina,Entire home/apt,310.0
Corte Novella Apartment,Novella House,Entire home/apt,354.0
"Pitti Penthouse, 2 terraces with view!",Maria Elisa,Entire home/apt,411.0
- Antina Firenze -,Gabrio,Entire home/apt,
Flower Cathedral Orchid Room 2 - Duomo View!,Ilenia,Private room,135.0
Lovely Suite in the Heart of Historical Florence,Luciano,Entire home/apt,181.0
Duomo Breathtaking View,Cristina E Raffaele,Entire home/apt,244.0
Special White with terrace and private bathroom,Roberto,Private room,63.0
Andrea's House. Cls to all amenities.,Silvia,Entire home/apt,243.0
Laura's House,Laura,Entire home/apt,
Flower Cathedral Rose Room 1 - Duomo View,Ilenia,Private room,89.0
SMN 3 - Central apartment Florence,Leonardo,Entire home/apt,131.0
Borgo Pinti Apartment,Lorenzo,Entire home/apt,132.0
LUXURY SUITE PIAZZA STROZZI,Fingen,Entire home/apt,
"Ponte Vecchio charming apartment ""Red""",Simone,Entire home/apt,129.0
Conti private house next to the Duomo,Raffaella De Stefano,Entire home/apt,385.0
"Camera con terrazzo( solo terrazzo,zona fumatori)",Filippo,Private room,84.0
La Casina,Eleonora,Entire home/apt,
Iris 2 apartment By MMega,MMega Homes And Villas,Entire home/apt,186.0
Iris 3 apartment By MMega,MMega Homes And Villas,Entire home/apt,175.0
Bilocale a 150 metri dal Duomo di Firenze (Rosso),Francesco,Entire home/apt,141.0
grande appartamento due passi dal Duomo di Firenze,Francesco,Entire home/apt,151.0
Room close to city center (green room),Julien,Private room,56.0
Il Nido di Sofia,Sofia,Entire home/apt,137.0
Stylish & Charming suite next to Il Duomo,Grandma Wilma,Entire home/apt,157.0
Corte Al Duomo By MMega,MMega Homes And Villas,Entire home/apt,197.0
Residenza Covoni - Spacious Apartment Duomo View,Andrea,Entire home/apt,380.0
'Calzaiuoli' luxury and characteristic apartment,Michela,Entire home/apt,114.0
La Porziuncola,Rosanna,Entire home/apt,129.0
The corner of Boboli,Lorenzo,Entire home/apt,209.0
Old Tower Ponte Vecchio Suite A,Federico,Entire home/apt,165.0
"Relais & Maison
Grand Tour, La Cantante",Ulrike,Hotel room,192.0
Cozy Macci flat 4 people near Santa Croce Square,Chiara,Entire home/apt,204.0
Camera Doppia Economy Hotel Santa Croce - Florence,Mario,Hotel room,116.0
d Accademia Suite,Francesco,Private room,115.0
Appartamento con giardino centro Firenze,Ricchi,Entire home/apt,213.0
Flower Cathedral Giglio Room 3 - Courtyard View!,Ilenia,Private room,113.0
Flower Cathedral Fern Room 4 - Rooftops View!,Ilenia,Private room,131.0
TwelveHolly apartment,Lapo Nestucci,Entire home/apt,114.0
e San Marco Suite,Francesco,Private room,103.0
Maggio View,HouseFlo,Entire home/apt,165.0
Nice apartment in Firenze Sud,Filippo,Entire home/apt,117.0
"Spacious, characterful home near to the Uffizi",Niccolo,Entire home/apt,346.0
"Duomo10 Calzaiuoli, 2 bedrooms 2 bathrooms",Stefano,Entire home/apt,303.0
Ariento Suite 3 minutes walk from the Duomo......,Cinzia,Entire home/apt,249.0
Federighi Loft near Piazza Repubblica,Apartments Florence,Entire home/apt,
La Fortezza - 3 Bedroom 2 Bathroom with Balcony,Apartments_Florence,Entire home/apt,336.0
Wine Apartments Florence Prugnolo,Wine Apartments Florence,Entire home/apt,246.0
"Sant’Ambrogio charm! Full AC, Sunny & Quiet",Lorenzo E Paola,Entire home/apt,171.0
Raffaello Charming Apartment Near Duomo Square,Leonardo,Entire home/apt,262.0
Shabby chic studio in the heart of  Florence,Silvia,Entire home/apt,123.0
Firenze‼️ Intera Villa in collina 7 posti 4 bagni,Chianti’s Art,Entire home/apt,436.0
LUCIA'S HOME,Lucia,Entire home/apt,193.0
"B&B di Daniele Vittorio, Stanza tripla",Daniele Vittorio,Private room,150.0
"Ponte Vecchio charming apartment ""Blue""",Simone,Entire home/apt,167.0
Serragli Loft,Federico,Entire home/apt,168.0
"Corte Brunelleschi Apartment, Piazza Duomo, WI-FI",Alessandro E Veronica,Entire home/apt,166.0
"Lily Apartment, Piazza Duomo, WI-FI",Alessandro E Veronica,Entire home/apt,166.0
Gaya: Authentic and welcoming apartment,Nunzia,Entire home/apt,131.0
Bladovini Blue Room with jacuzzi,Monica,Entire home/apt,108.0
Mansarda con affacci su Santa Maria Novella,Vanessa,Entire home/apt,126.0
★★★★★InstaFlorence! Premium Quality | Ace Location,Lorenzo,Entire home/apt,293.0
Art Apartment Luxury Family suite,David,Entire home/apt,352.0
Cozy central double room,Tatiana,Private room,206.0
Anna's place - Camera doppia Firenze,Anna,Private room,92.0
Little Jewel Florence 2 - free garage out ZTL,Maurizio,Entire home/apt,259.0
Terme private house next to Uffizi gallery,Luca,Entire home/apt,2700.0
Santa Felicita Apartment David,Novella House,Entire home/apt,238.0
Cozy double room in Firenze,Chiara,Private room,53.0
Cozy and Relaxing suite apartment next to Il Duomo,Grandma Wilma,Entire home/apt,139.0
"Appartamento GreenLeaf 
in centro a Firenze",Andrea,Entire home/apt,120.0
Casa Fiorenza,Francesca & Fabio,Entire home/apt,149.0
The Music Hall near the Duomo of Florence,Florence,Entire home/apt,129.0
San Lorenzo Florence Suite,Florence,Entire home/apt,137.0
Eleonora loft at Central Market,Florence,Entire home/apt,113.0
Santa Croce charming Studio in Florence,Florence,Entire home/apt,121.0
"Camera luminosa ,20 min.da Polimoda.",Filippo,Private room,78.0
Santa Croce Place By MMega,MMega Homes And Villas,Entire home/apt,165.0
You In Florence Design Apartment,Patrizia,Entire home/apt,120.0
Il Piccolo Poggetto,Alessandro,Entire home/apt,94.0
NEW! CHARMING LOFT IN THE HEART OF FLORENCE,Widad,Entire home/apt,84.0
Rest Apt/Florence station/ Belfiore/Fortezza Pitti,Luca,Entire home/apt,159.0
Oltrarno 4BR Apt | Walk to Center | A/C,Daniele & Clara,Entire home/apt,410.0
Residenza Anton Doni,Francesco,Entire home/apt,297.0
Appartamento di lusso con giardino verticale in storico palazzo del centro,Mamo,Entire home/apt,313.0
Timo Apartment by Mamo Florence,Mamo,Entire home/apt,254.0
"La Querce Terrace 
Romantic aptm with amazing view",Isabella,Entire home/apt,129.0
Mari's at Duomo 750 ft² 2 bedrooms 2 bathrooms,Mariangela,Entire home/apt,185.0
Window on the Dome - Via Portinari,Lodovico,Entire home/apt,167.0
Deluxe White Room 20 min from Ponte Vecchio,Monica,Entire home/apt,100.0
Single room w/balcon and view on the hills,Chiara,Private room,1141.0
Charming Apt w/Private Garden in Central Florence,Elisa,Entire home/apt,146.0
Rooms by Anna Camera Lilla,Giovanni,Private room,33.0
camera love Meyer Rifredi Careggi,Franca,Private room,91.0
Beautiful apartment close to Duomo and S.Croce,Piero,Entire home/apt,145.0
"La Marmora, Historic Frescoed Home in Florence",Windows In Florence,Entire home/apt,
Brunelleschi Apartment by Firenze Prestige,David,Entire home/apt,900.0
camera unica rifredi careggi meyer,Franca,Private room,92.0
camera matrimoniale careggi peretola rifredi,Franca,Private room,87.0
"Casa Orsini, 15 minutes on foot from Ponte Vecchio",Elvira,Entire home/apt,161.0
Elena' s room  with private bathroom,Frederik,Private room,
Irene's room with private bathroom,Frederik,Private room,160.0
Master bedroom with private bathroom,Frederik,Private room,
Lunardi - Suite La Condotta,Vincenzo,Entire home/apt,175.0
Florence Rooms - Camera Standard,Riccardo,Private room,91.0
guest room with private bathroom,Frederik,Private room,126.0
Santaelisabettafirenze,Cristian,Entire home/apt,503.0
Rooms by Anna Camera Mughetto,Giovanni,Private room,
Rooms by Anna Camera Glicine,Giovanni,Private room,33.0
Libertà Apartment,Mari,Entire home/apt,223.0
Florence Rooms - Camera Standard,Riccardo,Private room,91.0
Apartment LaCosta near Ponte Vecchio,Roberto,Entire home/apt,200.0
Rooms by Anna,Giovanni,Entire home/apt,
Typical house exclusive use near the center parkin,Rossana,Entire home/apt,312.0
"B&B di Luigi a Firenze, Stanza matrimoniale 3",Luigi,Private room,64.0
Sui tetti di Firenze,Marina,Entire home/apt,131.0
The Charming Historic House in Santa Croce,Marialuisa,Entire home/apt,154.0
Bargello Florence around you,Andrea,Entire home/apt,300.0
Wonderful View Carmine,Damiano,Entire home/apt,240.0
The Green Terrace II,Lorenzo E Silvia,Entire home/apt,114.0
ATTICO FIRENZE,Graziano,Entire home/apt,111.0
Tuscany Dream - Firenze con Aria Condizionata,Silvia,Entire home/apt,101.0
The Green Terrace Apartment I,Lorenzo E Silvia,Entire home/apt,172.0
The Olive House - Ground Fl.,Gianni,Entire home/apt,179.0
La Rosa Blu - Apartment Historical Center,Marco,Entire home/apt,140.0
Luxury Suite Apartment of 200sqm with terrace,Alberto,Entire home/apt,565.0
Comfort Suite Apartment 65 sqm terrace -SantaCroce,Alberto,Entire home/apt,219.0
Il Bue Apartment- 60sqm with Terrace in Florence,Alberto,Entire home/apt,273.0
Le Ruote Apartment in Florence - 2 bedrooms 2 bath,Alberto,Entire home/apt,422.0
Silver Novella Luxury Apartment - City center,Gianni Botrini,Entire home/apt,232.0
Casa Angelina in Florence,Giovanna,Entire home/apt,260.0
The Olive House - First Floor,Gianni,Entire home/apt,183.0
In the Heart of Florence steps from Duomo Signoria,Roberto,Entire home/apt,369.0
Camera Tripla Hotel Santa Croce - Florence Heart,Mario,Hotel room,161.0
Signoria Suite Elegant - Daily Cleaning Available!,Roberta,Entire home/apt,297.0
"Sant'Ambrogio Home: Santa Croce, Markets and bars",Niccolo,Entire home/apt,149.0
Cozy 2 Bed+KIT few steps from station w/parking,Filippo,Entire home/apt,161.0
ROSSELLI-FORTEZZA DA BASSO,Anna Davide,Entire home/apt,252.0
Cozy Pitti Apartment - 70mq w/FREE PRIVATE PARKING,Alessandro,Entire home/apt,176.0
Moby’s home,Caterina,Entire home/apt,114.0
House Tram Tram,Alessandro,Entire home/apt,90.0
The best view of the Florence Dome,Emanuele,Entire home/apt,253.0
Borgo Tegolaio Terrace,HouseFlo,Entire home/apt,327.0
Loft con terrazza panoramica sui tetti di Firenze,Daniele,Entire home/apt,185.0
Baldovini Apartment 2 bedrooms 2 bathrooms,Monica,Entire home/apt,212.0
San Lorenzo Central Market Cozy & Quiet Apartment,Leo,Entire home/apt,142.0
Alloggio Caccini (centro di Firenze),Raffaella,Entire home/apt,92.0
"Your Home Away in the Heart of Florence, Piazza Santa Croce",Marco,Entire home/apt,230.0
Cosy appartment on two levels,Nevena,Entire home/apt,90.0
Zannetti 101 Leonardo,Istay,Entire home/apt,171.0
Zannetti 102 Klee,Istay,Entire home/apt,171.0
Zannetti 201 Magritte,Istay,Entire home/apt,171.0
IL VIOLINO  LOFT NUOVO  CENTRALE  4 POSTI  LETTO,Silvana,Entire home/apt,115.0
Zannetti 202 Corner,Istay,Entire home/apt,212.0
Zannetti 203 Roof View,Istay,Entire home/apt,303.0
Florence Rooms - Camera Superior,Riccardo,Private room,91.0
iRoom center/Rail st SMN-Airport FLR-UniFi-Visarno,Angelo,Private room,46.0
Zannetti 301 Compact,Istay,Entire home/apt,212.0
Zannetti 302 White,Istay,Entire home/apt,171.0
Zannetti 401 Top floor,Istay,Entire home/apt,166.0
Zannetti 303 Medici,Istay,Entire home/apt,303.0
Antonino Apartment,Istay,Entire home/apt,209.0
Charming 2BR in Santa Croce - Walk Everywhere,Francisco,Entire home/apt,139.0
Mary's Petit Loft in Santo Spirito,Marisa,Entire home/apt,84.0
Keys of Italy -Mudiva-1Bedr Flat by Train Station,Keys Of Italy,Entire home/apt,219.0
monolocale deluxe,Sleep Tight Florence,Entire home/apt,129.0
Love nest  in Florence,Angela,Entire home/apt,135.0
"""Artemisia Apartment"" 15 min. Historic Center A/C",Sandro,Entire home/apt,120.0
San Lorenzo Central Market View,Leo,Entire home/apt,165.0
Florence Dalmazia Free Bike and Free Wi-Fi,Sergio,Entire home/apt,150.0
Petrarca's Terrace,Diasio,Entire home/apt,103.0
Cozy Luminous Room near city center,Juan Antonio,Private room,70.0
"Posizione prestigiosa, per gruppi o famiglie",Bruna,Entire home/apt,339.0
Cozy Boho Attic Private Bath & Kitchen Francy B&C,Francy,Private room,80.0
Corte degli Agrumi Camera 3 Firenze con giardino,Tommaso,Private room,89.0
La Terrazza di San Lorenzo,Carolina,Entire home/apt,188.0
Benedetto Duomo View,Apartments Florence,Entire home/apt,220.0
New apartment near  Duomo,Alessandra,Entire home/apt,120.0
Magic Florence,Alessandro,Entire home/apt,358.0
Kiwi room - Firenze #kakoperokiwi,Marco,Private room,239.0
Wide room in front of Pitti Palace,Alessandro,Private room,90.0
La locanda dei sognatori two,Andrea,Entire home/apt,119.0
Berardi Palace - Vigna Nuova apartment,Gabriele,Entire home/apt,195.0
Charming Apartment in the Heart of Florence!,Alissa,Entire home/apt,194.0
Central Suite GIOTTO - Santo Spirito,Paola,Entire home/apt,
Central Suite DANTE - Santo Spirito,Paola,Entire home/apt,
Nido del Condor,Nadja Maria,Entire home/apt,145.0
"Beautiful, bright, modern and spacious apartment!",Giulietta,Entire home/apt,308.0
Your Happy Nest in Florence,Mary And Gio,Entire home/apt,246.0
GUELFA HOUSE,Rita,Entire home/apt,231.0
Appartamento porcellana centro storico,Bernardino,Entire home/apt,136.0
Camera Petunia,Lorenzo,Private room,25.0
viola house,Arianna,Entire home/apt,183.0
Adelaide House,Grazia,Private room,128.0
Limone Room - Florence #kakoperokiwi,Marco,Private room,77.0
♡Margherita's little house♡,Silvia,Entire home/apt,122.0
Pinocchio#33 in Santa Maria Novella,Gioele,Entire home/apt,120.0
Maison Artisti  in Florence,Patrizia,Entire home/apt,
Marignolle relais & charme Firenze - Camera Doppia,Lorenzo,Hotel room,305.0
The red suite in Florence with free parking,Maurizio,Entire home/apt,167.0
Villa with pool near the center of Florence,Cinzia,Entire home/apt,521.0
nicco's home comfortable and welcoming!,Niccolò,Entire home/apt,149.0
Duomo indipendent apartment in the centre,Donatella,Entire home/apt,128.0
Amazing River View with free parking,Marusca,Entire home/apt,323.0
Mansard with a view,David,Entire home/apt,576.0
Florence Shabby Chic Home- S.Giovanni,Giulia,Private room,132.0
Florence Shabby Chic Home - S.Maria Novella,Giulia,Private room,132.0
Florence Shabby Chic Home - S. Croce,Giulia,Private room,132.0
Bright apartment  San Lorenzo Mkt : La Casa di Lo,Federica,Entire home/apt,
⭐️⭐️⭐️⭐️⭐️New Santa Croce Suite  LUXURY apartment,Piero,Entire home/apt,223.0
House Florence vicino all'aeroport/centro,Lucy,Entire home/apt,143.0
"""Da Vinci X4"": garage + posto auto incluso",Antonietta,Entire home/apt,170.0
Apartment Giulio&Teresa con giardino interno. Via LeoneX Silenzioso Romantico,Michele,Entire home/apt,210.0
Apartment with terrace SAN FREDIANO AREA -4 people,Chiara,Entire home/apt,177.0
La Galerie Luxury Apartment  by Mamo Florence,Mamo,Entire home/apt,255.0
Camera matrimoniale con bagno privato,Enrico,Private room,171.0
"Stylish double room, 15min to Florence city centre",Elia,Private room,73.0
Loft of an artist,Ginevra,Entire home/apt,280.0
Executive Apartment City Center,Franco,Entire home/apt,714.0
Penthouse PrivateTwin Room in Florence Apartment,Maria Novella,Private room,48.0
Casa Veronica - Near Florence City Center,Veronica,Entire home/apt,172.0
Il Limone Florence Historic Center,Ilaria,Entire home/apt,174.0
For LARGE groups/families at 100m from the DUOMO,Andrea,Entire home/apt,503.0
Casa Cosi - Sant'Ambrogio,Casa Cosi Italy,Entire home/apt,167.0
Pier Capponi b&b(breakfast included),Rita,Private room,46.0
Appartamento con ascensore in Piazza Indipendenza,Michele,Entire home/apt,139.0
"Real Taste of Tuscany Top - Oltrarno, 3 people",Veronica,Entire home/apt,111.0
Duomo Suite Ghirlandaio,Leonardo,Entire home/apt,181.0
Cavourotto Terrace By MMega,MMega Homes And Villas,Entire home/apt,171.0
House Near the Center With Beautiful Wiew!,Lorenzo,Entire home/apt,
Pitti Luxury Terrace By MMega,MMega Homes And Villas,Entire home/apt,223.0
Podere La Sassaiuola,Paolo,Entire home/apt,228.0
New Apt Florence with Love,Leonardo E Ilaria,Entire home/apt,160.0
Casa di Serena,Serena,Entire home/apt,128.0
Santa Maria 10,Roberto,Entire home/apt,
Art Room,Cristiano,Private room,64.0
Baggio's Home Luxury and Gym,Eddj,Entire home/apt,468.0
Borgognissanti Apartment 6,Valerio,Entire home/apt,160.0
NUOVO. LUMINOSISSIMO. VICINO AD OGNI COMODITÀ !!!,Rossella,Entire home/apt,240.0
Swing Apart in Florence heart,Enrico,Entire home/apt,373.0
Badesse apartment,Silva,Entire home/apt,149.0
Casa Orisogi. Centro Storico Piazza Santa Croce.,Oriella,Entire home/apt,112.0
Rondinelli Charme Prestige,Gianluca,Entire home/apt,557.0
"Villa La Piccioncina, on the hill next to Florence",Ilaria,Entire home/apt,789.0
"Centro storico, vicino Duomo e stazione centrale.",Alessandra,Entire home/apt,78.0
"Suite Piccolo Principe, Ognissanti square, Polimod",Leonardo,Entire home/apt,159.0
Atmosphere of Home in Florence: Cathedral View,Edvige,Entire home/apt,511.0
Lovely loft in downtown with Duomo view,Edvige,Entire home/apt,192.0
Casa d'artista,Ilaria,Entire home/apt,131.0
Suite Francesca,Franco,Entire home/apt,104.0
Luxury Loft Alfani,Francesco,Entire home/apt,118.0
GUIDOBALDO’S VERANDAH: Nice flat in Borgognissanti,Massimo,Entire home/apt,234.0
monolocale standard,Sleep Tight Florence,Entire home/apt,110.0
appartamento con giardino,Sleep Tight Florence,Entire home/apt,159.0
appartamento superior,Sleep Tight Florence,Entire home/apt,110.0
appartamento con due camere vista giardino,Sleep Tight Florence,Entire home/apt,175.0
appartamento con una camera da letto,Sleep Tight Florence,Entire home/apt,110.0
loft,Sleep Tight Florence,Entire home/apt,110.0
Nice apartment a few step away from Santa Croce,Emanuele,Entire home/apt,226.0
Casa Aurora. Quiet apt in Florence two bdr,Antonella,Entire home/apt,176.0
Santo Spirito Dream By MMega,MMega Homes And Villas,Entire home/apt,222.0
House Michelangelo,Michelangelo,Entire home/apt,146.0
Family Room 5 people Liberty Style and private bat,Mirko,Private room,210.0
Triple Room Liberty Style and private Bathroom,Mirko,Private room,140.0
Chalet,Hu Firenze Camping In Town,Entire home/apt,239.0
Cozy Apartament in Careggi,Eleonora,Entire home/apt,75.0
Bellini House,Carlo E Claudia,Entire home/apt,137.0
Close to Florence Academy of Art with private bath,Ingrid,Private room,75.0
Tuscany style central apartment beside SMN & AC-欢迎,Roberto&Elena,Entire home/apt,137.0
Perfect location in center beside train station-欢迎,Roberto&Elena,Entire home/apt,137.0
Central flat at ground floor with terrace & AC 欢迎,Roberto&Elena,Entire home/apt,148.0
Beautiful location Florence style in center-Ac 欢迎,Roberto&Elena,Entire home/apt,160.0
Florentine style in center with terrace and AC  欢迎,Roberto&Elena,Entire home/apt,212.0
VOLTA DEI TINTORI APT RIVER VIEW S.CROCE Wi-Fi TV,Rebecca,Entire home/apt,106.0
I tre cipressi,Rosy,Entire home/apt,74.0
"""Novella View"" Interior",Cecilia,Entire home/apt,259.0
Attitude Of Soul,Attitude,Entire home/apt,139.0
Central Novella trainstation  3 bedrooms apartment,Luca,Entire home/apt,274.0
Florence Fortezza Apartment,Florence-BnB,Entire home/apt,215.0
Florence San Marco Appartamento,Florence-BnB,Entire home/apt,165.0
Il mezzanino dell’architetto,Angela,Entire home/apt,143.0
Giripaso Apartment,Matteo,Entire home/apt,312.0
Maffia's Luxury in Santo Spirito～Baby Friendly,Mattia,Entire home/apt,198.0
Singola ampia e luminosa con balcone zona Novoli,Rosanna,Private room,22.0
Pietrapiana flat & local market,Lorenzo,Entire home/apt,123.0
Appartamento tipico fiorentino,Anna Teresa,Entire home/apt,335.0
Appartamento con il dipinto dei colli fiorentini,Anna Teresa,Entire home/apt,395.0
Apartment Florence Families & Friends,Marco,Entire home/apt,188.0
Scarlab 409 Firenze,Alessandro,Entire home/apt,169.0
Scarlab 408,Alessandro,Entire home/apt,129.0
Double or Twin Room with Balcony and private Bath,Mirko,Private room,140.0
"Lovely apartment for 5 people with wifi, a/c and t",Easy Reserve,Entire home/apt,
Cosy Borgo de Greci,Apartments Florence,Entire home/apt,
|| Incredible View|| PiazzadellaSignoria apt!,Michela,Entire home/apt,345.0
Florence San Marco Monolocale,Florence-BnB,Entire home/apt,166.0
Bargello - Flo Apartments,Flo Apartments,Entire home/apt,372.0
Butterfly Attic,Iinda,Entire home/apt,240.0
"Entire apartment in Florence, very central.",Jacopo,Entire home/apt,104.0
"Porta Alla Croce Guest House, Matrimoniale/dopp...",Ada & Sergio,Private room,104.0
Sarpi Loft Florence,Chiara,Entire home/apt,143.0
My Private Terrace in San Frediano ~ quiet journey,Lucio,Entire home/apt,198.0
Il piccolo Borgo in città di Diletta,Diletta,Entire home/apt,
Ramaglianti suite a due passi da ponte vecchio,Sergio,Entire home/apt,263.0
Navy Blue Apartment,Giacomo,Entire home/apt,399.0
"Courtyard Suite, 1 minute from S. Croce square",Mariangela,Entire home/apt,217.0
Toscanella Smart apartment Pitti Florentine heart,Luca,Entire home/apt,203.0
"Stunning exclusive Estate,3km to Uffizi,12bdr,pool",Ginevra,Entire home/apt,6280.0
Santo Spirito Light House (and external courtyard),Irene,Entire home/apt,183.0
Room for two on the bottom floor,Francesca,Private room,71.0
"6x Apt.""The Terrace"" in Florence's Historic center",Elisa & Lorenzo,Entire home/apt,482.0
In the heart of Florence,Liana,Entire home/apt,169.0
Bella Novella Apartment,Luca,Entire home/apt,242.0
"C1 Duomo,Pool table,frescoes ceilings and elevator",Alice E Bettina,Entire home/apt,419.0
"Elegant, Cozy Art Nouveau steps to Duomo +Elevator",Mirella,Entire home/apt,311.0
CASA SAN LORENZO 1 Japanese Guest room,Lisa,Private room,
Casa Leopardi tra i Segreti di Costa S. Giorgio,Costasangiorgio Srl,Entire home/apt,330.0
Casa di Dante tra i segreti di Costa S. Giorgio,Costasangiorgio Srl,Entire home/apt,
Little Florence,Valentina,Entire home/apt,44.0
Venezia Terrace,MMega Homes And Villas,Entire home/apt,197.0
Luxury SUITE AZZURRI wi fi A/C lift,Marco,Entire home/apt,139.0
Unique terrace in the heart of Florence,Melania,Entire home/apt,174.0
Berardi Palace - Vigna Nuova Loft,Gabriele,Entire home/apt,195.0
Santa Apartment,Giovanni,Entire home/apt,103.0
Historic Apartment + free parking,⁨T.P.⁩,Entire home/apt,252.0
Drom Serumido Apartment,Clodi,Entire home/apt,225.0
Drom Campuccio Double room,Clodi,Private room,139.0
Firenze hospitality  & relax.,Cindy,Private room,63.0
Il Melarancio Country House,Alessandro,Entire home/apt,169.0
MyFlorenceHoliday Gold Bridge SUITE 1,Milstone,Entire home/apt,188.0
MyFlorenceHoliday Gold Bridge SUITE 2,Milstone,Entire home/apt,310.0
Camera super centrale!,Fabio,Private room,20.0
HSH DUOMO - luxury new 130sqm apt - elevator/lift,Hsh,Entire home/apt,616.0
Large room close to the downtown,Michele,Private room,63.0
Appartamento Viola - Florence la stanza Girasole,Keli,Private room,121.0
Lovely apartment in San Jacopino,Serena E Fabio,Entire home/apt,145.0
Marisa | Design apartment in a 1930 building,Valeria,Entire home/apt,129.0
Historical house with Florentine atmosphere,Luca,Entire home/apt,187.0
2 beds - 1 room - top floor - no elevator,Antonio,Private room,
Baobab• Authentic city stay | by Acacia®,Acacia Firenze,Entire home/apt,154.0
Santa Maria Novella | Piccolo Sogno Flat,Marghe,Entire home/apt,129.0
Peaceful White Gem with patio near Train Station,Marko,Entire home/apt,188.0
Camera matrimoniale,Rosa,Private room,62.0
"La Musa Dante St, stunning view heart of Florence",Angelo,Entire home/apt,174.0
The White Apartment + free parking,⁨T.P.⁩,Entire home/apt,222.0
Florence Private Apartment Near City Center,Cristina,Entire home/apt,119.0
Casa Minerbetti,David,Entire home/apt,272.0
The Shell of Monica,Monica,Entire home/apt,122.0
Keys of Italy-13Apo2 Deluxe 2bdr by Ponte Vecchio,Keys Of Italy,Entire home/apt,363.0
Condominio a Firenze appartamento Viola,Keli,Private room,113.0
A&A Apartment close to Florence hystorical center,Antonio,Entire home/apt,203.0
Condominio a Firenze appartamento Violal,Keli,Private room,117.0
Authentic Florentine Studio near City Center,Caterina,Entire home/apt,86.0
Casa del Guanto,Grazia,Entire home/apt,127.0
Appartamento Arancione,Keli,Private room,112.0
"Unique, views on Maze Garden, shared pool, parking",Ginevra,Entire home/apt,880.0
Typical Florentine house in the Oltrarno district.,Marco,Entire home/apt,120.0
Florence 55mq Central Flat,Giorgio,Entire home/apt,131.0
"B&B di Luigi a Firenze, Stanza quadrupla/quintupla",Luigi,Private room,149.0
Fortezza Third floor,Istay,Entire home/apt,331.0
La casa dei nonni,Anna,Entire home/apt,105.0
Santa Cruz Air - Historic Apartment,Luca,Entire home/apt,183.0
Bargello,Edo & Rita,Entire home/apt,136.0
Duomo View 2 BR Apt - Steps to Top City Sights,Lorenzo,Entire home/apt,206.0
GuestHost - Visarno Arena Apartment with Balcony,GuestHost - Welcome To Italy,Entire home/apt,102.0
Casa Mihaela e Alessandro,Alessandro E Mihaela,Entire home/apt,198.0
"Zen Island downtown Florence, new apartment for 6",Nadja Maria,Entire home/apt,311.0
Mercuryhouse_Room1 ensuite private bathroom,Andrea,Private room,189.0
[Santa Croce] La Vecchia Firenze,Altea,Private room,137.0
La camera bianca,Keli,Private room,120.0
Attic Piazza Santa Croce with living terrace,Alderighi,Entire home/apt,143.0
Studio in the center of Florence,Nicola,Entire home/apt,155.0
Il Novello - Apartment,Andrea,Entire home/apt,315.0
Bargello Apartment,Francesca Romana,Entire home/apt,177.0
Appartamento Duomo Signoria Uffizi,Elisabetta,Entire home/apt,241.0
"""Appartamento Piccardi ""nel centro storico",Antonella,Entire home/apt,209.0
Numa | XL Studio with Kitchen and Terrace,Numa Florence Vita,Entire home/apt,143.0
Numa | Large 1 Bedroom Apartment with Sofa Bed,Numa Florence Vita,Entire home/apt,113.0
Numa | Large 2 Bedroom Apartment - Duplex,Numa Florence Vita,Entire home/apt,121.0
Numa | 1 Bedroom Apartment with Terrace,Numa Florence Vita,Entire home/apt,100.0
Numa | 2 Bedroom Apartment,Numa Florence Vita,Entire home/apt,116.0
Numa | 1 Bedroom Apartment w/ Terrace & Sofa Bed,Numa Florence Vita,Entire home/apt,231.0
Numa | Large 2 Bedroom Apartment with Sofa Bed,Numa Florence Vita,Entire home/apt,191.0
Penthouse delle Stelle,Anna Catalina,Entire home/apt,307.0
Il Novello - Blue room,Andrea,Private room,86.0
Il Novello - Gray Room,Andrea,Private room,109.0
La Casa di Dante Fiesole,Monica Fini,Private room,86.0
BENVENUTI IN CASA MIA!,Marta,Private room,81.0
"Camera ""Elicriso"" - Doppia con letti separabili",Ervin House,Private room,
Frescoed Dreamlike Central Stylish Cozy Stylish,Simona,Entire home/apt,183.0
"La Rosa Townhouse  ( S. Frediano, Fi )",Francesco,Entire home/apt,297.0
"Attico 19～Pvt Garage, Pvt Terrace, close tram stop",Alessandro,Entire home/apt,165.0
Novella View,Cecilia,Entire home/apt,288.0
I Fragoli a Santa Croce Apartments Florence,Silvia,Entire home/apt,240.0
GIULIA SUITE,Lorella,Entire home/apt,293.0
"Cherubini Palace Thematic Apartments ""TIME""",Leonardo,Entire home/apt,341.0
Beautiful double room in the center of Florence,Nicola,Private room,137.0
Gemma: Convenient & Quiet in Ponte Vecchio area,Vanni,Entire home/apt,101.0
Hotel Orcagna Apartment,Orcagna,Entire home/apt,144.0
Cynthia’s garden - Apartment with private garden,Gianmarco,Entire home/apt,309.0
Giulia in S.Reparata,Giulia,Entire home/apt,127.0
Apartment in Santa Croce: Casa da Verrazzano for 2,Maria,Entire home/apt,200.0
Santo Spirito Exclusive - Comfort is the Keyword,Apartments_Florence,Entire home/apt,
"Cherubini Palace Thematic Apartments ""MUSIC""",Leonardo,Entire home/apt,310.0
Cute Flat Florence,Corrado,Entire home/apt,135.0
"""La mi casa""",Maria Rosanna Letizia,Private room,149.0
"Cherubini Palace Thematic Apartments ""GAME""",Leonardo,Entire home/apt,271.0
"Camera ""Fiordaliso"" - Tripla con due letti unibili",Ervin House,Private room,
"Camera ""Iris"" - Letto a castello",Ervin House,Private room,
Mirabilia-Storico appartamento in edificio medioevale a due passi dal Duomo,Giancarlo,Entire home/apt,232.0
INDACO SUITE - Appartamento a due passi dal Duomo,Giancarlo,Entire home/apt,163.0
Two Bedrooms Apartment Near The Duomo Firenze,Sid,Entire home/apt,182.0
3RE FLAT - FIRENZE CENTRO!,Nadia,Entire home/apt,138.0
Irene's Home Belvedere Boutique Design Apartment,Irene,Entire home/apt,258.0
Leonardo da Vinci's studio,Daniele,Entire home/apt,117.0
Artist's home in the heart of Florence,Ginestra,Entire home/apt,126.0
Santo Spirito Torre Falciani,Simonetta,Entire home/apt,137.0
Casa Cosi - Beccaria,Casa Cosi Italy,Entire home/apt,245.0
Torre Donati By MMega,MMega Homes And Villas,Entire home/apt,242.0
MDR Duomo Green Apartment,MDR By Ciao Florence Tours,Entire home/apt,215.0
"LARGE&QUIET Free parking, near city center",Federico,Entire home/apt,108.0
La Cupolina Rosa,Simone,Entire home/apt,200.0
Ghibellina. Large aparment  heart of Florence,Simone,Entire home/apt,152.0
Two steps from DUOMO,Jonny,Entire home/apt,210.0
Picasso’s house,Renato,Entire home/apt,237.0
Camera ampia matrimoniale,Maria,Private room,67.0
Charming Attic in medieval Tower,Elena,Entire home/apt,174.0
Happy Florence San Niccolò 1 Centro storico,Paola,Entire home/apt,193.0
Prezioso gioiello di design nel cuore di Firenze,Francesca & Floriano,Entire home/apt,216.0
Lussuoso loft  nel quartiere San Lorenzo,Francesca & Floriano,Entire home/apt,212.0
Relax e decor con terrazza in edifico storico del centro,Francesca & Floriano,Entire home/apt,225.0
Casa Gori - Palazzo Vecchio - p.Za della Signoria,Rossella,Entire home/apt,240.0
Sun-Flower Suite for 4 people,Federica,Private room,108.0
Bright & Quiet Apt | WiFi & AC | Near Duomo,Laura,Entire home/apt,147.0
Duomo - Suites Cavour 34 by 360 Rentals,Andrea Frua De Angeli,Entire home/apt,475.0
Tornabuoni Loft Luxury apartment,Ricciarda,Entire home/apt,207.0
Giotto - Suites Cavour 34 by 360 Rentals,Andrea Frua De Angeli,Entire home/apt,186.0
Vasari - Cavour Suites 34 by 360 Rentals,Andrea Frua De Angeli,Entire home/apt,187.0
Bellissimo 90m close to Center & EUI,Matteo,Entire home/apt,113.0
In the street of antiquarians,Alessandra,Entire home/apt,166.0
New Suite Petrarca:la sua cripta segreta a Firenze,Costasangiorgio Srl,Entire home/apt,
Exclusive flat with garden and panoramic terrace.,Emanuele,Entire home/apt,
Guicciardini & Ponte vecchio cozy apartament,Bernardo Filippo,Entire home/apt,153.0
Appartamento Caffe Letterario,Emanuele,Entire home/apt,
Terrazza Giraldi,Wanda,Entire home/apt,
In the center of Florence Luna 36 Apartment,Andrea,Entire home/apt,96.0
Pergola 35 - Mattone - In heart of Florence,Lorenzo,Entire home/apt,262.0
Guelfa's  room4,Alina,Private room,149.0
Your key to the heart of Florence (incl frescos ),Adrian Tiziano,Entire home/apt,189.0
Guelfa's  Room1,Alina,Private room,160.0
★★★★★InstaLove! Premium Quality | Ace Location,Lorenzo,Entire home/apt,304.0
Relax&Discover Florence! Flat in Cure district,Simona,Entire home/apt,121.0
Suite Pitti Fortezza your  home in Florence,Corinna,Entire home/apt,582.0
La casa in giardino FULL STERILIZED,Paolo,Entire home/apt,160.0
Candido apartment,Alessandro,Entire home/apt,203.0
CampoMarte Apartment,Elisa & Silvia,Entire home/apt,171.0
Pure luxury in oltrarno florence,Alessandra,Entire home/apt,796.0
Cappuccini Florence Your Easy Tuscan Escape,Silvana,Entire home/apt,304.0
"Giotto, in the heart of Florence",Pietro Amedeo,Entire home/apt,150.0
Flamingo Luxury - 2 Bedroom 2 Bath with Balcony,Apartments_Florence,Entire home/apt,398.0
"Il Viaggiator Leggero B&B, Deluxe room",Costanza,Private room,63.0
Centro storico San Niccolo incantevole,Antonio,Entire home/apt,138.0
Home Milu' Florence - Milù Holidays Camera Lilla,Gabriella,Private room,161.0
Suite Charming San Marco 4 posti letto,Maria Novella,Entire home/apt,248.0
VP Suite nel cuore di Firenze,Valeria,Entire home/apt,183.0
"Pergola 35-""GIADA"" A cozy design nest",Lorenzo,Entire home/apt,
appartamento con giardino,Marco,Entire home/apt,61.0
Camera Bianca,Naike,Private room,50.0
Loft con balcone in Piazza D'Azeglio,Alessandra,Entire home/apt,134.0
Suite La Casella,Vincenzo,Entire home/apt,113.0
"Relais & Maison
Grand Tour, Golden Suite",Ulrike,Hotel room,329.0
"Relais & Maison
Grand Tour, Mirror Jr suite",Ulrike,Hotel room,224.0
"Relais & Maison
Grand Tour, Actor Jr suite",Ulrike,Hotel room,227.0
"Relais & Maison
Grand Tour, Diva Jr suite",Ulrike,Hotel room,145.0
"Living Santa Maria Novella ""Nel cuore di Firenze""",Cosimo,Entire home/apt,241.0
Pergola 35 - A true Florentine home in Santa Croce,Lorenzo,Entire home/apt,
Pergola 35 - A comfy chic apt in the heart of city,Lorenzo,Entire home/apt,
Pergola 35 - A cozy apt in the heart of Florence,Lorenzo,Entire home/apt,
Pergola 35 - A romantic apt with a private patio,Lorenzo,Entire home/apt,
Pergola 35 - Charm and design in the heart of city,Lorenzo,Entire home/apt,
casa firenze,Marco,Entire home/apt,83.0
Fortezza Fourth Floor 6 Pax,Istay,Entire home/apt,303.0
Love The View 360° • Scenic View Power AC & Lift,Federico,Entire home/apt,303.0
Appartamento nuovissimo Firenze 7min daStazioneSMN,Chiara,Entire home/apt,143.0
"""Testudines""....nice apartment with garden!",Rachele,Entire home/apt,
Charming apartment in Santo Spirito,Daisy,Entire home/apt,
"Il Viaggiator Leggero B&B, Stanza matrimoniale",Costanza,Private room,63.0
AirCo | Street Parking| Bus 4 min| Medici Podestà,Lorenzo,Entire home/apt,97.0
Traditional Florence apartment,Bookings For You,Entire home/apt,370.0
Florence vacation rental,Bookings For You,Entire home/apt,353.0
Small charming Suite with view,Michele,Entire home/apt,156.0
Camera con bagno esterno vicino alla tramvia,Mariagrazia,Private room,80.0
Fortezza Fourth Floor 4 Pax,Istay,Entire home/apt,204.0
casadicavour - Florence 200mt from the Duomo,Alessandra,Entire home/apt,316.0
Olga Home - City Centre-,Laura,Entire home/apt,165.0
Emma Home -In  City Centre-,Laura,Entire home/apt,160.0
Elegant apartment close to Piazza Beccaria,Agnieszka,Entire home/apt,160.0
MAISON CHARLOTTE,Elena Michele,Entire home/apt,320.0
TOP ROOF PALAZZO DEL MARCHESE,Antonio,Entire home/apt,601.0
"San Marco, Firenze By Short Holidays",Luca,Entire home/apt,284.0
San Frediano Twin/Double Room with Private Bath,Marco,Private room,150.0
Nice Apartment a few step away from Pontevecchio,Emanuele,Private room,220.0
Nice Apartment a few step away from Pontevecchio,Emanuele,Entire home/apt,136.0
Suite Libertà Square,Maurizio,Entire home/apt,203.0
Frími Boutique Rooms- industrial room,Viola,Private room,136.0
Frími Boutique Rooms-bohemian room,Viola,Private room,239.0
Central View Apartment,Daniele,Entire home/apt,272.0
Casa Manzoni in storico palazzo a Ponte Vecchio,Costasangiorgio Srl,Entire home/apt,
Frími Boutique Rooms-vintage room,Viola,Private room,208.0
Frími Boutique Rooms- Eclectic room,Viola,Private room,147.0
[Dietro al Duomo] Free Wi-Fi,Francesco & Leonardo,Entire home/apt,136.0
The Painter's house in Florence,Sveva,Entire home/apt,342.0
Capital,Bravo,Entire home/apt,
Casa Falorni Soffiano Firenze P1,Giovanni,Entire home/apt,80.0
Cozy 4th-Floor Loft Overlooking Piazza Santa Croce,Camilla,Entire home/apt,149.0
Santa Croce Spectacular Terrace,Camilla,Entire home/apt,143.0
Fossi tower,Eva,Entire home/apt,213.0
Santa Croce RED,Camilla,Entire home/apt,138.0
Delizioso Bilocale Fiorentino,Felix Paulino,Entire home/apt,120.0
House Angela - Appartamento,⁨Angela A.⁩,Private room,
Renaissance & Baroque Apartment with Duomo Views!,Vasily,Entire home/apt,617.0
Finardi Apartment in the heart of Florence,Mattia,Entire home/apt,186.0
★ Florence Oltrarno Beautiful  Apt with Balcony,Giovanni & Tullan,Entire home/apt,403.0
Il quartierino in San Frediano,Chiara,Entire home/apt,122.0
"In town, charming Florentine home San Lorenzo area",Cristina&Gianni,Entire home/apt,70.0
3 bedrooms luxury flat with TERRACE ON THE DUOMO,Patrizia,Entire home/apt,350.0
Tre Lune Mansarda nel cuore di Firenze,Enrichetta,Hotel room,116.0
NOCE- 1 camera 10 minuti dal centro di Firenze,Monia,Entire home/apt,128.0
PALMA-1 camera 4 pax -nel verde- 10 min dal centro,Monia,Entire home/apt,133.0
QUERCIA-1 camera 2 pax-nel verde-10 min dal centro,Monia,Entire home/apt,150.0
Les Griffes House,Monica,Entire home/apt,255.0
Deluxe apartment in the centre of Florence,Piotr,Entire home/apt,274.0
TIGLIO-2 camere 3 pax-nel verde-10 min dal centro,Chiara,Entire home/apt,143.0
Oltrarno 9Apartments,Lorenzo,Hotel room,216.0
Oriuolo Giotto,Istay,Entire home/apt,273.0
San Frediano 56,Luciano,Entire home/apt,206.0
Ponte Vecchio Luxury - Daily Cleaning Available!,Roberta,Entire home/apt,286.0
Luxury Views aircon Shared Pool parking cooking,Ginevra,Entire home/apt,852.0
Il Novello - Green Room,Andrea,Private room,92.0
Appartamento con due camere da letto e terrazzo,Alessandro,Entire home/apt,206.0
Charming apartment Santa Croce,Massimo,Entire home/apt,106.0
Double room 4 minutes from Florence SMN Station,B&B,Private room,89.0
Apartment Facing Duomo,David,Entire home/apt,183.0
"Home ""Le Cascine"", comfortable apartment...",Elisa E Daniele,Entire home/apt,194.0
Appartamento bohémien a Firenze,Francesca,Entire home/apt,234.0
Attico a Ponte Vecchio,Olivia,Entire home/apt,223.0
"FORTE TOWER
centro storico 2 min da Ponte Vecchio",Francesco,Entire home/apt,411.0
Palma · Private Garden | by Acacia®,Acacia Firenze,Entire home/apt,201.0
"Modern double room, 15 min to Florence City Centre",Elia,Private room,73.0
Il Palazzo,Seth Benjamin,Entire home/apt,2400.0
Ginella la casa vintage la camera dei burattini,Angela,Private room,
"Stanza doppia, con bagno privato.",Filippo,Private room,85.0
HIGH CONFORT FLAT TESSITORI,Patrizia,Entire home/apt,158.0
Luxury New Apartment Duomo View 4 sleeps Ac Wifi,Luca,Entire home/apt,254.0
Historic San Frediano 2BR with Ensuite Baths,Marco,Entire home/apt,234.0
Very quiet apartment in front of the duomo,Giovanna,Entire home/apt,129.0
"Studio Near Dome, San Marco @Alfani",Francesca,Entire home/apt,62.0
Casine 28 Apartment in the centre of Florence,Elena,Entire home/apt,154.0
Marignolle relais & charme - Firenze- Doppia Patio,Lorenzo,Hotel room,331.0
Santa Croce Dreams' Apartment,Marina,Entire home/apt,118.0
SANTA CROCE GARDEN APARTMENT,Alina,Entire home/apt,258.0
Sweet apartment 5 minutes from station and garden,Rebecca,Entire home/apt,114.0
"Suite Dante, with frescoes",Marina,Private room,111.0
Appartamento alla Fortezza Medicea,Nicola,Entire home/apt,137.0
I NAVICELLAI apartment tram & park 8’ to center,Elisabetta,Entire home/apt,162.0
Apartment a few step from Duomo Square,Emanuele,Entire home/apt,202.0
Guest House Palazzo D'Ambra,Francesco,Entire home/apt,212.0
Large apartment with beautiful view over Florence,Simone,Entire home/apt,169.0
Ginella la casa vintage camera dei ventagli,Angela,Private room,
"CASA SAN LORENZO
The Guest room",Lisa,Private room,
Belle Donne Anita Apartment by Mamo Florence,Mamo,Entire home/apt,310.0
Lambertesca Loft By MMega,MMega Homes And Villas,Entire home/apt,176.0
"Dimora dei Cerchi, between Duomo&Uffizi",Elena,Entire home/apt,195.0
Confortevole appartamento in piazza della Passera,Stefano,Entire home/apt,113.0
Apartment near center free private parking,Jacopo,Entire home/apt,116.0
Casa Cosi - Maria Novella,Casa Cosi Italy,Entire home/apt,277.0
Il giardino di Lilly @giardinodilly,Ninna Nanna,Entire home/apt,455.0
Matrimoniale con bagno privato,Olga,Private room,
Giulietta Suite - New Flat in Santa Maria Novella,Jacopo,Entire home/apt,219.0
Lungarno187,Giovanni,Entire home/apt,121.0
Giselle Suite - New Flat in Santa Maria Novella,Jacopo,Entire home/apt,201.0
Battistero Apartment,Istay,Entire home/apt,177.0
Designer Apartment with Breathtaking Views,Dan,Entire home/apt,190.0
Super luxe loft apartment on the Arno with terrace,Dan,Entire home/apt,149.0
Luxury Apartment Santo Spirito Florence,Vincenzo,Entire home/apt,149.0
Servi Suite,Federico,Entire home/apt,194.0
"Luxury Loft with Office Space, Garden, and Parking",Gio E Stefi,Entire home/apt,367.0
Adelaide House,Grazia,Private room,124.0
Renascentia penthouse with terrace,Luca,Entire home/apt,778.0
Tonino's home with  private parking,Tonino,Entire home/apt,153.0
SANTAELISABETTAfirenze,Cristian,Entire home/apt,468.0
Camera matrimoniale privata a Firenze (centro),Manuela,Private room,47.0
"g&d house.pretty modern ,free parking & terrace",Giammaich,Entire home/apt,127.0
San Niccolò Loft By MMega,MMega Homes And Villas,Entire home/apt,162.0
Terrace with a view,David,Entire home/apt,616.0
"Soggiorno Ai Cappe, Cozy Apartment & Free Parking",Franco,Entire home/apt,
La casa di Ilaria e Sara,Anto,Entire home/apt,107.0
Albizi 6 Duomo Views - 2 Bedroom 2 Bathroom,Apartments_Florence,Entire home/apt,340.0
Urban Loft in the Heart of Florence | by Acacia®,Acacia Firenze,Entire home/apt,
Studio Santa Croce in the Heart of Florence,Mario,Entire home/apt,127.0
Home Sweet Home Flo 8 minutes walking from Duomo,Alessandra,Entire home/apt,364.0
Casa Lorenzo,Lorenzo,Entire home/apt,
Apartment in Florence,Stefania,Entire home/apt,127.0
"Guests say: “In person, it’s simply breathtaking.”",William,Entire home/apt,1691.0
Casa Belcanto,Silvia,Entire home/apt,
Principi Apartment,Beatrice,Entire home/apt,212.0
Casa Gallo Firenze:a corner of relax in the center,Amedeo,Entire home/apt,177.0
"Quiet, bright & cozy flat (Beccaria/Sant'Ambrogio)",Coral,Entire home/apt,
Pretty Florence,Valentina,Entire home/apt,26.0
Evelin 1,Valentina,Private room,
The Florence Attic,Riccardo,Entire home/apt,222.0
"Ponte Vecchio Newly restyled flat, Walk Everywhere",Niccolo,Entire home/apt,203.0
Camera doppia indipendente in centro a Firenze,Elisabetta,Private room,133.0
Elegant Historic Flat Frescoed Ceiling A/C  Centre,Gregory,Entire home/apt,223.0
Colorful Pied-à-Terre,Eleonora,Entire home/apt,128.0
Lovely flat a few step away  from  Duomo square,Emanuele,Entire home/apt,
Piazza Salvemini Elegant,Sid,Entire home/apt,239.0
Bright Apt in a Central Florentine Medieval Tower,Cristina,Entire home/apt,189.0
WelcHOME in Florence! 7 Santi charming and bright,Alessandro & Roberta,Entire home/apt,110.0
Isotta apartment Florence ❤️,Chiara,Entire home/apt,269.0
Prati charming apartment,Francesco,Entire home/apt,191.0
Pontormo By MMega,MMega Homes And Villas,Entire home/apt,156.0
La Casetta dei Tucani: Loft in Santa Croce,Andrea,Entire home/apt,119.0
Gelsomino 74 - Gold boutique apartment,Silvia,Entire home/apt,141.0
Gilbe One Apartment by Mamo Florence,Mamo,Entire home/apt,218.0
"Studio Apartment in the heart of Florence, Firenze",Andrea,Entire home/apt,80.0
Stanza Bohémien a 10 min da Piazza Santa Croce,Francesca,Private room,86.0
New&Strategic studio ap.in the heart of CityCenter,Olfrid,Entire home/apt,155.0
At Sitornino: how to feel at home in Florence,Guido,Entire home/apt,841.0
Uffizi Charming Apartment,Simona,Entire home/apt,170.0
Wine Apartments Florence Moscato,Wine Apartments Florence,Entire home/apt,275.0
Sara's place,Sara,Entire home/apt,131.0
The Mirrors' House at THE PONTE VECCHIO,Alessandro,Entire home/apt,414.0
Charming on the River,Antonella,Entire home/apt,211.0
Florence big terrace monuments view,Lorenzo,Entire home/apt,331.0
GuestHost - Piazza della Signoria Central Flat,Vincenzo,Entire home/apt,156.0
Casa Ferruccio-Painter's house in Ponte Vecchio,Gessica,Entire home/apt,257.0
La dimora del Pittore,Wanda,Entire home/apt,175.0
Signoria Deluxe Studio-2 people in Signoria Square,Chiara,Entire home/apt,228.0
San Lorenzo Apartment,Mari,Entire home/apt,165.0
NEW:  Total white sui tetti di Firenze,Francesco,Entire home/apt,223.0
Keys of Italy -TGamma5-Luxury Apt Fashion District,Keys Of Italy,Entire home/apt,195.0
"Loft Boutique Suite, Santa Croce, Florence, WIFI",Aris,Entire home/apt,176.0
Santo Spirito cosy apartment,Silvia E Cosimo,Entire home/apt,
Salon. Elegant bright and spacious apartment,Alessandra,Entire home/apt,358.0
"The little ""Griffes"" in the center of Florence",Monica,Entire home/apt,
New Sweet Florence - 4bdr/2bthr near Belfiore,Antonella,Entire home/apt,233.0
New Absolute Beauty Ponte Vecchio with Jacuzzi!,Costasangiorgio Srl,Entire home/apt,
Incredible Frescoed Apartment next to Uffizi,Peggy,Entire home/apt,457.0
Enchanting Oliver's Apartment,Giacomo,Entire home/apt,194.0
I BIANCHI apartment wifi A/C lift,Marco,Entire home/apt,128.0
Duomo Suite Central Home,Luca,Entire home/apt,114.0
Lorenzo Apartment,Cristina,Entire home/apt,115.0
Frescoed Apt • Balcony • Near Duomo,Olivier E Silvia,Entire home/apt,203.0
"B&B Palazzi, Stanza reale",B&B Palazzi,Private room,246.0
FLORENTIA apartment wifi A/C lift,Marco,Entire home/apt,139.0
Raffaello by the Duomo by Charming Italy Tour,Cinzia Chiaramonti,Entire home/apt,429.0
"B&B Palazzi, Stanza corsini",B&B Palazzi,Private room,252.0
"Panoramic top suite , Oltrarno Florence",Barbara,Entire home/apt,163.0
BETTA'S HOUSE,Benedetta,Entire home/apt,189.0
"B&B Palazzi, Stanza petraia",B&B Palazzi,Private room,246.0
"B&B Palazzi, Stanza quiete",B&B Palazzi,Private room,64.0
Michelangelo by the Duomo - Charming Italy Tour,Cinzia Chiaramonti,Entire home/apt,172.0
Panoramic Suite near Duomo and Station,Edoardo,Entire home/apt,204.0
Loft in the hills of Florence.,Enrico Maria,Entire home/apt,180.0
Tiziano by the Duomo by Charming Italy Tour,Cinzia Chiaramonti,Entire home/apt,172.0
Leonardo al Duomo by Charming Italy Tour,Cinzia Chiaramonti,Entire home/apt,172.0
Parione Roof Terrace by Mamo Florence,Parione Roof Terrace,Entire home/apt,315.0
La Casina di San Frediano,Francesca,Entire home/apt,129.0
La perla di San Frediano,Silvia,Entire home/apt,373.0
CASA SUSY,Susy,Entire home/apt,103.0
7 minuti dal centro FIRENZE- LOVELY green apt,Natalia & Alberto,Entire home/apt,
Elison house centralissimo 3 camere 3 bagni A/C,Sibilla Peccerini,Entire home/apt,301.0
Adorable Florence Apartment,Michele,Entire home/apt,137.0
The Ginori Apartment,HouseFlo,Entire home/apt,158.0
Attic with amazing view in the heart of Florence,Eleonora,Entire home/apt,337.0
Beautiful City View Apartment with FREE Garage,Massimo,Entire home/apt,175.0
Ponte Vecchio Suite 5* | Lift | Center of Florence,Federica Maria,Entire home/apt,316.0
Le Grazie Suite 2 in Best location of Florence,Andrew,Entire home/apt,223.0
Casetta del Ponte alle Riffe - Firenze,Gabriele,Entire home/apt,95.0
Amorino 5 - Attico Amorino,Istay,Entire home/apt,132.0
Sophisticated home,Alessandra,Entire home/apt,571.0
"GuestHost - Central Flat - Arno, Station and Duomo",GuestHost - Welcome To Italy,Entire home/apt,104.0
TRA L'ARNO E PIAZZALE MICHELANGELO,Chiarina,Entire home/apt,57.0
"Oltrarno Lily suite , Firenze",Barbara,Entire home/apt,163.0
WelcHome in Italy: Santa Croce suite,Erika,Hotel room,161.0
WelcHome in Italy: Santa Croce for families,Erika,Entire home/apt,164.0
2BR • Penthouse • Sublime Rooftop • Uffizi Gallery,Donatella,Entire home/apt,566.0
I ROSSI apartment wifi A/C lift,Marco,Entire home/apt,124.0
I VERDI apartment wifi A/C lift,Marco,Entire home/apt,135.0
"Florence Comfort B&B, Stanza doppia o letti sin...",Mattia,Private room,114.0
Cozy studio in the hearth of Florence,Lisa,Entire home/apt,142.0
A PortaRomana con parcheggio e giardino,Nicolo,Entire home/apt,96.0
Attico Rooftop DAFstudio706,Saverio,Entire home/apt,133.0
Tony 4/4  House,Marco,Entire home/apt,112.0
ATTICO ROOFTOP DAFstudio709,Saverio,Entire home/apt,140.0
Mosca cieca.. close your eyes and dream..,Adrian Tiziano,Entire home/apt,206.0
Lucernario sui tetti del XVI sec. in Santo Spirito,Tiziana,Entire home/apt,175.0
Little box house,Elly,Entire home/apt,139.0
SweetGuelfa: Camera Singola con bagno privato,Ilaria Ginevra,Private room,114.0
SAN LORENZO LUXURY APARTMENT,Niccolò,Entire home/apt,154.0
Medieval house,Giulio,Entire home/apt,143.0
Monolocale Fiorentino 1,Villa Aruch,Entire home/apt,127.0
Il piccolo rifugio a Firenze,Gloria,Entire home/apt,132.0
"Eco-friendly, deluxe home in the Heart of Florence",Daniela,Entire home/apt,133.0
Luminoso Attico con vista su giardini di Firenze,Pietrapiana,Entire home/apt,239.0
Residenza il Conte Verde,Sted Immobiliare,Entire home/apt,326.0
Timo · Suite at Accademia | by Acacia®,Acacia Firenze,Entire home/apt,185.0
LOFT!!! Luminoso e appena ristrutturato :),Pietrapiana,Entire home/apt,238.0
Smell the Rosemary on a Balcony Next to Santa Croce Square,Marella,Entire home/apt,155.0
Peruzzi Heaven,Federico,Entire home/apt,201.0
Lungarno Vespucci by Charming Italy Tour,Cinzia Chiaramonti,Entire home/apt,394.0
La Casa di Rita,Carol,Entire home/apt,100.0
Travellers' Nest: your cozy haven in my quiet home,Cristiano,Entire home/apt,73.0
Vecchietti Mezzanino,Istay,Entire home/apt,101.0
Appartamento La Ninfea,Gianmarco,Entire home/apt,622.0
"Romantic Apt 20 steps from Duomo, UltraFast WiFi.",Fiorenzo,Entire home/apt,200.0
CHARM FLORENCE APARTMENT,Antonella,Entire home/apt,188.0
Appartamento di Design con posto auto privato e internet veloce,Cinzia,Entire home/apt,137.0
Santa Croce by Interhome,Alessandra - Interhome,Entire home/apt,331.0
Santa Croce by Interhome,Alessandra - Interhome,Entire home/apt,477.0
Gli Artisti by Interhome,Alessandra - Interhome,Entire home/apt,181.0
Binario9 Apartment by Mamo Florence,Mamo,Entire home/apt,184.0
Studio Beccaria - 5 mins walking from city center,Giovanni,Entire home/apt,90.0
Stylish Apartment With Views of Piazza Santo Spirito,Anna Clementina,Entire home/apt,242.0
Tornabuoni - Flo Apartments centro storico,Flo Apartments,Entire home/apt,306.0
Autentico appartamento del centro storico,Franco,Entire home/apt,140.0
"Firenze, Domus 19, Camera 3, Matrimoniale Doppia",Guesthouse,Private room,97.0
"Firenze, Domus 19, Camera 5, Matrimoniale Ampia",Guesthouse,Private room,97.0
Scala Apartments - APT2,Yin,Entire home/apt,150.0
Scala Apartments - APT1,Yin,Entire home/apt,138.0
Alfani first floor,Istay,Entire home/apt,109.0
A/C & Central - La Terrazza dell'Arte,Julia,Entire home/apt,236.0
Large apartment with free parking.,Enrico Maria,Entire home/apt,138.0
Camera Accogliente nel Centro Storico di Firenze,Pietrapiana,Entire home/apt,124.0
Alfani second floor,Istay,Entire home/apt,237.0
Ambrogio Apartment,Istay,Entire home/apt,205.0
Room on the roof,Anna,Entire home/apt,93.0
Attico con Terrazza Vista Duomo,Miriam,Entire home/apt,343.0
Cozy apartment near the Duomo,Maria Ausilia Pisano,Entire home/apt,147.0
Timeless beauty in the heart of the city center,Jacopo,Entire home/apt,90.0
Terrazza Suite @ Relais Grand Tour,Ulrike,Private room,275.0
Charming Serragli,Apartments Florence,Entire home/apt,
Superior room Suite Libertà Square,Maurizio,Private room,131.0
Camera con balconcino Suite Piazza Libertà,Maurizio,Private room,126.0
Newly Renovated Studio Historical Center View,Jacopo,Entire home/apt,148.0
Kate Apartment in centro 3 camere da letto 3 bagni,Giusy,Entire home/apt,225.0
Bellaflo: Lovely apt in the heart of Florence,Gianluca,Entire home/apt,219.0
San Lorenzo Baccio Bandinelli,David,Entire home/apt,233.0
Oriuolo 4 in the heart of Florence,Lorenzo,Entire home/apt,129.0
"Fevira Novoli apt-T2 12 min city center, A/C",Federica,Entire home/apt,117.0
Oriuolo 2 in the heart of Florence,Lorenzo,Entire home/apt,146.0
Villoresi Apt. 1,Federico,Entire home/apt,191.0
DRAGO D'ORO SUITES,Policos,Entire home/apt,306.0
Oriuolo 3 in the heart of Florence,Lorenzo,Entire home/apt,157.0
Lovely flat in the historical Palazzo Gherardi,Alessandro,Entire home/apt,154.0
Wally's apartment with terrace in San Frediano,Matteo,Entire home/apt,217.0
Oriuolo 1 in the heart of Florence,Lorenzo,Entire home/apt,140.0
Mercato Centrale Sweet By MMega,MMega Homes And Villas,Entire home/apt,156.0
Una finestra sulle Cappelle Medicee By MMega,MMega Homes And Villas,Entire home/apt,151.0
Ancient apartment near the city center.,Enrico Maria,Entire home/apt,172.0
San Cristofano / Santa Croce,Apartments Florence,Entire home/apt,
Gem of a loft space with terrace on the Arno,Dan,Entire home/apt,143.0
Honey Home in San Frediano,Anat,Entire home/apt,87.0
Casa San Frediano,Samantha,Entire home/apt,154.0
Residenza Historia - Verrocchio,Residenze D'Epoca Collection,Private room,78.0
Residenza Historia - Alberti,Residenze D'Epoca Collection,Private room,88.0
Suite by Side the Dome,Alessio,Entire home/apt,182.0
New Elegant Apartment SMN Station/Duomo,Claudia,Entire home/apt,214.0
Appartamento a 15 minuti a piedi dal Duomo,Olivia,Entire home/apt,176.0
Ponte all'Asse Apartment,Latif,Entire home/apt,133.0
Sveva's Cozy Place - Florence,Sveva,Entire home/apt,173.0
❣ Tuscan styles w/ modern comforts NETFLIX AC WIFI,Enrico,Entire home/apt,614.0
Amazing flat in the heart of Florence,Corinna,Entire home/apt,165.0
Casa accogliente ultimo piano con ascensore!,Pietrapiana,Entire home/apt,157.0
iRoom (1-2people) Florence's center,Angelo,Private room,46.0
DRAGO D'ORO SUITES,Policos,Entire home/apt,290.0
"La Casina, nice living on Florentine hills",Angela,Entire home/apt,91.0
DRAGO D'ORO SUITES,Policos,Entire home/apt,314.0
Art of Porcelain the Historic Centre of Florence,Victoria,Entire home/apt,399.0
"Firenze, Domus 19, Camera 1, Matrimoniale Ampia",Guesthouse,Private room,63.0
"Firenze, Domus 19, Camera 7, Matrimoniale doppia",Guesthouse,Private room,59.0
"Firenze, Domus 19, Camera 8, Matrimoniale doppia",Guesthouse,Private room,59.0
"Firenze, Domus 19, Camera 6, Matrimoniale Ampia",Guesthouse,Private room,57.0
"Firenze, Domus 19, Camera 2, Matrimoniale Ampia",Guesthouse,Private room,97.0
Camera matrimoniale con patio esterno,Francesco,Hotel room,120.0
"House Angela - Camera ""Uffizi""",⁨Angela A.⁩,Private room,
ATTIC Dreamlike Stylish Stunning terrace view x4,Simona&Jacopo,Entire home/apt,244.0
Casa con balcone e affaccio su monumenti,Pietrapiana,Entire home/apt,
Cappelle Medicee-apartment with super view !!,Sergio,Entire home/apt,254.0
Casina in Florence,Allegra,Entire home/apt,217.0
Donatello Design Apartment  - 100 m from Center,Giacomo,Entire home/apt,
Bedroom with Private Bathroom Near Center,Giacomo,Private room,
Montebello new apartment,Silvia,Entire home/apt,220.0
Bedroom with Bathroom & Parking Near Center,Giacomo,Private room,
Punto Viola Appartments - Florence,PuntoViola,Entire home/apt,100.0
Barbi cosy flat,Fabrizia,Entire home/apt,84.0
Una vista romantica su Firenze,Lapo,Entire home/apt,111.0
★★★★★InstaAmore! Quiet & Affordable | Ace Location,Matteo,Entire home/apt,156.0
GuestHost - Michelangelo Room with Kitchen,GuestHost - Welcome To Italy,Private room,78.0
GuestHost - Beatrice Room,GuestHost - Welcome To Italy,Private room,107.0
GuestHost - Botticelli Room with Kitchen,GuestHost - Welcome To Italy,Private room,77.0
GuestHost - Leonardo Room,GuestHost - Welcome To Italy,Private room,72.0
GuestHost - Dante Room with Kitchen,GuestHost - Welcome To Italy,Private room,82.0
Private bathroom & King Size bed near city center,Juan Antonio,Entire home/apt,94.0
Monna Lisetta - apartment with terrace,Lorenzo,Entire home/apt,417.0
Charming Design ✧ Discovering local Treasures!,Andrea,Entire home/apt,109.0
Grand Florence Apartment with Panoramic Terrace,Sea N Rent,Entire home/apt,981.0
Duomo Rooftop Views | Bright Loft Living,Sea N Rent,Entire home/apt,287.0
Romantic Florence Loft with Charming City Views,Sea N Rent,Entire home/apt,276.0
A Stylish Oasis for Your Florence Stay,Sea N Rent,Entire home/apt,388.0
Relaxed & Stylish Stay in Florence’s Heart,Sea N Rent,Entire home/apt,254.0
Romantic Florence Loft with Duomo & Rooftop Views,Sea N Rent,Entire home/apt,295.0
Historic Florence Stay with Rooftop & Duomo Views,Sea N Rent,Entire home/apt,596.0
Unique Rooftop Apartment Steps from Duomo,Sea N Rent,Entire home/apt,352.0
Modern Charm | 2BR in the Heart of Florence,Sea N Rent,Entire home/apt,361.0
VIA LAURA RELAXING APARTMENT FIRENZE,Francesca,Entire home/apt,227.0
Accogliente appartamento Careggi Rifredi,Paola,Entire home/apt,104.0
Classic Italian Luxury Meets Modern Comfort,Sea N Rent,Entire home/apt,657.0
Central Redone Private Room with Own Entry & Bath,Giacomo,Private room,
Best Location Rooftop and Pitti Palace View,Sea N Rent,Entire home/apt,418.0
Elegant Florence Palace Stay with Piazza Views,Sea N Rent,Entire home/apt,390.0
Tuscan Charm Loft with Duomo Rooftop Views,Sea N Rent,Entire home/apt,166.0
"Apt historic centre, close to the cathedral duomo",Paolo,Entire home/apt,200.0
Vigna Nuova Rucellai Home and Florence,Alessandro,Entire home/apt,203.0
Luminoso Open Space nel Cuore di Firenze,Pietrapiana,Entire home/apt,140.0
Casa Giardina,Maria Rita,Entire home/apt,142.0
Mdr Duomo Lilac Apartment next to Duomo,MDR By Ciao Florence Tours,Entire home/apt,185.0
"Space, comfort and beauty near Ponte Vecchio",Grandma Wilma,Entire home/apt,205.0
Sant'Egidio Suite nel cuore di Firenze,Niccolò,Entire home/apt,195.0
Bright penthouse with terrace,Lara,Entire home/apt,
"House Angela - Camera ""Signoria""",⁨Angela A.⁩,Private room,
Ampio Apt con giardino Stazione Campo di Marte,Tommaso,Entire home/apt,142.0
Alloggio Casagrande. / Tuscan  style  house .,Adriana,Entire home/apt,124.0
Florence unità 2 -  con Bagno Privato,Mian,Private room,149.0
Florence Unita 1 -  con Bagno Privato esterno,Mian,Private room,150.0
Double room with private bath in beautiful attic,Priscilla,Private room,72.0
La Finestra su Ponte Vecchio,Duccio,Entire home/apt,257.0
TWO MedievaL Towers- Home&Experience,Monika,Entire home/apt,424.0
Ampia Camera nel Cuore di Firenze,Pietrapiana,Entire home/apt,117.0
Grazia's Florence - Historical Centre,Lorenzo,Entire home/apt,217.0
Maison Flora - Historic home in the Oltrarno area,Matteo,Entire home/apt,352.0
Suite Piazza Duomo Firenze,Ilaria,Entire home/apt,183.0
La casa del cactus - Camera 1,Olga,Private room,103.0
Florence Libertà apartment with balcony,David,Entire home/apt,152.0
Santa Croce Terrace Luxury Nest,Alessandro,Entire home/apt,395.0
David Museum 6 sleeps house,Lorenzo,Entire home/apt,233.0
Lovable Top Floor Studio Ponte Vecchio + Lift,Lorenzo,Entire home/apt,93.0
La casa del cactus - Camera 2,Olga,Private room,149.0
La casa del cactus - Camera 3,Olga,Private room,91.0
Rossini Apartment With private Entrance,Sid,Entire home/apt,134.0
Il Carmine,Michele E Caterina,Entire home/apt,121.0
Drom Comfort Double Room,Clodi,Private room,145.0
"Double room in the historic center of Florence,C3]",Gianmarco,Private room,115.0
"Via Ricasoli apartment, next to Accademia",Corso,Entire home/apt,371.0
Santo Spirito penthouse with elevator,Easy BNB,Entire home/apt,185.0
!NEW!  Teatro Luxury  2 Bed 2 bath,ApartmentsFlorence,Entire home/apt,
Benci Fresco next to Piazza Santa Croce,Egla,Entire home/apt,367.0
Double/Triple Bedroom with Private Bathroom,Zen Home Zone,Private room,
"Spazioso, Luminoso e Appena Ristrutturato !!!",Pietrapiana,Entire home/apt,255.0
Appartamento dietro Santa Croce,Andrea,Entire home/apt,108.0
PAINTER house/casa BARTHEL,Elena,Entire home/apt,430.0
Private room with amazing Duomo view in Florence(1,Gianmarco,Private room,74.0
Private twin bed room in the heart of Florence[C4],Gianmarco,Private room,97.0
Situato nel centro storico Fiorentino,Daniel,Entire home/apt,183.0
Spada Apartment,Riccardo,Entire home/apt,173.0
"TiNY studio in Medieval tower, heart of Florence!",ItalyAnna. Guide,Entire home/apt,90.0
"Heart of Florence Apartment, Firenze",Andrea,Entire home/apt,108.0
A few steps from Old Bridge,Lorenzo,Entire home/apt,119.0
Lovely Porta Romana Florence Polimoda,Fabrizio,Entire home/apt,139.0
Modern and ancient in the shadow of the Cathedral,Salvatore,Entire home/apt,153.0
Casa Ornella Firenze un gioiellino in centro,Ornella,Entire home/apt,121.0
NEW apartment / Dafne Home,Marco,Entire home/apt,82.0
Ponte Vecchio Private Terrace Romantic Hideaway,Francesco,Entire home/apt,450.0
Dimora Palazzi,B&B Palazzi,Entire home/apt,
"Dimora Bellosguardo, Florence",Donato,Entire home/apt,2571.0
Borgostella apartment overlooking the rooftops,Alessandra,Entire home/apt,230.0
Florence Concierge-WALKING FLORENCE,Monika,Entire home/apt,137.0
AJ Luxury Duomo View,Silvia,Entire home/apt,571.0
Firenze alloggio,Massimo,Private room,8.0
Boutique Hotel - Room With Balcony C6,Florjan,Hotel room,127.0
Boutique Hotel - Deluxe Private Room C1,Florjan,Private room,181.0
Boutique Hotel - Luxury Private Room C4,Florjan,Private room,181.0
"Your ""green nest"" in the heart of Florence.",Elena,Entire home/apt,250.0
The House of Happy Hours with Terrace,Nadja Maria,Entire home/apt,197.0
De' Macci Loft,Giacomo,Entire home/apt,172.0
Santa Maria Novella Station Florentine Apartment,Sara,Private room,179.0
Little garden 1,Giuseppina,Private room,94.0
A Romantic Retreat in Florence.,Elena,Entire home/apt,258.0
"Lo Studiolo, vicino al Duomo",Sara,Entire home/apt,91.0
cathedral on foot-the cathedral is just one second,Luca,Entire home/apt,186.0
Buonarroti Apartment by Mamo Florence,Mamo,Entire home/apt,209.0
David Apartment by Mamo Florence,Mamo,Entire home/apt,303.0
Central Market Apartment near the station,Elena,Entire home/apt,199.0
Florence Fiorino Apartment,Leonardo,Entire home/apt,153.0
Umamma - San Miniato - 25 min. from Florence,Giovanni,Entire home/apt,1065.0
Bright House with Terrace in Santa Croce,Beatrice,Entire home/apt,157.0
Tiche Antica stanza nel centro storico di Firenze,Tina,Private room,74.0
"Silent & bright, beautiful view room in center 2",Tina,Private room,68.0
la casa di Fonzie,La Casa Di Fonzie,Entire home/apt,115.0
Castelnuovo Flat with Elevator and Free Parking,Olena,Entire home/apt,137.0
Benedetta Ancient Residence in centre of Florence,Yana,Entire home/apt,228.0
"L&D LUXURY SUITES, Ognissanti square",Leonardo,Entire home/apt,222.0
Elegant apartment in the perfect location,Domenico,Entire home/apt,409.0
Scala Family home with garden/Apart. ground floor,Saša,Entire home/apt,293.0
Scala Family Home with terrace/Apartment 1st floor,Saša,Entire home/apt,287.0
Il loft di Nina (intero alloggio indipendente),Cinzia,Entire home/apt,120.0
"camera via dell'ariento,6,bagno privato+1capuccino",Cristina Montelatici,Private room,87.0
Sant'Ambrogio Navy Loft,Giacomo,Entire home/apt,811.0
La perla fra i giardini,Alessio,Entire home/apt,163.0
"Medici chapels apartment, near the Duomo!!!",Sergio,Entire home/apt,234.0
Martina Garden House,Massimo E  Ilaria,Entire home/apt,156.0
ONLY 10 min. from city Center. Comfortable & Easy.,Illya,Private room,80.0
Carapelli 2,Federico,Entire home/apt,195.0
Vespucci house: between airport and city center,Rita,Entire home/apt,105.0
Dimore d'Oro app.n.4-Oltrarno area,Cristina,Entire home/apt,227.0
ALEX’S HOUSE Signoria,Lorella,Entire home/apt,194.0
We Boutique LOFT Terrace 5 minutes Duomo,We,Entire home/apt,149.0
Casa di Paola- historical centre,Paola,Entire home/apt,806.0
Historische Eleganz im Herzen der Altstadt,Katja,Entire home/apt,155.0
Il nido - Cozy studio apartment in Santa Croce,Gianmarco,Entire home/apt,149.0
"Casa Ferroni
Monolocale 
Centro storico Firenze",Giacomo,Entire home/apt,92.0
Modern Duomo View By MMega,MMega Homes And Villas,Entire home/apt,174.0
Le nove muse guesthouse smart room,Andrea,Private room,99.0
Large Bedroom with Private Bath Near Center,Giacomo,Private room,
Carapelli 3,Federico,Entire home/apt,234.0
"Super central: 2 bedrooms, 2 bathrooms, 2 exta bed",Dario,Entire home/apt,193.0
Appartamento Casa Cora,Yara,Entire home/apt,132.0
Room in the heart of Florence,Luigi,Private room,69.0
Villa Tre Pini,Lior,Entire home/apt,
"B&B di Il Giglio Rosso, Appartamento 5 camere e...",Il Giglio Rosso,Entire home/apt,171.0
Appartamento Torre / Tower Apartment,Claudia,Entire home/apt,329.0
Cozy Room Barbara's home,Barbara E Matteo,Private room,94.0
A&G - Elegant&Romantic Apt near Santa Croce,A&G Home In Florence,Entire home/apt,327.0
Appartamento Vista Giardino/Garden View,Claudia,Entire home/apt,320.0
Residenza De Boni Spacious Apartment near Duomo,Andrea,Entire home/apt,364.0
Duomo 2 Bedroom Apartment,Alessandro,Entire home/apt,190.0
Camera dei Desideri!,Pietrapiana,Entire home/apt,
Carapelli 4,Federico,Entire home/apt,152.0
Nice Cosy Room in Piazza San Jacopino,Miss Welcome- Help Housing,Private room,49.0
Zanobi 66,Istay,Entire home/apt,172.0
Apple 3/4 - Loft,Marco,Entire home/apt,105.0
Breathtaking view from romantic nest in citycenter,Luca,Entire home/apt,238.0
Borgo San Lorenzo 11,Istay,Entire home/apt,465.0
Charming apartment in the heart of Florence,Luna,Entire home/apt,95.0
Come a casa,Giusy,Private room,
Lara's Apartment in Florence,Lara,Entire home/apt,719.0
"Art Room with Garden, 15 min from Duomo",Linda,Private room,100.0
"Private Room & Bath, A/C, 15 min Duomo",Linda,Private room,100.0
"Garden Room, Historic Florentine Apt, 15 min Duomo",Linda,Private room,103.0
BORGO SAN FREDIANO Suites - blu petrolio,Jacopo,Entire home/apt,106.0
"Attico sui tetti,  Attic in historic city center",Francesca,Entire home/apt,156.0
Stanza singola in appartamento condiviso,Oleksandra,Private room,90.0
Palazzo Gherardi apartment in historic residence,Alessandro,Entire home/apt,970.0
Ginori Terrace - Italian Nights Collection,Italian Nights,Entire home/apt,258.0
Brick ‘n Chic,Francesco,Entire home/apt,146.0
Florence styled apartment in the historical center,Emma,Entire home/apt,102.0
Boboli Loft,Francesco,Entire home/apt,129.0
Apartment Garden 24,Luigi,Entire home/apt,463.0
OltrArno Experience Suites,Daniele,Entire home/apt,183.0
elegante appartamento,Raissa Ides,Entire home/apt,
Buena Onda Firenze,Federico,Entire home/apt,196.0
Annina's House in the center of  Florence.,Anna,Entire home/apt,146.0
Elegant apartment in the heart of Florence,Tommaso,Entire home/apt,
❤️ Vittoria Apartment,Vittoria,Entire home/apt,147.0
"Porta Alla Croce Guest House, Camera tripla con...",Ada & Sergio,Private room,116.0
Toscanella a un minuto del Palazzo Pitti!,Eliane,Entire home/apt,198.0
Porta al Prato Apartment,Elena,Entire home/apt,150.0
Scala Top Floor,Ivana,Entire home/apt,143.0
Evelin 3,Valentina,Private room,14.0
Belfiore Apartment + parking next to centre,Marialaura,Entire home/apt,123.0
Giotto Deluxe 1 minute from the Duomo,ApartmentsFlorence,Entire home/apt,715.0
NEW!!  Brunelleschi Stylish - 1 min from Duomo,ApartmentsFlorence,Entire home/apt,
Appartamento Accogliente con affaccio su Giardino,Pietrapiana,Entire home/apt,150.0
Lovely single bedroom in Industrial Apartment,Sara,Private room,60.0
"Guest house ""CASA MIA"" : la tua casa a Firenze.",Maridana,Entire home/apt,99.0
Pretty house with garden at 5 min walk from David,Pierguido,Entire home/apt,150.0
Cozy apartment close to the center and  tram stop,Sabina,Entire home/apt,82.0
Luminous apartment near Boboli garden,Alessio,Entire home/apt,128.0
Romantic Pitti By MMega,MMega Homes And Villas,Entire home/apt,158.0
Drago d'Oro Suites 101,Policos,Entire home/apt,486.0
Loft studio nel cuore di Firenze - Casa Angeli,Lilia,Private room,110.0
Ampio e Nuovo Appartamento in Centro,Pietrapiana,Entire home/apt,
"Camera Matrimoniale, Spaziosa e Nuovissima!",Pietrapiana,Entire home/apt,125.0
Room 1 historical center Florence S. Maria Novella,Caterina,Private room,117.0
Florence City Suite,Elisabetta,Entire home/apt,160.0
Room 2 historical center Florence S. Maria Novella,Caterina,Private room,116.0
Indipendent Apt with Terrace & Parking,Lisa,Entire home/apt,110.0
"Suite in the Chapel, Center of Florence",Caterina,Private room,120.0
Central Room in Florence S.M.N. with Garden View,Caterina,Private room,107.0
Historic Fresco Room in a Florentine Palazzo,Gregory,Private room,117.0
Ponte Vecchio 4 Bedrooms,Roberto,Entire home/apt,
Charming terrace in Florence.,Franca,Entire home/apt,137.0
Casa Dami,Maurizio,Entire home/apt,214.0
"Palazzo Lombardo, Palazzo Lombardo - Superior R...",⁨Tiziana N.⁩,Private room,99.0
"Palazzo Lombardo, Palazzo Lombardo - Deluxe Rooms",⁨Tiziana N.⁩,Private room,95.0
"Palazzo Lombardo, Camera Classic Doppia - Liberty",⁨Tiziana N.⁩,Private room,99.0
Keys of Italy -F6 Santa Croce one bedroom flat,Keys Of Italy,Entire home/apt,120.0
Keys of Italy -F5 Santa Croce one bedroom flat,Keys Of Italy,Entire home/apt,126.0
Green Chic Flat in Centre. Near the Train Station,Edo & Rita,Entire home/apt,194.0
Piccolo Poggio Apartments,Simone,Entire home/apt,332.0
Logement entier Salviatino Flat,Claudia,Entire home/apt,87.0
Villa in the city,Villino Fiorentino,Entire home/apt,1350.0
Apartment in Central Florence,Teresa,Entire home/apt,202.0
Duomo Great View Apartment,Cristina E Raffaele,Entire home/apt,255.0
Monolocale da sogno!,Manuela,Entire home/apt,53.0
Pontevecchio suite with view,Luca,Entire home/apt,306.0
In the heart of Florence,Fabio,Private room,21.0
Scala Studio Apartment,Ivana,Entire home/apt,135.0
We Silent White Suite 5 min Duomo,We,Entire home/apt,120.0
We Terrace Mini Suite Florence 5 min Duomo,We,Entire home/apt,111.0
"Opera Boutique B&B, Superior double room",Evm Srl,Private room,168.0
"Opera Boutique B&B, Deluxe double room",Evm Srl,Private room,135.0
Relais Bargello Suite w/ 2 bathrooms,Dario,Entire home/apt,171.0
Loft Servi,Giada,Entire home/apt,240.0
Bilocale Careggi,Valentina,Entire home/apt,172.0
Monolocale con giardino,Vincenti,Entire home/apt,125.0
Historic Apt ☆WIFI☆AC☆Top Location☆Walk Everywhere,Laia,Entire home/apt,259.0
SalOtto : Modern Studio Flat,Yim,Entire home/apt,172.0
Inferno Double,Istay,Entire home/apt,137.0
Romantico Suite view in Piazza Duomo lift WI FI,Stefania,Entire home/apt,262.0
Purgatorio Double,Istay,Entire home/apt,129.0
casabarthel/SAILORMANhouse Near to the city center,Elena,Entire home/apt,229.0
Palazzo Storico accanto Piazza Santa Croce Firenze,Alessandro,Entire home/apt,180.0
Casa Cosi - Castagno,Casa Cosi Italy,Entire home/apt,304.0
Camera Singola 14,Rosario,Hotel room,91.0
Camera Matrimoniale 8,Rosario,Hotel room,140.0
San Niccolò hidden gem suite,Paolo,Entire home/apt,165.0
Twin Room 52,Rosario,Hotel room,130.0
Camera Small 64b,Rosario,Hotel room,120.0
Camera Tripla 20,Rosario,Hotel room,130.0
Camera Quadrupla 18,Rosario,Hotel room,170.0
Relais Bargello Studio,Dario,Entire home/apt,154.0
Stanza vicina al Centro Storico,Vinícius,Private room,68.0
Marvellous bright Renaissance room,Filippo,Entire home/apt,116.0
Two Medieval Towers-Home&Experience,Monika,Entire home/apt,156.0
"Opera Boutique B&B, Junior Suite",Evm Srl,Private room,135.0
“Casa VAle”:bright new 2bed flat@Talenti tram stop,Rosalba,Entire home/apt,130.0
The View of Sangiorgio,Mattia,Entire home/apt,309.0
Novella White Lily Apartament,Novella House,Entire home/apt,130.0
La Grande Bellezza... Firenze!,Eva,Entire home/apt,325.0
"VILLINO FIORENTINO, DELUXE KING ROOM WITH BALCONY",Villino Fiorentino,Hotel room,185.0
"The Villino Fiorentino, Master deluxe king room",Villino Fiorentino,Hotel room,204.0
"Opera Boutique B&B, Classic double room",Evm Srl,Private room,135.0
Borgo Pinti Angels,Apartments Florence,Entire home/apt,
Apartment Dante,Lorenzo,Entire home/apt,96.0
Giardino D'Azeglio Locazione Turistica Suite 2,Ilaria,Entire home/apt,178.0
La Loggetta,Silvia,Entire home/apt,102.0
Borgo San Frediano suites - verde lago,Jacopo,Entire home/apt,122.0
Cavour Suite Mezzanine by 360 Rentals,Andrea Frua De Angeli,Entire home/apt,250.0
Blue Rose Loft - Urban Art in San Frediano,Niccolò,Entire home/apt,122.0
Giardino D'Azeglio Locazione Turistica Suite 1,Ilaria,Entire home/apt,200.0
"Residenza Cecchi B&B Florence, Double Room San Gi.",Irene,Private room,130.0
PERGOLA  GARDEN APARTMENT,Francesca,Entire home/apt,175.0
apartment with outdoor space Dani,Daniela,Entire home/apt,103.0
Il Magnifico,Lorenzo,Entire home/apt,275.0
Amazing Flat in Santo Spirito Quarter,Irene,Entire home/apt,200.0
ArchitectHouse-Apartment in the heart of S.Spirito,Libera Maria Antonietta,Entire home/apt,148.0
The Lion House Piazza Signoria Free parking,Donna,Entire home/apt,146.0
Peruzzi Apartment,Giulio & Veronica,Entire home/apt,175.0
Palazzo Capponi-apt Todorow,Sebastiano,Entire home/apt,416.0
Vivi Firenze nel cuore del suo centro storico,Maria,Entire home/apt,55.0
Delightful apartment in downtown with terrace,Federico,Entire home/apt,174.0
Room 45. Rent Room in Florence. Room1,Daniele,Hotel room,140.0
Room45. Guesthouse in historic center of Florence,Daniele,Hotel room,120.0
Room45 - Guesthouse in centro Firenze. Room 3,Daniele,Hotel room,150.0
"Residenza Cecchi B&B Florence, Santo spirito",Irene,Private room,130.0
"Residenza Cecchi B&B Florence, Cozy Florentine ...",Irene,Private room,123.0
Suite Oltrarno,Ivana,Entire home/apt,157.0
Charming apartment in the very heart of Florence,Laura,Entire home/apt,145.0
Todescan Duomo Terrace - Italian Nights Collection,Italian Nights,Entire home/apt,333.0
Charming apartment in Santa Croce,Chiara,Entire home/apt,224.0
Santa Croce Fantastic apartment,Simone,Entire home/apt,123.0
Elegance in Santa Maria Novella,Anna,Entire home/apt,343.0
Stella House in the heart of ancient Florence,Marina,Entire home/apt,177.0
Santa Croce Luxury 2 Bedroom,Alessandro,Entire home/apt,176.0
"Appartamento Pepi-Duomo, Santa Croce",Marcello,Entire home/apt,156.0
EE FLORENCE LUXURY APARTMENT,Eros,Entire home/apt,201.0
Melograni Appartment,Simone,Entire home/apt,152.0
Calisti's Apartment -  Fortezza/SMN station,Elisa Maria,Entire home/apt,
Big Central Room ap withTerrace,Mattia,Private room,60.0
"Santa Croce. Quiet, large and luminous loft",Simone,Entire home/apt,151.0
Acacia Firenze - Te' Verde,Acacia Firenze,Entire home/apt,195.0
Appartamento in campagna  a 10 minuti dalla città,Manuela,Entire home/apt,246.0
Peruzzi Apartment,Egla,Entire home/apt,187.0
Room in the heart of Florence,Luigi,Private room,69.0
"Dreamlike view, New Stylish Modern Central Cozy",Simona&Jacopo,Entire home/apt,157.0
Roomy&luxurious vicino al Duomo.,Simone E Silvia,Entire home/apt,22.0
Le nove muse guesthouse room classic,Andrea,Private room,105.0
Lenovemuse guesthouse  superior with terrace,Andrea,Private room,116.0
Casa luminosa nel verde di Firenze,Chiara,Entire home/apt,120.0
Borgo Pinti Garden Suite,Antonio,Entire home/apt,108.0
Borgo Pinti Garden suite Florence,Antonio,Entire home/apt,131.0
"!NEW-Duomo Contemporary, steps from the Duomo!",ApartmentsFlorence,Entire home/apt,521.0
Large and bright room in quiet area,Rosanna,Private room,24.0
Stanza privata luminosa in zona tranquilla,Rosanna,Private room,
Large and bright room close to center,Rosanna,Private room,23.0
Firenze da me,Laura,Entire home/apt,117.0
Piacevole appartamento in Piazza Indipendenza,Mario,Entire home/apt,234.0
Nonna Anna apartment,Valentina,Entire home/apt,214.0
Historic Art Flat with Shared Garden,Francesca,Entire home/apt,
Luxury central apartment with amazing terrace,Lucia,Entire home/apt,515.0
"San Frediano ""3rd Floor"" silenzioso e luminoso",Teo,Entire home/apt,137.0
Hill's view terrace apartment,Lorenzo,Entire home/apt,139.0
Ponte Vittoria Apartment,Carmen,Entire home/apt,183.0
The terrace of  R&O the music that goes around!,Rosa,Private room,120.0
Flower Room 2,E.S.D. Di Daniele,Private room,30.0
Villa Marmigliano: Tuscan Countryside Home,Eo,Entire home/apt,
Stylish apartment near Duomo and central station,Daniela,Entire home/apt,246.0
"Camera con bagno, parking   e wi fi - BEST PRICE",Piero,Private room,240.0
Green H- Earth Suite for 2 persons,Federica,Private room,97.0
Moon- Light Suite for 3 people,Federica,Private room,99.0
☆Contemporary Suites☆ Central Ap. Parking & Gym,Beatrice,Entire home/apt,331.0
House of the silversmiths,Teodora,Entire home/apt,96.0
Modern Loft Florence city centre,Filippo,Entire home/apt,281.0
Nerli Prestige By MMega,MMega Homes And Villas,Entire home/apt,233.0
New & stylish apartment with a view on the Duomo.,Edoardo,Entire home/apt,178.0
Ariento House by 360 Rentals,Andrea Frua De Angeli,Entire home/apt,228.0
Central Room & big sunny terrace,Mattia,Private room,61.0
Caterina Apartment - style and personality,Mary,Entire home/apt,135.0
Maria Apartment - Elegance right in the center,Mary,Entire home/apt,194.0
4 rooms in Florence center,Giardinodililly,Entire home/apt,572.0
Nice apart in the centre of Florence with elevator,Sandra,Entire home/apt,220.0
Central flat charming Florence style & patio 欢迎,Roberto&Elena,Entire home/apt,128.0
Santa Croce Terrace (4 bedrooms 4 bathrooms),Iacopo,Entire home/apt,348.0
Casa con private parking alla fermata tranvia!,Margherita,Entire home/apt,137.0
DiFIRENZE Apartment,Alessandro,Entire home/apt,
Charming Moro Big Apartment,Mary,Entire home/apt,422.0
Carlotta Garden House,Massimo E  Ilaria,Entire home/apt,156.0
✧A touch of History✧ in Santa Reparata,Gabor,Entire home/apt,241.0
Opera Apartment by Mamo Florence,Mamo,Entire home/apt,212.0
Ponte Vecchio Studio,Laura,Entire home/apt,127.0
Oltrarno Apartment,Amazing Italian Retreats,Entire home/apt,412.0
camera con bagno nel cuore di Firenze wifi free,Anna,Private room,
Corno Center Firenze,Camilla,Entire home/apt,261.0
"Adorable Flat! relax@home, easily get to Dowtown",Maria,Entire home/apt,
"The House of Books, chic with City View",Elena,Entire home/apt,118.0
La Delizia Fiorentina,Marco,Entire home/apt,137.0
"appartamento Terzo piano senza ascensore, NO wifi",Simona,Entire home/apt,91.0
Appartamento Intimo con Balcone!,Pietrapiana,Entire home/apt,166.0
Tuscan-style apartment facing Duomo,Niccolò,Entire home/apt,268.0
Arco di San Pierino – Heart of Florence,Gianca,Entire home/apt,114.0
Loft in Palazzo Storico,Ginevra,Entire home/apt,168.0
Guelfa Apartament,Alina,Entire home/apt,457.0
"❤️Romantic Home❤️  ""Piazza della Libertà'""",Isabella,Entire home/apt,120.0
"a casa di mena, Verde",Filomena,Private room,66.0
Duomo area with terrace and elevator,Lorenzo,Entire home/apt,312.0
Appartamento Borgo Stella,Filippo,Entire home/apt,137.0
"Nel cuore di Firenze .. Appartamento ""Donatello""",Giulio,Entire home/apt,153.0
Dependance,Villino Fiorentino,Hotel room,180.0
"Flawless Duomo Apartment
San Marco -La Marmora",Maria Salomè,Entire home/apt,189.0
San Niccolo 61,Filippo,Entire home/apt,116.0
Il Mezzanino di Lilli,Eleonora,Entire home/apt,109.0
The Oltrano Nest ( Room with private bathroom ),Lorenzo,Private room,147.0
"Apartment Nèlla, Free reserved Parking",Gabriele,Entire home/apt,131.0
"3BD-3BA DESIGNER APARTMENT, TOP FLORENCE LOCATION!",Francesco,Entire home/apt,548.0
Bellariva Tiny Florence,Alessandro,Entire home/apt,
MINI APARTMENT IN THE TOWER FOR 1 PERSON,Monika,Entire home/apt,118.0
Studio L'Indiano in the hearth of Oltrarno,Carla,Entire home/apt,
Casa Patricia e Luciano,Patrizia,Entire home/apt,103.0
5 Stars Suite with Terrace,Andrew,Entire home/apt,882.0
Il borghetto - monolocale nel cuore di Firenze,Giulia,Entire home/apt,
Design APT in Center Florence,Niccolo,Entire home/apt,127.0
"B&B di DuomoviewBb, Stanza con due letti",DuomoviewBb,Private room,
Luxury Studio Giovanni in Palazzo Branchi,Vittoria,Entire home/apt,230.0
Deluxe Apartment Brunetto in Palazzo Branchi,Vittoria,Entire home/apt,491.0
Tower inn 2,Massimiliano,Entire home/apt,154.0
Appartamento elegantissimo nel cuore di Firenze.,Emanuele,Entire home/apt,247.0
BRAND NEW - Luxury 4 bedroom/4 bathroom at Duomo,Andrea,Entire home/apt,540.0
"Il B&B Casa dei Tintori, Camera Rossa",Riccardo,Private room,156.0
Villa Porta Romana-Family CountryHouse in Florence,Laura,Entire home/apt,382.0
Ghibellina Apartment by Mamo Florence,Mamo,Entire home/apt,137.0
Casa accogliente vicina al centro,Ale,Entire home/apt,72.0
Casa di Gattola,Laura,Entire home/apt,118.0
Bright Top-Floor Tuscan Home · Quiet · New A/C,Daria&Gabriele,Entire home/apt,296.0
Porta Rossa Exclusive Comfort & Location,ApartmentsFlorence,Entire home/apt,
Cozy apartment in San Frediano,Pietro,Entire home/apt,160.0
La casa del mago,Marco,Entire home/apt,137.0
VADO a Firenze! Comfortable apt. near the centre,Vittoria,Entire home/apt,103.0
Deluxe Apartment Ubaldo in Palazzo Branchi,Vittoria,Entire home/apt,410.0
Lovely Room in luxury apartment with Duomo view!!,Giulia,Private room,115.0
Santa Maria Novella 4 bedrooms By MMega,MMega Homes And Villas,Entire home/apt,301.0
Duomo Dreamy Terrace,ApartmentsFlorence,Entire home/apt,369.0
Bilocale 205,Andrea,Entire home/apt,
LOft indipendente con posto auto,Andrea,Entire home/apt,
"Monolocale+parcheggio, spa, terrazza panoramica",Andrea,Entire home/apt,230.0
Santo Spirito Loft,Tommaso,Entire home/apt,252.0
Modern 3BR Flat in San Frediano,Maurizio,Entire home/apt,227.0
appartamento Nuvola Sospesa,Chiara,Entire home/apt,171.0
Ponte Vecchio  New Gunthy Apartment uffizzi,Federico,Entire home/apt,315.0
A casa di Pietro,Alfredo,Entire home/apt,116.0
Dome (View) House,Anna Clementina,Entire home/apt,537.0
Residenza Leone B&B tranviaT2 Novoli Palazzi Rossi,Francesco,Private room,132.0
"La casa di Catia,   Novoli S. Donato Firenze",Catia,Private room,93.0
Brancacci Chapel Apartment FULL STERILIZED,Paolo,Entire home/apt,
Firenze arte rinascimentale passeggiando,Antonella,Entire home/apt,155.0
Casa Allegri :  appartamento  nel cuore di Firenze,Michela,Entire home/apt,177.0
ROOM dreamlike view terrace Lovely cozy&stylish,Simona&Jacopo,Entire home/apt,435.0
"Classy apartment, in Florence City Centre",Rosanna,Entire home/apt,176.0
Stanza accogliente e luminosa vicino a tramvia,Chiara,Private room,63.0
Florence center Duomo,Fabio,Entire home/apt,149.0
"Il Giglio Guest House, semplice ed accogliente",Elina,Private room,105.0
Proconsolo Bargello Apartment by Mamo Florence,Mamo,Entire home/apt,164.0
LUXURIUS  DUPLEX PENTHOUSE IN A MEDIEVAL TOWER,Anna Clementina,Entire home/apt,543.0
Résidence Galileo 2,Modestino,Entire home/apt,613.0
Centrale APT con terrazza a 5min dal Pitti! - [HU],Niccolo,Entire home/apt,121.0
private appartament 2 bedrooms and 2 bathrooms,Leonardo,Entire home/apt,165.0
Via di Mezzo 15,Margherita,Entire home/apt,170.0
Exclusive apartment Florence centre with parking,Ruggiero,Entire home/apt,133.0
Bargello Modern By MMega,MMega Homes And Villas,Entire home/apt,257.0
Appartamento ampio e luminoso,Massimo,Entire home/apt,154.0
Appartamento con Due Camere Matrimoniali :),Pietrapiana,Entire home/apt,306.0
Quiet Attic with terrace near the Duomo,Marco,Entire home/apt,246.0
ANNA’S HOUSE Ponte vecchio,Lorella,Entire home/apt,199.0
Chiasso degli Armati,Istay,Entire home/apt,135.0
Duomo Garden Paradiso,Maurizio,Entire home/apt,366.0
San Lorenzo Market: walk to Station and Cathedral,Lorenzo,Entire home/apt,137.0
Bright and Sunny room in the city center,Tina,Private room,68.0
Ponte Vecchio Renaissance Apartment,Alberto,Entire home/apt,335.0
Oltrarno Suite,Lorenzo,Entire home/apt,198.0
Florence Dream-Centro Storico,Gianluca,Entire home/apt,
San Niccolò alcove near Ponte Vecchio,Renato,Entire home/apt,193.0
Artist’s house,Renato,Entire home/apt,183.0
ENJOY PurpleRoom withPVTbathroom. 2STEPSfromDOME,Olfrid,Private room,149.0
"IRENE house - rustic, quiet in Florence",Fabio,Entire home/apt,86.0
CHARMING FIESOLANA APARTMENT IN HEART OF FLORENCE,Tiziana Ferdinanda,Entire home/apt,204.0
Novella Benedicta Manere,Novella House,Entire home/apt,117.0
Lambert Apartment,Elena Michele,Entire home/apt,482.0
Casa Confortevole con Affaccio su Corte Interna,Pietrapiana,Entire home/apt,219.0
Dante’s house,Tiziana,Entire home/apt,164.0
Spacious Apartament with Daily Cleaning Available!,Roberta,Entire home/apt,331.0
Appartamento con balcone,Sleep Tight Florence,Entire home/apt,164.0
La Casa de Lazarina,Andrea,Entire home/apt,132.0
B&B Air Green Serragli,Jacopo,Entire home/apt,340.0
UN LETTO NEL MIO STUDIO PER CHI è DI PASSAGGIO,Marta,Private room,74.0
Luxury flat cls San Frediano & Santa Maria Novella,Lorenzo,Entire home/apt,144.0
NEW APARTMENT IN FLORENCE CENTRE- FREE CAR PARKING,Elena,Entire home/apt,107.0
"Hotel Costantini, Single Room",Hotel Costantini,Private room,146.0
"Hotel Costantini, Double Room",Hotel Costantini,Private room,106.0
"Hotel Costantini, Double Room Duomo Side View",Hotel Costantini,Private room,195.0
"Hotel Costantini, Triple Room",Hotel Costantini,Private room,179.0
Luxury flat cls San Frediano & Santa Maria Novella,Lorenzo,Entire home/apt,140.0
Small Boutique B&B Jolea - Family room,Giovanni,Private room,103.0
"RistoriApartment, Via dei Leoni n°6 Firenzei",Duccio,Entire home/apt,274.0
Guelfa Apartment,Giulio & Veronica,Entire home/apt,228.0
Gavinana Apartment By MMega,MMega Homes And Villas,Entire home/apt,145.0
Classic Tuscany Apartment B By MMega,MMega Homes And Villas,Entire home/apt,170.0
Charming stay close to Duomo,Debora&Riccardo,Entire home/apt,240.0
"Appartamento nuovo, luminoso, in pieno centro.",Alice,Entire home/apt,81.0
Lian Home in Florence By MMega,MMega Homes And Villas,Entire home/apt,162.0
Pignone Apartment By MMega,MMega Homes And Villas,Entire home/apt,
Little flat in Florence center,Lara,Entire home/apt,87.0
MyPlace in Florence - Cozy stay in the city centre,Lisa,Entire home/apt,113.0
Belle Donne Historical Apartment - City Center,Memories,Entire home/apt,
"Olive Loft * cozy,modern & chic *",Segre,Entire home/apt,186.0
"New, Bright and Luxury Apartment in Florence",Tommaso,Entire home/apt,473.0
SANTA CROCE,Itinere Villas,Entire home/apt,569.0
Charming Excutive Room Boutique Hotel Jolea,Giovanni,Private room,89.0
Twin Flat Central Market,Leo,Entire home/apt,286.0
small peaceful bedroom  in Santa Croce,Silvia,Private room,86.0
La casa di Otto.,Claudia,Entire home/apt,
Florentine Living | 200m Ponte Vecchio | 2 BDR | ☼,Kim,Entire home/apt,228.0
Nice apartment in a vibrant and safe city area,Titti,Entire home/apt,149.0
Boutique deluxe double room - Best Florence Views!,Giovanni,Private room,109.0
Duomo Two Bedrooms Apartment,Cristina E Raffaele,Entire home/apt,
CDT Duomo,Tommaso,Entire home/apt,309.0
Boutique Residence in Florence,Giovanni,Private room,108.0
Charming room in central florence,Giovanni,Private room,82.0
luminoso ed  elegante bilocale zona centro,Tiziana,Entire home/apt,123.0
Boutique B&B 2 min from Accademia Museum,Giovanni,Private room,131.0
Family Home with view in the Heart of Florence,Luca,Entire home/apt,304.0
Casa Bianca Firenze,Simona,Entire home/apt,132.0
The Clear House🦋,Dania,Entire home/apt,134.0
Sdrucciolo dei Pitti Third floor,Istay,Entire home/apt,240.0
Elegant & stylish apartment,Cristina,Entire home/apt,271.0
Affittacamere La Viola - Camera con vista,Eleonora,Private room,103.0
Ricasoli Apartment,Istay,Entire home/apt,178.0
Novella’s apartment,Massimo,Entire home/apt,166.0
Ariento 18,Istay,Entire home/apt,264.0
"Splendido appartamento a Firenze ""HAPPY HOLIDAYS""",Francesco,Entire home/apt,310.0
Accademia Apartment,Istay,Entire home/apt,253.0
The Suite Dome Apartment by Mamo Florence,Mamo,Entire home/apt,318.0
Casa Marcovaldo,Simone,Entire home/apt,133.0
Carapelli 7,Federico,Entire home/apt,198.0
Apartment in Florence along the river,Paola,Entire home/apt,227.0
LUX & Design Loft/Apt with PanoramicTerrace,Emiliano,Entire home/apt,470.0
Bartolomeo 3 classico fiorentino,Niccolo,Entire home/apt,110.0
Nice apartment near the city center of Florence,Miss Welcome- Help Housing,Entire home/apt,
- Historical Florentine Apartment -,Memories,Entire home/apt,
APPARTAMENTO LUNGARNO CON TERRAZZA FIRENZE CENTRO,Annalisa,Entire home/apt,193.0
LUXURY UFFIZI,Itinere Villas,Entire home/apt,921.0
Toc Toc - modern apartment in Florence,Giovanna,Entire home/apt,
Ponte Vecchio 3 Bedroom Apartment,Alessandro,Entire home/apt,165.0
Little Gem,Amazing Italian Retreats,Entire home/apt,207.0
Numa | 1 Bedroom Apartment in central Florence,Numa Florence Fiore,Entire home/apt,169.0
"Dante miniloft ""Fuga d'amor""",Guido,Entire home/apt,141.0
Numa | 1 Bedroom Apartment with Sofa Bed,Numa Florence Fiore,Entire home/apt,186.0
Numa |  1 Bedroom Duplex with Two Sofa Beds,Numa Florence Fiore,Entire home/apt,197.0
Charming room in Ancient Palace in Florence,Giovanni,Private room,87.0
Romantic Room in Boutique house in Florence,Giovanni,Private room,87.0
Charming Room in Boutique Hotel in Florence,Giovanni,Private room,87.0
Boutique Room in Central Florence,Giovanni,Private room,98.0
Room with Balcony in Florence - Enjoy the best,Giovanni,Private room,98.0
Wonderful room in boutique hotel in Florence,Giovanni,Private room,98.0
"Florence 2BR | Walk to Center, AC, Fast WiFi",Perryhan,Entire home/apt,182.0
TERRAZZA,Bianca,Entire home/apt,386.0
Ground Floor With Patio-Ghibellina 65 apt 1,Monika,Entire home/apt,193.0
Belvedere Costa San Giorgio  loft amazing view,Cinzia,Entire home/apt,343.0
Boboli Poggio Imperiale in charming villa,Cinzia,Entire home/apt,406.0
La casa del Pensatore,Gregorio,Entire home/apt,131.0
"Luxury Apt 20 steps from Duomo, UltraFast WiFi.",Fiorenzo,Entire home/apt,394.0
"B&B di Old Florence Inn Duemila Srl, Stanza doppia",B&B Old Florence Inn,Private room,154.0
"B&B di Old Florence Inn Duemila Srl, Stanza tripla",B&B Old Florence Inn,Private room,154.0
LA GORA HOUSE: FLORENCE AND SURROUNDINGS IN 3 DAYS,Enrico,Entire home/apt,83.0
Sweet nest in a medieval tower,Tommaso,Entire home/apt,153.0
Oltrarno 1881 - Bilocale,Grand Hotel Baglioni,Entire home/apt,248.0
Stufa Apartment,Istay,Entire home/apt,209.0
Villoresi Mansion Apt. 2,Federico,Entire home/apt,278.0
ippo suite,Laura,Entire home/apt,71.0
Cinzia's home,Claudio,Entire home/apt,69.0
camera doppia,Arco Antico B&B,Private room,120.0
All'ombra del Duomo,Luca,Entire home/apt,113.0
Cozy apart 5 minutes to the Duomo,Silvia,Entire home/apt,183.0
"Soggiorno Rubino B&B,Triple room",Andrea,Private room,190.0
Family room,Nadia,Private room,74.0
Antonino 23,Istay,Entire home/apt,167.0
Camera singola,Arco Antico B&B,Private room,90.0
Camera tripla,Arco Antico B&B,Private room,130.0
Oblate Exclusive View,ApartmentsFlorence,Entire home/apt,551.0
Oltrarno 1881 - Wellness con bagno turco,Grand Hotel Baglioni,Entire home/apt,292.0
Single Room with private bathroom,Hotel Careggi,Private room,126.0
YiD Servi apt B,Roberto,Entire home/apt,174.0
YiD Servi suite apt A,Roberto,Entire home/apt,171.0
"Soggiorno Rubino B&B,Double room with balcony",Andrea,Private room,194.0
Santa Trinita - Flo Apartments,Flo Apartments,Entire home/apt,296.0
Cozy apartment with private parking,Cristina,Entire home/apt,152.0
Ponte Vecchio | Arno Sand Flat,Marco,Entire home/apt,219.0
Il Civettino - appartamento nel centro storico,⁨Italocal S.R.L.⁩,Entire home/apt,265.0
S.Niccolo’ apartment near Ponte Vecchio,Renato,Entire home/apt,237.0
Duomo luxury apartment.,Francesca,Entire home/apt,331.0
Doppia Standard,Hotel Careggi,Private room,140.0
Double superior,Hotel Careggi,Private room,140.0
Florence nest with a Boboli garden view,Irene Vittoria,Entire home/apt,207.0
Monnalisa,Lorenzo,Entire home/apt,275.0
★★★★★InstaUffizi's! Premium Quality | Ace Location,Duccio,Entire home/apt,329.0
Triple Room,Hotel Careggi,Private room,173.0
Central Fully Staff House with panoramic terrace,Giovanni,Entire home/apt,867.0
Stanza Quadrupla,Hotel Careggi,Private room,190.0
Urban Safari Tent,Hu Firenze Camping In Town,Entire home/apt,104.0
Charming Renovated Ex Convent Florence Apartment,Tami,Entire home/apt,177.0
Double  Room AIR COND. Bathroom incl. frigo,Alessio,Private room,
NEW! ModernRoom withPVTbathroom. 2STEPSfromDOME,Olfrid,Private room,124.0
Uffizi Rooftop Apartment by Mamo Florence,Mamo,Entire home/apt,238.0
Ponte Vecchio Luxury Apartment,Federico,Entire home/apt,284.0
Villa Tortorelli - Superior Room - Shared Pool,Rambaldo,Private room,129.0
"Lodge Duomo View, stunning view from the terrace",Silvia,Entire home/apt,349.0
Ponte Vecchio | Arno Sky Flat,Marco,Entire home/apt,219.0
Academy House by Mamo Florence,Mamo,Entire home/apt,119.0
Mamo Florence - San Firenze Luxury Apartment,Mamo,Entire home/apt,224.0
Ponte Vecchio | Arno Rose Shell Flat,Marco,Entire home/apt,219.0
Santa Maria Novella near the central station,Lorenzo,Entire home/apt,176.0
GuestHost - Colorful Boccaccio Apt with Patio,GuestHost - Welcome To Italy,Entire home/apt,82.0
TO ENJOY AT THE CHARMING FLAT IN BORGO DEI GRECI,Anna Clementina,Entire home/apt,456.0
Terrace Apartment by Duomo,Emanuele,Entire home/apt,170.0
"Appartamento ""di là d'Arno""",Massimo Stefano,Entire home/apt,130.0
Rose Apartment - Santo Spirito district,Simone,Entire home/apt,246.0
Le Porte di San Frediano 1,Nicola,Entire home/apt,152.0
La Casa di Claudia,Laura,Entire home/apt,183.0
Bright two bedrooms two bathrooms - Stunning View!,Chiara,Entire home/apt,
"San Lorenzo Family Apartment, vicino stazione SMN",Leonardo,Entire home/apt,198.0
Boboli - Apartment with terrace and garden,Rena,Entire home/apt,131.0
Robert Apartment by Mamo Florence,Mamo,Entire home/apt,199.0
William Apartment by Mamo Florence,Mamo,Entire home/apt,235.0
Nice&Comfy Central Apartment,Tatiana,Entire home/apt,303.0
Camera privata da Carla,Claudia Luciana,Private room,69.0
Camera Privata con finestra sul giardino,Claudia Luciana,Private room,67.0
Santa Reparata Flat By MMega,MMega Homes And Villas,Entire home/apt,171.0
Florentine apartment  with a view,Gianna,Entire home/apt,198.0
"Loft del Duomo, 1 bedroom, air-conditioning, wifi",Luca,Entire home/apt,150.0
Duomo - SMN | Sandrose Flat,Diletta,Entire home/apt,352.0
"Il Viaggiator Leggero B&B, Stanza doppia con lett.",Costanza,Private room,67.0
Across The River,HouseFlo,Entire home/apt,158.0
Happy Florence San Niccolò 2,Paola,Entire home/apt,163.0
Duomo View Venere Suite 5 floor Lift 2+2 separate,Stefania,Entire home/apt,211.0
Modern Apartment Breathtaking View & Balcony,Eugenio,Entire home/apt,642.0
Albizi Prestige Apartment,Anthony,Entire home/apt,
Oltrarno 1881 - Secret Garden con bagno turco,Grand Hotel Baglioni,Entire home/apt,365.0
Duomo 2 - Alfani,Alessandro,Entire home/apt,156.0
I Gerani al Ponte Vecchio 🏵🏵🏵🏵🏵,Residenze Ristori,Entire home/apt,441.0
Le Porte di San Frediano 2,Nicola,Entire home/apt,214.0
Ricasoli Bright Apartment,Alessandro,Entire home/apt,151.0
Ancient and typical Florentine big house,Alice,Entire home/apt,124.0
S. Ambrogio Cozy and Bright Apartment,Susanna,Entire home/apt,82.0
Affittacamere La Viola - Camera con vista stupenda,Eleonora,Private room,97.0
ELEGANT APARTMENT WITH A VIEW ON FLORENCE,Cinzia,Entire home/apt,
"Luminoso 60 m² con parcheggio + garage, Tramvia T2",Antonietta,Entire home/apt,136.0
Stanza tripla con bagno condiviso,Olga,Private room,
Raffinato appartamento nel cuore di Firenze,Carmelo,Entire home/apt,189.0
"Gigallino, in the countryside, close to Firenze",Eugenio,Entire home/apt,126.0
Top Floor Jewel in Florence,Patrick,Entire home/apt,545.0
Lovely Loft & Panoramic Terrace in Florence Hearth,Jordan,Entire home/apt,
Bella Mia Piazza Signoria Apartment,Gloria,Entire home/apt,296.0
NR8 - Santa Croce Apartment,Silvia,Entire home/apt,339.0
"Appartamento ""Il Moro""",Laura,Entire home/apt,180.0
VITTORIA HOUSE 10 MINUTI di passeggiata dal DUOMO!,Maccharley,Entire home/apt,193.0
Bright and cosy flat in the very heart of Florence,Valentina,Entire home/apt,
Cantorial Charme 2,Cantoria,Entire home/apt,
Ricasoli Terrace 2b near the Duomo,Apartments_Florence,Entire home/apt,
Florence Greci Deluxe,Marta E Lapo,Entire home/apt,575.0
Hs4U Ricasoli Luxury Apartment near Duomo - 1,Roberto,Entire home/apt,286.0
SUITE DEL PERUGINO  un'oasi nel centro della città,Rossella,Entire home/apt,145.0
Residenza il Conte Rosso,Sted Immobiliare,Entire home/apt,246.0
Hs4U Ricasoli Luxury Apartment near Duomo - 2,Roberto,Entire home/apt,447.0
Soggiorno La Coccinella - SMN Station Triple Room,B&B,Private room,106.0
Soggiorno La Coccinella-Std Room private Bathroom,B&B,Private room,97.0
Comfort double bathroom ensuite,B&B,Private room,99.0
La Martinella,Martina,Entire home/apt,153.0
Soggiorno Giardino Orticoltura,Andrea,Entire home/apt,123.0
LE PORTE DI SAN FREDIANO 3,Nicola,Entire home/apt,326.0
Studio Duomo Michelangelo  a Place to fall in love,Monica,Entire home/apt,210.0
"Nuovo, luminoso, ben arredato ed in pieno centro.",Alice,Entire home/apt,105.0
Apartment with Two Double Bedrooms,Pietrapiana,Entire home/apt,320.0
Apartment Santa Croce in the Heart of Florence,Mario,Entire home/apt,187.0
Bungalow Deluxe,Hu Firenze Camping In Town,Entire home/apt,84.0
Business Room use of kitchen  pvt bath laptop Area,Alessio,Private room,96.0
MIROSA flat,Francesco,Entire home/apt,86.0
Love Honeymoon Jacuzzi Piazza Signoria View Ac WiF,Luca,Entire home/apt,175.0
Federica's Ponte Vecchio 1bd - FlorenceHospitality,Gabriel,Entire home/apt,151.0
il Giglio di San Giovanni,Tiziano,Entire home/apt,252.0
IL BONSAI,Ilaria,Entire home/apt,132.0
MAISON SARA,Elena,Entire home/apt,147.0
Santo Spirito Bright Flat By MMega,MMega Homes And Villas,Entire home/apt,165.0
CozyandChichBotticeliPrivateRoomLongstayinFlorence,Barbara,Private room,
Brand new apartment,Sibilla,Entire home/apt,166.0
San Giuliano Inn- Exclusive rooms in Florence,San Giuliano,Private room,179.0
San Giuliano Inn- Exclusive rooms with a view,San Giuliano,Private room,209.0
Standard Studio in Palazzo Branchi,Vittoria,Entire home/apt,260.0
Superior Apartment in Palazzo Branchi,Vittoria,Entire home/apt,370.0
N.22,Asp.Suite,Entire home/apt,160.0
Ponte Vecchio cozy Oltrarno apartment,Daniela,Entire home/apt,
Camera Matrimoniale in centro a Firenze,Plus Florence,Private room,135.0
Camera con 2 letti singoli in centro a Firenze,Plus Florence,Private room,135.0
Triple Room in the center of Florence,Plus Florence,Private room,160.0
Oltrarno Real Mood Florentine House,Lorenzo,Entire home/apt,191.0
"Signoria Apartment with Lift, Heart of Florence",Victoria,Entire home/apt,343.0
"Dome House, Florence",Mb Housing,Entire home/apt,180.0
Florence Street Art Apartment for 6,Lucia,Entire home/apt,
Lorenzo at the Duomo in the heart of Florence,PdV,Entire home/apt,251.0
Vintage apartment near the Duomo,Elena,Entire home/apt,314.0
Strozzi beautiful place,Assunta,Private room,115.0
Central Luxury Suite &  TopRoof  Terrace,Bernardo,Entire home/apt,320.0
Casa Morfea Firenze,Michele,Entire home/apt,183.0
Modern Flat: 7 min to Station & 12 min to Airport,Mario,Entire home/apt,134.0
Luxury Apartment With Private Parking,Rossella & Nello,Entire home/apt,94.0
Residenza d'Epoca Sant Egidio - Boboli,Residenza D'Epoca Sant Egidio,Private room,68.0
Oricellari terrace near Firenze SMN train station,Alessandro,Entire home/apt,216.0
10 Romantic lodging  in Florence,Giovanni,Private room,238.0
Executive Room in Central Florence,Giovanni,Private room,286.0
Gallo Apartment: Comfort & Jacuzzi near the Duomo,Alessandro,Entire home/apt,222.0
Hs4U Ricasoli Luxury apartment near Duomo N. 3,Roberto,Entire home/apt,427.0
Cozy Open Space • A/C • Wi-Fi • Close to Tram T2.,Sylvia,Entire home/apt,
8 -Charming Room near Academia Museusm,Giovanni,Private room,286.0
9 - Exclusive Room in central Florence,Giovanni,Private room,238.0
7 - Boutique Hotel in Florence,Giovanni,Private room,191.0
Antiche dimore fiorentine,Giovanni,Private room,114.0
Single room in central florence,Giovanni,Private room,143.0
RED PEARL apt between Duomo and Accademia,Angela,Entire home/apt,177.0
bella camera a Firenze Careggi Poggetto J,Isabella,Private room,102.0
Super Central handcraft lovers Home,Lorenzo,Entire home/apt,135.0
La casa degli artisti,Annamaria,Entire home/apt,172.0
flohome - Alinari Apartment,Flohome,Entire home/apt,265.0
flohome - Borgo Guelfo II,Flohome,Entire home/apt,171.0
flohome - Borgo Guelfo III,Flohome,Entire home/apt,172.0
flohome - Borgo Guelfo IV,Flohome,Entire home/apt,172.0
flohome - Borgo Guelfo V,Flohome,Entire home/apt,146.0
flohome - Borgo Guelfo VI,Flohome,Entire home/apt,170.0
flohome - Borgo Guelfo VIII,Flohome,Entire home/apt,272.0
flohome - Calzaiuoli loft,Flohome,Entire home/apt,230.0
flohome - Ognissanti,Flohome,Entire home/apt,170.0
flohome - Pitti Apartment,Flohome,Entire home/apt,
flohome - Pitti II,Flohome,Entire home/apt,
flohome - San frediano apartment,Flohome,Entire home/apt,275.0
Exclusive apartment Duomo,Edoardo,Entire home/apt,180.0
Luxury Apartment in Piazza Beccaria Florence,Mariasole & Filippo,Entire home/apt,206.0
"Appartamento nel cuore  di Firenze,  Santa Croce",Adriana,Entire home/apt,117.0
""" Inside th'Art """,Jose,Entire home/apt,166.0
Pepi House with terrace and rooftop view,Lorenzo,Entire home/apt,144.0
Home il piccolo nido è situato a Firenze,Cristina,Entire home/apt,98.0
Stanza con bagno privato e terrazza,Niccolò,Private room,161.0
Glamorous  San Niccolo' apartment top location,Diana,Entire home/apt,400.0
Dimora Adimari,Francesca,Entire home/apt,343.0
"B&B di Piazza del Duomo, Stanza dante",Luisa,Private room,260.0
Ponte Vecchio Suite with balcony on Arno river,Cristiana,Entire home/apt,346.0
Affittacamere La Viola - Camera con vista stupenda,Eleonora,Private room,115.0
Casone Apartment,Alessandro,Entire home/apt,87.0
Gio apartment - Free garage - Fortezza da Basso,Francesco,Entire home/apt,186.0
Residenza TataBlu con posto auto esclusivo,Flavio,Entire home/apt,86.0
PsfApt Florence,Andrea,Entire home/apt,309.0
"Florence Centre Apartment:  ""DUOMO""",Chiara,Entire home/apt,78.0
Interno 8: comfort e design,Ranieri,Entire home/apt,143.0
"Centralissima, stanza con bagno privato",Santa,Private room,37.0
Alfani Charming Suite,Susanna,Entire home/apt,156.0
PONTE VECCHIO VIEW OPEN SPACE,Martina,Entire home/apt,237.0
"Yome, appartamento una camera da letto, Acqua 3",Patrizia,Entire home/apt,140.0
New Apartment with Garden View,Pietrapiana,Entire home/apt,179.0
Central Station Apartment By MMega,MMega Homes And Villas,Entire home/apt,197.0
"Bronzino Loft, few steps from city center",Daniela,Entire home/apt,157.0
Paradiso 28 By MMega,MMega Homes And Villas,Entire home/apt,86.0
I Gerani al Ponte Vecchio 2,Residenze Ristori,Entire home/apt,441.0
Firenze - appartamento smeraldo,Giorgio,Entire home/apt,19.0
Wine Apartments Florence Franciacorta,Wine Apartments Florence,Entire home/apt,411.0
Santa Croce cozy single room,Silvia,Private room,90.0
At 4 For You,HouseFlo,Entire home/apt,147.0
Irene's Home San Niccolò Boutique Design Apartment,Irene,Entire home/apt,245.0
House in the heart of Florence,Camilla,Entire home/apt,175.0
Magazzini dei Medici ( house with balcony),Eleonora,Entire home/apt,192.0
Old Convent in De Neri street,Leonardo,Entire home/apt,180.0
"Cosy, Awesome View - Loggia del Vasari",Laura,Entire home/apt,168.0
A Casa di Maggie,Margherita,Private room,89.0
15th Century Garden Home Near Ponte Vecchio,Alkan,Entire home/apt,247.0
"Gioconda's House, refined and quiet in San Lorenzo",Gisella,Entire home/apt,
Casa Velluti Deluxe By MMega,MMega Homes And Villas,Entire home/apt,289.0
FLOR MELERA-4 pax near S.Spirito and Ponte Vecchio,Chiara,Entire home/apt,206.0
San Frediano Jewel,Amazing Italian Retreats,Entire home/apt,388.0
Cosy and Charming Apartment in Heart of Florence,Tommaso,Entire home/apt,143.0
"Apartment with terrace,  4th floor, elevator",Enrico,Entire home/apt,122.0
"Cozy and chic in S. Ambrogio, right in the center",Stefano,Entire home/apt,122.0
Kairos - Fucsia Torinese - Deluxe Suite,Florence Art Apartments,Private room,287.0
Celeste Amalfi - Suite,Florence Art Apartments,Entire home/apt,271.0
ArnoRiver Suite,Manfredi,Entire home/apt,167.0
La Dimora dei leoni,Massimo,Private room,
Charming apartment in authentic Sant'Ambrogio x6,Louise,Entire home/apt,369.0
Prof. Conti Apartment,Emanuele,Entire home/apt,377.0
Traditional style apart in center with AC 8/10pers,Roberto&Elena,Entire home/apt,440.0
CASA la TORRE: un castello alle porte di Firenze,Stefano,Entire home/apt,168.0
Casa di Bruno,Novasol,Entire home/apt,327.0
La casina a Firenze,Valentina,Private room,11.0
"La Stufetta, via della stufa nel cuore di Firenze",Viola,Entire home/apt,
SILVIA in S.Reparata,Giulia,Entire home/apt,155.0
Al Consolato - Travel,Emanuele,Private room,149.0
Al Consolato - Home,Emanuele,Private room,147.0
Al Consolato - Door,Emanuele,Private room,147.0
Nice and quiet loft 5 minutes walk from the Duomo,Federica,Entire home/apt,163.0
"B&B di Luigi a Firenze, Stanza doppia/tripla spaz.",Luigi,Private room,99.0
"B&B di Luigi a Firenze, Stanza matrimoniale 2",Luigi,Private room,64.0
Firenze HOUSE 46,Emanuele,Entire home/apt,
Newly renovated flat near the football stadium,Federica,Entire home/apt,89.0
"Central located flat,A/C,Wi-Fi, close to monuments",Giuseppe-Tuscany Holiday Rent Manag,Entire home/apt,305.0
"Elegant apartment,terrace, air-co, Cathedral view",Giuseppe-Tuscany Holiday Rent Manag,Entire home/apt,328.0
"Exclusive apartment with garden and view,central",Giuseppe-Tuscany Holiday Rent Manag,Entire home/apt,
"Flat for STUDENTS, with terrace, central located",Giuseppe-Tuscany Holiday Rent Manag,Entire home/apt,69.0
New Apartment near Duomo with Elevator and WiFi,Veronica E Matteo,Entire home/apt,336.0
Suite Ghibellina,Francesco,Entire home/apt,
La casina di Chiara:  Your private Room,Chiara,Private room,141.0
Kaleido Apartment,Antonella,Entire home/apt,149.0
"Soggiorno Pezzati, Stanza singola",Daniela,Private room,99.0
Ponte Vecchio Luxury Apartment,Tommaso,Entire home/apt,386.0
Eden,Adriana,Entire home/apt,129.0
"You ""key"" to get into the heart of Florence",Maria,Entire home/apt,99.0
Camera in appartamento con 4 quattro zampe pelosi,Elisabetta,Private room,28.0
Duomo Suite with balcony,Maria Cecilia,Entire home/apt,187.0
Loft  Palazzo Vecchio,Sabrina,Entire home/apt,177.0
Casa Sole By MMega,MMega Homes And Villas,Entire home/apt,175.0
Cappelle Medicee Luxury Flat,Re,Entire home/apt,417.0
[SAN LORENZO-DUOMO] Amazing apartment with a view,Matteo,Entire home/apt,303.0
"Pratico, comodo e ambizioso",Checco&Dany,Entire home/apt,
La stanza nel cuore di Firenze,Francesco,Private room,109.0
Luxury Penthouse with Terrace,Isabella,Entire home/apt,603.0
Casa di Delizie - The Medici private leisure house,Emiliano,Entire home/apt,226.0
Latini 11,Stefania,Entire home/apt,86.0
Cozy and comfy room close the Dome,B&B  De' Biffi,Private room,
Art Suite Pandolfini,Elena,Entire home/apt,389.0
Stile di vita in un palazzo medievale,Anna Clementina,Entire home/apt,242.0
Florence Shanti Suite - Oasi di pace e relax,Rafael,Entire home/apt,159.0
Antelux South: your private balcony next to Duomo,Dani,Entire home/apt,854.0
Carapelli 1,Federico,Entire home/apt,291.0
Carapelli 5,Federico,Entire home/apt,194.0
Carapelli 6,Federico,Entire home/apt,333.0
Camera matrimoniale a casa di Giulia,Giulia,Private room,
GuestHost - San Niccolò Modern & Cozy Apt,GuestHost - Welcome To Italy,Entire home/apt,82.0
Artisti3 New comfort&design relax Fast Wi-Fi,Laura,Entire home/apt,128.0
Elegant and Bright Flat near the Duomo,Céline,Entire home/apt,
Relax a pochi passi dal centro,Daniele,Entire home/apt,
Lovely room in the heart of Florence,B&B  De' Biffi,Private room,
Cavour’s Niche,Luca,Private room,79.0
Art Tornabuoni 4 Suites,Anisia,Entire home/apt,472.0
Casa Trilly Attico Panoramico vicino al centro,Ilaria,Entire home/apt,166.0
Appartamento immerso nel verde,Antonio,Entire home/apt,
"Casa Oliva, lovely view of Firenze",Stefano,Entire home/apt,177.0
"Il Soggiorno Alessandra, Stanza di charme",Alessandra,Private room,129.0
Alloggiare nei luoghi dove é vissuto Dante,Maria Grazia,Private room,
Delizioso Monolocale in pieno centro storico!,Marie Luis,Entire home/apt,84.0
Appartamento romantico con terrazzo,Simone E Filippo,Entire home/apt,154.0
Camera vicino al Parco,Michele,Private room,
Palazzuolo79 Moderno in Santa Maria Novella,Matteo,Entire home/apt,226.0
New and bright single room in Statuto area,Rosanna,Private room,22.0
Elegant Yellow Apartment In Via San Gallo Firenze,Sid,Entire home/apt,142.0
Le Volte,MMega Homes And Villas,Entire home/apt,174.0
Bronzino By MMega,MMega Homes And Villas,Entire home/apt,96.0
Views from the terrace in the heart of Florence,PdV,Entire home/apt,204.0
Florence Duomo Portrait,Italy Super Host,Entire home/apt,218.0
Warm and cozy  sweet little apartment,Anat,Entire home/apt,17.0
Crepuscolo Suite Bedroom - luxury retreat Florence,Claudia,Private room,166.0
Lucky Apt/Florence Station/Belfiore/Fortezza Pitti,Luca,Entire home/apt,145.0
Urban Center III vicino alla Tramvia-Easy Parking,Massimiliano,Entire home/apt,125.0
Appartamento Centro storico Firenze Renai,Annalisa,Entire home/apt,124.0
Romantico pied-a-terre in centro storico Firenze,Annalisa,Private room,96.0
Private Oasis Home with outdoor / Piazza Libertà,Ilaria,Entire home/apt,189.0
Sweet Living San Lorenzo,Mattia,Entire home/apt,133.0
Comfortable single room in Campo di Marte area,Rosanna,Private room,21.0
Appartamento Firenze centro - La Contessina,Residence La  Contessina,Entire home/apt,107.0
Cozy room with balcony in Campo di Marte area,Rosanna,Private room,23.0
Appartamento  Lucrezia,Villino Amelia,Entire home/apt,214.0
Appartamento Manuela,Villino Amelia,Entire home/apt,127.0
The secret garden,Beatrice,Entire home/apt,172.0
Appartement d’artiste sur l’Arno,Gabriel,Entire home/apt,294.0
Central room with bathroom ensuite,B&B  De' Biffi,Private room,
Piccolo appartamento romantico e luminoso,Silvia,Entire home/apt,115.0
"Exclusive home w/ frescoes, Boboli Gardens & Pitti",Mattia,Entire home/apt,163.0
My Sweet Home,Martina,Entire home/apt,147.0
"Artisti 3.1 comfort, design, spacious! /w patio",Laura,Entire home/apt,156.0
Novella White Iris Apartment,Novella House,Entire home/apt,150.0
Il Parlagio Apartment: Central Florence Retreat,Eo,Entire home/apt,343.0
Suite Il Parlagio: A charming central retreat,Eo,Entire home/apt,172.0
Stanza sulla Firenze rinascimentale,Giuliano Bolognesi,Private room,
Appartamento Lorenzo,Villino Amelia,Entire home/apt,167.0
Giglio Blu Luxury Apartment,Andrea,Entire home/apt,288.0
Deluxe Parlagio: Elegant Retreat in Florence,Eo,Entire home/apt,171.0
GIULIA HOUSE via dell ariento 5 Firenze,Giulia-House Firenze,Entire home/apt,170.0
"Locanda della Musica, Stanza familiare quartetto",Valentino Giulio,Private room,95.0
Giotto's Studio in Piazza Signoria with Elevator,Renzo,Entire home/apt,142.0
Unique top floor apartment in Santa Croce,Edy,Entire home/apt,167.0
"Locanda della Musica, Stanza con due letti trio",Valentino Giulio,Private room,
Melissa · Home with Soul in the Heart | by Acacia®,Acacia Firenze,Entire home/apt,189.0
Urban Center II vicino alla tramvia-Easy parking,Massimiliano,Entire home/apt,99.0
Brunelleschi Apartment in the heart of Florence,Agnese,Entire home/apt,155.0
Cimabue Design Loft in a Cool Area of Florence,Florence Charming Apartments,Entire home/apt,120.0
Florence David's Guesthouse,Enis,Entire home/apt,612.0
Florence Brightside Escape with Terrace,Gaia Maria Vittorina,Entire home/apt,514.0
Independent bedroom with private bathroom,Simone,Private room,73.0
Casa Anna - Charming central apartment,Flow Traveling,Entire home/apt,172.0
Duomo 4 - Alfani,Alessandro,Entire home/apt,127.0
"B&B di Marco, Stanza Matrimoniale 4",Marco,Private room,130.0
Casini’s house,Giulia,Entire home/apt,371.0
DONATELLO - Elegant and spacious apartment,Elisabetta,Entire home/apt,146.0
Cimatori flat-4 pax 2 mins walking to the Duomo,Chiara,Entire home/apt,211.0
Your cozy place in the heart of Florence (up to 6),Luigi,Entire home/apt,152.0
Charming and Bright Flat at Medici Chapels,Fabio,Entire home/apt,187.0
Bright and airy penthouse for friends and family,Federica,Entire home/apt,400.0
Luxury Home Florence con terrazza vista Firenze,Giulia & Antony,Entire home/apt,183.0
Luxury Home Florence con vista cappelle Medicee,Giulia & Antony,Entire home/apt,188.0
[DUOMO] Prestigious apartment 50 meters from Duomo,Matteo,Entire home/apt,267.0
Mansardina per giovani in letto a castello wi fi,Vincenti,Private room,103.0
"Il Verone, appartamento in villa XIII secolo",Ilaria,Entire home/apt,331.0
Tiffany House Careggi,Alessandro,Entire home/apt,131.0
"Casa Arturo, a stone's throw from the center",Andrea,Entire home/apt,148.0
♡Romantico monolocale centro storico♡,Valentino Giulio,Entire home/apt,110.0
Farina Apartment close to the center of Florence,Amalia,Entire home/apt,
GIGLIO LUXURY close to the Duomo 2 BR-2 BTH -LIFT,Barbara,Entire home/apt,257.0
Newly Renovated  Florence Centre Cupola View Room,Jacopo,Private room,86.0
Sweet Living SMN,Mattia,Entire home/apt,129.0
Firenze Matrimoniale con Divano letto singolo,Enis,Private room,122.0
Firenze Mercato Centrale Matrimoniale Economy,Enis,Private room,107.0
Firenze Mercato Centrale Matrimoniale con Balcone,Enis,Private room,113.0
GuestHost - Borgo Pinti Cozy Flat,GuestHost - Welcome To Italy,Entire home/apt,103.0
Via dell'Oriuolo apartment,Emilio,Entire home/apt,114.0
GuestHost - Duomo View Anna's Apartment,GuestHost - Welcome To Italy,Entire home/apt,209.0
Mosse Teatro Apartment by Mamo Florence,Mamo,Entire home/apt,122.0
1 Minute Walk to Uffizi Museum - Spacious 3BR Flat,Alessandro,Entire home/apt,310.0
Bungalow with cute garden close to the centre,Silvia,Entire home/apt,
Luxury Blue Duomo By MMega,MMega Homes And Villas,Entire home/apt,219.0
Ponte Vecchio White By MMega,MMega Homes And Villas,Entire home/apt,202.0
"Lady Luna B&B, Stanza deluxe",Lady Luna B&B,Private room,185.0
"Lady Luna B&B, Stanza superiore",Lady Luna B&B,Private room,133.0
"Lady Luna B&B, Stanza matrimoniale",Lady Luna B&B,Private room,189.0
SANTO SPIRITO - Elegant apartment in the center,Elisabetta,Entire home/apt,131.0
"Historic Palazzo, Central Location, 3 bedrooms",Vlad,Entire home/apt,134.0
View of Plazzo Vecchio,Elisabetta,Entire home/apt,88.0
"B&B di Provenzale, Stanza matrimoniale superior",Provenzale,Private room,214.0
"B&B di Provenzale, Stanza matrimoniale deluxe",Provenzale,Private room,190.0
Bartolomeo 2,Niccolo,Entire home/apt,111.0
Ricasoli Duomo Home,Luca,Entire home/apt,167.0
Bobolino By MMega,MMega Homes And Villas,Entire home/apt,132.0
Palazzo Alfani Residence - classic apartment 3,Francesca,Entire home/apt,371.0
Angelico By MMega,MMega Homes And Villas,Entire home/apt,
Poldino Florence apartment,Sandra,Entire home/apt,135.0
Sweet Living Sdrucciolo de Pitti,Mattia,Entire home/apt,108.0
Central Florence Cozy Studio,Alessandra,Entire home/apt,115.0
Signoria View - Loft con affaccio panoramico,Martina,Entire home/apt,225.0
Terrace on Duomo Luxury Flat,Luca,Entire home/apt,146.0
A Whole Charming Property facing Florence,Giovanni,Entire home/apt,909.0
"Florence Comfort B&B, Stanza doppia con bagno p...",Mattia,Private room,236.0
"Florence Comfort B&B, Stanza doppia o letti sin...",Mattia,Private room,135.0
"Florence Comfort B&B, Stanza Luxury con Jacuzzi...",Mattia,Private room,131.0
"Florence Comfort B&B, Stanza tripla con bagno p...",Mattia,Private room,114.0
Corso Terrace,Barbara,Entire home/apt,145.0
"Florence Comfort B&B, Stanza doppia o letti sin...",Mattia,Private room,174.0
Luminoso e spazioso monolocale vicino Careggi,Francesca,Entire home/apt,67.0
Camera con bagno privato,Sleep Rooms Giuseppe,Private room,123.0
Paola's home - terrace with view of Florence,Paola,Entire home/apt,734.0
Camera con bagno privato,Sleep Rooms Giuseppe,Private room,110.0
Camera con bagno privato,Sleep Rooms Giuseppe,Private room,110.0
Camera con bagno privato,Sleep Rooms Giuseppe,Private room,110.0
camera con bagno privato (Giardino),Sleep Rooms Giuseppe,Private room,110.0
camera con bagno privato ( Balcone),Sleep Rooms Giuseppe,Private room,110.0
Casa  della nonna,Cinzia,Entire home/apt,92.0
Studio Bargello between Duomo and Palazzo Vecchio,Giampaolo,Entire home/apt,212.0
Proconsolo Apartment,Giampaolo,Entire home/apt,198.0
Flat by Ponte Vecchio in the Center & by the River,Elisabetta,Entire home/apt,127.0
[Ponte Vecchio] Prestige and unique view,Matteo,Entire home/apt,836.0
A casa di Grace,Grazia,Entire home/apt,222.0
Tornabuoni Charming Studio,Italy Super Host,Entire home/apt,87.0
Michela Luxury,Michela,Entire home/apt,202.0
"B&B The Attico Florence, Superior double room 2",Niccolò,Private room,138.0
"B&B The Attico Florence, Superior double room 1",Niccolò,Private room,129.0
"B&B The Attico Florence, Superior double room 3",Niccolò,Private room,129.0
"B&B The Attico Florence, Standard double room",Niccolò,Private room,143.0
"B&B The Attico Florence, Suite room",Niccolò,Private room,143.0
"LILY APARTMENT, Piazza della Signoria",Francesca,Entire home/apt,150.0
"Il Terrazzino sulla Cattedrale, Superior room",Bledi,Private room,144.0
"B&B Il Terrazzino sulla Cattedrale,SUPERIOR",Bledi,Private room,237.0
"B&B Il Terrazzino sulla Cattedrale,SUITE DELUXE",Bledi,Private room,260.0
"Il Terrazzino sulla Cattedrale, Standard room",Bledi,Private room,142.0
Charming Bardi studio,Stefano,Entire home/apt,
Stylish and Relaxing Flat in the Historical Center,Filippo,Entire home/apt,155.0
Florentine RoofTop Terrace,Sara,Entire home/apt,131.0
Giulia's elegant and traditional Florentine rental,Francesca,Entire home/apt,280.0
"Alexander's modern loft conversion, sleeps 2",Francesca,Entire home/apt,206.0
"Elena's bright and modern holiday home, sleeps 6",Francesca,Entire home/apt,499.0
"Margherita's Luxury Studio, for the solo traveler",Francesca,Entire home/apt,202.0
Palchetti House,Luigi,Entire home/apt,258.0
Sprone - Soggiorni D'Arte by Mamo Florence,Mamo,Entire home/apt,190.0
Calza - Soggiorni D'Arte  by Mamo Florence,Mamo,Entire home/apt,190.0
Bellosguardo - Soggiorni D'Arte by Mamo Florence,Mamo,Entire home/apt,350.0
Top-floor flat close to Arno,Niko,Entire home/apt,240.0
Casa Strozzi - (PIAZZA DELLA REPUBBLICA),Deanna,Entire home/apt,342.0
Neri - B,Aiet,Entire home/apt,108.0
Ponte Rosso Modern By MMega,MMega Homes And Villas,Entire home/apt,212.0
Marignolle relais & charme Firenze - Junior Suite,Lorenzo,Private room,378.0
Firenze Residence Suite,Firenze,Entire home/apt,185.0
Firenze Residence Studio,Firenze,Entire home/apt,171.0
Stylish four bedrooms apartment - Florence center,Federico,Entire home/apt,275.0
Firenze Residence Suite Deluxe,Firenze,Entire home/apt,206.0
Charming and Modern Flat On Piazza Santo Spirito,Federico,Entire home/apt,143.0
Locali e Vita di quartiere a due passi dal Duomo,Rosa,Entire home/apt,185.0
Santa Croce Plaza ~ 360° view & Double Terrace,Paola,Entire home/apt,220.0
"Piazza della Passera, 100mq, elegant XV apartment",Flavia,Entire home/apt,235.0
Elegant Suite,Darko,Entire home/apt,149.0
Apartment in Santo Spirito Centro Storico,Fiorenza,Entire home/apt,163.0
San Jacopo Top By MMega,MMega Homes And Villas,Entire home/apt,186.0
GuestHost - Coverciano Modern Apt with Patio!,GuestHost - Welcome To Italy,Entire home/apt,124.0
Suite Signoria,Sabrina,Entire home/apt,504.0
Brancacci Apartment by Mamo Florence,Mamo,Entire home/apt,280.0
Monolocale con giardino wifi e barbecue,Alessio,Entire home/apt,117.0
"Il Soggiorno Alessandra, Stanza deluxe",Alessandra,Private room,146.0
Attico - Mansarda in Villa con terrazza panoramica,Luisa Augusta,Entire home/apt,128.0
Ponte Vecchio - Soggiorni D'Arte by Mamo Florence,Mamo,Entire home/apt,439.0
Appartamento Firenze Mayer,Beatrice,Entire home/apt,105.0
Michelangelo～Airy & Pleasant in Florence downtown,Mattia,Entire home/apt,237.0
SerenaMente a Firenze,Serena,Entire home/apt,109.0
Appartamento vista Duomo,Novasol,Entire home/apt,1135.0
Bilocale con giardino uso barbecue,Alessio,Entire home/apt,122.0
Lovely apartment Near Museums and Train Station,Federico,Entire home/apt,192.0
Green Eyes,Sarah,Entire home/apt,89.0
LeCure- Nice Apartment 30 min walk from citycenter,Eva,Entire home/apt,90.0
Fiesolana & Santa Croce cozy apartment view 360,Tommaso,Entire home/apt,166.0
La rosa di Tosca,Giancarlo,Entire home/apt,159.0
Firenze centro Duomo S.Caterina D,Maurizio,Entire home/apt,168.0
Casa degli Allegri,Antonio,Entire home/apt,225.0
BILOCALE N SANTA CROCE (Brunelleschi),Marco,Entire home/apt,343.0
Casa privata con terrazza su piazza Signoria,Luca,Entire home/apt,432.0
Cute Loft in the heart of Oltrarno,Lorenzo,Entire home/apt,112.0
Duomo Confort Suite,Luca,Entire home/apt,149.0
Mugnone house,Graziano,Entire home/apt,90.0
MDR First of Florence LeoneX,MDR By Ciao Florence Tours,Entire home/apt,140.0
MDR First of Florence I Medici,MDR By Ciao Florence Tours,Entire home/apt,106.0
MDR First of Florence Le Dame,MDR By Ciao Florence Tours,Entire home/apt,136.0
MDR First of Florence Luigi XIV,MDR By Ciao Florence Tours,Entire home/apt,108.0
MDR First of Florence Enrico VIII,MDR By Ciao Florence Tours,Entire home/apt,169.0
Single alla Francese cucinotto e wi fi  Fi NORD,Alessio,Private room,
Modern stylish 2 bedrooms apartment in Florence,Mirco,Entire home/apt,134.0
BIlocale Firenze Nord Business Area con giardino,Vincenti,Entire home/apt,
MDR First of Florence Elisabetta II,MDR By Ciao Florence Tours,Entire home/apt,148.0
"Lovely Apartment, Amazing Views",Francesca,Entire home/apt,115.0
MDR First of Florence Maria Antonietta,MDR By Ciao Florence Tours,Entire home/apt,239.0
MDR First of Florence Apartment Casa dei Re,MDR By Ciao Florence Tours,Entire home/apt,160.0
Luminosa singola in zona Statuto,Rosanna,Private room,26.0
LUMINOSO LOFT NEL CUORE DI FIRENZE,Elisabetta,Entire home/apt,140.0
Oltrarno Garden - Modern and Quaint 2 bedroom,Apartments Florence,Entire home/apt,
Bright Gem in the heart of Florence,Grazia,Entire home/apt,164.0
Macci A) Modern Elegant Apartment S. Ambrogio,Florence Charming Apartments,Entire home/apt,150.0
Macci B) Moderno Elegante Appartamento SAmbrogio,Florence Charming Apartments,Entire home/apt,124.0
"Large private room with cloakroom, in Statuto area",Rosanna,Private room,
Appartamento moderno e accessoriatissimo a Rifredi,Valerio,Entire home/apt,
Cozy apartment with view on Bellosguardo Hills,Giovanna,Entire home/apt,
Florence apartment in the history villa,Nora,Entire home/apt,199.0
Apartment Casa Giusti Firenze,Flavio,Entire home/apt,202.0
Avelli Bright Apt with View of S. Maria Novella,Florence Charming Apartments,Entire home/apt,183.0
[Santa Croce] Refined & Spacious Apartment,Antonio,Entire home/apt,1147.0
"B&B di Marco, Stanza michelangelo",Marco,Private room,399.0
"B&B di Daniele Vittorio, Stanza matrimoniale",Daniele Vittorio,Private room,150.0
Diva Lodging Luxury - Signoria,Domenico,Entire home/apt,623.0
Duomo Secret Rooftop,Lorenzo,Entire home/apt,235.0
Firenze - Jupiter Apartment,Giorgio,Entire home/apt,20.0
Firenze -Saturn Apartment,Giorgio,Entire home/apt,35.0
Firenze - Luxury Flat,Giorgio,Entire home/apt,
Firenze - Mercury Apartment,Giorgio,Entire home/apt,
Firenze -Mars Apartment,Giorgio,Entire home/apt,13.0
Firenze - Uranus Apartment,Giorgio,Entire home/apt,
"Firenze: Private Room, ensuite bathroom",Andrea,Private room,75.0
"A Firenze, bilocale con cortile interno",Elisabetta,Entire home/apt,
Via calzaiuoli three bedrooms three bathrooms,Immobiliare Silvia,Entire home/apt,492.0
Casa dell'artigiano fiorentino,Mariella,Entire home/apt,
Duomo Panoramic View,Cristina E Raffaele,Entire home/apt,225.0
Duomo Two-Bedroom Apartment (2 bathrooms),Cristina E Raffaele,Entire home/apt,
"B&B di Marco, Stanza raffaello",Marco,Private room,350.0
GRANDE E LUMINOSO MONOLOCALE ( Leonardo),Marco,Entire home/apt,343.0
Brand new apt/ independent junior suite,Paola,Entire home/apt,148.0
Spada Apartment,Giulia,Entire home/apt,166.0
Guicciardini Central Apartment,Alessandro,Entire home/apt,161.0
Soggiorno + due camere + parcheggio custodito,Feliciana,Entire home/apt,
appartamento piano terra,Sleep Tight Florence,Entire home/apt,120.0
Attico in centro con vista Duomo,Eleonora,Entire home/apt,192.0
Beautiful flat in Oltrarno,Alessandra,Entire home/apt,282.0
Cresti House Dome - Unique Terrace & Stunning View,Francesca,Entire home/apt,738.0
Ponte Vecchio Firenze,Ilaria,Entire home/apt,172.0
Fonderia Apartment with Private Parking,Jessica,Entire home/apt,142.0
Lorenzo Dei Medici - Signoria,Rosario,Entire home/apt,146.0
Tipologia Bilo 04 pax by Interhome,Alessandra - Interhome,Entire home/apt,
Nice apartment close to the city center,Titti,Entire home/apt,149.0
Il Borgo del Duomo,Sabrina,Entire home/apt,424.0
THREE APARTMENTS via Roma -ap1-,Daniele,Entire home/apt,248.0
THREE APARTMENTS via Roma -ap2-,Daniele,Entire home/apt,232.0
THREE APARTMENTS via Roma -ap3-,Daniele,Entire home/apt,328.0
Home in the Florence centre with Hamman,Valentina,Entire home/apt,266.0
Casa de Pepi 10,Andrea,Entire home/apt,172.0
Marylin Stanza privata con AC,Giovanpaolo,Private room,85.0
Palazzo dei Signori Lux &Design Loft/Apt with view,Fabrizio,Entire home/apt,589.0
De' Servi Loft by the Duomo - Charming Italy Tour,Cinzia Chiaramonti,Entire home/apt,216.0
Ginori Studio - Italian Nights Collection,Italian Nights,Entire home/apt,175.0
Super luminoso centrale con ascensore,Andrea,Entire home/apt,494.0
Appartamento in Torre San Niccolò,Laura,Entire home/apt,156.0
APPARTAMENTO AL CENTRO TRA DUOMO E DAVID,Diletta,Entire home/apt,198.0
Leoni Bargello Apartment by Mamo Florence,Mamo,Entire home/apt,
Leoni Remigio Apartment by Mamo Florence,Mamo,Entire home/apt,
AT THE TOP- PENTHOUSE view's  on all FLORENCE,Anisia,Private room,584.0
Santo Spirito apartment,Emilio,Entire home/apt,225.0
At the top faboulous terrace Florence,Anisia,Entire home/apt,574.0
Firenze tra conforto è lusso.,Anna,Entire home/apt,128.0
Vigna Vecchia Apartment 2,Lorenzo,Entire home/apt,76.0
Grazioso monolocale,Carlo,Entire home/apt,64.0
Private room in shared house,Miss Welcome- Help Housing,Private room,
Charming apartment in the center of Florence.,Alessandro,Entire home/apt,126.0
Casa Firenze,Erica,Entire home/apt,
La Mattonaia 1,Simone,Private room,131.0
Accogliente porzione di immobile vicino S. Croce,Federico,Private room,114.0
Lungarno attic with private terrace and lift,Lorenzo,Entire home/apt,302.0
terrazza romantica,Daniela,Entire home/apt,166.0
GREEN LUXURY SUITE PORTE NUOVE,Guia,Entire home/apt,93.0
Location Ponte Trinita by Antica Torre Tornabuoni,Maria,Private room,1152.0
Ponte Vecchio Luxury Flat,Re,Entire home/apt,485.0
Flamingo Florence Suite,Rafael,Entire home/apt,195.0
wonder apartment & free parking,Federico,Entire home/apt,167.0
Hotel Jane,Hotel,Private room,94.0
Residenza Benizzi Guesthouse - Room Pitti,Andrea,Private room,140.0
Residenza Benizzi Guesthouse- Room Santo Spirito,Andrea,Private room,160.0
Strozzi Square Amazing House,Laura,Entire home/apt,358.0
Residenza Benizzi Guesthouse -Single Room La Torre,Andrea,Private room,134.0
Residenza Benizzi Guest house - Room Duomo,Andrea,Private room,155.0
A - Appartamenti CORSO 3 - Affacciati a DANTE,Lorenzo,Entire home/apt,120.0
SOGNO NEL RINASCIMENTO,Daniela,Entire home/apt,162.0
La casa di Antonia,Anto,Entire home/apt,172.0
CIMATORI 12,Valentina,Entire home/apt,194.0
A room in San Niccolò,Luca,Private room,80.0
Hotel Porta Faenza,Hotel,Private room,286.0
Villa Tortorelli - Suite con Balcone,Rambaldo,Private room,162.0
Villa Tortorelli - Suite con Terrazza e Piscina,Rambaldo,Private room,246.0
Violetta Suite - Brand new flat - S. Maria Novella,Jacopo,Entire home/apt,162.0
Otello Suite - Brand new flat Santa Maria Novella,Jacopo,Entire home/apt,202.0
Tosca Suite - Brand new flat - Santa Maria Novella,Jacopo,Entire home/apt,196.0
Casa Paggi,Davide,Entire home/apt,4900.0
“Il sogno di Gabry “  a Firenze e per la Toscana,Gabriella,Entire home/apt,263.0
Santa Croce cozy apartment,Maria Teresa,Entire home/apt,175.0
La Casina in San Niccolò,Paola,Entire home/apt,166.0
"Casa Macci 45, nel cuore di Firenze",Gessica,Entire home/apt,103.0
Crystel - Modern Design Apartment in Best Location,Adolfo,Entire home/apt,225.0
GIGLIO - MODERN CLASSIC APARTMENT IN FLORENCE,Marco,Entire home/apt,200.0
"Residenza Dante, Firenze",Mb Housing,Entire home/apt,184.0
monolocale privato accanto a Pontevecchio,Luca,Entire home/apt,155.0
Villa Tortorelli - Suite Deluxe con Piscina,Rambaldo,Private room,124.0
Villa Tortorelli - Executive Suite - Shared Pool,Rambaldo,Private room,183.0
Oltrarno view apartment,Alessandra,Entire home/apt,
Gorgeous Florence Gem + Private Rooftop Access,Oriane,Entire home/apt,537.0
Appartamento Michelangelo,Eleonora,Entire home/apt,312.0
Beautiful recently renovated modern apartment,Konstantin,Entire home/apt,
Ponte Vecchio Studio 2 -city center-,Laura,Entire home/apt,141.0
Florentine Penthouse,Matias,Entire home/apt,
Speziali Apartment in the heart of Florence,FloRentals,Entire home/apt,192.0
GuestHost - Palazzo Pitti & Boboli Apartment,GuestHost - Welcome To Italy,Entire home/apt,85.0
GuestHost - Fortezza Cozy and Quiet Flat,GuestHost - Welcome To Italy,Entire home/apt,
Palazzo Salviati by Varental | Bellosguardo,Varental,Entire home/apt,360.0
Margot Apartment by Mamo Florence,Mamo,Entire home/apt,194.0
Palazzo Salviati by Varental | Duomo,Varental,Entire home/apt,305.0
Palazzo Salviati by Varental | Verdi,Varental,Entire home/apt,219.0
Palazzo Salviati by Varental | San Marco,Varental,Entire home/apt,219.0
Palazzo Salviati by Varental | Santa Croce,Varental,Entire home/apt,388.0
Palazzo Salviati Collection - Fiesole Amazing View,Varental,Entire home/apt,473.0
Intimate and welcoming apartment in the center,Eletta,Entire home/apt,107.0
Palazzo Salviati by Varental | Luxe Brunelleschi,Varental,Entire home/apt,496.0
Firenze da Sogno,Elena,Entire home/apt,255.0
Authentic Florentine Gem Next Ponte Vecchio Uffizi,Cecilia,Entire home/apt,
Serenity - Sweet Dreams in Florence,Irene,Entire home/apt,298.0
Il giardino in città,Luca,Entire home/apt,106.0
Florentine Apartment with Rare View of Cathedral,Daniele,Entire home/apt,248.0
Casa Valentina Firenze Careggi fino a 4 ospiti,Arianna,Entire home/apt,152.0
[SAN LORENZO-DUOMO] Prestigious Historic Residence,Matteo,Entire home/apt,992.0
Dragomanni 2 Bedroom Apartment with Garden,Apartments_Florence,Entire home/apt,391.0
Marchese Bargagli Apartment Suite,Francesco,Entire home/apt,359.0
Tegolaio Apartment by Mamo Florence,Mamo,Entire home/apt,217.0
Ricasoli Apartment by Mamo Florence,Mamo,Entire home/apt,245.0
Cavour Deluxe By MMega,MMega Homes And Villas,Entire home/apt,445.0
2 camere accanto un mercato e piazza Santa Croce,Niccolo,Entire home/apt,187.0
Nice & Roomy Apartment  behind the Uffizi Museum,Edy,Entire home/apt,159.0
Ponte Vecchio Deluxe Apartment,Tommaso,Entire home/apt,627.0
Dado Apartment by Mamo Florence,Mamo,Entire home/apt,168.0
Espresso Apartment by Mamo Florence,Mamo,Entire home/apt,142.0
"Taddea apartment, luminoso bilocale",Gabriele,Entire home/apt,137.0
GuestHost - La Campagna In Città Cascine Flat,GuestHost - Welcome To Italy,Entire home/apt,86.0
Art Apartment Luxury Santo Spirito suite,David,Entire home/apt,226.0
"Terrazza sui tetti, nel cuore dell’arte",Bruna,Entire home/apt,229.0
Pitti Portrait,Lorenzo,Entire home/apt,213.0
1BR Apartment • Sofa Bed • Up to 4 Guests,Emanuele,Entire home/apt,205.0
Elegant Full Apartment with Suite – Up to 6 Guests,Emanuele,Entire home/apt,331.0
Appartamento 1 bedroom,Giovanna,Entire home/apt,61.0
Servi 34,Roberto,Entire home/apt,408.0
TramwayEasy • Queen Room | Live Like Locals,Luca,Private room,84.0
"Experience Firenze in a clean, comfortable Palazzo",Patrizia,Private room,92.0
Casa Michelangelo -Tintori Apt,Massimiliano,Entire home/apt,278.0
Terme Chic- Steps from Tornabuoni and Lungarno,Apartments Florence,Entire home/apt,
San Lorenzo Market Loft,Apartments Florence,Entire home/apt,216.0
Flower Garden Apartment Vicino al Centro,Marianeve,Entire home/apt,
Charming Suite Near David & the Università,White,Entire home/apt,90.0
Darling Suite Near David,White,Entire home/apt,109.0
Profumino - Palazzo Roselli Cecconi Apartments,Pietro,Entire home/apt,326.0
Firenze alloggio,Massimo,Private room,34.0
centralissima stanza singola e colazione inclusa,Francesca,Private room,74.0
Gina Guest House - Centro Storico Firenze,Nico,Entire home/apt,194.0
VENERE - Santa Maria Novella,Marcel,Private room,114.0
"Isa's flat, cozy home in Florence",Isa,Entire home/apt,132.0
INTERNO 12 appartamento loft panoramico Firenze,Gio,Entire home/apt,114.0
Little Studio “La Casina Firenze”,Martina,Entire home/apt,124.0
Bright room between Lungarno and center,Rosanna,Private room,22.0
Seminterrato abitale con cucina entrata indipenden,Alessio,Entire home/apt,
Solo Experience Hotel Camera Smart 14 mq,Giacomo,Private room,453.0
Solo Experience Hotel Camera Comfort,Giacomo,Private room,453.0
"Appartamento Lungarno Colombo, ascensore e garage",Marianna,Entire home/apt,381.0
Solo Experience Hotel Camera Comfort tripla,Giacomo,Private room,453.0
Solo Experience Hotel Camera Deluxe,Giacomo,Private room,453.0
Solo Experience Hotel Camera Deluxe Idromassaggio,Giacomo,Private room,453.0
Solo Experience Hotel - Hammam Junior Suite,Giacomo,Private room,453.0
Sweet Living Purgatorio,Mattia,Entire home/apt,114.0
Solo Experience Hotel - Suite Deluxe,Giacomo,Private room,453.0
Niccolò Terrace,Ma Maison Vacation Rental,Entire home/apt,337.0
San Niccolò house,Marco,Entire home/apt,112.0
Torre Lanfredini  loft,Roberta,Entire home/apt,160.0
Solo Experience Hotel Camera Familiare Comfort,Giacomo,Private room,906.0
Solo Experience Hotel Suite con vista panoramica,Giacomo,Private room,906.0
Altafronte Enchanted Suite close to Uffizi Gallery,Lorenzo,Entire home/apt,144.0
Loft BP,Vittorio,Entire home/apt,575.0
Small Studio+Terrace/Piccolo Monolocale +Terrazza,Vittorio,Entire home/apt,805.0
Stunning apartment with double balcony by the Dome,Alessandro,Entire home/apt,268.0
San Lorenzo for foodies,Roberto,Entire home/apt,249.0
Chiara Five Senses - Elevator and Balcony - Center,Antonella,Entire home/apt,264.0
In the heart of Florence,Nicoletta,Entire home/apt,125.0
Uffizi Romantic Flat By MMega,MMega Homes And Villas,Entire home/apt,
Monte Croci Apartment by Mamo Florence,Mamo,Entire home/apt,153.0
Frassinella Lungarno alle Grazie,Eleonora,Entire home/apt,217.0
Luxury Bi-locale  San Niccolò,Giandomenico,Entire home/apt,
Modern Art Studio in Florence,Dania,Entire home/apt,141.0
Trebbio appartamento Tornabuoni,Diana,Entire home/apt,265.0
Large and bright apartment with a nice terrace,Valeria,Entire home/apt,145.0
Renewed Cozy apartment Florence Beccaria/Oberdan,Casa Vacanze Firenze,Entire home/apt,209.0
Grazioso appartamento a Firenze,Antonietta,Entire home/apt,120.0
Coverelli · Open Space in Chiasso perduto (garage,Donna,Entire home/apt,184.0
La Mattonaia 2,Simone,Private room,120.0
Elegant & Charming 1BR nearby Ponte Vecchio,White,Entire home/apt,154.0
Elegant and modern apartment in historic center,Polina,Entire home/apt,125.0
"Borgo20 Incantevole, moderno, immerso nella storia",Primo,Entire home/apt,194.0
GuestHost - I Renai Modern Apartment,GuestHost - Welcome To Italy,Entire home/apt,102.0
Charme Historic Loft - 2 bath • Near Ponte Vecchio,Lapo,Entire home/apt,260.0
Terraza Suite SMN Stazione Firenze 4pax,Nicole,Entire home/apt,
New  sophisticated apartment in Florence,Casa Vacanze Firenze,Entire home/apt,209.0
Duomo New Luxury Apartment 3 Bedrooms 3 Bathrooms,Luca,Entire home/apt,611.0
Loft on the Florentine roofs,Mattia,Entire home/apt,139.0
CasaGiorgio,Stefano,Entire home/apt,142.0
"Villa Gallorosso, Suite tripla",Alica,Private room,145.0
Villa Gallorosso (triple room),Alica,Entire home/apt,216.0
Villa Gallorosso (Apartment in the green),Alica,Entire home/apt,199.0
"Villa Gallorosso, Stanza doppia letti singoli",Alica,Private room,142.0
Le Cure Fantastic Apartment (one stop to Cente,Azadeh,Entire home/apt,151.0
"Villa Gallorosso, Stanza matrimoniale",Alica,Private room,145.0
Sunrise Apartment by Mamo Florence,Mamo,Entire home/apt,153.0
Sophia Apartment by Mamo Florence,Mamo,Entire home/apt,386.0
Serene Gem In Front of Duomo,Federico,Entire home/apt,195.0
Florence Art -Acquamarina-Deluxe two bedroom apt,Florence Art Apartments,Entire home/apt,684.0
Florence Art Apts - Azzuro- Two Bedroom Apt,Florence Art Apartments,Entire home/apt,590.0
Casa Rose - Piccolo monolocale  Firenze centro,Francesco,Entire home/apt,99.0
Florence Art Apts - Reale -Deluxe two bedroom apt,Florence Art Apartments,Entire home/apt,654.0
Florence Art Apts -Bordeaux - One Bedroom Apt,Florence Art Apartments,Entire home/apt,340.0
Florence Art Apts -Bronzo - Two Bedroom Apt,Florence Art Apartments,Private room,590.0
Florence Art Apts -Castano -Deluxe two bedroom apt,Florence Art Apartments,Private room,660.0
Duomo view | spacious 3br apartment w/ terrace,Vita SRL,Entire home/apt,649.0
Florence Art Apts - Grigio Cuccio- One Bedroom apt,Florence Art Apartments,Entire home/apt,340.0
Oro Romano - Suite,Florence Art Apartments,Private room,271.0
Florence Art Apts -Rosa Lerici - Two Bedroom Apt,Florence Art Apartments,Private room,590.0
Florence Art Apts - Rosso-One Bedroom Apt,Florence Art Apartments,Private room,328.0
La luminosissima casetta di San Jacopino,Giulia & Michele,Entire home/apt,92.0
Delizioso bilocale,Marco,Entire home/apt,118.0
VILLA MEDICEA,Itinere Villas,Entire home/apt,9000.0
Lungarno View Apartment By San Firenze Collection,Cristina,Entire home/apt,142.0
Elegant in the center of Florence,Maria Gloria,Entire home/apt,325.0
PONTE VECCHIO VIEW-3 bd2b overlooking PonteVecchio,Apartments Florence,Entire home/apt,690.0
25 Tower House boutique hotel b&b wi-fi,Lina,Private room,182.0
Historic Prior’s Suite near Santa Croce,Alessandra,Entire home/apt,2237.0
Firenze - Venus Apartment,Giorgio,Entire home/apt,
Florence Garden Pool Central,Angelo,Private room,1198.0
"Agatha, unique 3 br apartment by halldis",Vita SRL,Entire home/apt,272.0
Fully renovated exclusive apartment in Villa,Guglielmo,Entire home/apt,571.0
The Abbess’s Suite Historic Charm/ Modern Comfort,Alessandra,Entire home/apt,181.0
"Mathilde, lovely 2 br apartment with garden by hal",Vita SRL,Entire home/apt,188.0
"Terme view, lovely 1 br flat by halldis",Vita SRL,Entire home/apt,204.0
Casa di Rally&Pally,Raffaella,Entire home/apt,143.0
"Centralissimo e silenzioso, Firenze",Francesco,Entire home/apt,120.0
Luisa's bright and quiet Florentine rental,Francesca,Entire home/apt,262.0
Piazza San Lorenzo -Luxurious 3 bedroom,Apartments Florence,Entire home/apt,817.0
Un Bacio a Firenze House,Marco,Entire home/apt,148.0
"Gilda, lovely 2 br flat with terrace by halldis",Vita SRL,Entire home/apt,215.0
"Georgofili, lovely 1 br apartment by halldis",Vita SRL,Entire home/apt,205.0
"Oltrarno loft, lovely 1 br flat in oltrarno distri",Vita SRL,Entire home/apt,181.0
Neri-A,Aiet,Entire home/apt,108.0
Stunning Apartment In Florence SMN,Stefano,Entire home/apt,662.0
Terme Suite by Halldis,Vita SRL,Entire home/apt,246.0
Pellico6 appartamento in centro con self check-in,Antonio,Entire home/apt,205.0
Duomo 3 - Alfani,Alessandro,Entire home/apt,139.0
Stunning view over Ponte Vecchio,Leonardo,Entire home/apt,342.0
[Ponte Vecchio] Charm and Awesome view of Florence,Matteo,Entire home/apt,311.0
Quiet and relaxing place in a beautiful palace - city center,Donatella,Entire home/apt,168.0
Center: girls only independent room for single use,Antonina,Private room,160.0
BILLIARD HOUSE/casabarthel on the Florentine hills,Elena,Entire home/apt,131.0
Numa | Small Room w/ Single Bed near Duomo,Numa Florence Rodo,Entire home/apt,101.0
GuestHost - Galileo Greenhouse - Giotto,GuestHost - Welcome To Italy,Private room,99.0
GuestHost - Galileo Greenhouse - Cimabue,GuestHost - Welcome To Italy,Private room,96.0
GuestHost - Galileo Greenhouse - Dante,GuestHost - Welcome To Italy,Private room,85.0
Appartamentino Luminoso e Accogliente a Firenze,Silvia,Entire home/apt,63.0
"Florentinus appartment
(seminterrato indipendente)",Alfredo Massimo,Entire home/apt,117.0
Luce Piccola Suite San Marco area,Maria Luce,Private room,115.0
Tornabuoni Stylish Flat,Alessandra,Entire home/apt,179.0
ENJOY IN THE PRESTIGIOUS FLAT,Anna Clementina,Entire home/apt,371.0
GuestHost - Uffizi Gallery Cozy Flat,GuestHost - Welcome To Italy,Entire home/apt,129.0
SMN 2 - Terrace with view of Florence,Leonardo,Entire home/apt,167.0
Esclusivo appartamento nel cuore di Firenze,⁨E.M. Di Del Bianco Ernesto & C.⁩,Entire home/apt,
Francesca’s luxury Florentine stay with frescoes,Francesca,Entire home/apt,257.0
Guardie farmhouse,Mimma,Entire home/apt,525.0
Ghiberti House By MMega,MMega Homes And Villas,Entire home/apt,174.0
Appartamento Casa Mia a 2 min dall'aeroporto,Paola,Entire home/apt,120.0
-30% San Niccolò/Ponte Vecchio/FastWiFi/SmartTV,Simone,Entire home/apt,160.0
"Ubi's home Statuto park and go, Private car parki",Giulia,Entire home/apt,212.0
Brand New Charming Apartment Tessitori,Patrizia,Entire home/apt,153.0
Apartment Florence Santa Croce,Edo & Rita,Entire home/apt,214.0
Cosy Modern Studio with Private Bathroom TV & WiFi,Alexandre,Entire home/apt,111.0
"Locanda della Musica, Charme suite",Valentino Giulio,Private room,120.0
Modern Flat with Terrace near S.M.N Train Station,Andrea,Entire home/apt,
Art Apartment Santa Croce Suite,David,Entire home/apt,138.0
Cozy Dante's Apartment,Leonardo,Entire home/apt,123.0
Super central little studio,Paolo,Entire home/apt,162.0
Numa | Standard Room in Central Florence,Numa Florence Rodo,Entire home/apt,171.0
Numa | Large Room with Sofa Bed near Duomo,Numa Florence Rodo,Entire home/apt,187.0
Numa | XL Studio w/ Kitchenette & Sofa Bed,Numa Florence Rodo,Entire home/apt,186.0
Arno Boutique Hotel  №1,Homam,Private room,86.0
Arno Boutique Hotel №2,Homam,Private room,86.0
Anselmi modern 2 br flat by halldis,Vita SRL,Entire home/apt,255.0
"Medici, modern 3 br flat by halldis",Vita SRL,Entire home/apt,410.0
SMN Plaza ~ Exclusive & Spacious Art Decò Home,Cinzia,Entire home/apt,393.0
"Arno Boutique Hotel №3
( With Balcony )",Homam,Private room,86.0
Arno Boutique Hotel №4,Homam,Private room,86.0
Arno Boutique Hotel №5,Homam,Private room,86.0
Heart of Florence Apartment,Maysa,Entire home/apt,196.0
San Remigio Apartment,Federico,Entire home/apt,581.0
Pilastri Home Garden + AC +WiFi+ Netlfix,Benedetta,Entire home/apt,464.0
"Malespini, wonderful 2 br flat near duomo by halld",Vita SRL,Entire home/apt,276.0
"Costanza, charming 2 br flat with terrace by halld",Vita SRL,Entire home/apt,264.0
"Antonino, lovely 2 br flat by halldis",Vita SRL,Entire home/apt,197.0
Da Pallina Garden,Giulio,Entire home/apt,126.0
"Firenze Rooms Cathedral's B&B, Stanza matrimonial.",Firenze Rooms Cathedral,Private room,115.0
"Firenze Rooms Cathedral's B&B, Stanza doppia 2",Firenze Rooms Cathedral,Private room,170.0
"Firenze Rooms Cathedral's B&B, Stanza doppia 3",Firenze Rooms Cathedral,Private room,115.0
"Firenze Rooms Cathedral's B&B, Stanza doppia 1",Firenze Rooms Cathedral,Private room,115.0
"Firenze Rooms Cathedral's B&B, Stanza matrimonial.",Firenze Rooms Cathedral,Private room,160.0
"Firenze Rooms Cathedral's B&B, Stanza matrimonial.",Firenze Rooms Cathedral,Private room,
"Firenze Rooms Cathedral's B&B, Stanza matrimonial.",Firenze Rooms Cathedral,Private room,
Casa Amici - 2 bedroom in the heart of Florence,Apartments Florence,Entire home/apt,408.0
"[Uffizi, Signoria] Monolocale Centro storico",Francesca Lucia,Entire home/apt,120.0
Antonella's sweet home,Antonella,Entire home/apt,173.0
Florence Little Suite - Sweet Dreams in Florence,Irene,Entire home/apt,299.0
Wine Apartments Florence Morellino,Wine Apartments Florence,Entire home/apt,200.0
Art Duomo Confortable Loft in Florence,Anisia,Entire home/apt,194.0
Pontevecchio Studio 2o,Tuscany,Entire home/apt,118.0
Suite with 3 terraces at Ponte Vecchio,Josephine,Entire home/apt,286.0
Jake Apartment by Mamo Florence,Mamo,Entire home/apt,141.0
GuestHost - San Marco Flat with Panoramic View,GuestHost - Welcome To Italy,Entire home/apt,115.0
Indipendenza Apartment by Mamo Florence,Mamo,Entire home/apt,120.0
Bright and spacious apartment in the city center,Luca,Entire home/apt,552.0
[DUOMO] Cozy and characteristic apartment,Matteo,Entire home/apt,202.0
Spacious double room  close to city centre,Paola,Private room,72.0
Piccola Firenze,Valentina,Entire home/apt,
"Luxury family suite ""Enzo Ferrari""",Antonio,Entire home/apt,184.0
Valentina 6,Pietro,Entire home/apt,640.0
"Mignon, Cozy Studio By Halldis",Vita SRL,Entire home/apt,188.0
Sprone House by 360 Rentals,Andrea Frua De Angeli,Entire home/apt,201.0
Apartment Santa Croce Deluxe,Meaghan,Entire home/apt,434.0
Alfani double,Istay,Entire home/apt,141.0
Vigna Vecchia Pano @Locappart Terrasse panoramique,Locappart,Entire home/apt,230.0
"Al Vicolo, Piazza Signoria",Elena,Entire home/apt,355.0
"Canottieri, spacious and elegant 1 br flat by hall",Vita SRL,Entire home/apt,226.0
"Signoria vista, bright & cozy 2 br apartment by ha",Vita SRL,Entire home/apt,336.0
Vigna Vecchia Studio @Locappart Coeur de Forence,Locappart,Entire home/apt,132.0
Lovely and large room close to center,Rosanna,Private room,
confortevole appartamento nel verde,Chiara,Entire home/apt,149.0
In the heart of Florence,Valentina,Entire home/apt,
Boboli Apartment by Mamo Florence,Mamo,Entire home/apt,152.0
A casa di nonna Lisa,Alessandra L'Abate,Private room,58.0
Four rooms apartment,Tommaso,Entire home/apt,896.0
Magazzini Apartment by Mamo Florence,Mamo,Entire home/apt,261.0
Spirit of Florence Boutique Double Room WITH VIEW,Gregorio,Private room,140.0
Spirit of Florence -2 bedroom SUITE Quadruple Room,Gregorio,Private room,201.0
Spirit of Florence Boutique Triple Room (NO VIEW),Gregorio,Private room,160.0
Spirit of Florence  Boutique Triple Room WITH VIEW,Gregorio,Private room,177.0
New Two Bedroom Apartment with Terrace,Alexandre,Entire home/apt,133.0
New Studio Apartment with Terrace,Alexandre,Entire home/apt,153.0
Corso Secondo,Istay,Entire home/apt,225.0
Corso Terzo,Istay,Entire home/apt,301.0
Camillo Apartment by Mamo Florence,Mamo,Entire home/apt,214.0
Benso Apartment by Mamo Florence,Mamo,Entire home/apt,231.0
Exclusive apartment Duomo (Dante),Lorenzo,Entire home/apt,119.0
Exclusive apartment Duomo (Paradiso),Lorenzo,Entire home/apt,152.0
Exclusive apartment Duomo (Attic),Lorenzo,Entire home/apt,152.0
Blu,Elly,Entire home/apt,161.0
Leoni Suite By MMega,MMega Homes And Villas,Entire home/apt,325.0
Cosy Fiesolana Balcony,Alessandro,Entire home/apt,158.0
Santa Croce Loft by Mamo Florence,Mamo,Entire home/apt,179.0
San Marco Apartment by Mamo Florence,Mamo,Entire home/apt,278.0
GM Apartment by Mamo Florence,Mamo,Entire home/apt,176.0
Pitti Sprone studio-silenzioso-ac-Wi-Fi - lift,Leonardo,Entire home/apt,129.0
Amor Fati,Elly,Entire home/apt,151.0
love si,Elly,Entire home/apt,240.0
"My happy place! all comforts, exclusive use",Elena,Entire home/apt,285.0
Your apartment just across the Duomo - Florence,Angela,Entire home/apt,174.0
Junior Suite a Firenze,Daphne Guest House,Private room,150.0
Deluxe Suite a Firenze,Daphne Guest House,Private room,200.0
Klimt Stanza privata con AC,Giovanpaolo,Private room,117.0
Accogliente e moderno appartamento con box auto,Daniela,Entire home/apt,189.0
Valentina 2,Pietro,Entire home/apt,
Valentina 4,Pietro,Entire home/apt,588.0
Casa Giotto - Tintori Apt,Massimiliano,Entire home/apt,221.0
Dormire a 100mt da Pontevecchio con AC,Giovanpaolo,Entire home/apt,291.0
Your nest in Florence (with new soundproof Windows,Irene,Entire home/apt,180.0
Casa Luisella - A green flat in Via della Vigna,Alessandra,Entire home/apt,385.0
Evelin 2,Valentina,Private room,14.0
Chiesino Flexyrent  Renewed - A.C. - WiFi,Flexyrent,Entire home/apt,
Appartamento al Giardino delle Rose,Andrea,Entire home/apt,142.0
The Secret Garden,Deanna,Entire home/apt,278.0
Meraviglioso appartamento vicino al centro-Firenze,⁨Niccolo'⁩,Entire home/apt,115.0
"Zafferano, lovely 1 br flat in heart of florence b",Vita SRL,Entire home/apt,213.0
"Luce, lovely 3 br apartment by halldis",Vita SRL,Entire home/apt,522.0
Stunning SMN View • Modern & Central Apartment,Claudio,Entire home/apt,148.0
Boutique Apartments - Magnolia,Amazing Italian Retreats,Entire home/apt,
Tornabuoni La Petite Suite - Frescoed suite with city view,Julia,Private room,128.0
Florence Duomo Penthouse with terrace,Carlotta,Entire home/apt,634.0
Cantinetta in San Frediano,Uma & Tina,Entire home/apt,
GuestHost - Santa Trinità Industrial Flat,GuestHost - Welcome To Italy,Entire home/apt,160.0
San Lorenzo Loft,Lorenzo,Entire home/apt,
Florence Luxury Apartment al Duomo By MMega,MMega Homes And Villas,Entire home/apt,431.0
Leopardi7 appartamento incentro con self check-in,Antonio,Entire home/apt,222.0
Santa Maria Novella Plaza - Private Apartment,Cinzia,Entire home/apt,556.0
Dreams Over Ponte Vecchio-Luxury-View-5 Bedrooms,Apartments_Florence,Entire home/apt,1436.0
Camera singola vicino al centro storico,Serena,Private room,80.0
"Ampio trilocale centro Firenze | 3 Camere, 2 Bagni",Tizzyo,Entire home/apt,366.0
Fiesolana room,Lorenzo,Private room,86.0
PalazzoVilla historic building luxury suite,Gianluca,Entire home/apt,310.0
Florentine Penthouse with Panoramic Terrace,Gattolino Firenze,Entire home/apt,479.0
Firenze 5 Pax appartamento Leonardo,Nicole,Entire home/apt,
Monolocale nel cuore di Firenze con Self Check-in,Maka,Entire home/apt,216.0
Appartamento spazioso e pieno di luce,Francesco,Entire home/apt,12.0
Lo Studio Incantevole con Vista con Self Check-in,Maka,Entire home/apt,205.0
Monolocale con vista mozzafiato con Self Check-in,Maka,Private room,205.0
Toselli Garden House -,Alessandro,Entire home/apt,97.0
Toselli Art Flat -,Alessandro,Entire home/apt,97.0
Small Art Apartment in Historical Palace,Daniela,Private room,82.0
Villa Lia al Piazzale Michelangelo,Barbara,Entire home/apt,668.0
Luminoso e Tranquillo Bilocale Santa Maria Novella,Simone,Entire home/apt,149.0
La Corte di San Frediano,Sara,Entire home/apt,169.0
"Exclusive Penthouse , Skyline View , with Parking",Jonny,Entire home/apt,397.0
LOFT STUDIO IN THE HEART OF FLORENCE,Lori,Entire home/apt,140.0
Duomo Central Studio,Luca,Entire home/apt,131.0
bellissimo appartamento,Francesco,Entire home/apt,
Niccolò Suite in the heart of the historic center,Niccolò,Entire home/apt,293.0
GuestHost - Maragliano Cozy Flat with Balcony,GuestHost - Welcome To Italy,Entire home/apt,126.0
Campuccio - Flo Apartments,Flo Apartments,Entire home/apt,273.0
"Private terrace, 2 bedrooms apt, old town Florence",Marco,Entire home/apt,175.0
A Casa di Alice,Maria,Entire home/apt,164.0
Stanza comfort Firenze,Giada,Private room,49.0
GuestHost - Mercato Centrale Modern Flat,GuestHost - Welcome To Italy,Entire home/apt,148.0
Santa Maria Novella | Vecchio Baule Flat,Marghe,Entire home/apt,274.0
Rosso Fiorentino,Elly,Entire home/apt,207.0
The Bamboo Terrace House,Luca,Entire home/apt,309.0
Operachef99 Guest House,Piero,Entire home/apt,194.0
Firenze monolocale con terrazzo 15 min dal centro,Carolina,Entire home/apt,101.0
Grace Apartment by Mamo Florence,Mamo,Entire home/apt,220.0
Frescoed Apartment in the heart of Florence,Marco,Entire home/apt,219.0
Wine Apartments Florence Sangiovese,Wine Apartments Florence,Entire home/apt,241.0
Shelley Apartment,Domenico,Entire home/apt,160.0
Civico 7 - Sweet Dreams in Florence,Irene,Entire home/apt,495.0
Casa dell'upupa,Roberto,Entire home/apt,190.0
YiD Lovely Duomo suite Apt,Roberto,Entire home/apt,231.0
The Bookhouse,Lorenzo,Entire home/apt,379.0
Double room with french bed - Giglio - 100% Vegan,Gabriele,Private room,103.0
Loft a Firenze con posto auto,Morena,Entire home/apt,
TORNABUONI APARTMENT - best located 2BDR 1 BTH,Elisabetta,Entire home/apt,259.0
Monolocale Classic,Porta Al Prato,Entire home/apt,45.0
"Il Viaggiator Leggero B&B, Stanza con un letto",Costanza,Private room,70.0
Bombarde - Flo Apartments,Flo Apartments,Entire home/apt,286.0
[San Frediano] Cozy and modern apartment,Matteo,Entire home/apt,228.0
Cozy apartment near Ponte Vecchio,Sonia,Entire home/apt,177.0
Historic Center- 300mt station open-air courtyard,Marco,Entire home/apt,169.0
Orsanmichele View By MMega,MMega Homes And Villas,Entire home/apt,168.0
Santa Croce Luxury Suite,Allegra,Entire home/apt,135.0
Heart Of Florence - Stylish Family Apartment,Andrew,Entire home/apt,248.0
Santi Apostoli: Ponte Vecchio view,Luca,Entire home/apt,277.0
Top Floor Apartment at  Ponte Vecchio,Alessandro,Entire home/apt,708.0
Ampia camera  con bagno privato in zona Coverciano,Chiara,Private room,116.0
"Pergola White Loft  "" il tuo posto a teatro""",Benedetta Amendola,Entire home/apt,202.0
Diciotto Apartment by Mamo Florence,Mamo,Entire home/apt,185.0
Keys of Italy - F1 -1Bedroom apt by Santa Croce,Keys Of Italy,Entire home/apt,126.0
Tipologia Trilo 05 pax by Interhome,Alessandra - Interhome,Entire home/apt,273.0
Tower Apartment by Mamo Florence,Mamo,Entire home/apt,287.0
Faenza Apartment by Mamo Florence,Mamo,Entire home/apt,272.0
Nuovissima Mini Camera Lucente :-),Pietrapiana,Private room,99.0
Florence Art Apts -Blue - Superior Two Bedroom Apt,Florence Art Apartments,Entire home/apt,650.0
Campanile di Giotto,Barbara,Entire home/apt,149.0
Giallo di Napoli - Two bedroom apartment,Florence Art Apartments,Entire home/apt,644.0
Florence Art Apts - Rosa Veneziano  - Split level,Florence Art Apartments,Entire home/apt,374.0
Rosso Tiziano - One Bedroom Apartment - Penthouse,Florence Art Apartments,Entire home/apt,328.0
Florence Art Apartments - Terra di Siena - Studio,Florence Art Apartments,Entire home/apt,260.0
Viola Fiorentino - Studio apartment,Florence Art Apartments,Entire home/apt,260.0
Dimora Dina,Elisabetta,Entire home/apt,503.0
Ciompi Apartment Alessia,Alessia,Entire home/apt,139.0
Florence Heart Uffizi - centrale e ristrutturato!,Leonardo E Niccolò,Entire home/apt,154.0
Il Nido di Letizia traditional  apartment,Letizia,Entire home/apt,94.0
Sweet Living De' Frescobaldi,Mattia,Entire home/apt,90.0
Art Apartment Black & White suite,David,Entire home/apt,170.0
Alfieri8  appartamento self check- in - centro,Antonio,Entire home/apt,216.0
"Firenze Duomo  luxury 
Panoramic view",Mirko,Entire home/apt,594.0
Dianora penthouse with Uffizi Gallery Duomo views,Newtopique,Entire home/apt,338.0
"Atelier delle Grazie, Classic room i",Antonino,Private room,164.0
"Atelier delle Grazie, Superior room i",Antonino,Private room,156.0
"Atelier delle Grazie, Premium room",Antonino,Private room,178.0
Lovely apartment in best location in Florence,Rebekah,Entire home/apt,141.0
Mocenni10 appartamento in centro con self check-in,Antonio,Entire home/apt,188.0
Francis Apartment by Mamo Florence,Mamo,Entire home/apt,138.0
San Martino Duomo Views - sleeps up to 7,Apartments_Florence,Entire home/apt,352.0
Taddea Apartment,Silvana,Entire home/apt,132.0
Limoncino apartment - private parking,Federica,Entire home/apt,83.0
[DUOMO] Prestigious private terrace on the Duomo,Matteo,Entire home/apt,525.0
Foscolo9 appartamento in centro con self check -in,Antonio,Private room,199.0
"Modern & Bright in Oltrarno, Steps to Boboli",Niccolo,Entire home/apt,167.0
Ponte Vecchio Flat in Florence for 3,Maria Paola,Entire home/apt,88.0
The secret window in the river Arno,Elly,Entire home/apt,183.0
G & G 's Home,Fabrizia,Entire home/apt,
Private Parking Steps from the Historic Center,Leonardo,Entire home/apt,177.0
Quiet&Chic Hillside Loft | 20 mins to Downtown,Eleonora,Entire home/apt,124.0
Appartamento incantevole,Giulia,Entire home/apt,
Splendido appartamento al Ponte Vecchio,Maria Sole,Entire home/apt,262.0
"Casa Iris, semplicemente la mia casa a Firenze",Cristiano,Entire home/apt,198.0
Appartamento Maddalena-PONTE VECCHIO-TORNABUONI,Paolo,Entire home/apt,131.0
Geppi Deluxe al Ponte Vecchio,Gianluca And Gaia,Entire home/apt,388.0
Casa Morgana,Morgana,Entire home/apt,190.0
Cecco Apartment by Mamo Florence,Mamo,Entire home/apt,193.0
Traditional house in Mercato Centrale facing Duomo,Edy,Entire home/apt,160.0
Firenze Rentals Deluxe Apartment Palmieri,⁨Samuel & Paolo For Firenze Rentals®⁩,Entire home/apt,474.0
Appartamento di Gabriela,Gabriela,Entire home/apt,150.0
Il Giardino di Michele 🌷,Ida,Private room,126.0
"B&B di Livia breakfast, pink deluxe room",Livia,Private room,126.0
Da Cecilia,Da Cecilia,Entire home/apt,132.0
Corso Double,Istay,Private room,135.0
"Tiny Box 
on the Old Bridge
Florence",Emiliano,Entire home/apt,98.0
[ White Suite ] Santa Croce - Historical Center,Camilla,Entire home/apt,102.0
[-20%] CENTER- CAREGGI Loft with balcony★★★★★,Federica,Entire home/apt,
nido,Latif,Entire home/apt,166.0
Family and  Friends Apartment Florence,Duccio,Entire home/apt,151.0
Loft rinascimentale nel centro storico,Lucas,Entire home/apt,113.0
Home Theatre: enchanting night next to the station,Emiliano,Entire home/apt,112.0
Alloro City Center ~ 5' Main Sites & Private Entry,Mattia,Entire home/apt,214.0
Firenze Rentals Comfort and Central Apt. Panicale,Paolo,Entire home/apt,370.0
Oltrarno Spacious & Peaceful flat ~ Santo Spirito,Mattia,Entire home/apt,230.0
Oltrarno apartment 200m from S.spirito (5 sleeps),Emanuele,Entire home/apt,300.0
Bella e grande camera in appartamento condiviso,Vittoria,Private room,
Your stay in the heart of Florence!,Nadia,Entire home/apt,168.0
Moderno bilocale vicino a Piazzale Michelangelo,Virginia,Entire home/apt,137.0
Servi Apartment by Mamo Florence,Mamo,Entire home/apt,202.0
Victor Apartment by Mamo Florence,Mamo,Entire home/apt,207.0
Historic Center Cozy Quiet and Bright Duomo View,Alessandro,Entire home/apt,161.0
Sweet Living Rustici,Mattia,Entire home/apt,117.0
Sweet Living dell' Albero,Mattia,Entire home/apt,116.0
Sweet Living Medieval Tower,Mattia,Entire home/apt,110.0
Sweet Living San Gallo,Mattia,Entire home/apt,116.0
Ghibellina 123,Roberto,Entire home/apt,298.0
camera doppia – low cost con bagno privato,Giandomenico,Private room,130.0
Numeroventi Loft 8,Martino,Entire home/apt,360.0
CA del Carmine,Sabrina,Entire home/apt,172.0
Tornabuoni Charming Apartment,Italy Super Host,Entire home/apt,145.0
Tornabuoni La Petite Suite - Camera doppia deluxe,Julia,Private room,133.0
Tornabuoni La Petite Suite - Camera economica per una fuga a Firenze,Julia,Private room,108.0
"Tornabuoni Petite Suite - Superior suite con affreschi, camino, vista città",Julia,Private room,198.0
Pitti Studio By MMega,MMega Homes And Villas,Entire home/apt,151.0
New Residence on Lungarno near Ponte Vecchio,Barbara,Entire home/apt,258.0
GuestHost - Doni Quiet and Comfortable Apartament,GuestHost - Welcome To Italy,Entire home/apt,97.0
Appartamento Suite Incantevole- Firenze Centro,Esmeralda,Entire home/apt,113.0
Appartamento 75mq con Vista Ponte Vecchio e Duomo,Appartamenti WTB,Entire home/apt,953.0
Appartamento Terrazzo vista Duomo e Ponte Vecchio,Appartamenti WTB,Entire home/apt,953.0
Lovely 2-bedroom flat in Florence,Silvia,Entire home/apt,
Le Grazie Suite 1 in Central Florence,Andrew,Entire home/apt,199.0
Michelangelo Hideaway By MMega,MMega Homes And Villas,Entire home/apt,192.0
La mia Fiorenza,Laura,Entire home/apt,172.0
The Buckley Prestige Residence,Eo,Entire home/apt,787.0
The Buckley Premium Apartment,Eo,Entire home/apt,240.0
The Buckley Executive Apartment,Eo,Entire home/apt,217.0
The Buckley Suite,Eo,Entire home/apt,164.0
Elegant 2 Baths AC WiFi Elevator 3 min Duomo,Laura,Entire home/apt,227.0
Modern flat with Fast Wi-Fi 10 minutes City Center,Sergio,Entire home/apt,119.0
"Appartamento ""La Porta di Firenze""",Francesco,Entire home/apt,110.0
Monolocale D’epoca,Anna Teresa,Entire home/apt,194.0
Relaxing Digital Nomad Suite - Florence,Nicoletta,Entire home/apt,144.0
Jcl first apt in the heart of Florence,Roberto,Entire home/apt,384.0
San Firenze Loft,Easyhousing,Entire home/apt,44.0
Wine Apartments Florence Grechetto,Wine Apartments Florence,Entire home/apt,188.0
Charming Studio in Firenze - 50 sqm + Fireplace,Homerez,Entire home/apt,
Leoni 10,Roberto,Entire home/apt,133.0
Casina Magnoli - by Happy Rentals,Harold,Entire home/apt,
Splendido appartamento romantico a Ponte Vecchio,Daniela,Entire home/apt,
Macci Apartment,Marta,Entire home/apt,103.0
Charming flat in characteristic San Frediano,Lilia,Entire home/apt,111.0
GuestHost - Firenze Nova Cozy Flat with Terrace,GuestHost - Welcome To Italy,Entire home/apt,106.0
zzz zzz,Mattia,Private room,277.0
Virgilio Apartment by Mamo Florence,Mamo,Entire home/apt,208.0
Florence Apartment five minutes to center,Annalisa,Entire home/apt,212.0
Mattonaia Modern Apartment,Silvana,Entire home/apt,166.0
Dante Apartment by Mamo Florence,Mamo,Entire home/apt,184.0
Casa Patti Firenze,Giuseppe,Entire home/apt,93.0
Ricasoli - Bilocale con Jacuzzi in centro Firenze,Gruppo UNA,Entire home/apt,1105.0
Santa Maria del Fiore Charming,Tornabuoni,Entire home/apt,622.0
Melarancio Residence,Francesca,Entire home/apt,262.0
Vespucci 30,Roberto,Entire home/apt,146.0
Tower House boutique hotel b&b wi-fi,Lina,Private room,133.0
23 Tower House boutique hotel b&b wi-fi,Lina,Private room,161.0
22 Tower House boutique hotel b&b wi-fi,Lina,Private room,170.0
24 Tower House boutique hotel b&b wi-fi,Lina,Private room,130.0
Dafne magnificent attic overlooking the Duomo,Newtopique,Entire home/apt,279.0
Romantico nido nel cuore di Firenze,Lodovico,Entire home/apt,206.0
Studio Archimedis - free private parking,Silvia,Entire home/apt,123.0
zzz zzz,Mattia,Private room,263.0
★IL MORO 20★ Exclusive Apartment 5 min to DUOMO!,Lavinia,Entire home/apt,211.0
"""Casa Veracini"" a Firenze",Alice&Viola,Entire home/apt,151.0
The Red Loft in Ponte Vecchio,Matias,Entire home/apt,138.0
Giglio Apartment by Mamo Florence,Mamo,Entire home/apt,56.0
Art in Florence Boutique Apartment,Fadia,Entire home/apt,141.0
Bravo Horse ⭐️ central of Florence! with A/C 🌡️,Ranjula,Private room,88.0
EvaSofia apartment - 2 bd 2 bath  5 min from Duomo,ApartmentsFlorence,Entire home/apt,
Clyde Apartment by Mamo Florence,Mamo,Entire home/apt,224.0
Bonnie Apartment by Mamo Florence,Mamo,Entire home/apt,173.0
zzz zzz,Charbel,Private room,277.0
zzz zzz,Charbel,Private room,277.0
zzz zzz,Charbel,Private room,277.0
stanza in famiglia con i miei amici quattro zampe,Elisabetta,Private room,26.0
"Centro Storico Stazione | Casa d'artista, terrazzo",Ksenia,Entire home/apt,111.0
Firenze Centro Storico Stazione | Casa d'artista,Ksenia,Entire home/apt,125.0
Firenze Centro Stazione| Piccola casa d'artista,Ksenia,Entire home/apt,120.0
Faenza Apartment,Giulio & Veronica,Entire home/apt,260.0
Neri Apartment,Giulio & Veronica,Entire home/apt,161.0
San Frediano Chic & Modern Apartment,Elena,Entire home/apt,101.0
Dalla Giulia - Sweet Dreams in Florence,Irene,Entire home/apt,381.0
La Casa dell'Orologio,Damiana,Entire home/apt,342.0
Unique and Secluded in the heart of real Florence,Giacomo,Entire home/apt,203.0
IN THE HEART OF PALAZZO GUICCIARDINI,ApartmentsFlorence,Entire home/apt,
Double Two de' Magnoli,Giacomo,Entire home/apt,161.0
Lovely flat between Mercato Centrale and Duomo,Edy,Entire home/apt,165.0
Toscanella Apartment by Mamo Florence,Mamo,Entire home/apt,152.0
Corinne Apartment by Mamo Florence,Mamo,Entire home/apt,169.0
Purple house,Fulvio,Entire home/apt,102.0
Charming Studio next to the Duomo,Luca,Entire home/apt,131.0
Benny's House,Maria Rosaria,Entire home/apt,289.0
"Il Soggiorno Alessandra, Stanza suite",Alessandra,Private room,149.0
Amazing Apartment Next to DUOMO in Florence,Manuele,Entire home/apt,193.0
Appartamento in guest house. Centro  Firenze,Daniele,Entire home/apt,280.0
Sweet Florence close to Bargello 2,Nik,Entire home/apt,120.0
YiD Luxury Suites with private parking in florence,Roberto,Entire home/apt,275.0
[Ponte Vecchio] Elegante appartamento con Suite,Silvia,Entire home/apt,206.0
Sant’Ambrogio | CityTurquoise Flat,Marghe,Entire home/apt,285.0
Casa de' neri,Xuhua,Entire home/apt,172.0
Stibbert Apartment,MMega Homes And Villas,Entire home/apt,117.0
The Pianista's house,Vacanze Al Civico,Entire home/apt,183.0
Boutique Charm in Authentic Neighborhood,Chandi,Entire home/apt,146.0
Ponte  Vecchio Studio1,Laura,Entire home/apt,148.0
Frappo Art House Florence,Francesca,Entire home/apt,130.0
Casa Sergio,Lorenzo,Entire home/apt,
Canacci By MMega,MMega Homes And Villas,Entire home/apt,174.0
Mosse Leopolda Apartment by Mamo Florence,Mamo,Entire home/apt,175.0
Meraviglioso nel cuore di Firenze,Grazia,Entire home/apt,131.0
Cavour - due camere due bagni,Madeinitaly,Private room,304.0
SAN MARCO New Apartment -DUE CAMERE DUE BAGNI,Madeinitaly,Private room,304.0
Calzaiuoli 10 -Boutique apartment,Camillo,Entire home/apt,200.0
"Historic building S.Croce, Florence",Maria,Entire home/apt,184.0
Campidoglio 4,Roberto,Entire home/apt,
Mattonaia design apartment,Darko,Entire home/apt,127.0
Luxury Apartment with view on Piazza Pitti -,Regina,Entire home/apt,789.0
Duomo Luxury Home with view,Luca,Entire home/apt,167.0
Signoria - Flo Apartments,Flo Apartments,Entire home/apt,242.0
Apostoli Charme ★★★★,Caminxa,Entire home/apt,460.0
La Culla di Dante Luxury Apartment in Duomo,Crescenzo,Entire home/apt,477.0
Laura's Patio Apartment,Monika,Entire home/apt,126.0
Capponi Terrace,HouseFlo,Entire home/apt,165.0
Ponte Vecchio cozy and comfortable | Fast WiFi,Daniele,Entire home/apt,135.0
Home for Two in Florence’s Heart: Walk Everywhere,Douglas,Entire home/apt,223.0
apartment on the roofs of Florence,Immobiliare Silvia,Entire home/apt,225.0
Mercadante Prestige By MMega,MMega Homes And Villas,Entire home/apt,127.0
Duomo Luxury House By MMega,MMega Homes And Villas,Entire home/apt,220.0
Caccini Terrace ★★★★,Maurizio,Entire home/apt,145.0
Wine Apartments Florence Dolcetto,Wine Apartments Florence,Entire home/apt,188.0
Piazza della Signoria Square,Massimo,Entire home/apt,145.0
Pitti 24,Roberto,Entire home/apt,
Aida Apartment by Mamo Florence,Mamo,Entire home/apt,185.0
Abigail Apartment by Mamo Florence,Mamo,Entire home/apt,273.0
Alicante By MMega,MMega Homes And Villas,Entire home/apt,174.0
Heart of Florence – walk everywhere,Carolina,Entire home/apt,80.0
Harry Apartment by Mamo Florence,Mamo,Entire home/apt,186.0
Ronald Apartment by Mamo Florence,Mamo,Entire home/apt,181.0
"Central, cozy, safe zone,fully equipped,fast Wi-Fi",Gianluca,Entire home/apt,155.0
Hermione Apartment by Mamo Florence,Mamo,Entire home/apt,268.0
Lamberti Stunning Rooftop 150mt from the Duomo,Florence Charming Apartments,Entire home/apt,196.0
YiD Santa Maria Novella Suites apt with balcony,Roberto,Entire home/apt,414.0
Penthouse Duomo view in Florence,Marianna,Entire home/apt,570.0
Gigliola apartment,Leonardo,Entire home/apt,69.0
"White Florence Suite, Uffizi 200 meters, AC, WIFI",Francesca,Entire home/apt,176.0
Casa del Moro⚜️,Diana,Entire home/apt,225.0
Borgo SS Apostoli | Elegant Florentine Residence,Marialaura,Entire home/apt,169.0
Cavour 82,Jacopo,Entire home/apt,141.0
Riverside Private Garden Apt. Lungarno del Tempio,Sammi,Entire home/apt,96.0
Lovely Apartment on the Arno river ~ Oltrarno,Sveva,Entire home/apt,240.0
A casa di Guido (2),Guido,Private room,69.0
A casa di Guido,Guido,Private room,69.0
Glam and luxury apartment at Ponte Vecchio,Marialaura,Entire home/apt,191.0
Stylish Apartment close Ponte Vecchio,Manuela,Entire home/apt,280.0
"B&B Olivo, Stanza quercia",Bruno,Private room,102.0
Centrally located apartment in historical building,Giulia,Entire home/apt,129.0
Sleeping in a Medici dinasty's house top location,Marialaura,Entire home/apt,150.0
Antefissa- flat in S. Spirito square,⁨Niccolo'⁩,Entire home/apt,
Firenze Italia /Camera incantevole /zona Stadio,Antonella,Private room,77.0
Cestello Suite By MMega,MMega Homes And Villas,Entire home/apt,170.0
Ponte Vecchio apartment over the roofs of Florence,Simone,Entire home/apt,166.0
"VILLINO RICORBOLI ""ONE"" - FIRENZE",Silvia,Entire home/apt,109.0
"VILLINO RICORBOLI ""TWO"" - FIRENZE",Silvia,Entire home/apt,109.0
Stanza Verde Firenze LGBTQ+ Frendly,Gabriella E Pietro,Private room,80.0
The best small Florence Flat,Salvina,Entire home/apt,110.0
- John flat  in Piazza Tanucci Firenze ! -,John,Entire home/apt,88.0
Ruote Apartment first,Istay,Entire home/apt,126.0
Vigna Vecchia G,Istay,Entire home/apt,177.0
Vigna Vecchia Double,Istay,Entire home/apt,121.0
Divina Apartment in the Heart of Florence,Apartments Florence,Entire home/apt,234.0
Oltrarno Apartment close to S.S Spirito  (2+1),Emanuele,Entire home/apt,173.0
H Romantic Flat : Scala 3,Francesco,Entire home/apt,114.0
GuestHost - Le Tre Volte Mercato Centrale Loft,GuestHost - Welcome To Italy,Entire home/apt,152.0
S. Spirito Flat,Lara,Entire home/apt,142.0
Stunning loft apartment by VacaVilla,Susi,Entire home/apt,270.0
Apt. in historical building by VacaVilla,Susi,Entire home/apt,289.0
Stunning museum apartment by VacaVilla,Susi,Entire home/apt,761.0
Fabio's guesthouse&parking,Federico,Entire home/apt,150.0
BEATRICE - Santa Maria Novella,Marcel,Private room,114.0
Liberty Suite Florence,Massimiliano,Entire home/apt,142.0
Beatrice Appartamento. Monolocale x2 in centro,Valerio,Entire home/apt,106.0
Appartamento accogliente vicino al centro storico,Laura E Francesco,Entire home/apt,
Hillside apartment with stunning views of Florence,Gabriele,Entire home/apt,
Rosé By MMega,MMega Homes And Villas,Entire home/apt,154.0
Signoria Apartment with patio,Saša,Entire home/apt,352.0
Appartamento nel cuore dell'Oltrarno,David,Entire home/apt,263.0
Terme Apartment,Istay,Entire home/apt,241.0
Charming & Unique Location - 5' walking all sites,Mattia,Entire home/apt,183.0
Alberti room with private bathroom,Alessandro,Private room,115.0
La terrazza di via Maggio,Vera,Entire home/apt,247.0
Girasole · Relax near the Duomo | by Acacia®,Acacia Firenze,Entire home/apt,193.0
Mini Loft Guelfa,Carla,Entire home/apt,111.0
[Ponte Vecchio] Unique Florentine Experience,Domenico,Entire home/apt,103.0
Nuovo bilocale a Firenze,Andrea,Entire home/apt,79.0
Santo Spirito Apartament in History Center,Andrea,Entire home/apt,45.0
The Artist’s House in Oltrarno,Virginia,Entire home/apt,250.0
Marimat By MMega,MMega Homes And Villas,Entire home/apt,230.0
"Charming Apt Le Ruote, Great location of Florence",Mattia,Entire home/apt,127.0
Alamanni Apartment by Mamo Florence,Mamo,Entire home/apt,211.0
Capponi Place By MMega,MMega Homes And Villas,Entire home/apt,69.0
A SottoPonteVecchio_Upper Floor Studio,Alessandra,Entire home/apt,124.0
Oltrarno Luxury Design apartment with terrace,Luca,Entire home/apt,262.0
Incantevole Attico soleggiato a Firenze terrazzino,Andrea,Entire home/apt,123.0
TOSCANELLA APARTMENT,Italy Super Host,Entire home/apt,135.0
TOSCANELLA STUDIO RUBINO,Italy Super Host,Entire home/apt,112.0
LUCIETTA 60 HOUSE,Lucia,Entire home/apt,
"B&B di Julia, Stanza familiare",Julia,Private room,140.0
"B&B di Julia, Stanza doppia standard 2",Julia,Private room,142.0
"B&B di Julia, Stanza doppia standard 1",Julia,Private room,130.0
"B&B di Julia, Piccola stanza doppia",Julia,Private room,142.0
"B&B di Julia, Stanza doppia",Julia,Private room,130.0
FREEDOM  APARTMENT,Matteo,Entire home/apt,137.0
The Florentine,Mariangela,Entire home/apt,143.0
Romantic Suite and Jacuzzi in the heart of Firenze,Mirko,Entire home/apt,
Modern Flat – 5 min Walk to Uffizi Gallery,Sabrina,Entire home/apt,187.0
santa croce luxury apartment with terrace,Florence,Entire home/apt,175.0
Sweet Florence studio flat,Klaudio,Entire home/apt,134.0
Home Milù Florence -  Milù Holidays Camera Arancio,Gabriella,Private room,170.0
Double Standard room | Italiana Hotels Florence,Emilio,Private room,434.0
Executive Room | Italiana Hotels Florence,Emilio,Private room,434.0
Deluxe Room | Italiana Hotels Florence,Emilio,Private room,456.0
Junior Suite | Italiana Hotels Florence,Emilio,Private room,369.0
Belle Donne Audrey Apartment by Mamo Florence,Mamo,Entire home/apt,250.0
Incantevole Appartamento al Ponte Vecchio,Maria Sole,Entire home/apt,238.0
Dimora Pitti near Ponte Vecchio,Elena,Entire home/apt,216.0
Ricasoli Boutique 1 Family room,Tornabuoni,Private room,121.0
Elegante appartamento con parcheggio privato,Antonio,Entire home/apt,183.0
Ghibellina 90,Roberto,Entire home/apt,227.0
Keys of Italy -SGiuseppe18-Micro monolocale SCroce,Keys Of Italy,Entire home/apt,105.0
Firenze Rentals Deluxe Apartment Cimatori,⁨Samuel & Paolo For Firenze Rentals®⁩,Entire home/apt,553.0
2 Bedroom Apartment with Terrace,HouseFlo,Entire home/apt,231.0
Nice Apartment Near Central Market,Federico,Entire home/apt,144.0
Nice Apartment Near The Basilica Of San Lorenzo,Federico,Entire home/apt,132.0
Mansion Allegra luxury Pitti,Angela,Entire home/apt,354.0
Camera privata in un appartamento con giardino,Katia,Private room,
Piazza d’Azeglio apt,Martina,Entire home/apt,131.0
Firenze Rentals Loft Ponte Vecchio,⁨Samuel & Paolo For Firenze Rentals®⁩,Entire home/apt,211.0
Affittacamere La Viola: Camera con Vista Stupenda,Eleonora,Private room,112.0
"B&B Olivo, Stanza cipresso",Bruno,Private room,105.0
"B&B Olivo, Stanza pino marittimo",Bruno,Private room,108.0
Botticelli By MMega,MMega Homes And Villas,Entire home/apt,168.0
Firenze Residence Suite Superior,Firenze,Entire home/apt,216.0
Cavour 83,Francesca,Entire home/apt,121.0
Firenze Rentals Suite Signoria,⁨Samuel & Paolo For Firenze Rentals®⁩,Entire home/apt,233.0
Ricasoli Boutique 2,Tornabuoni,Private room,105.0
Design&Tradition: live Florence,Silvia,Entire home/apt,
La Chicca Ponte Vecchio,Laura,Entire home/apt,117.0
Charming and cosy apt with panoramic roof terrace,Alessandra,Entire home/apt,147.0
"Residenza Cecchi B&B Florence, Authentic Floren...",Irene,Private room,146.0
A Florentine Stay,Luce,Entire home/apt,151.0
Borgo San Jacopo Superior by 360 Rentals,Andrea Frua De Angeli,Entire home/apt,185.0
A CASA di LAPO (pressi T1 Statuto/Cernaia),Alessandro,Entire home/apt,136.0
Triple standard room | Italiana Hotels Florence,Emilio,Private room,434.0
"Casaldo's rooms B&b , blue standard room",Livia,Private room,127.0
Conce Place By MMega,MMega Homes And Villas,Entire home/apt,168.0
Firenze Santa Rosa Apartment - Oltrarno,Angelo,Entire home/apt,160.0
Luxury Signoria By MMega,MMega Homes And Villas,Entire home/apt,277.0
FLO Florence Loft,Andrea,Entire home/apt,217.0
"La Finestra sul Borgo, 
di sopra",Stefano,Entire home/apt,111.0
[Santa Maria Novella] Modern apartment,Matteo,Entire home/apt,249.0
Florence Rive Gauche Flat San Zanobi,Laura,Entire home/apt,159.0
National Library Corner,Gabriella,Entire home/apt,160.0
Ricasoli Boutique 3,Tornabuoni,Private room,105.0
[Santa Maria Novella] Charming accommodation,Gabriele,Entire home/apt,148.0
Ricasoli Boutique 5,Tornabuoni,Private room,104.0
Best location in Florence  Luxury Apartment!,William,Entire home/apt,1036.0
Single Private Room - YellowSquare,Yellowsquare Support,Private room,999.0
Double Private Room - YellowSquare,Yellowsquare Support,Private room,169.0
Quadruple Private Room - YellowSquare,Yellowsquare Support,Private room,200.0
Penthouse Piazza Santa Croce,Marusca,Entire home/apt,119.0
Sextuple Private Room - YellowSquare,Yellowsquare Support,Private room,274.0
Triple Private Room - YellowSquare,Yellowsquare Support,Private room,177.0
1 Bed In a 4 Female Ensuite Dorm - YellowSquare,Yellowsquare Support,Shared room,46.0
1 Bed In a 6 Female Ensuite Dorm - YellowSquare,Yellowsquare Support,Shared room,39.0
1 Bed In a 6 Mixed Ensuite Dorm - YellowSquare,Yellowsquare Support,Shared room,40.0
1 Bed In a 8 Mixed Ensuite Dorm - YellowSquare,Yellowsquare Support,Shared room,33.0
Fiona Apartment by Mamo Florence,Mamo,Entire home/apt,212.0
AdriHome - VINTAGE ROOM,Adriana,Private room,128.0
Cosy Apartment Sant'Ambrogio,Sara,Entire home/apt,139.0
Tasso center cozy apartment,Bernardo Filippo,Entire home/apt,141.0
Pitti Luxury Flat,Lorenzo,Entire home/apt,91.0
Appartamento Ponte Vecchio,Lucilla,Entire home/apt,150.0
HS Florence Apartment,Tommaso,Entire home/apt,208.0
Tiche - Suite in Florence city center,Tina,Private room,126.0
Da Vinci Charming Apartment,Pietro,Entire home/apt,167.0
Appartamento centralissimo e stiloso,Marcella,Entire home/apt,188.0
Dependence with swimming pool on the Florence hill,Paola,Entire home/apt,219.0
Historic rooftop apartment Santo Spirito Oltrarno,Antonio,Entire home/apt,134.0
Boboli Guest House - Centro Storico Firenze,Nico,Entire home/apt,186.0
Appartamento Aurora con parcheggio e idromassaggio,Andrea,Entire home/apt,209.0
Five stars Florence luxury apartments with Jacuzzi,Antonella,Entire home/apt,428.0
1-Bed Apartment- Historical center- Sleeps 2,Travelnest,Entire home/apt,
"A Firenze, Centro Storico, tra tetti e giardini",Annaugusta,Entire home/apt,172.0
Bilocale in centro - Barthy apartment,Cristina,Entire home/apt,
The Slowcoach - Comfort in the Heart of Florence,Apartments Florence,Entire home/apt,346.0
Private room en suite - Sweet Florence,Klaudio,Private room,118.0
Double or Twin Beds Room & Private Bathroom,Klaudio,Private room,105.0
Room Maffia,Riccardo,Entire home/apt,97.0
Five Stars Florence luxury apartment,Antonella,Entire home/apt,234.0
Woodie Apartment by Mamo Florence,Mamo,Entire home/apt,184.0
Duomo&Accademia+Patio(3 bedrooms 2 bathrooms),Tatiana,Entire home/apt,309.0
Giglio Bianco,HouseFlo,Entire home/apt,156.0
App.to zona Manifattura Tabacchi e Parco Cascine,Martina,Entire home/apt,59.0
"Il Poggio, exclusive location with parking",Windows In Florence,Entire home/apt,
Palazzo Leopardi,Margherita,Entire home/apt,129.0
Villino Margherita,Margherita,Entire home/apt,89.0
Appartamento Domitilla,Filippo,Entire home/apt,114.0
Handyhouse,Valentina,Entire home/apt,345.0
GuestHost - Santa Maria Novella Cozy Flat,GuestHost - Welcome To Italy,Entire home/apt,162.0
NEW: Family Apartment with garden in the center,Francesco,Entire home/apt,
Nemo Firenze,Irene,Entire home/apt,132.0
Casa Selma - Camera matrimoniale Comfort and Relax,Lisa,Private room,80.0
Gioberti. Large and Bright Three Bedroom Apartment,Simone,Entire home/apt,176.0
Exclusive loft with marvelous terrace and elevator,Easy BNB,Entire home/apt,
"Cozy house in Florence, beautiful and quiet area",Dinorah Alejandra,Entire home/apt,149.0
Appartamento Luna Rossa,Beatrice,Entire home/apt,113.0
"Apt Frillo - Luminoso, Camere Ampie vicino Tramvia",Francesca,Private room,132.0
Mira Florence Apartment - Cam Blu,Lorenzo,Private room,83.0
Camera Matrimoniale - Hotel Unicorno Firenze,Hotel,Private room,180.0
Suite Aria d'arte 1,Giulia,Entire home/apt,189.0
Camera quadrupla - Hotel Unicorno Firenze,Hotel,Private room,218.0
Matrimoniale Superior - Hotel Unicorno Firenze,Hotel,Private room,218.0
Camera tripla - Hotel Unicorno Firenze,Hotel,Private room,218.0
Majestic Palazzo on the Arno · Florence,Maria,Entire home/apt,392.0
Borgo Tegolaio Apartment,Simone,Entire home/apt,156.0
Nice Apartment In The City Centre,Federico,Private room,152.0
Hollyroom,Marco,Private room,79.0
Comfy and Minimal Apartment,Federico,Entire home/apt,
Sweet Apartment,Federico,Entire home/apt,1017.0
Pitti Charming Suite near Ponte Vecchio,Alessandra,Entire home/apt,165.0
Soggiorno La Coccinella - Camera Superior,B&B,Private room,110.0
Bellariva Home,Holidu,Entire home/apt,
Stanza Amarelo- Firenze,Angelo,Private room,101.0
Casa privata nel cuore di Firenze,Angelo,Entire home/apt,336.0
Grande camera con bagno privato e cucina condivisa,Eleonora,Private room,72.0
Nice Apartment In Florence,Federico,Entire home/apt,120.0
Dieffe - Sweet Dreams in Florence,Irene,Entire home/apt,326.0
Bargello Apartment by Mamo Florence,Mamo,Entire home/apt,237.0
Mira Florence Apartment - Cam Verde con Terrazzo,Lorenzo,Private room,57.0
Pinti 46,Roberto,Entire home/apt,154.0
Residenza San Lorenzo - Room 2,Andrea Frua De Angeli,Private room,142.0
Residenza San Lorenzo - Room 1,Andrea Frua De Angeli,Private room,112.0
Casa Selma - Camera doppia con vista,Lisa,Private room,79.0
Lovely 1-bedroom apartment Cestello/Oltrarno,Fabrizio,Entire home/apt,181.0
I'Neri - Santa Croce,Sabrina,Entire home/apt,154.0
Charming Studio Apartment in Santa Croce,Silvia,Entire home/apt,129.0
Luxury Flat in Florence,Veruska,Entire home/apt,87.0
Cute Apartment In Florence,Federico,Entire home/apt,
MDR First of Florence I Principi,MDR By Ciao Florence Tours,Entire home/apt,158.0
Ampia camera con bagno privato e cucina condivisa,Eleonora,Private room,
Bella camera con bagno privato e cucina condivisa,Eleonora,Private room,45.0
Gioberti 63,Paola,Entire home/apt,147.0
Maddalena Apartment by Mamo Florence,Mamo,Entire home/apt,181.0
Florence Michelangelo Suite Apartment,Leonardo,Entire home/apt,176.0
Matrimoniale Easy2,Riccardo,Private room,272.0
Adorable 2-level room ensuite bathroom Santa Croce,Silvia,Private room,111.0
Vivi in una colonica w/ giardino vicino al centro,Maria Serena,Entire home/apt,126.0
Appartamento in centro con cortile esterno,Alessandro,Entire home/apt,154.0
appartamento  panoramico“alemar”,Marta,Entire home/apt,106.0
Mercuryhouse_Room2 ensuite private bathroom,Andrea,Private room,189.0
Lola’s Loft,Stefano Luigi,Entire home/apt,152.0
Rooftop View - il Moro Firenze,Stefano,Entire home/apt,143.0
Matrimoniale Easy 3,Riccardo,Private room,327.0
"B&B di Piazza del Duomo, Stanza michelangelo",Luisa,Private room,208.0
"B&B di Piazza del Duomo, Stanza brunelleschi",Luisa,Private room,229.0
'Artist's Den' Stay with an Artist,Maham,Private room,108.0
jungle flat,Marco,Entire home/apt,159.0
"B&B di Piazza del Duomo, Stanza da vinci",Luisa,Private room,107.0
"B&B di Piazza del Duomo, Stanza giotto",Luisa,Private room,179.0
"B&B di Piazza del Duomo, Stanza cimabue",Luisa,Private room,229.0
Olive Mdr Apartments Collection,MDR By Ciao Florence Tours,Entire home/apt,262.0
Mdr Appartamento Honey,MDR By Ciao Florence Tours,Entire home/apt,152.0
single  with  private  bathroom  next  to  duomo,Alessandra,Private room,
Matrimoniale Easy 4,Riccardo,Private room,327.0
A lovely terrace in Santo Spirito with elevator,Easy BNB,Entire home/apt,
Sant'Agostino Marte Apartment,Novella House,Entire home/apt,344.0
Porcellana14-in the heart of Florence (5’from SMN),Lucia,Entire home/apt,262.0
Entire accommodation: Apartment Ale e franci,Alessio Borselli,Entire home/apt,109.0
In the Heart of Florence_NeriLuxurySuite_,Alina,Entire home/apt,177.0
Relax & BBQ in Florence,Simona,Entire home/apt,116.0
Oltrarno - Family cosy apartment - Firenze,Olivia,Entire home/apt,133.0
🏵⚜Valia Florence San Lorenzo 1,Marina,Entire home/apt,172.0
Spectacular modern apartment  center of Florence,Leonardo,Entire home/apt,
Da Gloria- bellezza e comodità,Gloria,Entire home/apt,262.0
Sant'Agostino Venere Apartment,Novella House,Entire home/apt,243.0
Florence Villa close to the city center,Italy Super Host,Entire home/apt,187.0
Lovely Loft in Florence Downtown,Vittorio,Entire home/apt,134.0
Raso cozy penthouse near the Duomo,Newtopique,Entire home/apt,162.0
Damasco penthouse with terrace near the Duomo,Newtopique,Entire home/apt,302.0
Seta spacious apartment next to the Duomo,Newtopique,Entire home/apt,297.0
Firenze Rentals Luxury Ponte Vecchio I,⁨Samuel & Paolo For Firenze Rentals®⁩,Entire home/apt,270.0
DA VINCI a Firenze incantevole appartamento,Anna,Entire home/apt,233.0
Velluto elegant apartment near the Duomo,Newtopique,Entire home/apt,225.0
Signoria breathtaking view,Eleonora,Entire home/apt,440.0
Firenze Rentals Luxury Ponte Vecchio II,⁨Samuel & Paolo For Firenze Rentals®⁩,Entire home/apt,292.0
GuestHost - Fortezza Functional Studio,GuestHost - Welcome To Italy,Entire home/apt,86.0
Renaissance Elegance in the Heart of Florence,Eleonora,Entire home/apt,300.0
Locanda dei Geppi 3BDR Deluxe con Vista Panoramica,Tommaso,Entire home/apt,233.0
Charming Home w/ Private Garden in Historic Heart,Ivanna,Entire home/apt,215.0
La torre di Anna: Firenze,Anna,Entire home/apt,154.0
"Modarno Exclusive Apartment:Pontevecchio , Firenze",Anna,Entire home/apt,210.0
Ghera's House,Maria Chiara,Entire home/apt,127.0
Charming two bedrooms apt in the heart of Florence,Federica,Entire home/apt,320.0
Wine Apartments Florence Masseto,Wine Apartments Florence,Entire home/apt,375.0
APPARTAMENTO-VIA CASTELLO D'ALTAFRONTE 6,Nicola,Entire home/apt,80.0
Modarno Exclusive Apartment : Pontevecchio,Anna,Entire home/apt,224.0
"Aria di Casa : Santa Croce, Firenze",Anna,Entire home/apt,168.0
Le Quattro Mura Exclusive: Piazza Signoria Firenze,Anna,Entire home/apt,163.0
Bravo Horse ❤️  central of Florence! with A/C🌡️,Ranjula,Private room,92.0
La Piccola Maison: Firenze,Anna,Entire home/apt,138.0
La Casina di Mariposa in Santo Spirito,Francesca,Entire home/apt,122.0
Poliziano Apartment 2 bedrooms 2 bathroom hot tub,Monica,Entire home/apt,168.0
Attico con terrazza e vista nel cuore di Firenze,Umberto,Entire home/apt,193.0
Stanza con bagno privato,Saveria,Private room,63.0
Tessitori 22 San Frediano optional parking on site,Matilde,Entire home/apt,375.0
Terraced House - Quiet neighborhood - Free Parking,Nina,Entire home/apt,116.0
Il nido di Firenze,Massimiliano,Entire home/apt,112.0
"Porta Alla Croce Guest House, Camera matrimonia...",Ada & Sergio,Private room,
"Terrace Studio, Recently Renovated, Stunning View",Federico,Entire home/apt,229.0
Matrimoniale Easy 6,Riccardo,Private room,327.0
Small Double,Riccardo,Private room,327.0
Your place in Florence | Free Parking Fast WIFI,Paola,Entire home/apt,142.0
Pergola 2,Antonietta,Entire home/apt,249.0
White&Grey house,Cristiano,Entire home/apt,
Bellagio apartment,Leonardo,Entire home/apt,92.0
🖼⚜Valia Florence San Lorenzo 2,Marina,Entire home/apt,108.0
Oriuolo Apartment by Mamo Florence,Mamo,Entire home/apt,190.0
La casina di San Niccolò,Vincenzo,Entire home/apt,1182.0
"Bed&Breakfast nel cuore
di Firenze",Home In Florence,Private room,206.0
Ospitalità a due passi dal centro di Firenze,Giorgio,Entire home/apt,179.0
Terrazza Foscolo - Flo Apartments,Flo Apartments,Entire home/apt,191.0
Appartamento incantevole con parcheggio gratuito,Simone,Entire home/apt,200.0
Blue Santa Croce By MMega,MMega Homes And Villas,Entire home/apt,172.0
Apt design ten meters from the Boboli Gardens,Luca,Entire home/apt,144.0
"Aurora: historic, central, spacious living, AC BDR",Cristina,Entire home/apt,143.0
Renovated loft in Oltrarno area,Raimonda,Entire home/apt,251.0
Flora - Sweet Dreams in Florence,Irene,Entire home/apt,186.0
The Nest of Florence,Marco,Entire home/apt,168.0
Modern Apartment in Piazza della Signoria,Giampaolo,Entire home/apt,468.0
Corte delle Rondini,Samantha,Entire home/apt,92.0
Appartamento moderno ad un passo dal tram,Leonardo,Entire home/apt,160.0
Charming Flat near the center of Florence,Paola,Entire home/apt,163.0
Paolo and Carlotta's Home by Charming Italy Tour,Paolo,Entire home/apt,
Conti apartment,Lorenzo,Entire home/apt,91.0
Florence Duomo San Lorenzo,Egle,Entire home/apt,115.0
Appartamento in Oltrarno,Alessandro,Entire home/apt,139.0
Cozy Suite in San Frediano area,Mariangela,Entire home/apt,145.0
Tiny Suite in San Frediano area,Mariangela,Entire home/apt,150.0
La casa di Pepe,Federica,Entire home/apt,92.0
Charming Studio in the Heart of Florence,Guglielmo,Entire home/apt,121.0
"La casa  FL (centro), 2 camere da letto & 2 bagni",Sted Immobiliare,Entire home/apt,310.0
Pepi loft in a historical building,Lorenzo,Entire home/apt,139.0
La Domus Firenze [Garage] 5’ from Duomo & Station,Samuele,Entire home/apt,450.0
Ponte Vecchio apart! very quiet and bright,Marusca,Entire home/apt,198.0
Matrimoniale Easy 7,Riccardo,Private room,327.0
Vecchietti 6,Roberto,Entire home/apt,427.0
Cashmere apartment a stone's throw from the Duomo,Newtopique,Entire home/apt,185.0
[City Center] Pupi's House,Andrea,Entire home/apt,
"NICE room close to city center, with free parking",Illya,Private room,76.0
Santo Spirito Suite: Chic & Quiet,Eleonora,Entire home/apt,269.0
Poliziano Apartment 1 bedroom 1 bathroom jacuzzi,Monica,Entire home/apt,102.0
Big danti room Firenze,Maria,Private room,90.0
Mia’s House Stazione Campo di Marte-Stadio/Mandela,Francesco,Entire home/apt,114.0
"Marta’s nest: romantic apt, with private patio!",Stefania,Entire home/apt,124.0
Appartamento vicino alle Cappelle Medicee,Gabriele,Entire home/apt,148.0
Leonardo & Davide apartment Florence,Alina,Entire home/apt,143.0
Boheme Apartment by Mamo Florence,Mamo,Entire home/apt,177.0
TOTORO's Family Firenze,Irene Laura,Private room,24.0
"Appartamento Piazza Pitti, Firenze",Cosimo,Entire home/apt,132.0
Fiesole foothills | Copperstone Flat,Marghe,Entire home/apt,266.0
Borgo Paradiso,Maurizio,Entire home/apt,195.0
"Santa Maria Novella, panoramic,downtown,GoldenLily",Elena,Entire home/apt,148.0
GuestHost - Torre dei Giudi Cozy Apartment,GuestHost - Welcome To Italy,Entire home/apt,141.0
danti room,Maria,Private room,75.0
Appartamento con Terrazza sul Tetto a San Frediano,Simone,Entire home/apt,124.0
Giambologna 2 Bedrooms Apartment - Private Parking,Simone,Entire home/apt,161.0
Dandy Suite on the Arno River,Manfredi,Entire home/apt,138.0
"Balconcino e bagno privato, Firenze Aeroporto",Benedetta,Private room,104.0
Gorgeous Space in Super Central Boutique Hotel B1,Florjan,Private room,169.0
Gorgeous Space in Super Central Boutique Hotel B2,Florjan,Private room,181.0
Gorgeous Space in Super Central Boutique Hotel B7,Florjan,Private room,169.0
Gorgeous Space in Super Central Boutique Hotel B3,Florjan,Private room,198.0
Gorgeous Space in Super Central Boutique Hotel B6,Florjan,Private room,295.0
"B&B di Francesco, Stanza suite 1",Francesco,Private room,328.0
Residenza Ponticelli - Stanza Beatrice,Eduardo,Private room,84.0
🌙Firenze moon light⭐️,Laura,Entire home/apt,
"a casa di mena, Bianca",Filomena,Private room,66.0
Luxury Suite in Florence-Hosted by Sweetstay,Andrew,Entire home/apt,318.0
Cestello Villa In Town,Alexandra,Entire home/apt,480.0
Ampia singola con balcone Novoli,Rosanna,Private room,22.0
Big apartment a stone's throw from the Duomo,Newtopique,Entire home/apt,288.0
"B&B di Francesco, Stanza suite familiare",Francesco,Private room,330.0
La Mansardina dei Calzaiuoli,Roberto,Entire home/apt,126.0
DiladdArno holiday suite,Maria Rosaria,Entire home/apt,115.0
Bargello Cozy Apartment With Two Bedrooms,Sid,Entire home/apt,180.0
Assaporarte cozy room in Florence,Fatemeh,Private room,216.0
"Teatro City central , Free pick up airport @@@",Kike,Entire home/apt,
A due passi dal Duomo- Florence city center,Filippo,Entire home/apt,107.0
Ponte Vecchio in comfort and style,Jacopo,Entire home/apt,217.0
Porcellino View one-bedroom apt,Benedetto,Entire home/apt,252.0
Porcellino Stay two-bedroom apt,Benedetto,Entire home/apt,295.0
"Appartamento Mamma Sandra, parcheggio e comodità",Sara,Entire home/apt,166.0
Turandot Apartment by Mamo Florence,Mamo,Entire home/apt,205.0
Apartment in the center of Florence,Nati,Entire home/apt,165.0
"B&B di Francesco, Stanza suite 2",Francesco,Private room,325.0
"Santa Croce Nest, tipical little cute & very cosy",Andrea,Entire home/apt,155.0
La casa di Leo | Relax & Quiet | 10 min Duomo,Luce,Entire home/apt,162.0
Il Giaggiolo Apartament,Filippo,Entire home/apt,185.0
TRINITY'S ROOM,Leonardo,Entire home/apt,123.0
Camino Apartment by Mamo Florence,Mamo,Entire home/apt,169.0
Serragli Charme,Cristina,Entire home/apt,204.0
"""La Dolce Vita"" - 70 Sqm Apartment city center",Antonio,Entire home/apt,275.0
"""Il Bel Paese"" Apartment - 70Sqm - City Center",Antonio,Entire home/apt,275.0
AdriHome-FLORENCE ROOM,Adriana,Private room,
"Mansarda Poliziano private terrace, jacuzzi, AC",Monica,Entire home/apt,83.0
Villa in Firenze,Homerez,Entire home/apt,2032.0
Bellariva apartment,Elissa,Entire home/apt,131.0
Palazzo Del Pugliese Suite,Sofia,Entire home/apt,120.0
Chic apartment on designer street,Giovanni,Entire home/apt,420.0
APPARTAMENTO NEL VERDE,Bujar,Entire home/apt,137.0
Florence sky and light,Matteo,Entire home/apt,263.0
"San Lorenzo Charming, Stylish and Cosy Apartment",Nicole,Entire home/apt,384.0
Il Giardino Fiorentino - Luxury Apartment & Spa,Lorena,Entire home/apt,529.0
Loft incantevole Coverciano Firenze,Vanna,Entire home/apt,100.0
Serragli Retreat By MMega,MMega Homes And Villas,Entire home/apt,151.0
Frescoed Dreamlike astunning central&stylish X4,Simona,Entire home/apt,207.0
Loft Firenze Coverciano,Vanna,Entire home/apt,143.0
Florence House  near Duomo,Luciana,Entire home/apt,129.0
Relais Campanile Adelaide,Grazia,Entire home/apt,132.0
Pensieri in Scala,Francesca,Entire home/apt,
Florence Center 4BR Apt with Piazza Views. Pitti I,Genteel Home Italy,Entire home/apt,799.0
Appartamento San Niccoló GR,Gregorio,Entire home/apt,200.0
Florence Center 2BR Apt Facing Palazzo. Pitti II,Genteel Home Italy,Entire home/apt,275.0
Santa Croce View 1 By MMega,MMega Homes And Villas,Entire home/apt,249.0
Santa Croce View 2 By MMega,MMega Homes And Villas,Entire home/apt,255.0
Santa Croce View 3 By MMega,MMega Homes And Villas,Entire home/apt,249.0
Attico in piazza Savonarola,Irene,Entire home/apt,200.0
Lovely apartment in Santa Croce,Luca,Entire home/apt,116.0
Dimora Carla,Nicola,Entire home/apt,117.0
Light and spectacular view!,Sibilla,Entire home/apt,120.0
Smart-Room for two in Florence,Ksusha,Private room,69.0
"cozy Florence flat, near city center, airport",Pape,Entire home/apt,126.0
Ognissanti  33,Roberto,Entire home/apt,
Firenze view in a city center loft attic,Serena,Entire home/apt,190.0
Delizioso appartamento a Firenze,Nora,Entire home/apt,108.0
Luxury Apartment Terme 13,Enrico,Entire home/apt,436.0
Rosselli 59,Salvatore,Entire home/apt,160.0
Stanza privata davanti a stazione,Daniele,Private room,170.0
Brunelleschi Suite,BB Holding,Entire home/apt,737.0
LA FINESTRA SUL GIARDINO,Marzia,Entire home/apt,220.0
Borgo La Croce Apartment Alessia,Alessia,Entire home/apt,143.0
Firenze Rentals - Cavour 37 Apt with patio,⁨Samuel & Paolo For Firenze Rentals®⁩,Entire home/apt,233.0
Giannotti Vintage Apartment With Two Bedrooms,Sid,Entire home/apt,146.0
Ampio e luminoso appartamento nel centro storico,Bruna,Entire home/apt,274.0
San Niccolò Apartment,Giulio & Veronica,Entire home/apt,185.0
Geordie Apartment by Mamo Florence,Mamo,Entire home/apt,168.0
Firenze Rentals Cavour 37 - Two Bedrooms Apt,⁨Samuel & Paolo For Firenze Rentals®⁩,Entire home/apt,277.0
Monolocale - Studio -  Centro Storico - Old Town,Beatrice,Entire home/apt,146.0
Firenze Rentals Cavour 37 Loft,⁨Samuel & Paolo For Firenze Rentals®⁩,Entire home/apt,222.0
"Stanza privata , private room near city center",Nuria,Private room,40.0
appartamento in centro di Firenze,Weidan,Private room,63.0
TOSCANELLA STUDIO TOPAZIO,Italy Super Host,Entire home/apt,110.0
TOSCANELLA STUDIO QUARZO,Italy Super Host,Entire home/apt,108.0
TOSCANELLA APT. AMBRA,Italy Super Host,Entire home/apt,137.0
Angelico Apartment,Madeinitaly,Private room,152.0
Alloggio indipendente per visitare Firenze…,Stefania,Entire home/apt,112.0
The Benci Retreat Lungarno,Giulio & Veronica,Entire home/apt,259.0
Cherubini Apartment by Mamo Florence,Mamo,Entire home/apt,237.0
La Mansarda Villa Lia Michelangelo - Firenze,Barbara,Entire home/apt,178.0
La casa di Abe,Abeju,Entire home/apt,114.0
TOSCANELLA STUDIO SMERALDO,Italy Super Host,Entire home/apt,92.0
camera doppia a Firenze centro,Weidan,Private room,97.0
Florentine Escape,Josephine,Entire home/apt,137.0
110 sqm  apartment  6 sleeps in Santa Croce,Lorenzo,Entire home/apt,183.0
Romantico in Florence,Carmen,Entire home/apt,202.0
Stanza Centro Storico Firenze,Paolo,Private room,126.0
Nice Three Bedrooms Apartment,Federico,Entire home/apt,139.0
Nice 2 BR Apartment Near Duomo,Federico,Entire home/apt,
The Secret Garden in San Niccolò,Elena,Entire home/apt,180.0
"Spacious apartment, private terrace and jacuzzi",Monica,Entire home/apt,788.0
Santo Spirito 6,Roberto,Entire home/apt,
Faenza 65,Roberto,Entire home/apt,
Greci 16 II,Roberto,Entire home/apt,134.0
San Giorgio 71,Roberto,Entire home/apt,284.0
Pitti View In Serragli,Alessandro,Entire home/apt,
Luxury Penthouse [ private terrace and elevator ],Vittoria,Entire home/apt,236.0
Ground Floor With Patio-Ghibellina 65 apt 2,Monika,Entire home/apt,133.0
Boutique Residence San Martino in Santo Spirito,Carl,Entire home/apt,
85m² Loft in the City Center,Alberto,Entire home/apt,165.0
Green loft in the city center of Florence.,Cinzia,Entire home/apt,177.0
Casa Gio uno sguardo alla Cupola del Duomo,Salvatore,Entire home/apt,205.0
Easy8,Riccardo,Private room,544.0
The house in the garden,Carlotta,Entire home/apt,120.0
"Ubaldo, via Montelatici 4",Simone,Entire home/apt,143.0
Santa Croce Apt,Alessio,Entire home/apt,146.0
Orsini Apartment by Mamo Florence,Mamo,Entire home/apt,375.0
Casa dell'Arpa,Duccio,Private room,80.0
Mannelli Quiet Apartment,Simone,Entire home/apt,116.0
Characteristic apartment with Terrace in Florence,Francesca,Entire home/apt,143.0
San Firenze House By MMega,MMega Homes And Villas,Entire home/apt,243.0
Antiques Santo Spirito Suite,Maurizio,Entire home/apt,
Apt with AC | 3 bedrooms | Downtown,Gregorio,Entire home/apt,309.0
Florence Hideaway By MMega,MMega Homes And Villas,Entire home/apt,186.0
Appartamento Incantevole Ponte Vecchio Firenze,Chiara,Entire home/apt,163.0
Suspense apartment,Adilia,Entire home/apt,291.0
8Florence Apartment,Alexandro,Entire home/apt,200.0
Dragomanni Loft - 1 bedroom with garden,Apartments_Florence,Entire home/apt,329.0
"ABU Florence, Design LOFT 5 min. from Accademia!",Abu,Entire home/apt,192.0
SANTO STEFANO'S MIRROR -2 Bedroom by Ponte Vecchio,Apartments Florence,Entire home/apt,492.0
2 posti letto nel verde a 30 min dal centro,Antonio,Private room,109.0
Stanza con bagno privato e terrazza sul giardino,Barbara,Private room,112.0
TINTORI APARTMENT,Gabriella,Entire home/apt,194.0
"Living Florinda Apt. (3' to Airport, 9' to Center)",Florinda,Entire home/apt,189.0
Comfy Apartment Near Sant'Ambrogio,Federico,Private room,
Appartamento in centro storico a Firenze,Paola,Entire home/apt,145.0
Ariento Deluxe 6,ApartmentsFlorence,Entire home/apt,380.0
Pepi 51,Roberto,Entire home/apt,152.0
Darling Apartment Oltrarno,Federico,Entire home/apt,
Pleasant Apartment In The Oltrarno Neighborhood,Federico,Entire home/apt,
Pian terreno Leone Dorato - Via Romana,Elena,Entire home/apt,159.0
Marvin Apartment by Mamo Florence,Mamo,Entire home/apt,229.0
Zante Apartment by Mamo Florence,Mamo,Entire home/apt,235.0
Cozy Studio with Garden View,Alessandro,Entire home/apt,87.0
Ponte Vecchio Luxury Suite By MMega,MMega Homes And Villas,Entire home/apt,185.0
La Bottega del Ferro By MMega,MMega Homes And Villas,Entire home/apt,296.0
Maxi Suite for 2 People 20m from the SMN Station,Pegaso Florence,Private room,112.0
7 HEAVEN PONTEVECCHIO ROOMS - NEPTUNE,Mariaceleste,Private room,97.0
7 HEAVEN PONTEVECCHIO ROOMS - MERCURY,Mariaceleste,Private room,144.0
7 HEAVEN PONTEVECCHIO ROOMS - VENUS,Mariaceleste,Private room,88.0
7 HEAVEN PONTEVECCHIO ROOMS - MOON,Mariaceleste,Private room,153.0
Affittacamere Graziano -stanza privata- centro,Graziano,Private room,86.0
Suite degli ospiti Firenze,Emiliano,Entire home/apt,100.0
Spaziosa e confortevole camera con bagno a Firenze,Elena,Private room,87.0
Duccio Flat [2 Bedrooms at Santa Maria Novella],Laura,Entire home/apt,131.0
Designer Apartment in Central Florence,Andrew,Entire home/apt,200.0
Serristori 31,Roberto,Entire home/apt,351.0
Florence Bona's Home,Valbona,Entire home/apt,200.0
Ariento Deluxe 2,ApartmentsFlorence,Entire home/apt,299.0
Ponte Vecchio Suite -Center-Colorful apartment,Andreea,Entire home/apt,170.0
Ariento Deluxe 5,ApartmentsFlorence,Entire home/apt,256.0
Ariento Deluxe 8,ApartmentsFlorence,Entire home/apt,
Florentine Skyline with Duomo view!,ApartmentsFlorence,Entire home/apt,475.0
Giorgio Ponte Vecchio Apartment,HouseFlo,Entire home/apt,156.0
Spacious Suite 20m from the SMN Station (3 People),Pegaso Florence,Private room,207.0
Sunny Romana,ApartmentsFlorence,Entire home/apt,
Lovely Studio in Florence,Amalia,Entire home/apt,157.0
Meraviglioso attico nel cuore di Firenze,Morena,Entire home/apt,229.0
Michelangelo - Romantic Suite with Garden - SMN,Pegaso Florence,Private room,182.0
Suite with Private Garden - 20m from SMN Station,Pegaso Florence,Private room,182.0
Donatello - Suite in the center of Florence,Pegaso Florence,Private room,74.0
Apartment 20m from the SMN Station (3 People),Pegaso Florence,Entire home/apt,
Golden Tower With View,ApartmentsFlorence,Entire home/apt,481.0
Sprone Terrace,ApartmentsFlorence,Entire home/apt,
Cherubini Balcony,ApartmentsFlorence,Entire home/apt,280.0
Cavour Courtyard,ApartmentsFlorence,Entire home/apt,
Dimora D'Azeglio with private patio,Lorenzo,Entire home/apt,162.0
Honey Apartment,ApartmentsFlorence,Entire home/apt,
Art Apartment Luxury Ponte Vecchio Suite,David,Entire home/apt,349.0
CasaLu,Lucia,Entire home/apt,168.0
Silenziosa stanza vicino al centro da Carla,Claudia Luciana,Private room,70.0
Classic Tornabuoni,ApartmentsFlorence,Entire home/apt,
Rosselli Balcony- Bright 3 bedroom,ApartmentsFlorence,Entire home/apt,267.0
Tegolaio Chic in the heart of Santo Spirito,ApartmentsFlorence,Entire home/apt,
Bardi 33 Luxurious unit with amazing river View,Federico,Entire home/apt,188.0
"Sant'Ambrogio Guest House, Stanza con letto que...",Serena,Private room,126.0
Design Vintage Penthouse (New) Florence,Luca,Entire home/apt,247.0
Vigna White,ApartmentsFlorence,Entire home/apt,
Art Apartment Luxury Por Santa Maria,David,Entire home/apt,349.0
Casa Vittoria By MMega,MMega Homes And Villas,Entire home/apt,184.0
Ponte Vecchio apartament - Suite Bardini,Andreea,Entire home/apt,229.0
Santo Spirito View By MMega,MMega Homes And Villas,Entire home/apt,196.0
Stanza spaziosa - Casa Homey,Kevin,Private room,72.0
La terrazza di Iris nel cuore di Firenze,Iris,Entire home/apt,124.0
Suite with View • Elevator • A/C • Wi-Fi,Mandana,Entire home/apt,354.0
Firenze Rentals Deluxe Corso 5,⁨Samuel & Paolo For Firenze Rentals®⁩,Entire home/apt,227.0
Casa nel verde con giardino e posto auto,Marco,Entire home/apt,
Dependance Orchidea,Orchidea,Entire home/apt,95.0
IL MAGNIFICO - Home in Florence,Lorenzo,Entire home/apt,102.0
Elegant & Spacious 3BR in Florence Historic Center,Laia,Entire home/apt,461.0
"Maison Careggi • spacious flat, free parking",Luigi,Entire home/apt,160.0
"Dimora San Frediano, Oltrarno’s jewel with patio",Alberto,Entire home/apt,494.0
Stanza privata nei pressi del centro di Firenze,Melissa,Private room,
Apartment in The Heart of Florence,Roman,Entire home/apt,126.0
Keys of Italy -Maytreya-Train Station 2Bedr Flat,Keys Of Italy,Entire home/apt,232.0
Cesar's House,Fabrizio,Entire home/apt,99.0
Luxury flat in Via della Vigna Nuova,Lorenzo,Entire home/apt,273.0
La Fortezza,Paola,Entire home/apt,229.0
One Night in Casa Medici,Aurora,Entire home/apt,312.0
angels house,Simone,Entire home/apt,103.0
Huge private apartment at the Duomo cathedral,Luca,Entire home/apt,495.0
Santo Spirito 7,Roberto,Entire home/apt,
Ginori 3 G,Roberto,Entire home/apt,150.0
Ginori  3 P,Roberto,Entire home/apt,116.0
Beautiful 30's style apartment,Gianluca,Private room,140.0
Wine Apartments Florence Barolo,Wine Apartments Florence,Entire home/apt,353.0
Private room in front of train station,Daniele,Private room,180.0
Private room in front of train station,Daniele,Private room,283.0
Design Modern Penthouse (New),Luca,Entire home/apt,131.0
Private room in front of train station,Daniele,Private room,180.0
Private room in front of train station,Daniele,Private room,220.0
Private room in front of train station,Daniele,Private room,166.0
La casina di David,David,Entire home/apt,91.0
Route 30 Apartment,Cristina & Alessandro,Entire home/apt,198.0
Art Studio Porta al Prato,Alessandro,Entire home/apt,91.0
Appartamento confortevole Santa Maria Novella,Donatella,Entire home/apt,349.0
Appartamento in edificio storico,Tiziana,Entire home/apt,78.0
Small and cozy studio apartment in Florence,Gianluca,Entire home/apt,119.0
Residenza San Gallo,Federico,Entire home/apt,197.0
Antelux Firenze by @windowtotheduomo * VIP balcony,Dani,Entire home/apt,1237.0
[Signoria] Prestigious apartment with a view,Matteo,Entire home/apt,346.0
Careggi Garden Apartment,Beatrice,Entire home/apt,132.0
Ariento Deluxe 7,ApartmentsFlorence,Entire home/apt,244.0
Ruote Stylish Loft By MMega,MMega Homes And Villas,Entire home/apt,172.0
Antelux North: incredible Duomo view!,Dani,Entire home/apt,739.0
"Florence Gem: Historic, AC, WiFi, 2 Baths, Lift",Italy Perfect,Entire home/apt,299.0
"Upscale Historic Florence: Terrace, AC, WiFi, Lift",Italy Perfect,Entire home/apt,253.0
"Florence Gem: Historic, AC, WiFi, 2 Baths, Lift",Italy Perfect,Entire home/apt,264.0
Large Newly Renovated Room Duomo Florence Centre,Jacopo,Private room,85.0
Romantic Florence,Luigi,Entire home/apt,149.0
"Ester apartment Florence, centro storico",Leonardo,Entire home/apt,103.0
Bright & Cozy Florence Center Room,Jacopo,Private room,80.0
Allori,Luca,Entire home/apt,159.0
"IMPRESSIVE  2BD DESIGNER APT, GARDEN, TOP SPOT",Francesco,Entire home/apt,210.0
Nice Apartment Near Ponte Vecchio,Federico,Entire home/apt,114.0
"the best Duomo view: elevator, 2 BD, A.C",Claudio & Valeria,Entire home/apt,359.0
Elegante e grande residenza Statuto Fortezza,Francesca,Entire home/apt,148.0
Frappo al Carmine,Filippo,Entire home/apt,140.0
Appartamento Paladima D’Azeglio,Rossana Di Maggio,Entire home/apt,163.0
Double room - Hotel Alinari *** - Firenze,Cristiano,Private room,120.0
UFFIZI & SANTO SPIRITO  Family/Groups Apartment,Stefano&Michela,Entire home/apt,575.0
Ricasoli View in great location,ApartmentsFlorence,Entire home/apt,312.0
San Niccolo' Luxury Apartment,Lorenzo,Entire home/apt,230.0
"Centro storico: silenzioso, luminoso, con terrazza",Bruna,Entire home/apt,291.0
Casa La Piccola Torre,Jessica,Entire home/apt,207.0
The Cathedral Of Florence,BB Holding,Entire home/apt,999.0
Camilla - Sweet Dreams in Florence,Irene,Entire home/apt,
"Romito Apartment,la tua casa alle porte del centro",Liza,Entire home/apt,250.0
Campuccio 42,Roberto,Entire home/apt,228.0
Anguillara 7/A,Roberto,Entire home/apt,168.0
"Centralissimo: comodo per 3, economico per 6   :-)",Alessandro,Entire home/apt,128.0
Charming bedroom with ensuite bathroom.,Silvia,Private room,103.0
Petite Bedroom with Ensuite Bathroom,Silvia,Private room,108.0
"Affittacamere Belfiore , Camera matrimoniale 1",Rosa,Private room,68.0
Bright & Modern Apartment in Santo Spirito,Yarden,Entire home/apt,261.0
Alfani Quiet and Spacious 2 Bedrooms Apartment,Simone,Entire home/apt,159.0
Loft Libertà No2,HouseFlo,Entire home/apt,124.0
Bilocale con giardino e parking free Firenze sud,Stefania,Entire home/apt,
Casa de' blu,Xuhua,Entire home/apt,172.0
Accogliente appartamento vicino la stazione,Maria,Entire home/apt,
Florence Magic House,ApartmentsFlorence,Entire home/apt,372.0
Santo Spirito's Nest,Giulio & Veronica,Entire home/apt,124.0
Ricasoli 34 House by 360 Rentals,Andrea Frua De Angeli,Entire home/apt,245.0
Keys of Italy -F3-Santa Croce one bedroom flat,Keys Of Italy,Entire home/apt,138.0
Nanà - Sweet Dreams in Florence,Irene,Entire home/apt,345.0
Visarno Modern By MMega,MMega Homes And Villas,Entire home/apt,
Chiara Studio - Italian Nights Collection,Italian Nights,Entire home/apt,120.0
Appartamento Firenze  Careggi con parcheggio,Marina,Entire home/apt,149.0
Charming studio below Piazzale Michelangelo,Matteo,Entire home/apt,86.0
Comfortable room with private bathroom,Kirste Doris,Private room,97.0
La dolce vigna di Anna cam4,Anna,Private room,135.0
La vigna dolce di Anna cam5,Anna,Private room,114.0
"VintageVilla:15 min to center, Parking&Garden View",Gokhan,Entire home/apt,145.0
Private room in Florence,Daniela,Private room,149.0
Faenza Florence cozy Apartment,Bernardo Filippo,Entire home/apt,130.0
Lovely loft with terrace Santa Maria Novella,Cesare,Entire home/apt,177.0
Casa Ghibellina By MMega,MMega Homes And Villas,Entire home/apt,184.0
Laura 50,Roberto,Entire home/apt,365.0
Monolocale a Firenze self check in,Alessio,Entire home/apt,111.0
Florence new mattonaia apatment,Bernardo Filippo,Entire home/apt,204.0
Santi Apostoli Quiet 2 Bedrooms Apartment,Simone,Entire home/apt,159.0
YiD Servi suite apt C,Roberto,Entire home/apt,165.0
Diana’s House: Cozy Escape,Diana’s House,Entire home/apt,224.0
Big new mattonaia florence apartment,Bernardo Filippo,Entire home/apt,160.0
Bilocale Self Check in area lavoro,Alessio,Entire home/apt,127.0
Suite degli Ospite con Patio Self Check in,Alessio,Private room,111.0
Beautiful Apartment In Quite Area,Federico,Entire home/apt,180.0
Benvenuto - Sweet Dreams in Florence,Irene,Entire home/apt,
Camera doppia Piazza Beccaria (Camera n. 2),Marcella,Private room,63.0
Cute Apartment Near Santa Croce,Federico,Entire home/apt,105.0
Camera doppia in piazza Beccaria (Camera n. 1),Marcella,Private room,63.0
Historic room experience nearby train station SMN,Armando,Private room,60.0
[San Frediano] Historic Center Design A/C+Netflix,FasoHome,Entire home/apt,246.0
Venere Apartment by Mamo Florence,Mamo,Entire home/apt,401.0
Zefiro Apartment by Mamo Florence,Mamo,Entire home/apt,227.0
[San Lorenzo] Monolocale luminoso e silenzioso,Blerina,Entire home/apt,201.0
Nuovissimo e elegante appartamento  a San Lorenzo,Blerina,Entire home/apt,184.0
Castellaccio studio in the center,Bernardo Filippo,Entire home/apt,144.0
Claire - Sweet Dreams in Florence,Irene,Entire home/apt,
Industrial design loft with outdoor living terrace,Lorenzo,Entire home/apt,161.0
Nice apartment 200m from Uffizi Gallery,Emanuele,Entire home/apt,66.0
beautiful  penthouse with  stunning   terrace,Ranieri,Entire home/apt,188.0
cozy room in Florence,Daniele,Private room,
Tiepolo romantic penthouse in the Oltrarno,Newtopique,Entire home/apt,126.0
Palazzo Della Nave - AP 06,Palazzo Della Nave,Entire home/apt,137.0
Tintoretto frescoed loft in the Oltrarno,Newtopique,Entire home/apt,135.0
Tiziano big penthouse in the Oltrarno,Newtopique,Entire home/apt,131.0
Boccaccio elegant apartment in Oltrarno,Newtopique,Entire home/apt,177.0
Caravaggio frescoed big loft in Oltrarno,Newtopique,Entire home/apt,162.0
Buonarroti big apartment with terrace in Oltrarno,Newtopique,Entire home/apt,432.0
Raffaello apartment with fireplace in Oltrarno,Newtopique,Entire home/apt,432.0
Pontormo apartment with fireplace in Oltrarno,Newtopique,Entire home/apt,278.0
Appartamento a Firenze,Edoardo,Entire home/apt,331.0
Florence - sweet apartment with all comforts,Roberto,Entire home/apt,107.0
Santa Felicita Terrace Suite,Alessandro,Entire home/apt,196.0
"""Zen Garden"" next to the station, private Jacuzzi",Floriana,Entire home/apt,136.0
Easy10,Riccardo,Private room,653.0
"BSJ15 - Borgo San Jacopo Room
superior room 101",Gabriele,Private room,242.0
"The Raven's Lair - near station, private Jacuzzi",Floriana,Entire home/apt,136.0
Pilastri Studio By MMega,MMega Homes And Villas,Entire home/apt,69.0
Charming Flat in the beautiful Oltrarno Quarter,Luciano & Tammara,Entire home/apt,284.0
Lori & Angel,Alessandro,Entire home/apt,91.0
[Bronzino Guest Home] - Appartamento privato,Jurgen,Entire home/apt,253.0
Casa Ornella Centro storico Firenze,Ornella,Entire home/apt,152.0
"Monnalisa28
Apartment with terrace",Alessandro,Entire home/apt,228.0
Appartamento di charme a due passi dalla stazione,Giuseppe,Entire home/apt,205.0
The Santo ~ New & Stylish Gem in Florence - 80sqm,Zakhia,Entire home/apt,
Bartolini Large Apartment,Stefano,Entire home/apt,274.0
"BSJ15 - Borgo San Jacopo Room
Room Comfort 103",Gabriele,Private room,184.0
"BSJ15 - Borgo San Jacopo 
Room Comfort 104",Gabriele,Private room,207.0
Appartamento St. Ambrogio - San Firenze Collection,Cristina,Entire home/apt,154.0
"BSJ15 - Borgo San Jacopo Room
Room deluxe 202",Gabriele,Private room,276.0
BSJ15 - Borgo San Jacopo Family room  203/204,Gabriele,Private room,391.0
Casa Anna,Anna,Private room,115.0
La Mattonaia 3,Simone,Private room,131.0
Anna 3,Anna,Private room,137.0
A casa di Anna Cam2,Anna,Private room,99.0
A casa di Anna cam3,Anna,Private room,145.0
Accanto al fiume Arno a Firenze,Hamilton,Private room,87.0
Luxury Suite Pinti  (frescoed suite in the centre),Gian Lorenzo,Entire home/apt,158.0
"Enchanting Apartment with Patio, Lungarno Firenze",Windows In Florence,Entire home/apt,212.0
Agnolo 73 II,Roberto,Entire home/apt,137.0
Grande stanza con bagno privato vicino agli Uffizi,Cecilia,Private room,120.0
"B&B di Marco, Stanza con letto queen-size 1",Marco,Private room,110.0
Cestello view: Open space con splendida Terrazza,Eleonora,Entire home/apt,121.0
Myosotis - Sweet Dreams in Florence,Irene,Entire home/apt,301.0
Casa Bellesi - Sweet Dreams in Florence,Irene,Entire home/apt,
SERRA's Room - Camera Privata in Appto Luminoso,Andrea,Private room,129.0
Sapiti 2 G,Roberto,Entire home/apt,155.0
Sapiti 2 P,Roberto,Entire home/apt,92.0
Firenze nel cuore,Anna Lisa,Entire home/apt,152.0
Loft Signoria,Niccolò,Entire home/apt,217.0
Casa Pavó • Incredible Views on Florence •,Matteo,Entire home/apt,405.0
"B&B di Marco, Stanza matrimoniale 2",Marco,Private room,117.0
"B&B di Marco, Stanza matrimoniale 3",Marco,Private room,117.0
{Suite Libertà a due passi dal centro},Monica,Entire home/apt,
Loto · Romantic Loft in Sant’Ambrogio | by Acacia®,Acacia Firenze,Entire home/apt,
"Spectacular Views, Lovely Penthouse Florence Apt",Italy Perfect,Entire home/apt,394.0
Buonarroti 6,Istay,Entire home/apt,182.0
Double Room - Hotel Alinari - Historic central,Cristiano,Private room,100.0
Quadruple Room - Hotel Alinari - Historic Center,Cristiano,Private room,200.0
Agnolo 73 IV,Roberto,Entire home/apt,160.0
Triple Room - Hotel Alinari - Historic central,Cristiano,Private room,190.0
Palazzo Larioni dei Bardi-Appartamento Takuma,Sebastiano,Entire home/apt,
BenVen - Santa Maria Novella,Marcel,Entire home/apt,252.0
Casa terrazza sul Bargello,Virginia,Entire home/apt,153.0
Uffizi's Gallery Room,Jacopo,Private room,64.0
Ricasoli 17 P,Roberto,Entire home/apt,170.0
Monna Lisa By MMega,MMega Homes And Villas,Entire home/apt,151.0
Single room - Hotel Alinari - Florence,Cristiano,Private room,130.0
Leopolda Suite with private garage,Tommaso,Entire home/apt,144.0
Camera tripla classica,Francesco E Marilena,Private room,80.0
Bellariva Residence,Alessandro,Entire home/apt,
"MT's Home, your home in Florence",Maria Teresa,Entire home/apt,194.0
Wine&Dine in Sant‘Ambrogio A/C,Riccardo,Entire home/apt,183.0
Sunlit bedroom with balcony on Piazza Libertà,Rebecca,Private room,
Ricasoli 17 G,Roberto,Entire home/apt,128.0
Magnoli 2 D,Roberto,Entire home/apt,175.0
(Borgo Albizi) Penthouse 4 Bedrooms + Gym,Chiave Immobiliare,Entire home/apt,997.0
La Casa dell’Artista,Annalisa,Entire home/apt,108.0
Neri 23,Roberto,Entire home/apt,149.0
Appartamento  Piazza Signoria 4 persone 4 letti,Veronica,Entire home/apt,366.0
Alberti bright room w/bath,Alessandro,Private room,97.0
Zalinda Apartment by Mamo Florence,Mamo,Entire home/apt,182.0
B&B DOLCI NOTE,Carlo,Private room,80.0
Zita Apartment by Mamo Florence,Mamo,Entire home/apt,187.0
FLOW~RENTS 6,Giacinto,Entire home/apt,109.0
Magnoli 2 S,Roberto,Entire home/apt,188.0
Romantic apartment in the very heart of Florence,Federico,Entire home/apt,
Vigna Vecchia Loft,Claudio,Entire home/apt,158.0
Domus Palanti,Marcella,Entire home/apt,258.0
Casa Arianna,Monica,Entire home/apt,103.0
agnolo55,Francesca,Entire home/apt,295.0
"Luxury 3\3 w terrace views of Pitti , City center",Ourhomeinflorence,Entire home/apt,721.0
Corte ai Pitti,Giancarlo,Entire home/apt,162.0
Cavour Five Senses - Dome - City Center,Antonella,Entire home/apt,284.0
Ponte Vecchio Suite spectacular River View,Luca,Entire home/apt,143.0
Welcome in the heart of Florence at your cozy apt,Enrico,Entire home/apt,280.0
B&B Florence center,Cristina,Private room,142.0
Campo di Marte Bright Loft with separate Bedroom,Simone,Entire home/apt,113.0
meraviglioso appartamento nel cuore della città,Chiara,Entire home/apt,196.0
Ardiglione Apartment San Frediano,Giovanni,Entire home/apt,100.0
Casa di Lollo - A pochi passi da Tramvia e Centro,Casa Di Lollo,Entire home/apt,136.0
Elide House,Paola,Entire home/apt,160.0
Appartamento con vista colline  e terrazzino,Patrizia,Entire home/apt,116.0
Pergola Luxury - Steps from Duomo,Gianfranco,Entire home/apt,300.0
"Corsini Tintori, Deluxe family room",Songcong,Private room,121.0
Double1,Riccardo,Private room,653.0
Double 2,Riccardo,Private room,653.0
Double3,Riccardo,Private room,653.0
Double4,Riccardo,Private room,653.0
Double5,Riccardo,Private room,653.0
Double 6,Riccardo,Private room,653.0
Double 7,Riccardo,Private room,653.0
Double 8,Riccardo,Private room,653.0
Double 9,Riccardo,Private room,653.0
Piazza Pitti - Luxury Apartment -Town Center,Gianluca,Entire home/apt,280.0
"Askadinya Florence.
Relax with happiness",Sandro,Entire home/apt,171.0
Accademia - Flo Apartments,Flo Apartments,Entire home/apt,400.0
Ampia camera aria condizionata,Fabio,Private room,24.0
flohome - Santa Maria Novella apt.,Flohome,Entire home/apt,179.0
[Pontevecchio] Prestigio e vista mozzafiato,Matteo,Entire home/apt,473.0
Visitflorentiapartment -  L'antico pozzo Apt,Fabio & Mirko,Entire home/apt,143.0
Renaissance Suite with Garden in Santo Spirito,Giovanni,Entire home/apt,108.0
Art Deco Studio with garden in Santo Spirito,Giovanni,Entire home/apt,131.0
Comfy  portion of property By Villa Il Mosaico,Chiara,Entire home/apt,112.0
Nice  portion of property By Villa Il Mosaico,Chiara,Entire home/apt,103.0
Atelier Bellesi - Sweet Dreams in Florence,Irene,Entire home/apt,268.0
Cozy Apartment By Villa Il Mosaico,Chiara,Entire home/apt,112.0
"Oasi di relax, parcheggio gratis & tram to centro",Andrea,Entire home/apt,
Villa Bellesi - Sweet Dreams in Florence,Irene,Entire home/apt,
Ponte Vecchio Penthouse charming view,Cinzia,Entire home/apt,394.0
Luxury D’Art Apartment Piazza Signoria,Filippo,Entire home/apt,165.0
Centralissimo/ Santa Croce/sant’Ambrogio/ AC/ WiFi,Shira,Entire home/apt,117.0
Your Home in Florence,Mirela,Entire home/apt,251.0
Dimora Fiorentina,Ginevra,Entire home/apt,325.0
Cozy 3BR Apartment Near Strozzi | Via della Spada,Genteel Home Italy,Entire home/apt,360.0
Adorable Apartment By Villa Il Mosaico,Chiara,Entire home/apt,112.0
Cute Apartment By Villa Il Mosaico,Chiara,Entire home/apt,134.0
Appartamento privato nel cuore di Firenze.,Stefania,Entire home/apt,240.0
Cozy room in Florence,Hamilton,Private room,103.0
AC | 5 min David | 10 min Duomo | Lavatrice,Margherita,Entire home/apt,162.0
Firenze Novoli-torre degli agli,Roberta,Entire home/apt,
Florence in One Day • Walk to Duomo & Uffizi,Emanuele,Entire home/apt,212.0
Dolce Vita Fiorentina: 5 minuti da Duomo & Uffizi,Niccolo,Entire home/apt,128.0
[Centro Storico] Residenza Signoria,Ciro,Entire home/apt,339.0
Camera spaziosa in zona Coverciano,Chiara,Private room,108.0
"“CasaStudio Amornidi diArmoni”, Firenze!",Nora,Private room,80.0
Bella stanza: Firenze cinque,Lele,Private room,105.0
"Orticoltura Garden View:Free garage,lift & terrace",Gabriele,Entire home/apt,158.0
Borgo Santa Croce Apartment by Mamo Florence,Mamo,Entire home/apt,148.0
Centro storico/ Santa Croce/ Sant’Ambrogio/AC/WiFi,Shira,Entire home/apt,129.0
Relaxing private patio in the heart of SanFrediano,Mattia,Entire home/apt,160.0
Luxury Santa Croce View By MMega,MMega Homes And Villas,Entire home/apt,243.0
"Firenze, esperienza unica da vivere uno",Lele,Private room,105.0
Delizioso appartamento a Firenze sud Gavinana,Paolo,Entire home/apt,111.0
Albizi Giotto Apt (105),Silvia,Entire home/apt,229.0
Albizi Tiziano Apt (109),Silvia,Entire home/apt,240.0
Albizi Verrocchio Apt (201),Silvia,Entire home/apt,221.0
Albizi Raffaello Apt (202),Silvia,Entire home/apt,240.0
Albizi Vasari Apt (203),Silvia,Entire home/apt,206.0
Albizi Botticelli Apt (204),Silvia,Entire home/apt,187.0
Albizi Della Robbia Apt (208),Silvia,Entire home/apt,
Albizi Donatello Apt (206),Silvia,Entire home/apt,217.0
Albizi Buonarroti Apt (307),Silvia,Entire home/apt,194.0
Albizi Leonardo Apt (309),Silvia,Entire home/apt,363.0
Albizi Michelangelo Apt (313),Silvia,Entire home/apt,229.0
Albizi Cimabue Apt (314),Silvia,Entire home/apt,314.0
Albizi Masaccio Apt (315),Silvia,Entire home/apt,217.0
Albizi Caravaggio Apt (316),Silvia,Entire home/apt,363.0
Florence corte Santa Caterina,Eleonora,Entire home/apt,343.0
Camera in appartamento privato. Ottima posizione.,Marco,Private room,41.0
Abbey Road Studio - Elegante bilocale,Paolo,Entire home/apt,110.0
Colonna Frescobaldi Apt (1AB),Silvia,Entire home/apt,
Bed and Breakfast Montagnola,Alberto,Private room,97.0
Colonna Cecchi Apt (2),Silvia,Entire home/apt,160.0
Colonna Mazzei Apt (3),Silvia,Entire home/apt,
Colonna Antinori Apt (4),Silvia,Entire home/apt,217.0
Colonna Rucellai Apt (5),Silvia,Entire home/apt,183.0
Colonna Folonari Apt (6),Silvia,Entire home/apt,183.0
Cerchi Central Apartment,Silvia,Entire home/apt,409.0
Trilocale con aria condizionata 100 mt da Tramvia,Live As Florentine,Entire home/apt,157.0
Alice Apartment by Mamo Florence,Mamo,Entire home/apt,198.0
Ellen Apartment by Mamo Florence,Mamo,Entire home/apt,189.0
Gastone Apartment by Mamo Florence,Mamo,Entire home/apt,224.0
Blue room internal view with shared bathroom,Simone,Private room,91.0
Camera verde affaccio giardino,Simone,Private room,97.0
Lambertesca - Uffizi Apartment,Silvia,Entire home/apt,285.0
Giorgio - Sweet Dreams in Florence,Irene,Entire home/apt,
Daniel's house,Daniele,Entire home/apt,153.0
Indipendenza Square Apartment,Federico,Entire home/apt,360.0
Elegant 2BR by Duomo • Elevator • Quiet & Central,Elena,Entire home/apt,180.0
Firenze unica nel suo genere quattro,Lele,Private room,110.0
Firenze e oltre sei,Lele,Private room,119.0
The House of the Prime Minister Crispi,Corrado,Entire home/apt,350.0
Large Family Flat • Tram to Center,Luce,Entire home/apt,143.0
Ricasoli al Quattro,Lucia,Entire home/apt,303.0
Toscanella Romantic By MMega,MMega Homes And Villas,Entire home/apt,156.0
Attico Pontevecchio + Vista Duomo-Uffizi+Parking,Chiave Immobiliare,Entire home/apt,
Giglio Classic By MMega,MMega Homes And Villas,Entire home/apt,151.0
Casa Giulia near Florence and Chianti,Andrea,Entire home/apt,161.0
Sweet Florence Apartment,Eris,Entire home/apt,218.0
Esclusivo appartamento al Duomo,Lorenzo,Entire home/apt,455.0
Harmony House Florence with private & safe parking,Elona,Entire home/apt,214.0
Fiorentino apartment & free parking on tram stop,Alessandro,Entire home/apt,107.0
Studio Apt near the center / Street Parking,Flora,Entire home/apt,117.0
"Cozy studio in Florence, parking included",Francesca,Entire home/apt,102.0
Cheerful 3 BR Flat In Piazza Santo Spirito,Chiara,Entire home/apt,144.0
[Elegant Palace in the Heart of Florence],Domenico,Entire home/apt,154.0
[Deluxe Apartment Ponte Vecchio],Domenico,Entire home/apt,148.0
Palazzo Ponte Vecchio,Domenico,Entire home/apt,117.0
"Da Max&Felix, soggiorno confortevole a Firenze",Massimo,Private room,62.0
Nori Apartment by Mamo Florence,Mamo,Entire home/apt,300.0
Brick House [Terrazzo panoramico],Elio,Entire home/apt,177.0
Nuovo Grande Appartamento nel Cuore di Firenze,Ginevra,Entire home/apt,383.0
Angel's Loft,ApartmentsFlorence,Entire home/apt,382.0
"Florence Centre ""Altana"" roof terrace",Chiara,Entire home/apt,88.0
Le Magnolie - Flat in Santa Maria Novella,Jacopo,Entire home/apt,197.0
Bright and Spacious Arno View Apartment,Giulio & Veronica,Entire home/apt,228.0
New 4th-Floor Studio,Camilla,Entire home/apt,135.0
Memory Atelier,Amazing Italian Retreats,Entire home/apt,273.0
Florence corner,Liana,Entire home/apt,78.0
Easy Florence,Liana,Entire home/apt,78.0
Ponte Vecchio Apartment + Parking on request,Panteos,Entire home/apt,137.0
Sun & Jasmine Oltrarno Terrace – Historic Centre,Senada,Entire home/apt,246.0
Lovely & Charming 1BR- 7 min walk by the Duomo,Chiara,Private room,160.0
Amorino Apartments-Studio/few steps to station,Riccardo,Entire home/apt,923.0
Amorino Apartments-Loft/few steps to station,Riccardo,Entire home/apt,922.0
Mansarda nel cuore di Firenze,Carlos,Entire home/apt,190.0
Delizioso appartamento a Firenze,Carlos,Entire home/apt,131.0
"Cosimo I

Grandissimo appartamento",Carlos,Entire home/apt,169.0
Santo Spirito Romantic By MMega,MMega Homes And Villas,Entire home/apt,151.0
Monolocale comodo e spazioso in centro,Carlos,Entire home/apt,175.0
Appartamento Dante,Carlos,Entire home/apt,118.0
Camera Arancione | La Marmora 39,Andrea,Private room,180.0
Camera Turchese | La Marmora 39,Andrea,Private room,97.0
Via Ricasoli Cathedral apartment,Corso,Entire home/apt,171.0
Historic center with Elevator - walk to all sights,Laia,Entire home/apt,171.0
Lovely & Characteristic 2BR in Borgo San Frediano,White,Entire home/apt,121.0
Luminosissimo loft con postoauto,Irma,Entire home/apt,88.0
Centralissimo con terrazzino.,Vincenzo,Entire home/apt,120.0
Happy Florence Ponte Vecchio prime location,Paola,Entire home/apt,160.0
Cosimo II,Carlos,Entire home/apt,183.0
Spirit of Florence - Triple room WITH VIEW,Gregorio,Private room,177.0
Stanza Privata con Bagno Privato - Firenze Centro,Maria,Private room,
Giuliana Suite Apartment - bright and confortable,Patrizia,Entire home/apt,171.0
Charming apartment in the center,Monika,Entire home/apt,194.0
Delizioso appartamento a Firenze vicino al centro,Amagoia,Entire home/apt,217.0
Borgo Central Apartment,Daniel,Entire home/apt,188.0
4 bedroom in Pellicceria (dx),Apartments_Florence,Entire home/apt,
4 bedroom in Pellicceria (sx),Apartments_Florence,Entire home/apt,
"Renovated, cozy and bright apt with lift and AC",Ederose,Entire home/apt,117.0
Appartamento romantico a due passi dal centro,Marco,Entire home/apt,112.0
Sweet Living Santo Spirito,Mattia,Entire home/apt,108.0
"Florence, The Wishing Well-historical apt",Francesca,Entire home/apt,172.0
Apt FORTE Q solo 5 minuti da stazione SMN  Forteza,Federico,Entire home/apt,233.0
The roof terrace,Tatiana,Entire home/apt,263.0
Camera Girasole,Lorenzo,Private room,27.0
Bargello Lions Studio Apartment in Santo Spirito,Giovanni,Entire home/apt,105.0
Elegant new with private garden hearth of the city,Marusca,Entire home/apt,325.0
Il appartamento Il Guscio,Cinzia,Entire home/apt,140.0
Spirit of Florence - double room,Gregorio,Private room,126.0
Art Apartment sant’Ambrogio,Roberto,Entire home/apt,142.0
"True Tuscan Style-City Centre [Wi-fi,Netflix, AC]",Alice,Entire home/apt,181.0
Accogliente appartamento a Firenze,Maurizio,Entire home/apt,131.0
Centro Storico,Maria,Entire home/apt,203.0
Venus: Two-Floored Apartment in the City Center,Fael,Entire home/apt,134.0
Benedetta 8,Roberto,Entire home/apt,247.0
YiD Penthouse on Florence River with parking,Roberto,Entire home/apt,249.0
"Beatrice, 1 br flat in 14th century building by ha",Vita SRL,Entire home/apt,187.0
Maggio Boutique Apartment Elegance Near the River,Federico,Entire home/apt,377.0
Oriuolo Prestige By MMega,MMega Homes And Villas,Entire home/apt,190.0
Casa Griselda By MMega,MMega Homes And Villas,Entire home/apt,220.0
Stadium - 1 Bedroom apartment with outdoor space,Leonardo,Entire home/apt,165.0
Castiglione  Apartment,Ma Maison Vacation Rental,Entire home/apt,183.0
Attic apartment with parking,Fabio,Entire home/apt,120.0
Il fiore di Ponte Vecchio,Elisabetta,Entire home/apt,134.0
Casa del borgo,Corrado,Entire home/apt,78.0
Il Nido sul Duomo - Sui tetti di Firenze,Imad,Entire home/apt,254.0
Riverfront Terrace,Antonio,Entire home/apt,201.0
Appartamento in centro a Firenze con vista,Matteo Italo,Entire home/apt,176.0
I Parigi B&B - room with terrace,Marco,Private room,112.0
Stanza Privata Novoli Università’,Barbara,Private room,65.0
Air Green Serragli - Triple Room,Jacopo,Private room,143.0
"Air Green Serragli, Stanza deluxe doppia",Jacopo,Private room,57.0
"Air Green Serragli, Stanza singola",Jacopo,Private room,63.0
Seggiole Boutique Apartment Ginestra,Matias,Entire home/apt,175.0
Seggiole Boutique Apartment Iris,Matias,Entire home/apt,194.0
Casa Cri Firenze Careggi Rifredi con posto auto,MariaCristina,Entire home/apt,148.0
Apartments Florence - Modern Signoria,Apartments Florence,Entire home/apt,327.0
Guya Apartment by Mamo Florence,Mamo,Entire home/apt,245.0
Costa San Giorgio Apartment by Mamo Florence,Mamo,Entire home/apt,237.0
Art Gallery – Timeless beauty with marble accents,Luisa,Entire home/apt,336.0
Old bridge Vasariano Uffizi '60s Charm Lift Balcon,Stefania,Entire home/apt,326.0
Duomo Charme – A pochi passi dal Duomo,Sara,Entire home/apt,211.0
B52  Con Vista,Laura,Entire home/apt,217.0
"Cozy and quiet room, center, wi-fi fiber",Gigi,Private room,45.0
Stylish 3BR Apt – Near Florence Center & Fortezza,Genteel Home Italy,Entire home/apt,234.0
Giotto Suite With View,BB Holding,Entire home/apt,679.0
Vista su giardini storici in Oltrarno,Linda,Entire home/apt,145.0
(4Season Suites) Appartamento con tre camere,Chiave Immobiliare,Entire home/apt,713.0
"Florence
house
Mariangela",Angela,Entire home/apt,89.0
Top floor flat with terrace overlooking the duomo,Nicholas,Entire home/apt,133.0
Marmora 1,Yuwen,Private room,109.0
Double Quiet 2,Riccardo,Private room,327.0
Sanzanobi Family Suite in Florence,Andrew,Entire home/apt,219.0
Terrace on the Park - 2 bedrooms 2 bathrooms,Stefano,Entire home/apt,446.0
Velluti Apartment by Mamo Florence,Mamo,Entire home/apt,233.0
Casa Marta,Marta,Entire home/apt,160.0
La casina di Chiara:  Exclusive use Home  & Cats,Chiara,Entire home/apt,147.0
Casina di Chiara: Double sofa bed in Living Room,Chiara,Shared room,80.0
Le Petit Maison è situato a Firenze,Cristina,Entire home/apt,118.0
Lovely Flat with a Little Terrace in Oltrarno,Luciano & Tammara,Entire home/apt,184.0
Art and poetry in a very florentine cute spot,Jacopo,Entire home/apt,78.0
Gioberti Double room with private bathroom,Francesco,Private room,102.0
Gioberti Double room with balcony,Francesco,Private room,90.0
Numa | Large 1 Bedroom Duplex with Sofa Bed,Numa Florence Fiore,Entire home/apt,212.0
La Limonaia - Charming Garden Studio near Center,Véronique,Entire home/apt,154.0
Cozy appartment near San Frediano,Daniele,Private room,67.0
Frida Firenze,Livia,Entire home/apt,109.0
Firenze InAndOut - la vostra casa a Firenze,Firenze,Entire home/apt,100.0
Oltrarno 2 bedrooms modern new apartment,Omri,Entire home/apt,206.0
Santa Reparata great AC - FlorenceHospitality,Gabriel,Entire home/apt,132.0
San Marco Vasari,Apartments Florence,Entire home/apt,332.0
"[Maison] Brunelleschi - 50m dal Duomo, Ascensore",Fabrizio,Entire home/apt,238.0
Condotta 10,Caterina,Entire home/apt,345.0
Numeroventi Loft 10,Martino,Entire home/apt,675.0
Entire Flat/210 SQMS@ Most Historical Center/ LIFT,Yuhuholding,Entire home/apt,674.0
Cosy Room6 with PrivatBathrom Outside of RoomDoor,Yuhuholding,Private room,116.0
Due Strade Loft appartamento  ampio e confortevole,Stefano,Entire home/apt,117.0
YiD Leopolda apt few minutes from Central Station,Roberto,Entire home/apt,351.0
Giglio Suite,Giuseppe,Entire home/apt,111.0
Loft incantevole con solarium e parcheggio,Andrea,Entire home/apt,165.0
"The Place to Be in Firenze, close to the center.",Carlotta,Entire home/apt,2873.0
Duomo Apartment - 2BDR 2BTH - 1 minutes from Duomo,Lorenzo,Entire home/apt,243.0
Stanza privata in un appartamento con giardino,Katia,Private room,
"Palace Top 
Lovely city view and private parking",Luana,Entire home/apt,629.0
Intimo appartamento nel cuore di Firenze,Roberta,Entire home/apt,129.0
Camera con vista nel cuore di Firenze,Sandra,Entire home/apt,137.0
Casa Wally: appartamento alle porte di Firenze,Edoardo,Entire home/apt,106.0
Small Double 2,Riccardo,Private room,327.0
Watch the city wake light filled Medieval Palace,Luana,Entire home/apt,411.0
Casa Imad - Ponte Vecchio Attico vista Duomo,Imad,Entire home/apt,312.0
Palace Lux First,Luana,Entire home/apt,510.0
"Soggiorno Pezzati, Stanza matrimoniale plus",Daniela,Private room,121.0
Jungle APT - Oltrarno Collection,Tommaso,Entire home/apt,160.0
Toscanella 3 Bedrooms By MMega,MMega Homes And Villas,Entire home/apt,238.0
Mansarda San Felice,Mansarda San Felice,Entire home/apt,131.0
Stanza Privata con Bagno Privato - Firenze Centro,Maria,Private room,
Appartamento incantevole Firenze stazione campo m,Debora,Entire home/apt,
Appartamento al  Duomo,Gregorio,Entire home/apt,285.0
Acqua Apartment,Istay,Entire home/apt,251.0
Zanobi 26,Istay,Entire home/apt,150.0
Studio flat in Firenze Rifredi,Andrea,Entire home/apt,72.0
Zannoni 4,Istay,Entire home/apt,166.0
Condotta,Istay,Entire home/apt,130.0
Sdrucciolo dei Pitti Fourth floor,Istay,Entire home/apt,143.0
Del Corso Apartment,Istay,Entire home/apt,129.0
San Gallo Apartment,Istay,Entire home/apt,231.0
Ghibellina 102,Istay,Entire home/apt,194.0
Ghibellina 59,Istay,Entire home/apt,152.0
Country House w/ heated Pool near the City Centre,Giacomo,Entire home/apt,350.0
Porcellana Apartment,Istay,Entire home/apt,196.0
Pinzochere,Istay,Entire home/apt,216.0
Guicciardini Apartment,Istay,Entire home/apt,161.0
Lamberti,Istay,Entire home/apt,133.0
Pilastri 59,Istay,Entire home/apt,155.0
Pilastri 35,Istay,Entire home/apt,166.0
Matteotti Bilo,Istay,Entire home/apt,
Panicale 7,Istay,Entire home/apt,251.0
Oriuolo 8,Istay,Entire home/apt,176.0
Oltrarno 33 centro storico Santo Spirito,Lara,Entire home/apt,1169.0
Casa Boccaccio,Gionata,Entire home/apt,103.0
Studio Executive Piazza Signoria,Relais Piazza Signoria,Entire home/apt,185.0
Appartamento in centro Firenze,Maria,Entire home/apt,
Santaelisabettafirenze2,Cristian,Entire home/apt,388.0
Santaelisabettafirenze2,Cristian,Entire home/apt,270.0
Santaelisabettafirenze 2,Cristian,Entire home/apt,412.0
"Giuliani Home appartamento 3 stanze, bagni privati",Francesca,Entire home/apt,683.0
Scuderie 1 | Villa Carobbi Apt,Villa Carobbi Apartments,Entire home/apt,320.0
Scuderie 2 | Villa Carobbi Apt,Villa Carobbi Apartments,Entire home/apt,380.0
In the heart of Florence,Sted Immobiliare,Entire home/apt,245.0
"Cute, comfy and cozy appartment",Adrian Tiziano,Entire home/apt,
Charateristic 2BR Apartment,White,Entire home/apt,114.0
Spacious 1 BR Apartment for 4 w/ Private Balcony,Bob W Florence Ponte Vecchio,Entire home/apt,174.0
Stile & comfort near P. Signoria,Federico,Entire home/apt,198.0
Florence Chez Moi - Loft Balcony 5 min SMN Station,Federica Maria,Entire home/apt,153.0
La Perla di Santa Croce,Apartments_Florence,Entire home/apt,
[Ponte Vecchio View • Design Flat],Domenico,Entire home/apt,137.0
Elegante monolocale in Santa Croce,Spiros,Entire home/apt,117.0
[Iconic Arno View • Central Florence Flat],Domenico,Entire home/apt,124.0
Giuliani Home.Beatrice: matrimoniale+letto singolo,Francesca,Private room,99.0
"New Apt Le Ruote 2BD 2BT, Groundfloor in Downtown",Mattia,Entire home/apt,156.0
“PancakesApartament”,Michel,Entire home/apt,629.0
Florence F&M Golden Lungarno River,Marco,Entire home/apt,108.0
Casa Pepi: Heart of Florence,Marta,Entire home/apt,103.0
Authentic and charming 3 bedrooms appartment,Anna,Entire home/apt,234.0
Signoria Modern Apt AC WiFi - Facing Pal. Vecchio,Simona,Entire home/apt,125.0
Seventh Heaven Apartment,Giulio & Veronica,Entire home/apt,150.0
Central Apt. for Mid & Long-Term Rentals,Ati,Entire home/apt,59.0
"Historic Center • 2BR / 2BA • A/C, Walk to Duomo",Margherita Succi,Entire home/apt,191.0
Giuliani Home:Nicole matrimoniale+divano letto,Francesca,Private room,85.0
"Giuliani Home: Gioconda, quadrupla 2camere 1bagno.",Francesca,Private room,95.0
sweet loft,Morva,Entire home/apt,142.0
Le Viste degli Allegri - Panoramic 2bd Suite,Pierarturo,Entire home/apt,218.0
"Agneseland: Appartamento nuovo, moderno e luminoso",Agnese,Entire home/apt,158.0
San Gallo Grande Centro Storico,Emanuela,Entire home/apt,
San Gallo Piccolo Centro Storico,Emanuela,Entire home/apt,154.0
Medici - Modern Apartment (SMN Station at 20m),Pegaso Florence,Entire home/apt,125.0
Marconi 108,Camilla,Entire home/apt,104.0
Cavour’s tourelle,Luca,Private room,74.0
Florence Room  2 passi dal Duomo wfi bagno privato,Luciana,Private room,111.0
Castelfidardo,Daniela,Entire home/apt,180.0
Cozy studio Leopolda,Lorenzo,Entire home/apt,116.0
Lungarno Cellini Cielo Stellato vegan friendly,Alberto,Entire home/apt,85.0
St.James. Elegant & Roomy 2' train station w/ lift,Alessandra,Entire home/apt,492.0
Near the Duomo,Francesco,Entire home/apt,410.0
Nel Cuore di Firenze - Palchetti Terrace,Rita,Entire home/apt,195.0
"Dimora del Cardinale, Deluxe Family room, two r...",Chiara,Private room,157.0
Florence Serristori flat- San Niccolo',Daniele,Entire home/apt,191.0
"Dimora del Cardinale, Comfort room",Chiara,Private room,145.0
"Dimora del Cardinale, Superior room with privat...",Chiara,Private room,145.0
"Dimora del Cardinale, Deluxe suite",Chiara,Private room,139.0
"Dimora del Cardinale, Deluxe suite",Chiara,Private room,139.0
Porta Romana apartment free parking,Massimiliano,Entire home/apt,499.0
Spazioso bilocale,Monica,Entire home/apt,
Free Parking-Self Checkin-Big Terrace Cozy Studio,Marina,Entire home/apt,117.0
Lovely and brand new in Florence,Angela,Entire home/apt,220.0
Florence Santo Spirito Apartment with Garden,Samuel Seban,Entire home/apt,
Comoda & ampia stanza privata,Elena,Private room,83.0
appartamento Via Verdi una camera,Mariaceleste,Entire home/apt,130.0
Apartment Duomo,David,Private room,183.0
YiD La Cantoria Luxury Apartment,Roberto,Entire home/apt,376.0
Stylish 2 bedroom flat - garden,Rubina,Entire home/apt,188.0
Pierino,Jacopo,Entire home/apt,143.0
Papavero - Modern frescoed apartment in Florence,Marco,Entire home/apt,197.0
Central apartment with private garden,Carolyn,Entire home/apt,285.0
Un balcone sull'Arno,Maria E Hassan,Private room,69.0
Casa Alinari,Inga,Entire home/apt,136.0
Un balcone sull'Arno II,Maria E Hassan,Private room,69.0
Spacious FamilyRoom1@Most HistoricalCenter & LIFT!,Yuhuholding,Private room,138.0
Urban Retreat,Amazing Italian Retreats,Entire home/apt,279.0
"La Cattedrale, a few steps from Florence’s Duomo",Alfonso & Francesca,Entire home/apt,257.0
Oasi di Tranquillità a Firenze Giardino Privato,Corso,Entire home/apt,183.0
Appartamento dependance Villa,Tommaso,Entire home/apt,55.0
"Firenze,  casa vacanza L'Oasi",Maria Domenica,Entire home/apt,101.0
Duomo • Central Entire Apartment with A/C,Aurora,Entire home/apt,152.0
Parcheggio privato | Giardino | AC,Margherita,Entire home/apt,290.0
La dependance nel giardino,Silvana,Entire home/apt,131.0
Cocco · Quiet and Elegant Design | by Acacia®,Acacia Firenze,Entire home/apt,256.0
Bright Double Room2@Most HistoricalCenter & LIFT !,Yuhuholding,Private room,121.0
Premium DoubleRoom3 @ Most Historical Center& LIFT,Yuhuholding,Private room,121.0
Premium DoubleRoom4 @ Most HistoricalCenter & LIFT,Yuhuholding,Private room,121.0
Spacious Double Room5@Most HistoricalCenter & LIFT,Yuhuholding,Private room,121.0
La casina di Firenze,Pietro,Entire home/apt,124.0
Sella Apartment a due passi dal centro,Orsola,Entire home/apt,164.0
Dafne's House - Cozy &  Lovely Apartment,Aida,Entire home/apt,108.0
Palazzo Cecchi Florentine Apartment,Lorenzo,Entire home/apt,340.0
Ruote Second Floor,Istay,Entire home/apt,248.0
Ponte Vecchio Apt with View,MDR By Ciao Florence Tours,Entire home/apt,212.0
Camera Doppia Standard in B&B,Mia Palace,Private room,95.0
Appartamento PinkHome,Edoardo,Entire home/apt,115.0
Ariento 5 - Appartamento Ariento,Istay,Entire home/apt,141.0
Quiet apt  Porta a Prato area near SMN station,Alessandro,Entire home/apt,142.0
Luxury window on Florence,Alessandra,Entire home/apt,545.0
Monolocale con giardino-5 min centro con tramvia,Paolo,Entire home/apt,137.0
Wonderful Ponte Vecchio at a breath. PLUS,Giulia,Entire home/apt,229.0
Suite Guerrazzi,Edoardo,Entire home/apt,110.0
Casa dell'Artista,Amazing Italian Retreats,Entire home/apt,
Newly renovated. Old abbey brought back to life.,Jacopo,Entire home/apt,225.0
pontevecchio ampio e silenzioso,Sibilla Peccerini,Entire home/apt,553.0
Premium Room Double,Tommaso,Private room,1088.0
Deluxe Family Rooms Firenze Centro,Tommaso,Private room,1088.0
Venezia Dodici,Matteo,Entire home/apt,213.0
"Porta Alla Croce Guest House, Camera matrimonia...",Ada & Sergio,Private room,113.0
La Bohème in Florence,Andrea,Entire home/apt,177.0
Hotel Ester 1 Camera Doppia/Twin con Balcone,Saimir,Private room,84.0
Hotel Ester - 1 Camera Tripla,Saimir,Private room,132.0
Luminoso attico near to Piazza Santa Croce,Carlotta,Entire home/apt,121.0
La Leopolda,Holidu,Entire home/apt,
Appartamentino centralissimo.,Guido,Entire home/apt,126.0
Charming Duomo View Studio — Heart of Florence,Julia,Entire home/apt,286.0
Anna's Hanging Garden,Annarita,Entire home/apt,202.0
Appartamento Centro Città,Loredana,Entire home/apt,207.0
il mio posticino,Liana,Entire home/apt,79.0
Grande Casa vicina al Centro,Elisabetta,Entire home/apt,289.0
Zannoni G,Istay,Entire home/apt,213.0
Ghibellina Loft,Istay,Entire home/apt,205.0
Ghibellina Lopez,Istay,Entire home/apt,144.0
Gorgeous apartment - Oltrarno 1,Filippo,Entire home/apt,183.0
Borgo La Croce Apartment,Federico,Entire home/apt,294.0
Peacefully Florence,Elisa,Entire home/apt,62.0
Sdrucciolo dei Pitti First floor,Istay,Entire home/apt,172.0
Loft in Center of Florence,Ernesto,Entire home/apt,
Romantic nel cuore di Firenze,Carlotta,Entire home/apt,106.0
Grazioso nel cuore di Firenze,Carlotta,Entire home/apt,115.0
Vasari Apartment,Istay,Entire home/apt,155.0
Camilla Florence Apartment,Home Rental Florence Srl,Entire home/apt,192.0
L'Antica Concia - Sweet Dreams in Florence,Irene,Entire home/apt,272.0
Tripla Premium,Tommaso,Private room,1088.0
Peaceful Location in Santa Croce,Luigi,Entire home/apt,219.0
(Borgo Albizi) 260mq Penthouse 5 camere +palestra,Chiave Immobiliare,Entire home/apt,1515.0
Art Apartment Luxury Sofia Suite,David,Entire home/apt,217.0
"Colorato, luminoso e strategico!",Eleonora,Entire home/apt,86.0
Casa Raffaello Careggi,Beatrice,Entire home/apt,145.0
Dimora di Parte Guelfa,Manfredi,Entire home/apt,116.0
Camera privata,Nuria,Private room,33.0
YiD Elegant apt with garage,Roberto,Entire home/apt,283.0
"Ariento_9, il Tuo soggiorno nel cuore di Firenze",Pia,Entire home/apt,145.0
Dimora Grazia e Sandra apt Sandra,Anna,Entire home/apt,149.0
Albizi Tintoretto Apt (308),Silvia,Entire home/apt,229.0
Flat in south of Florence,Carlo & Lucia,Entire home/apt,134.0
Santa Reparata Elegant,Daniele Vittorio,Entire home/apt,
Cool & central in centro storico!,Janaina,Entire home/apt,122.0
Dante - (3 Persone) Moderno Appartamento in Centro,Pegaso Florence,Entire home/apt,189.0
Beatrice - Appartamento per DUE Persone in Centro.,Pegaso Florence,Entire home/apt,101.0
Ciacco - Appartamento per 4 Persone in Centro,Pegaso Florence,Entire home/apt,159.0
Hotel Ester Camera Quadrupla,Saimir,Private room,126.0
Hotel Ester Camera 1 Doppia/Twin con Balcone,Saimir,Private room,84.0
DAFstudio420,Piero,Entire home/apt,133.0
Santa Croce through the looking glass,Eleonora,Entire home/apt,
Tintori Apartment,Federico,Entire home/apt,269.0
casa italia -  luxury house,Nuri,Entire home/apt,480.0
Accommodation with free parking near to the centre,Studio TOP Lease,Entire home/apt,221.0
Light-Filled City Retreat with Balcony Views,Sea N Rent,Entire home/apt,564.0
MDR Apartment Ginori,MDR By Ciao Florence Tours,Entire home/apt,
Modern & Serene 3BR 3 minute walk by Duomo,White,Entire home/apt,207.0
Porpora Wonderful Stylish with balcony & view PLUS,Yuri,Entire home/apt,296.0
Nice Studio Outside ZTL,Federico,Entire home/apt,114.0
Toscanella Apartment,Istay,Entire home/apt,
"Apartment 100m to Duomo, 2 Bathrooms",Alexander Douglas Valerio Ricc,Entire home/apt,225.0
"B&B di Residenza D'Epoca Sant Egidio, Stanza pont.",Residenza D'Epoca Sant Egidio,Private room,94.0
ARTHouse/Netflix/ Playstation 5/vicino stazione,Lorenzo,Entire home/apt,127.0
Attico luminosissimo con aria condizionata,Fabio,Entire home/apt,126.0
Four Florence Apartment with free parking space,Floré,Entire home/apt,143.0
Monte Oliveto a Firenze,Maddalena,Entire home/apt,
Yellow Rooftop Firenze [A/C - WiFi],Federico,Entire home/apt,110.0
Camera in centro a pochi passi dalla stazione,Maria,Private room,130.0
Stay and Taste Suite Florece,Matteo,Entire home/apt,183.0
I Fragoli al David Apartments Florence,Silvia,Entire home/apt,240.0
accogliente nel centro storico,Carlotta,Entire home/apt,106.0
Gem apartment heart of Florence,Corrado,Entire home/apt,16.0
Comfortevole,Marco,Entire home/apt,120.0
Come & Enjoy La Dolce Vita,Ombretta,Entire home/apt,132.0
Jungle Chic Apartment,Elisa,Entire home/apt,96.0
"Santo Spirito Studio , Oltrarno area Via Maggio",Patrizia,Entire home/apt,132.0
Bilocale nel cuore di Firenze,Sonia,Entire home/apt,183.0
"Ponte vecchio, luminoso appartamento con ascensore",Modestino,Entire home/apt,177.0
.Sunny Loft in Santo Spirito,Modestino,Entire home/apt,114.0
Mosse Bridge Apartment by Mamo Florence,Mamo,Entire home/apt,152.0
Monte Oliveto due a Firenze,Maddalena,Entire home/apt,
"""Rugby"" Apartment San Frediano Charming",Cosimo Damiano,Entire home/apt,303.0
La Maison Mannelli,Francesco,Entire home/apt,213.0
At home in Oltrarno,Karl,Entire home/apt,161.0
Residenza del Roster - a 10 minuti dal centro,Milos,Entire home/apt,107.0
"Camera Firenze Fiume Arno, Appartamento condiviso",Maria Novella,Private room,66.0
Santarosa Five Senses - City Center Oltrarno,Antonella,Entire home/apt,364.0
Superior Fortezza 4 Camere 3 Bagni 8 Pax A.C,Paolo,Entire home/apt,235.0
"Firenze, zona tranquilla, negozi,  bus, parchi",Valerio,Entire home/apt,7.0
Il Piccolo Nido,Florence Dolce Vita,Entire home/apt,264.0
Bellariva Suite: trame di luce e pietra sull'Arno,Vincenzo,Entire home/apt,191.0
City Center close Station S.M.N Air Conditioning,Paolo,Entire home/apt,253.0
Willy - Sweet Dreams in Florence,Irene,Entire home/apt,
Central Apartment by the Station,Giovanni,Entire home/apt,172.0
Calzaiuoli street heart of Florence with view,Tommaso,Entire home/apt,147.0
"Mirage, modern 5 br flat with 360° view over flore",Vita SRL,Entire home/apt,807.0
[Pet House Friendly] Netflix and Wi-Fi.,Jessica,Entire home/apt,137.0
"Lambertesca, Il Cuore di Firenze",HouseFlo,Entire home/apt,132.0
Frida Luxury Apartment by Mamo Florence,Mamo,Entire home/apt,440.0
Santa Reparata Cozy accomodation,Patrizia,Entire home/apt,102.0
Elegante appartamento in centro a Firenze,Maria,Entire home/apt,142.0
Loggia Loves Apartment,Leonardo,Entire home/apt,176.0
Apartment with a terrace in the heart of Florence,Francesco,Entire home/apt,
Cozy apartment in San Frediano,Neri,Entire home/apt,143.0
Appartamento con patio fiorito,Carlo,Entire home/apt,179.0
Firenze Duomo Suite By MMega,MMega Homes And Villas,Entire home/apt,168.0
Elegant Apartment in San Frediano 6 pax,Sara,Entire home/apt,245.0
Il Guscino,Cinzia,Entire home/apt,115.0
Il Palazzo della Signoria Modern Loft,Luca,Entire home/apt,149.0
La Loggia della Signoria Charming Loft,Luca,Entire home/apt,150.0
Beatrice Apartment by Mamo Florence,Mamo,Entire home/apt,206.0
Suite Ognissanti Firenze a 5 minuti Ponte Vecchio,Ilaria,Entire home/apt,183.0
Firenze Rentals Dodi Duomo,Giorgia,Entire home/apt,192.0
Bilocale nel [Centro Storico],Serena,Entire home/apt,120.0
In centro e a 2 passi dalla stazione,Patrizia,Private room,
Villa Demidoff Apartment,Alice,Entire home/apt,223.0
The paintress home with private patio,Lorenzo,Entire home/apt,240.0
Wine Apartments Florence Suite Vernaccia,Wine Apartments Florence,Entire home/apt,230.0
Private parking included • Casa Dori Florence,Fatmira,Entire home/apt,136.0
Florencia  Luxury  Apartament,Andrea,Entire home/apt,388.0
[Old town] 10 minutes from Ponte Vecchio - A/C,Federico E Giulia,Entire home/apt,164.0
"New, Bright and Luxury ART Apartment",Michela,Entire home/apt,456.0
Appartmento Europa (Bus stop sotto casa),Emanuela,Entire home/apt,1184.0
The bright apartment,Alfredo,Entire home/apt,230.0
Vin Novo Rooms & Apartments 101,Wine Apartments Florence,Private room,158.0
Vin Novo Rooms & Apartments 102,Wine Apartments Florence,Private room,110.0
Borgo Pinti two steps from DUOMO,Jonny,Entire home/apt,131.0
Loft moderno • 5 posti • Centro Firenze,Guglielmo,Entire home/apt,164.0
Luxury penthouse! Private terrace and Jaccuzzi!,Liza,Entire home/apt,790.0
Vin Novo Rooms & Apartments 103,Wine Apartments Florence,Private room,111.0
Casa di Anna la pittrice,Alessandro,Entire home/apt,184.0
Luxury Apartment n.1 - KUKI STAY Ponte Vecchio,Lisa,Entire home/apt,
Vin Novo Rooms & Apartments 105,Wine Apartments Florence,Private room,185.0
Vin Novo Rooms & Apartments 106,Wine Apartments Florence,Private room,247.0
Centro storico / Oltrarno Barbara's House,Barbara,Entire home/apt,170.0
Bilocale in centro storico,Gianluca,Entire home/apt,137.0
Bilocale con quattro posti letto,Benedetta,Entire home/apt,247.0
Exclusive Luxury Apartment with stunning view,Massimo,Entire home/apt,1270.0
Florentine Dreams,Eleonora,Entire home/apt,160.0
Ponte Vecchio’s apartment,Celeste,Entire home/apt,189.0
"Holiday AD Duomo, Firenze - Room Michelangelo",Mb Housing,Private room,203.0
"Holiday AD Duomo, Firenze - Room Leonardo",Mb Housing,Private room,198.0
Appartamento Inferno,Lorenzo,Entire home/apt,131.0
"Holiday AD Duomo, Firenze - Room Raffaello",Mb Housing,Private room,172.0
cozy apartment,Oscar,Entire home/apt,194.0
Romantica Suite Firenze cls Central Market & Dome,Teresa,Entire home/apt,171.0
Keys of Italy -Albero15B-Train station Family Apt,Keys Of Italy,Entire home/apt,172.0
Florence Apartment - URBAN,Bernardo E Sara,Entire home/apt,129.0
YiD penthouse Giulietta terrace,Roberto,Entire home/apt,201.0
A Casa di Vanda - apt con 2 camere da letto,Maurizio,Entire home/apt,112.0
[Centro] Sant’Ambrogio Flat,Ciro,Entire home/apt,175.0
"Historic Apartment Borgo Ognissanti, Florence",Mb Housing,Entire home/apt,177.0
The World Apartment,Federica,Entire home/apt,140.0
"La Finestra sul Borgo,
di sotto",Stefano,Entire home/apt,117.0
Nato Felice Apartment,Francesco,Entire home/apt,1039.0
•Luxury Loft della seta top floor with elevator,Daniele,Entire home/apt,331.0
A Nest near the Boboli Garden,Alessandra,Entire home/apt,
Stanza privata in appartamento,Giuseppe,Private room,109.0
"""Redi 35"" Apartment",Antonella,Entire home/apt,134.0
A peaceful oasis by the city centre,Lorenzo,Entire home/apt,124.0
Luxury Design Corso Italia apt,Leonardo,Entire home/apt,
"Holiday AD Duomo, Florence",Mb Housing,Entire home/apt,707.0
Camera Matrimoniale 4,Mattia,Private room,544.0
Lovely apartment heart of Florence,Vanni,Entire home/apt,149.0
Fossi Elegant Apartment,Lorenzo,Entire home/apt,158.0
Appartamento in Santo Spirito,Silvio,Entire home/apt,
"Charming place in historical center, hills view",Lisa,Entire home/apt,216.0
King Room+ Luxury bathroom,Elisa,Private room,160.0
Scipione By MMega,MMega Homes And Villas,Entire home/apt,204.0
Luxury Apartment 'Michelangelo',Francesca,Entire home/apt,836.0
Luxury Apartment 'Caterina da Siena',Francesca,Entire home/apt,826.0
Luxury Apartment 'Claire',Francesca,Entire home/apt,1805.0
Santo Spirito terrace exclusive apartment,Filippo,Entire home/apt,205.0
Dama Apartment - Appartamento con Terrazzo,Davide,Entire home/apt,87.0
La casa di ringhiera,Giulia,Entire home/apt,101.0
Lanza 59 Penthouse: Luxury Terrace & Free Parking,Milena,Entire home/apt,148.0
"Modern, Bright and Spacious 2-Bedroom Apartment",Eugenio,Entire home/apt,420.0
Monolocale Centro storico,Alberto,Entire home/apt,91.0
Cloe Apartment by Mamo Florence,Mamo,Entire home/apt,191.0
The cherry tree house with terrace,Giovanni Maria,Entire home/apt,130.0
5 min Duomo |Florentine charm in 1400 Palace,Elisa,Entire home/apt,183.0
Isidora Apartment by Mamo Florence,Mamo,Entire home/apt,192.0
Mama's Home Florence | Superior Room,Mama's Home Florence,Private room,110.0
Sophie's Flat Florence,Serena,Entire home/apt,404.0
YiD luxury & Design penthouse L5,Roberto,Entire home/apt,356.0
Italian Experience - Florence Suite Apt,Michela,Entire home/apt,243.0
Mama's Home Florence | Superior Room with View,Mama's Home Florence,Private room,170.0
Scuderie 3 | Villa Carobbi Apt,Villa Carobbi Apartments,Entire home/apt,326.0
Ponte Vecchio | Oltrarno Ruby Flat,Marghe,Entire home/apt,280.0
Parione Apartment,Giulio & Veronica,Entire home/apt,198.0
Duomo Luxury House,Ginevra,Entire home/apt,192.0
Appartamento in centro Firenze,Gianluca,Entire home/apt,137.0
Spirit of Florence double room WITH VIEW,Gregorio,Private room,140.0
[Pontevecchio] Terrazzino con vista Duomo,Matteo,Entire home/apt,248.0
[Santa Croce] Caratteristico Appartamento + Vista,Matteo,Entire home/apt,294.0
Spirit of Florence-Superior double room,Gregorio,Private room,196.0
Signoria Florentine Apartment,HouseFlo,Entire home/apt,171.0
Penthouse with Terrace in the Historic Center,Giovanni,Entire home/apt,245.0
GuestHost - Florence Apartment with Private Garden,GuestHost - Welcome To Italy,Entire home/apt,123.0
"Golden Luxe, Penthouse in Palazzo Strozzi",Golden Luxe,Entire home/apt,740.0
App. Alberto Centro storico,Alberto,Entire home/apt,105.0
Independent Studio Apartment with Terrace-Parking,Alessia,Entire home/apt,137.0
"(2 min from Uffizi) Appartamento, stile Fiorentino",Giorgia,Entire home/apt,227.0
In the heart of Florence,Paolo,Entire home/apt,253.0
Florentine Experience - Chiara e Simone,Chiara,Entire home/apt,127.0
A due passi dal Duomo,Easy BNB,Entire home/apt,233.0
Dimora72 Firenze,Leonardo,Entire home/apt,168.0
San Frediano Elegant,Lorenzo,Entire home/apt,138.0
Vanni apartment,Francesca,Entire home/apt,148.0
Bright and Cozy Corsica Studio,Margarita,Entire home/apt,132.0
Fancy Statuto Easy Stay,Alberto,Entire home/apt,252.0
Elegance and prestige at the Duomo,Alberto,Entire home/apt,331.0
Macci Studio by Mamo Florence,Mamo,Entire home/apt,151.0
Oriuolo 1,Roberto,Entire home/apt,260.0
Proconsolo 9D,Roberto,Entire home/apt,209.0
Malenchini 6,Roberto,Entire home/apt,239.0
Sweet Apartment Near Piazza Pitti,Federico,Entire home/apt,123.0
Nice one bedroom in historical building,Federico,Entire home/apt,109.0
Popart app,Emanuele,Entire home/apt,181.0
Contemporary & Sunny 1BR near Ponte Vecchio,Grandma Wilma,Entire home/apt,132.0
Comfy Apartment Near Fortezza Da Basso,Federico,Entire home/apt,234.0
Large & Quiet 5BR Outside ZTL & 10min from Center,Federico,Private room,3816.0
San Giovanni House By MMega,MMega Homes And Villas,Entire home/apt,195.0
"At the very heart of Florence,very cool and comfy",Francesca,Entire home/apt,119.0
GuestHost - Florence Quiet and Comfortable Apt,GuestHost - Welcome To Italy,Entire home/apt,114.0
La Dimora del Franchi,Elysium Estate SRL,Entire home/apt,108.0
Vintage Apartment in Florence,Michela,Entire home/apt,250.0
Appartamento “Le Cure” con parcheggio privato,Andrea,Entire home/apt,115.0
Italian Experience - Duomo Suite,Michela,Entire home/apt,287.0
La casa di Carolina,Carolina,Entire home/apt,160.0
Yid Masaccio,Roberto,Entire home/apt,146.0
Yid Oltrarno segreto,Roberto,Entire home/apt,193.0
Spacious apt near the tramway Statuto district,Neto,Entire home/apt,149.0
Classic 1BR Outside ZTL & 10 min from Center,Federico,Entire home/apt,117.0
Garden apartment,Vacanze Al Civico,Entire home/apt,226.0
Ghibellina Duplex - 2 terraces,Silvia,Entire home/apt,167.0
Keys of Italy -Faenza5-3Bedr Apt Florence's Center,Keys Of Italy,Entire home/apt,218.0
Keys of Italy-Alb15S-Train station Apt for couples,Keys Of Italy,Entire home/apt,141.0
Loft/Studio in Florence,Maddalena,Private room,58.0
Classic Florentine Flat Near Piazza Santa Croce,White,Entire home/apt,111.0
Loft Mattioli,Anna Catalina,Entire home/apt,175.0
[10 Min Duomo&David] Lovely flat centrally located,Carlotta E Lorenzo,Entire home/apt,231.0
Casa torre Palazzo Vecchio Uffizi,Luca,Entire home/apt,266.0
Piazza Signoria Uffizi wonderful heart of Florence,Luca,Entire home/apt,140.0
New Marvellous in Pian dei Giullari with Pool!,Costasangiorgio Srl,Entire home/apt,952.0
Fevira Suite Airport private free car parking,Federica,Entire home/apt,92.0
Courtyard: Jacuzzi and Private Patio,Eo,Entire home/apt,206.0
Faenza 37 Apartment,Istay,Entire home/apt,251.0
Faenza 79 Apartment,Istay,Entire home/apt,187.0
Ginori B,Istay,Entire home/apt,171.0
Ginori C,Istay,Entire home/apt,209.0
Martiri del Popolo 28,Istay,Entire home/apt,122.0
Piazza Santa Croce,Istay,Entire home/apt,207.0
Porta Rossa Apartment,Istay,Entire home/apt,206.0
Ruote for three,Istay,Entire home/apt,158.0
San Cristofano Apartment,Istay,Entire home/apt,117.0
Sprone Apartment,Istay,Entire home/apt,164.0
Residenza Mario,Gianmarco,Entire home/apt,221.0
Ponte vecchio luxurious home,Stefano&Michela,Entire home/apt,388.0
La torre del 1200 vicino Piazza Signoria,MDR By Ciao Florence Tours,Entire home/apt,99.0
A casa di zia Rosetta,Silvana,Entire home/apt,
The Checkmate’s House in Florence,Elena,Entire home/apt,133.0
Appartamento Folco CentroStorico,Alberto,Entire home/apt,90.0
Elegant Apartment Outside ZTL & 10min from Center,Federico,Entire home/apt,114.0
House overlooking Florence Cathedral,Antonia,Entire home/apt,377.0
Stunning central 2 Bed 2 Bath w/private entrance,Filippo,Entire home/apt,152.0
Arno Suite (AC/P. bathroom),Dimora Novella,Private room,73.0
Limonaia con giardino privato,Monica,Entire home/apt,180.0
Duomo View with Prime Location,Sima,Entire home/apt,194.0
Fiorenza Apartment - Oasi d'eleganza a Firenze,Pegaso Florence,Entire home/apt,146.0
Fiesolana Elegant,Giovanni,Entire home/apt,125.0
Fiesolana  Loft,Giovanni,Entire home/apt,125.0
YiD Boutique apt wit parking,Roberto,Entire home/apt,544.0
Stanza Della Corte (AC),Dimora Novella,Private room,71.0
Borgo Pinti's Duplex Apartment,HouseFlo,Entire home/apt,254.0
Duomo Exclusive Apartment,Easy BNB,Entire home/apt,246.0
Modern 3BR Near Santa Maria Novella Station,Federico,Entire home/apt,189.0
Charme Toscano a Ponte Vecchio,Gabriele,Entire home/apt,228.0
Appartamento Antico Fiorino - Piazza della Libertà,Elena,Entire home/apt,121.0
La Casetta  di Eve,Ewelina,Entire home/apt,93.0
Appartamento Corno,Emanuele,Entire home/apt,
Elegant apartment in Pitti area,Miles,Entire home/apt,247.0
Appartamento Serragli,Emanuele,Entire home/apt,246.0
Unique 5 Bedroom Apartment with Private Garden,Eugenio,Entire home/apt,1014.0
Spacious and characteristic apt in Piazza Libertà,Claudio,Entire home/apt,142.0
Peaceful BR w/private bathroom,Filippo,Private room,89.0
AC room nearby Accademia Firenze,Armando,Private room,49.0
Green Rosselli 59,Salvatore,Entire home/apt,103.0
Homelink- Charlotte - Triple Room,Tomaas,Private room,104.0
Homelink- Charlotte - Deluxe Room,Tomaas,Private room,79.0
Appartamento vicino Musei Importanti,Claudia,Entire home/apt,329.0
Perseo Room with private bath and AC,Giovanpaolo,Private room,92.0
Authentic Tuscany stay near the center w garden,Maria Serena,Entire home/apt,120.0
Oltrarno’s Sweet Rose + Parking!,Francesco,Entire home/apt,131.0
Casa Allegri,Martina,Entire home/apt,220.0
Terrace apartment in Tornabuoni,Omri,Entire home/apt,285.0
Private room with bathroom on a hill in Florence,Simonetta,Private room,81.0
-,Roberto,Entire home/apt,226.0
welcome to florence,Camilla,Entire home/apt,
MonnaDina in Florence,Oliviero,Entire home/apt,155.0
Chic 2bd\2ba in City Center|Steps to Santo Spirito,Ourhomeinflorence,Entire home/apt,425.0
Exclusive Garden Apartment,Marta,Entire home/apt,165.0
La Piccola Corte - Sweet Dreams in Florence,Irene,Entire home/apt,591.0
Simone44,Simone,Entire home/apt,81.0
Serragli Flat Firenze by Charming Italy Tour,Cinzia Chiaramonti,Entire home/apt,300.0
Casa Coco ! Just RENEW in the hearth of Florence,Ana Lorena,Entire home/apt,177.0
Porcellana Double,Istay,Entire home/apt,140.0
Incantevole Florence center Steps to David & Duomo,Malika,Entire home/apt,151.0
Casa Cavour Brown - centro storico,Stefania,Entire home/apt,180.0
Casa Cavour White - centro storico,Stefania,Entire home/apt,158.0
Discover Firenze and Tuscany,Adrian Tiziano,Entire home/apt,206.0
Montebello Paradiso,Maurizio,Entire home/apt,218.0
"The Cloister of Paradise""",Gian Lorenzo,Entire home/apt,166.0
San Frediano Cozy and Charming Appartment,Marina,Entire home/apt,137.0
"Casa Turandot, parcheggio privato vicino aeroporto",Cristina,Entire home/apt,102.0
MesserDario in Florence,Annamaria,Entire home/apt,135.0
Casetta Libertà,Gabriella,Entire home/apt,
"Villa ""Le Camelie""",Elisabetta,Entire home/apt,193.0
Da Laura a Ponte Vecchio,Antonella,Entire home/apt,154.0
Stanza privata Novoli/San Donato vicino Tranvia T2,Ken,Private room,53.0
LA SUITE - Centro storico,Katia E Manfredi,Entire home/apt,155.0
San Niccolò Loft Near Ponte Vecchio,Luce,Entire home/apt,141.0
[RoofView] Luxury Home at 50m from Florence Duomo.,Pegaso Florence,Entire home/apt,363.0
Elegante appartamento in pieno centro storico,Alessandro,Entire home/apt,380.0
The terrace in Santa Croce,Marusca,Entire home/apt,160.0
Al Convento,Sandro,Entire home/apt,155.0
Spirito19 Apartment by Mamo Florence,Mamo,Entire home/apt,181.0
Bright & Quiet Studio w/ balcony in San Frediano,Daniele,Entire home/apt,160.0
Rachel Apartment by Mamo Florence,Mamo,Entire home/apt,188.0
Rosselli By MMega,MMega Homes And Villas,Entire home/apt,202.0
Sunlit Flat next to the City perfect Urban Getaway,Francesco,Entire home/apt,
Big TerraceGarden DUOMO-4Bedroom,Tatiana,Entire home/apt,446.0
"Maison Vezzani - Careggi - 2 terraces, parking",Angelo,Entire home/apt,198.0
Elegante appartamento nel cuore di Firenze,Damiano,Entire home/apt,283.0
Stanza privata Novoli/San Donato vicino Tranvia T2,Ken,Private room,53.0
Baldacchino Luxury Suite,Maria,Entire home/apt,245.0
Spadalux Apartment - 3 BR 4 Bath Luxury Florence,Brian,Entire home/apt,1095.0
Wine Apartments Florence Lambrusco,Wine Apartments Florence,Entire home/apt,276.0
Casa Nadia - Sweet Dreams in Florence,Irene,Entire home/apt,293.0
St. Elizabeth Loft Apartment by Mamo Florence,Mamo,Entire home/apt,244.0
San Niccolò Apartment by Mamo Florence,Mamo,Entire home/apt,162.0
With Elevator On Ponte Vecchio in vibrant downton,Alice E Giulia,Entire home/apt,228.0
Windows on Dome Luxury Rooftop,Luca,Entire home/apt,194.0
Firenze Suite Servi I,Elsa,Entire home/apt,216.0
Firenze Suite Servi II,Elsa,Entire home/apt,201.0
Torre dei Guelfi - Luxury Loft in Florentine Tower,Philip,Entire home/apt,369.0
Fuga romantica a Firenze,Elva,Entire home/apt,
Cozy design house with view,Roberto,Entire home/apt,183.0
Charming Apartment Michelangelo,Beatrice,Entire home/apt,128.0
Irene's Home S. Ambrogio Boutique Design Apartment,Irene,Entire home/apt,142.0
"Elegante Centro Firenze, 2 Camere e 2 Bagni",Giovanni,Entire home/apt,186.0
Virgilio - Sweet Dreams in Florence,Irene,Entire home/apt,757.0
Toselli Guest House in Florence,Miriam,Entire home/apt,107.0
Exclusive Flat with Private Terrace & Parking ,Gabriele,Entire home/apt,245.0
Florence Walled Garden by Tom: Top Floor,Tom,Entire home/apt,513.0
Exclusive Suite Palazzo Capponi,Stefano,Entire home/apt,
"Leslie's place near the center, A/C and elevator.",Leslie Gaelle,Entire home/apt,132.0
Romantic Nest Florence Studio,Home Rental Florence Srl,Entire home/apt,121.0
Stanza fuori le mura di Firenze,Maria Luisa,Private room,87.0
San Frediano Unique garden & veranda pvt entrance,Mattia,Entire home/apt,139.0
Renaissance Florence Apartment,Home Rental Florence Srl,Entire home/apt,200.0
Vespucci Florence Studio,Home Rental Florence Srl,Entire home/apt,120.0
Central studio/terrace and view,Luca,Entire home/apt,153.0
"Bilocale a Careggi con A/C, Wi-Fi, tram per Centro",Paola,Entire home/apt,148.0
Suite Ponte Vecchio/S. Spirito Florence,Lorenzo,Entire home/apt,175.0
Da Vinci Florence Apartment,Orazio,Entire home/apt,
Terrace View Florence Attic,Home Rental Florence Srl,Entire home/apt,182.0
[View of Pitti Palace] Elegant Loft,Remar Management,Entire home/apt,257.0
The Uffizi gallery apartment,MDR By Ciao Florence Tours,Entire home/apt,113.0
Allure in the Heart of Florence,Media,Entire home/apt,400.0
"Antica Posta, Stanza tripla",Istay,Private room,456.0
Charming big BR w/ensuite Bath,Filippo,Private room,103.0
Appartamento Centro Firenze,Caterina,Entire home/apt,116.0
"Antica Posta, Stanza doppia 2",Istay,Private room,456.0
Sole Apartment,Federico,Entire home/apt,365.0
Suite Lorenzo il Magnifico,The Magnificent,Private room,164.0
"Antica Posta, Stanza doppia 1",Istay,Private room,456.0
MusArt Yellow-Room with Private Bathroom,Musa,Private room,103.0
"Nel centro di Firenze 
Anna Home",Anna,Entire home/apt,136.0
1 bedroom beautiful apartment in Firenze,Novasol,Entire home/apt,323.0
"Antica Posta, Stanza doppia 3",Istay,Private room,456.0
Attico di Charme Vista Santa Croce,Gabriele,Entire home/apt,200.0
Dante - Sweet Dreams in Florence,Irene,Entire home/apt,482.0
Luminosa camera privata Firenze,Mauro,Private room,86.0
Soffiano Flat Firenze by Charming Italy Tour,Cinzia Chiaramonti,Entire home/apt,190.0
Lusso e charme!,Valeria,Entire home/apt,378.0
Attico con tre terrazze vista spettacolare Firenze,Luca,Entire home/apt,1113.0
Beatrice - Sweet Dreams in Florence,Irene,Entire home/apt,369.0
Monolocale luminoso in centro storico,Elios,Entire home/apt,137.0
Signoria Tre Cerchi luxurious - with WI-FI,Roberta,Entire home/apt,229.0
Pinocchio Guelfo,Paolo,Entire home/apt,158.0
La casa su Boboli,Fabio,Entire home/apt,210.0
Residenza Historia - Cimabue,Residenze D'Epoca Collection,Private room,102.0
Pitti-Tuscan Charming Apartment,Lorenzo,Entire home/apt,179.0
Uffizi Suite,Serena,Entire home/apt,437.0
Cristofano Studio by Mamo Florence,Mamo,Entire home/apt,137.0
Magenta Apartment by Mamo Florence,Mamo,Entire home/apt,311.0
"Antica Posta, Stanza superiore",Istay,Private room,456.0
Stanza accogliente - Casa Homey,Kevin,Private room,84.0
Casa gialla a Firenze,Nadia Maria,Entire home/apt,234.0
Suite de Borgo hideaway in central Florence,Eo,Entire home/apt,166.0
Khione Apartment by Mamo Florence,Mamo,Entire home/apt,192.0
Firenze romantica,Elva,Entire home/apt,
Florence Apartment with Garden&private Parking,Daniela,Entire home/apt,216.0
Monolocale con giardino,Davide,Entire home/apt,271.0
Cottage with exclusive garden and parking spot,Enrico,Entire home/apt,234.0
Seven House - Sweet Dreams in Florence,Irene,Entire home/apt,257.0
Appartamento 37,Corso,Entire home/apt,104.0
Vivi Firenze • Travi a Vista • A/C • Fast WiFi,Chiara,Entire home/apt,118.0
Guelfa's elegant apartment,Gabriella,Entire home/apt,160.0
Garden Littlehouse - in Florence near San Frediano,Paola,Entire home/apt,76.0
Gran Suite Le Rose con Solarium Terrazza e servizi,Juri,Private room,172.0
Hotel Ferdinando II De Medici,Eros,Private room,2020.0
A pochi passi dal centro storico,Laura,Entire home/apt,89.0
"Top 360° Santi Apostoli, Palazzo Degli Altoviti",Carmen,Entire home/apt,443.0
Rare find city center 2+2 guests with roof terrace,Daniele,Entire home/apt,192.0
"Casa Viesseux, Firenze",Jacopo,Entire home/apt,97.0
GuestHost - Florence Quiet & Modern Apartment,GuestHost - Welcome To Italy,Entire home/apt,102.0
GuestHost - Florence Bright & Quiet Flat,GuestHost - Welcome To Italy,Entire home/apt,136.0
Guest House Michelangelo,Mirko,Entire home/apt,62.0
Suite Cosimo de' Medici,The Magnificent,Private room,178.0
Suite Caterina de' Medici,The Magnificent,Private room,178.0
L' Abat-Jour di Porta Romana,Letizia,Entire home/apt,107.0
Manifattura Tabacchi  Holiday Home,Francesco,Entire home/apt,143.0
"Appartamento ""La Casina""",Lorenzo,Entire home/apt,111.0
Florentine Haven,Florentine Haven,Entire home/apt,228.0
ama's apartment,Alina,Entire home/apt,548.0
Appartamento Beatrice,Villino Amelia,Entire home/apt,125.0
Bilocale confortevole a due passi dalla stazione,Riccardo,Entire home/apt,104.0
Ciompi Prestige By MMega,MMega Homes And Villas,Entire home/apt,
Angelico Terrace [Modern Apartment A/C & balcony],Giacomina,Entire home/apt,105.0
Serragli Contemporary,Apartments Florence,Entire home/apt,
Casa Bisticci - Bright Apartment with Terraces,Evelyne,Entire home/apt,206.0
Pisana Apartment by Mamo Florence,Mamo,Entire home/apt,368.0
Minuetto Apartment by Mamo Florence,Mamo,Entire home/apt,164.0
Sun-Filled Luxury Apartment in Oltrarno,Domitilla,Entire home/apt,504.0
[Novoli] Modern Apartment,Giulia,Entire home/apt,
Ricordi di Parigi. Attrezzata per lunghi soggiorni,Luciana,Entire home/apt,122.0
Appartamento Matteotti,Manser,Entire home/apt,
Lilly’s Apartment centro Firenze,Federica,Entire home/apt,
Buontalenti Exclusive,Apartments Florence,Entire home/apt,392.0
Appartamento moderno a Firenze,Camilla,Entire home/apt,108.0
Duomo Deluxe Apartment,Lorenzo,Entire home/apt,270.0
An alcove studio with elevator in Oltrarno.,Yun,Entire home/apt,133.0
"Modern apt with parking, direct tram to the center",Mirko,Entire home/apt,142.0
Private room in Florence with private bathroom,Giancarlo Giamba,Private room,97.0
EcozyHouse,Stefano,Entire home/apt,1600.0
Sinfonia Apartment by Mamo Florence,Mamo,Entire home/apt,280.0
Campuccio Terrace By MMega,MMega Homes And Villas,Entire home/apt,197.0
Camera Superior con bagno privato,Corso,Private room,99.0
Sogni d'oro sul Ponte Vecchio,Francesco,Entire home/apt,133.0
Dora's House Firenze,Claudia,Entire home/apt,126.0
Lorena Flat Florence by Charming Italy Tour,Cinzia Chiaramonti,Entire home/apt,281.0
Granduca Penthouse,ApartmentsFlorence,Entire home/apt,1291.0
Appartamento d'epoca in centro,Vizzini,Entire home/apt,166.0
Cristofori By MMega,MMega Homes And Villas,Entire home/apt,106.0
Casa di Zoe - Sweet Dreams in Florence,Irene,Entire home/apt,299.0
Florence amazing house,Edoardo,Entire home/apt,151.0
Casa moderna vicina al centro,Ale,Entire home/apt,80.0
Novella House Leonardo,Novella House,Entire home/apt,300.0
Duomo Cozy Home,Silvia,Entire home/apt,145.0
"""Home & Garden in Florence"" [Near the station]",SJ Luxury Homes,Entire home/apt,166.0
Mattonaia s.Ambrogio,Alessandro,Entire home/apt,123.0
Appartamento Centro Firenze,Roman,Entire home/apt,103.0
San Niccolo Apartament,Davide,Entire home/apt,128.0
Luxury apartment in prime location,Giovanni,Entire home/apt,390.0
The Florentine Home,Mattia,Entire home/apt,274.0
Green oasis: design house with beautiful garden,Alessandra,Entire home/apt,310.0
Santacroce lovely apartment in Florence,Andrew,Entire home/apt,169.0
Moro Apartment,Giulio & Veronica,Entire home/apt,152.0
Marili Apartment,Giulio & Veronica,Entire home/apt,121.0
Appartamento storico & design,Linda,Entire home/apt,134.0
Loft libertà,HouseFlo,Entire home/apt,
"cozy quiet studio in the city center ""Pergola Apt""",Barbara,Entire home/apt,152.0
"Luxury Apartment - San Pancrazio, Florence",Richard,Entire home/apt,428.0
YID D'Azeglio luxury apartment with free parking,Roberto,Entire home/apt,408.0
Luxury San Niccolò By MMega,MMega Homes And Villas,Entire home/apt,175.0
YiD Cairoli design apartment,Roberto,Entire home/apt,155.0
Appartamento Anfitrione,Emanuele,Entire home/apt,214.0
"Il Vagello, Deluxe room",Gianfranco,Private room,107.0
La noce quiet place next to lively San Lorenzo,Lorenzo,Entire home/apt,105.0
Santa Maria Novella | Amber Wood Flat,Piera,Entire home/apt,298.0
Conce Apartment by Mamo Florence,Mamo,Entire home/apt,112.0
Rosa Apartment by Mamo Florence,Mamo,Entire home/apt,
Pitti Design apartment,Easy BNB,Entire home/apt,167.0
Oblò sulla Corte,Maria,Entire home/apt,172.0
Art Apartment SMN,David,Entire home/apt,272.0
Appartamento di Stile ai piedi di P. Michelangelo,Barbara,Entire home/apt,173.0
"Il Vagello, Superior room",Gianfranco,Private room,117.0
Cozy home in the heart of San Frediano,Tommaso,Entire home/apt,183.0
Charme Of Santa Maria Novella,Stanislav,Entire home/apt,111.0
Incantevole appartamento accanto agli Uffizi,Modestino,Entire home/apt,140.0
Sprone Apartment  by Mamo Florence,Mamo,Entire home/apt,216.0
L'Angolo di Ponte Vecchio,Sara,Entire home/apt,194.0
Da Giovanna al Rosso Fiorentino,Giovanna,Entire home/apt,90.0
Gli Orti Di Machiavelli,Aurora,Entire home/apt,90.0
Florentine rooftop apartment - FlorenceHospitality,Gabriel,Entire home/apt,140.0
-Suite with Private Cristal glass Bathroom-,Olgert Olly,Private room,118.0
CDM Studio by FlorenceHospitality,Gabriel,Entire home/apt,128.0
San Niccolò Dream By MMega,MMega Homes And Villas,Entire home/apt,168.0
[Calimala House] Overlooking Renaissance Florence,Patrizia,Entire home/apt,303.0
Keys of Italy -PN1 -Train Sation 1Bedr Flat,Keys Of Italy,Entire home/apt,138.0
Brunelleschi Oasis - 20 Steps from Piazza Duomo,Lucia,Entire home/apt,200.0
Casa di Anna pittrice pratese,Alessandro,Entire home/apt,172.0
Suite Ponte Vecchio - San Firenze Collection,Cristina,Entire home/apt,110.0
Demidoff 27 Super Comfort 1,Marco,Private room,68.0
appartamento bilocale soppalcato,Enzo,Entire home/apt,123.0
Peaceful apartment with private garden,Cosimo,Entire home/apt,82.0
Michelangelo Suite,Novella House,Entire home/apt,241.0
Casa Lucia camera con terrazzo,Lucia,Private room,100.0
Santissima7: apartment in centro storico a Firenze,Ruben,Entire home/apt,249.0
Arcipressi28 Guest House Firenze,Laura,Private room,73.0
Duomo Five Stars,Giulio,Entire home/apt,594.0
Vicolo dei Malespini,Amazing Italian Retreats,Entire home/apt,237.0
La casa di Emilia,Giacomina,Entire home/apt,139.0
-Suite with Private Cristal glass Bathroom-,Olgert Olly,Private room,118.0
appartamento nel centro storico,Filippo,Entire home/apt,172.0
Cozy apartment in Firenze,Matteo,Entire home/apt,101.0
-Double Bed Room & Private Bathroom-Sweet Florence,Olgert Olly,Private room,105.0
A real Florentine Apartment,Pierpaola,Entire home/apt,240.0
Ramaglianti Apartment,Istay,Entire home/apt,134.0
Porta a Prato 46,Sara,Entire home/apt,202.0
Luxury Apartment n.3 - KUKI STAY Ponte Vecchio,Lisa,Entire home/apt,384.0
Luxury Apartment n.2 - KUKI STAY Ponte Vecchio,Lisa,Entire home/apt,233.0
SMN Station 1,David,Entire home/apt,140.0
San Benedetto Apartment,Istay,Entire home/apt,261.0
The modern apartament in Florence,Leonardo,Entire home/apt,97.0
San Zanobi 33,Istay,Entire home/apt,
SMN Station 2,David,Entire home/apt,159.0
Piccolo Rifugio in Santa Croce,Laura,Entire home/apt,127.0
La casina delle 6M,Massimo,Entire home/apt,274.0
Modern Private Florence Apt 2br,Gabriela,Entire home/apt,257.0
Decameron’s Suites - Appartamento Calandrino,Claudia,Entire home/apt,80.0
TT Home,Stefano,Entire home/apt,149.0
Decameron’s Suites - Appartamento Monna Tessa,Claudia,Entire home/apt,83.0
Decameron’s Suites Apartment,Claudia,Entire home/apt,269.0
Center San Lorenzo Mkt 1Bdrm Apt,Angelo,Entire home/apt,128.0
Central Florence 3BR- 8 beds-family friendly stay,Livia,Entire home/apt,389.0
casa Lucia con terrazzo,Lucia,Entire home/apt,151.0
"""Milune"" Duomo",Lucia,Entire home/apt,354.0
Private Suite with cute garden close to the centre,Silvia,Private room,
"Orange Light, nice & cozy flat with Duomo terrace",Olga,Entire home/apt,116.0
Luminosa e ampia camera doppia,Eu,Private room,110.0
"Bianco, with a bit of yellow, in central Florence",Claudia,Entire home/apt,
Barco Guest House,Michele,Entire home/apt,126.0
"Azzurro, history and family in Florence",Claudia,Entire home/apt,151.0
Dai Maestri,Luca,Entire home/apt,154.0
Appartamento Stradivari nel cuore di Firenze,Sergio,Entire home/apt,280.0
Magnoli cozy flat 2 steps from Ponte Vecchio,Lorenzo,Entire home/apt,106.0
"Private Room with AC , Self Check In Free Parking",Arnold,Private room,70.0
Baldovini Apartment by Mamo Florence,Mamo,Entire home/apt,184.0
Lovely Apartment near Piazza della Signoria,Grandma Wilma,Entire home/apt,150.0
Large & Eclectic 2BR 1-min walk by P.zza Signoria,White,Entire home/apt,162.0
Ai Colli,Sandro,Entire home/apt,172.0
Private Room with cute Garden close to the centre,Silvia,Private room,
[Fairmont] caffè & wi-fi,Raffaele,Entire home/apt,179.0
Vittoria Suite,Giulio & Veronica,Entire home/apt,128.0
[Cristal Suite] Netflix & wi-fi,Raffaele,Entire home/apt,119.0
Lovely modern apartment with large terrace!,Elisa,Entire home/apt,125.0
Cozy flat close to Ponte Vecchio and Pitti Palace,Virginia,Entire home/apt,126.0
L'angolo verde di S.Niccolò,Andrea,Entire home/apt,202.0
Cute & Cozy Entire Apt. Newly renovated,Letizia,Entire home/apt,108.0
Appartamento DV21,Elena,Entire home/apt,139.0
Guendalina Apartment by Mamo Florence,Mamo,Entire home/apt,200.0
Dimora La Terrazza Di Careggi,Beatrice,Entire home/apt,156.0
Panzani Blue,Mattia,Entire home/apt,252.0
"Romantic, welcoming, 5 min from Duomo and station",Daniele E Chiara,Entire home/apt,268.0
Ginori Court - Italian Nights Collection,Italian Nights,Entire home/apt,183.0
Sofia appartments,Sofia,Entire home/apt,146.0
Garden Duomo House,Corinna,Entire home/apt,529.0
Attico nel cuore di Firenze con terrazza e jacuzzi,Federico,Entire home/apt,540.0
Pied-à-terre Nardi central&cosy w/free parking,Lucia,Entire home/apt,139.0
Maison Orange Suite,Natalia,Entire home/apt,186.0
La Casa di Raida,Martina,Entire home/apt,
Appartamento di lusso Donato,Alessandro,Entire home/apt,870.0
"Apartment ""Il Monte Old Bridge""",⁨Niccolo’⁩,Entire home/apt,596.0
Appartamento di Lusso Aldo,Alessandro,Entire home/apt,800.0
Appartamento di Lusso Luigi,Alessandro,Entire home/apt,880.0
Appartamento di Lusso Mirante,Alessandro,Entire home/apt,890.0
Appartamento di Lusso Mino,Alessandro,Entire home/apt,660.0
Appartamento di Lusso Bertevello,Alessandro,Entire home/apt,390.0
Appartamento di Lusso Levante,Alessandro,Entire home/apt,660.0
Appartamento di Lusso Benarrivo,Alessandro,Entire home/apt,
Lambe Suite • Uffizi Charme Quiet Apartment,Federico,Entire home/apt,271.0
Appartamento di Lusso Paride,Alessandro,Entire home/apt,390.0
Over the roofs of Florence,Domenico,Entire home/apt,246.0
Il Sole Splende a Firenze + Parking!,Francesco,Entire home/apt,249.0
casa delle camelie,Caterina,Entire home/apt,603.0
Luminoso appartamento a 9 min dal Brunelleschi - J,Luca,Entire home/apt,84.0
Bufalini Boutique Apartment,Luca,Entire home/apt,158.0
Accademia Charme,Apartments Florence,Entire home/apt,
Brunelleschi by the Duomo - Charming Italy Tour,Cinzia Chiaramonti,Entire home/apt,371.0
Santa Croce best view: private terrace and A.C,Claudio & Valeria,Entire home/apt,496.0
"Verde, space and relax in historic Florence",Claudia,Entire home/apt,302.0
"Rosso, in the heart of Florence",Claudia,Entire home/apt,151.0
Unique and antique apartment,Thomas,Entire home/apt,353.0
Luminosa e Accogliente Dimora Viale Mazzini,Andrea Matteo,Entire home/apt,213.0
Mini camera privata AC a due passi dal centro,Andrea,Private room,
Giannotti House,Andrea,Entire home/apt,
Oltrarno Rooftop Great View 6px,Juliette Et Serge,Entire home/apt,437.0
Magnifico 6,Pietro,Entire home/apt,681.0
Magnifico 4,Pietro,Entire home/apt,594.0
Benedetta 6,Pietro,Entire home/apt,715.0
Benedetta 4,Pietro,Entire home/apt,556.0
Conte Jacopo - La Dimora degli Affreschi Florence,Dimora Italia,Entire home/apt,777.0
Wohnung mit Blick auf Florenz,Laura,Entire home/apt,
Appartamento strategico vicino al centro,Gaia,Entire home/apt,189.0
Cavalier Paolo-La Dimora degli Affreschi Florence,Dimora Italia,Entire home/apt,532.0
Luminoso appartamento a 9 min dal Brunelleschi - F,Luca,Entire home/apt,76.0
Il Palagio Dei Bardi,Beatrice,Entire home/apt,127.0
Piccolo monolocale vicino al centro,Sonia,Entire home/apt,
Deluxe Apartment Firenze semicentro,Federico,Entire home/apt,100.0
Flat 52 in S. Jacopino,Marco,Entire home/apt,166.0
[Duomo-Uffizi] Appartamento Luxury III,Francesco,Entire home/apt,114.0
ROYAL Apartment Uffizi  Centro Storico +Garage,Filippo,Entire home/apt,249.0
A Trip to Florence,Vincenzo,Entire home/apt,145.0
Bright and central with balcony,Sarah Daphne,Entire home/apt,170.0
Florentine Spirit,Francesca Federica,Entire home/apt,168.0
Open space silenzioso in centro storico,Elios,Entire home/apt,143.0
"G&G house
it048017c2dpr7r8ha",Gianmarco,Entire home/apt,112.0
Porta Romana Apartment,Rosa,Entire home/apt,212.0
Penthouse View Giotto's Tower & Badia | Center,Maria Letizia,Entire home/apt,199.0
Appartamento Firenze centro,Tiziana,Entire home/apt,177.0
Villa Castaldi Firenze vicina al centro,Silvia,Entire home/apt,229.0
Stanza 22 mq+ Bagno + Parcheggio 10 minuti centro,Giorgio,Private room,119.0
"Central Florence Italian home, Jacuzzi in bedroom",Gina,Entire home/apt,124.0
Wine Apartments Florence Bolgheri,Wine Apartments Florence,Entire home/apt,505.0
Villino in San Frediano in quiet area,Windows In Florence,Entire home/apt,
Appartamento Via Palazzuolo 82,Mariaceleste,Entire home/apt,101.0
Monolocale spazioso con parcheggio privato,Elettra,Entire home/apt,103.0
Residenza Santa Croce - 1A,FloRentals,Entire home/apt,152.0
Residenza Santa Croce - 2A,FloRentals,Entire home/apt,152.0
Residenza Santa Croce - 1B,FloRentals,Entire home/apt,152.0
Residenza Santa Croce - 2B,FloRentals,Entire home/apt,162.0
Appartamento 3A - Residenza Santa Croce,FloRentals,Entire home/apt,196.0
Residenza Santa Croce - 3B,FloRentals,Entire home/apt,180.0
Casa Attilia - Green cozy corner on the city walls,Flow Traveling,Entire home/apt,191.0
Armonia apartment - A 10' dal centro storico,Julia,Entire home/apt,172.0
Alfani Deluxe Apartment by Mamo Florence,Mamo,Entire home/apt,330.0
GuestHost - Settignano Quiet Apt with Parking,GuestHost - Welcome To Italy,Entire home/apt,82.0
Albero Nel cuore della città luminoso e silenzioso,Gabriele,Entire home/apt,83.0
New Residenza Dei Cerchi,Francesca,Entire home/apt,258.0
Characteristic florentine flat in Santa Croce,Edoardo,Entire home/apt,143.0
Novella Bloom,Apartments_Florence,Entire home/apt,294.0
Quality & attention to detail • A/C & Wi-Fi.,Sylvia,Entire home/apt,120.0
Hidden Green Terrace in Santa Croce,Maurizio,Entire home/apt,168.0
Appartamento a Firenze,Guglielmo,Entire home/apt,172.0
Appartamento in centro a Firenze,Matteo,Entire home/apt,160.0
Charme Of Duomo,Stanislav,Entire home/apt,125.0
Appartamento Certosa di Firenze,Grazia,Entire home/apt,83.0
"Casa Lilium, casa tua a Firenze",Cristian,Entire home/apt,188.0
Elegant Suite in the Heart of Florence,Elysium Estate SRL,Entire home/apt,
Room in Firenze,Rashad,Private room,66.0
Appartamento centrale in centro storico,Elios,Entire home/apt,137.0
Santa Croce amazing apartment,Edoardo,Entire home/apt,168.0
"Casa Viola - 6 guests, Tram to City Center",Stefania,Entire home/apt,137.0
Big room in Dogali b&b with private bathroom,Federico,Private room,97.0
Big and bright room in Dogali b&b by Theo,Federico,Private room,86.0
Camera grande e luminosa in dogali b&b by Guido,Federico,Private room,67.0
BellaFlo: Casa con ingresso indipendente in centro,Gianluca,Entire home/apt,103.0
Villa Holm stunning view 10 mn walk to city centre,Marco,Entire home/apt,475.0
Orto15 Delizioso appartamento a Firenze,Ivana,Entire home/apt,125.0
"Central Florence Duomo, A/C K-size beds + jacuzzi",Elena,Entire home/apt,402.0
Luxury Home Il Giglio,Simona,Entire home/apt,183.0
Mansardina Luminosa,Federico,Entire home/apt,53.0
Opera tres chic nuovissimo A/C free wi fi,Alessandro,Entire home/apt,252.0
"Adelaide House, Via dello Studio",Grazia,Private room,119.0
Anteo · Minimal and elegant | by Acacia®,Acacia Firenze,Entire home/apt,189.0
Guelfa Charming House,Silvia,Entire home/apt,366.0
Keys of Italy-Conce14-1 bedr. apt in St. Croce,Keys Of Italy,Entire home/apt,132.0
Keys of Italy - Laura34 - Mezzanine Central Studio,Keys Of Italy,Entire home/apt,169.0
Valia Florence San Frediano Bohème,Marina,Entire home/apt,103.0
Keys of Italy - F2 -1Bedroom Apt by Santa Croce,Keys Of Italy,Entire home/apt,124.0
Luminoso monolocale,Elisabetta,Entire home/apt,103.0
Garden view room with a balcony,Anastasiya,Private room,86.0
Secret Window • Hidden Gem near Ponte Vecchio,Stefano,Entire home/apt,121.0
Careggi Gold Colors,Beatrice,Entire home/apt,142.0
Bright Penthouse Suite Two Steps to everything,Alberto,Entire home/apt,148.0
Perfect for Couples and Familie Elegance and Style,Nicoletta,Entire home/apt,401.0
Santa Maria 3B,Roberto,Entire home/apt,118.0
Azalea · Elegant sophisticated | by Acacia®,Acacia Firenze,Entire home/apt,294.0
San Giorgio 80,Roberto,Entire home/apt,
La Dimora di Maggie,Margherita,Entire home/apt,
Liberty room con bagno privato,Francesco,Private room,84.0
Mezzo 46,Roberto,Entire home/apt,
Casa nel cuore di Firenze-Interno1,Paola,Entire home/apt,293.0
Light filled apartment Florence,Alexander,Entire home/apt,89.0
L'Oasi del Cervo,David E Roberta,Entire home/apt,153.0
Prestigious Landmark in Florence in the center,Antonio,Entire home/apt,1030.0
Casa Firenze Mille2 Mari,Caterina,Entire home/apt,131.0
La casa di Osvalda,Elia,Entire home/apt,182.0
Guelfa 14,Istay,Entire home/apt,167.0
Dei Neri Terrace by Mamo Florence,Mamo,Entire home/apt,344.0
"B&B di Residenza D'Epoca Sant Egidio, Stanza uffi.",Residenza D'Epoca Sant Egidio,Private room,102.0
Torrigiani  garden view - San Frediano,Valentina,Entire home/apt,203.0
"B&B di Residenza D'Epoca Sant Egidio, Stanza duomo",Residenza D'Epoca Sant Egidio,Private room,86.0
"B&B di Residenza D'Epoca Sant Egidio, Stanza sant.",Residenza D'Epoca Sant Egidio,Private room,91.0
Chiara Apartment,Istay,Entire home/apt,158.0
"B&B di Residenza D'Epoca Sant Egidio, Stanza sant.",Residenza D'Epoca Sant Egidio,Private room,83.0
La camera di LadA,Caterina,Private room,43.0
Vin Novo Rooms & Apartments 107,Wine Apartments Florence,Private room,114.0
Large 2BR Apartment Near Piazza San Marco,White,Private room,147.0
[Blue Nest Signoria] Penthouse Duomo view Uffizi,Gabriele,Entire home/apt,201.0
Charming & Modern Apartment near Santo Spirito,Chiara,Entire home/apt,157.0
Small Heaven in Florentine hills,Leonardo,Entire home/apt,124.0
Appartamento con mansarda 5pax 2camere 2bagni,Alessio,Entire home/apt,153.0
"Oltrarno Deluxe, Florence",Mb Housing,Entire home/apt,156.0
Historical apartment in Villa,Giulio,Entire home/apt,
Elegante appartamento nel cuore del Centro Storico,Ester Ninci,Entire home/apt,160.0
Quiet and cozy flat,Jacopo,Entire home/apt,101.0
"B&B Casarossa, Camera Doppia 1",Maryan,Private room,
"Le Ruote | Bright, Quiet & Full AC Center Apt",Lorenzo E Paola,Entire home/apt,160.0
"Bianca Home breathtaking Terrace, view of Florence",Tiziana Ferdinanda,Entire home/apt,208.0
Sun Frediano Suite,Raimondo,Entire home/apt,103.0
"Micheli Apartment, Firenze",Rosa,Entire home/apt,240.0
Camera Singola - Hotel Alinari - Stazione Firenze,Cristiano,Private room,95.0
Nest at Palazzo Vecchio,Riccardo,Entire home/apt,210.0
"B&B Casarossa, Camera Tripla",Maryan,Private room,
"B&B Casarossa, Camera Singola",Maryan,Private room,
Exceptional family flat with terrace,Noga,Entire home/apt,340.0
Visconte Filippo Dimora degli Affreschi Florence,Dimora Italia,Entire home/apt,1130.0
Charming Oltrarno Historic 3 Bedrooms Apartment,Conte,Entire home/apt,225.0
Historic Florentine Palace Apartment – San Marco,Silvia,Entire home/apt,256.0
Florentine Gem Apartment,HouseFlo,Entire home/apt,189.0
Elegant apartment in Florence historic center,Nicola,Entire home/apt,208.0
Donna Lipsi - La Dimora degli Affreschi Florence,Dimora Italia,Entire home/apt,753.0
Faenza Terrace -Lovely 2 bedroom,ApartmentsFlorence,Entire home/apt,348.0
The San Lorenzo Market Apartment,Giulio & Veronica,Entire home/apt,365.0
Chandelier apartment,Apartments Florence,Entire home/apt,289.0
De' Servi Suite al Duomo by Charming Italy Tour,Cinzia Chiaramonti,Entire home/apt,178.0
MariaTeresa Ferdinanda Apartment,Simone David,Entire home/apt,
Pollaiolo 350mt from Tram New Design Urban Chic,Florence Charming Apartments,Entire home/apt,132.0
City center TOP FLOOR No Lift(2bedrooms2 bathroom),Iacopo,Entire home/apt,188.0
Monolocale centrale,Rosa,Entire home/apt,90.0
Pepi Bright apartment near Santa Croce,Italica,Entire home/apt,131.0
Mosse Bright Modern Near City Center Tram T1!,Florence Charming Apartments,Entire home/apt,134.0
"Casa in Posizione Esclusiva, vicino agli Uffizi",Modestino,Entire home/apt,206.0
Santa Croce Top By MMega,MMega Homes And Villas,Entire home/apt,168.0
Marchesa Olympia Dimora degli Affreschi Florence,Dimora Italia,Entire home/apt,983.0
Borgo Pinti panorama,Apartments_Florence,Entire home/apt,
Casa Leoni,Lorenzo,Entire home/apt,145.0
Casa Silvia - Central flat with private terrace,Flow Traveling,Entire home/apt,172.0
Residence Saponai Ponte Vecchio,Marco & Antonella,Entire home/apt,212.0
Vintage Apartments in the Heart of Florence,Sergio Sorokin,Entire home/apt,148.0
Room Elisabetta private bathroom,Elisabetta,Private room,118.0
Casa incantevole con vista duomo,Matteo,Entire home/apt,143.0
LOFT - Suggestivo Open Space,Alessandro,Entire home/apt,144.0
Casper Apartment by Mamo Florence,Mamo,Entire home/apt,271.0
Guicciardini Second Floor,Istay,Entire home/apt,149.0
Bi-locale Donatello,Giandomenico,Private room,183.0
La Domo di Letizia - Sweet Dreams in Florence,Irene,Entire home/apt,543.0
Florence Heart Santa Maria Novella 5 Min stazione,Niccolò,Entire home/apt,
Bamboo studio,Tiago,Entire home/apt,121.0
Orcagna apartment by Interhome,Alessandra - Interhome,Entire home/apt,105.0
Demidoff 27 Super Confort 2,Marco,Private room,64.0
Celeste Apartment-San Frediano,Paolo,Entire home/apt,227.0
Badesse Apartment,Istay,Entire home/apt,121.0
Dimora Santa Croce By MMega,MMega Homes And Villas,Entire home/apt,174.0
Palazzo Delle Croci - Madaro Suite,Alessandro,Entire home/apt,798.0
Palazzo Delle Croci - Donato Suite,Alessandro,Entire home/apt,621.0
Palazzo Delle Croci - Aldo Suite,Alessandro,Entire home/apt,798.0
Palazzo Delle Croci - Luigi Suite,Alessandro,Entire home/apt,756.0
Palazzo Delle Croci - Mirante Suite,Alessandro,Entire home/apt,580.0
Palazzo Delle Croci - Mino Suite,Alessandro,Entire home/apt,556.0
Palazzo Delle Croci - Bertevello Suite,Alessandro,Entire home/apt,393.0
Palazzo Delle Croci - Levante Suite,Alessandro,Entire home/apt,497.0
Palazzo Delle Croci - Benarrivo Suite,Alessandro,Entire home/apt,497.0
Pitti 8 with amazing view,ApartmentsFlorence,Entire home/apt,400.0
Belle Donne - Charming Apartment,Mario,Entire home/apt,210.0
Design Apartment City Centre with private patio,Romy,Entire home/apt,360.0
"Elegante appartamento, Borgo San Jacopo",Luca,Entire home/apt,234.0
"Lovely, comfort and beauty near Ponte Vecchio",Chiara,Entire home/apt,
San Niccolò Tuscan Nest,Lorenzo,Entire home/apt,189.0
San Niccolò Elegant Apartment,Lorenzo,Entire home/apt,174.0
Principe Ludovico Dimora degli Affreschi Florence,Dimora Italia,Entire home/apt,781.0
Tranquil & Modern Apartment outside ZTL,Chiara,Entire home/apt,134.0
Don Tommaso - Dimora degli Affreschi Florence,Dimora Italia,Entire home/apt,752.0
Live like a Florentine next to Santa Croce Square,Anna Maria,Entire home/apt,198.0
Lungarno 32 with  private parking,Ma Maison Vacation Rental,Entire home/apt,337.0
Leonardo luxury apartment,Marco,Entire home/apt,296.0
Cozy & Quiet cls Santa Maria Novella train station,Mattia,Entire home/apt,149.0
Appartamento Claudia San Donato,Elettra,Private room,109.0
Sunny home,Lavinia,Entire home/apt,176.0
Frame House,Alban,Entire home/apt,443.0
Ponte Vecchio's Penthouse,Brando,Entire home/apt,
Feel the city vibe! Cozy apt in the city center,Giordano,Entire home/apt,143.0
"Super bright ""Piano"" apartment",Enrico,Entire home/apt,400.0
Donna di Fiori Florence Home,Home Rental Florence Srl,Entire home/apt,147.0
B-suite | Top-floor charming apartment,Diletta,Entire home/apt,170.0
Happy Florence Ghibellina Tutto visitabile a piedi,Paola,Entire home/apt,131.0
Casa Mora,Chiara,Entire home/apt,177.0
Happy home in Florence,Luciano,Entire home/apt,120.0
MusArt Green-Room with Private Bathroom,Musa,Private room,92.0
Maggio In Florence,HouseFlo,Entire home/apt,168.0
La casa della Francesca nuovo * * * * *,Francesca,Entire home/apt,167.0
Best price/Best location,Paola,Private room,80.0
Bilocale a due passi dal centro,Alessio,Entire home/apt,61.0
"Giulia’s Home, Florence apartment",Giulia,Entire home/apt,123.0
FortVince Loft residential by FlorenceHospitality,Gabriel,Entire home/apt,114.0
Duchessa Sofia -La Dimora degli Affreschi Florence,Dimora Italia,Entire home/apt,588.0
Barone Achille -La Dimora degli Affreschi Florence,Dimora Italia,Entire home/apt,594.0
Luxury River with Terrace,Apartments_Florence,Entire home/apt,
Studio 107 Firenze (vicino a tutto),Mauro,Entire home/apt,132.0
A due passi dal centro,Claudio,Entire home/apt,165.0
Benci Lalli Apartment,Ximena,Entire home/apt,289.0
Ghibellina Cellini Apt (10),Silvia,Entire home/apt,
Vecchia Volta New,Istay,Entire home/apt,150.0
Verdi 11,Istay,Entire home/apt,207.0
Borgo San Jacopo,Istay,Entire home/apt,139.0
"New, bright, cozy Florence apartment with view",Fabio,Entire home/apt,155.0
Appartamento - Firenze,Carina Galluzzi,Private room,129.0
TOUCH the DOME! Romantic Terraced Penthouse + Lift,Liana,Entire home/apt,262.0
appartamento dolce vita C&G,Giancarlo,Entire home/apt,368.0
PorteNuove 1Suite Room,Lorenzo,Entire home/apt,126.0
"Il Mercato Centrale B&B con colazione, Stanza mat.",Il Mercato Centrale B And B,Private room,
"Centrale e spazioso, nel quartiere della moda",Bruna,Entire home/apt,220.0
"Ampio e luminoso, nel cuore del centro storico",Bruna,Entire home/apt,295.0
Orto Apartment in Oltrarno,Tommaso,Entire home/apt,155.0
Rustico Pierino - Sweet Dreams in Florence,Irene,Entire home/apt,
Room with a view,Beth,Entire home/apt,308.0
DB House Ponte Vecchio,Lorenzo,Entire home/apt,109.0
Piazza Dei Rossi Due View,Leonardo,Entire home/apt,188.0
Luxury Apartment & Terraces - Medici Penthouse,Louise,Entire home/apt,692.0
Ghibellina Buontalenti Apt (21),Silvia,Entire home/apt,
Ghibellina Masaccio Apt (23),Silvia,Entire home/apt,
[Very Central] Duomo/Studio - Elegance and Comfort,Gino,Entire home/apt,245.0
"Kike's Home - New, cozy, central /w lovely view",Laura,Entire home/apt,179.0
3BR • Vasari View • Top Location • Ponte Vecchio,Donatella,Entire home/apt,623.0
2BR • Luxury Florence Penthouse • 360° Panorama,Donatella,Entire home/apt,578.0
Vista Palazzo Vecchio | Suite Romantica con Vasca,Giacomo,Entire home/apt,135.0
Lovely cozy flat 2 bedrooms,Marta,Entire home/apt,147.0
Toscanella Luxury,Barbara,Entire home/apt,314.0
Delizioso appartamento,Nicola,Entire home/apt,102.0
Panoramic loft with terrace near Ponte Vecchio,HouseFlo,Entire home/apt,246.0
Orto di Beatrice-Casa con Giardino,Elisa,Entire home/apt,183.0
Elegant apartment in the historical center,Linda,Entire home/apt,186.0
Apartment with a lovely view on Medici Chapel,Veronica,Entire home/apt,155.0
Open space in Sant'Ambrogio,Arianna,Entire home/apt,207.0
In the heart of Florence,Dario,Entire home/apt,186.0
Your home in the Medici District,Francesca,Entire home/apt,151.0
San Lorenzo Market - 2 Bedroom Apartment,Alessandro,Entire home/apt,168.0
Maison Ginori Guelfa,Pierpaolo,Entire home/apt,852.0
Camera Dbl o Twin con vista,Saimir,Private room,98.0
Arno View Terrace · Elegant Florence Apartment,Daria&Gabriele,Entire home/apt,402.0
"San Lorenzo Bright, Stylish & New Apartment",Tommaso,Entire home/apt,336.0
"The Bright Window in Florence! 
Super centrale!",Carlotta,Entire home/apt,430.0
Dimora Storica in Centro Storico,Tommaso,Entire home/apt,236.0
"B&B Casarossa, Camera doppia 2",Maryan,Private room,
Dimora Storica Firenze Capitale,Silvia Antares,Entire home/apt,1000.0
Suite CozyMoroDuomo SMNovella 2bedrooms2bathrooms,Giovanni,Entire home/apt,280.0
L'Agnolino,Giancarlo,Entire home/apt,124.0
Camera Superior con Vista,Saimir,Private room,101.0
Terme Suite Florence Luxury in a 14th c. palace,Matteo,Entire home/apt,483.0
"Cozy Room, 5 Minutes from Center",Marouane,Private room,57.0
Lux and Bright Apartament in the City Center,Michele,Entire home/apt,363.0
Apartment in Centro Storico,Barbara,Entire home/apt,117.0
The Secret Court in Florence!,Carlotta,Entire home/apt,324.0
"The Flavour of Florence! 
Centralissimo",Carlotta,Entire home/apt,
"""Santa Maria Retreat near Palazzo Pitti""",Giovanni,Entire home/apt,218.0
Palmira - beautiful room in the heart of Florence,Giovanni,Private room,80.0
Bilocale comodo e strategico,Francesca,Entire home/apt,88.0
Oltrarno Home,Lia,Entire home/apt,111.0
Camera Matrimoniale - Hotel Alinari - Firenze,Cristiano,Private room,110.0
A/C & fast WiFi Comfort & Design 2Bdrms 2Bthrms,Nino,Entire home/apt,255.0
* * * * * Casa vista Boboli nel cuore di Firenze,Emiliano,Entire home/apt,138.0
Dimora Grazia e Sandra apt Grazia,Anna,Entire home/apt,149.0
Bilocale in Piazza Leopoldo,Simone,Entire home/apt,133.0
Casetta da Basso con corte esterna FREE wi-fi,Erika,Entire home/apt,101.0
L'Oasi di Dosio,Veronica,Entire home/apt,143.0
Luxury Apartment Signoria - 1st floor,Rosario,Entire home/apt,178.0
"Heart of Oltrarno with charming view: “the Garden""",Dave,Entire home/apt,424.0
Casa Orsi - apartment in Florence,Filippo,Entire home/apt,1332.0
Novolino Apartment with balcony,Giulio & Veronica,Entire home/apt,115.0
Casa Florentia,Lorenzo,Entire home/apt,146.0
Wine Apartments Florence Moscato 2,Wine Apartments Florence,Entire home/apt,405.0
Wine Apartments Florence Ribolla,Wine Apartments Florence,Entire home/apt,188.0
La Chicca centro storico Firenze,Ida,Entire home/apt,194.0
Old Florence 1930,Paola,Entire home/apt,237.0
Appartamento a due passi da Piazza Duomo,Eleonora,Entire home/apt,205.0
Apartment della seta 2 piazza Libertà,Daniele,Entire home/apt,1060.0
4 Camera Singola Con Bagno Condiviso,Angelica,Private room,54.0
Ricasolino Apartment with balcony and Duomo view,Giulio & Veronica,Entire home/apt,186.0
Secret Garden in Santo Spirito,Sasha,Entire home/apt,199.0
Boutique Ponte Vecchio,Federico,Entire home/apt,330.0
Appartamento in Centro Storico zona Santo Spirito,Giulio,Entire home/apt,
San Lorenzo chic house,Veruska,Entire home/apt,295.0
Dante apartment in the heart of historical centre,Silvia,Entire home/apt,154.0
Heart of Florence: Duomo Charming Apartment & A/C,Pammela,Entire home/apt,103.0
Maison Pandolfini,MDR By Ciao Florence Tours,Entire home/apt,
MDR Crystal Apartment,MDR By Ciao Florence Tours,Entire home/apt,223.0
Dalmazia apartment,Emilio,Entire home/apt,113.0
Tasso Cozy Retreat: 1-BR Airbnb,Masha,Entire home/apt,152.0
"Il Mercato Centrale B&B con colazione, Stanza mat.",Il Mercato Centrale B And B,Private room,
"Il Mercato Centrale B&B con colazione, Stanza con.",Il Mercato Centrale B And B,Private room,
"Il Mercato Centrale B&B con colazione, Stanza con.",Il Mercato Centrale B And B,Private room,
"Il Mercato Centrale B&B con colazione, Stanza con.",Il Mercato Centrale B And B,Private room,
Mimmi Room,Mimma,Private room,
"Dimora Leopoldo 23 comfortable, elegant apartment",Marco&Ari,Private room,
La Perla di Porcellana Santa Maria Novella,Annalisa,Entire home/apt,149.0
Luxury Penthouse with Large Terrace Stunning Views,Adolfo,Entire home/apt,199.0
Alfieri Prestige with terrace,ApartmentsFlorence,Entire home/apt,1035.0
4BR • Deluxe Palazzo • Private Patio • Santa Croce,Donatella,Entire home/apt,1370.0
Art Apartment Moro,David,Entire home/apt,139.0
"Appartamento Piano Terra a Firenze, zona Careggi",MorgagniGD,Entire home/apt,137.0
Casa Firenze Mille1 Mari,Caterina,Entire home/apt,108.0
4Seasons - Appartamento 3 Camere,Chiave Immobiliare,Entire home/apt,956.0
"Florence, Piazza Signoria - Stylish LOFT",Carlotta,Entire home/apt,220.0
Modern 3 bedroom Apartment Historic Center,Sergio Sorokin,Entire home/apt,202.0
"Comoda, silenziosa, spaziosa",Marco,Private room,67.0
Federighi By MMega,MMega Homes And Villas,Entire home/apt,239.0
Signoria Stunning view Apartment by Mamo Florence,Mamo,Entire home/apt,307.0
Le Farine Apartment by Mamo Florence,Mamo,Entire home/apt,204.0
Granchio By MMega,MMega Homes And Villas,Entire home/apt,106.0
Aragosta By MMega,MMega Homes And Villas,Entire home/apt,132.0
Luxury River View,Home Rental Florence Srl,Entire home/apt,347.0
"Casa Elegante, grande terrazzo",Giulio,Entire home/apt,114.0
Giardino nel cuore di Firenze - piano terra,Tina,Entire home/apt,120.0
Stile e colore in San Frediano!,Marco,Entire home/apt,
Mezzo 8,Istay,Entire home/apt,112.0
49 Square Garden,Raimondo,Entire home/apt,230.0
New apartment in Pitti Square,Rossella,Entire home/apt,171.0
Federighi Apartment by FlorenceHospitality,Gabriel,Entire home/apt,216.0
Appartamento Centro Storico Firenze,Alessio,Entire home/apt,228.0
Camera elegante nel centro di Firenze,Giovanni,Private room,114.0
""" Dolce Dimora """,Fabrizio,Entire home/apt,137.0
Appartamento in palazzo storico - Centro Firenze,Sara,Entire home/apt,124.0
Tiche Home,Tina,Entire home/apt,361.0
Frescoed Renaissance Palazzo • 4 Ensuites • Duomo,Jem,Entire home/apt,1198.0
[ Center ] Pitti 8,Sergiu,Entire home/apt,332.0
The Florence Nest B-side,Francesco,Entire home/apt,120.0
Pilastri - Attractions at your Fingertips - PLUS,Jonny,Entire home/apt,148.0
Flow~Rents 1,Giacinto,Entire home/apt,79.0
Vespucci Penthouse 3bdz3bth360° terrace & elevator,Niccolo,Entire home/apt,600.0
PorteNuove  Apartment 3Suite,Lorenzo,Entire home/apt,377.0
Flow~Rents 2,Giacinto,Entire home/apt,90.0
Flow~Rents 3,Giacinto,Entire home/apt,100.0
Zanobi Suite 10' Central Station w A/C WiFi,Paul,Entire home/apt,177.0
Zanobi Suite W/Private Patio Wi-Fi A/C 3BR,Paul,Entire home/apt,349.0
Zanobi Suite W/Private Patio Wi-Fi A/C 4BRs,Paul,Entire home/apt,754.0
BelvedereFirenze centro storico solo 2km e careggi,Marina,Entire home/apt,166.0
2 Camera Singola Deluxe Con Aria Condizionata,Angelica,Private room,65.0
Appartamento 4 posti,Esther,Entire home/apt,
3 Ampia Camera Con Bagno Condiviso,Angelica,Private room,62.0
La casa dell'orto,Francesca,Entire home/apt,155.0
Miriam - Sweet Dreams in Florence,Irene,Entire home/apt,
Benedetta 2,Pietro,Entire home/apt,
Caterina de' Medici luxury attic w/ terrace,Sandra,Entire home/apt,401.0
Queen Room with Duomo View,Saimir,Private room,86.0
Soggiorna nel centro di Firenze,Antonia,Entire home/apt,189.0
Sinistra Center 4th-Floor,Camilla,Entire home/apt,123.0
"Appartamento Civico 4 - Sant'Ambrogio, Firenze",Giampiero,Entire home/apt,128.0
"San Marco View, Superior Studio - camera con 2 ...",Chiara,Private room,105.0
Destra Terrace 4th-Floor,Camilla,Entire home/apt,161.0
"San Marco View, Studio Terrace con terrazza pan...",Chiara,Private room,145.0
"San Marco View, Central Studio, con camera bagn...",Chiara,Private room,105.0
Lungarno Flat with a Golden view,Martina,Entire home/apt,200.0
Le case di Cate e Max - Luna,Cosimo,Entire home/apt,252.0
Le case di Cate e Max - Sole,Cosimo,Entire home/apt,172.0
Bilocale vicinissimo al Duomo,Piera,Entire home/apt,217.0
Pilastri Terrace Apartment by Mamo Florence,Mamo,Entire home/apt,297.0
La Casa di Gabriella,FloRentals,Entire home/apt,126.0
La casa di Gabriella - 2,FloRentals,Entire home/apt,126.0
ViviLafirenze V,Letizia,Entire home/apt,142.0
Le Robbiane 44,Marina,Entire home/apt,149.0
St.Ambrogio/ S.Croce/ AC/ Wifi/ 6-8 guests,Shira,Entire home/apt,258.0
WelcHomeItaly:Florence Chocolate,Erika,Entire home/apt,186.0
Dafne Apartment by Mamo Florence,Mamo,Entire home/apt,128.0
MusArt Orange-Room with Private Bathroom,Musa,Private room,84.0
"""Angolo al Giardino delle Rose""",Angela,Entire home/apt,144.0
Loft Rustico,Giovanni,Entire home/apt,90.0
"Florence, charming, balcony & elegant furnishings",Italy Perfect,Entire home/apt,394.0
"Wraparound balcony, excellent location in Florence",Italy Perfect,Entire home/apt,394.0
Minimal style apartment close to Cascine park,Daniela,Entire home/apt,189.0
Terrazza con vista Firenze- The first one,Fabiola,Entire home/apt,209.0
Very central apartment 100mt from train station,Cristina,Entire home/apt,122.0
Appartamento via dell'Albero,Antonietta,Entire home/apt,198.0
A unique view of Florence from the Oltrarno,Anna,Private room,107.0
Il Duomo in faccia,Diletta Chiara,Entire home/apt,377.0
ViviLafirenze G,Letizia,Entire home/apt,114.0
Il Fiorino di Santa Croce,Ivan,Entire home/apt,248.0
delle girandole apartment,Claudia,Entire home/apt,217.0
"Appartamento Firenze
Ponte alla Vittoria",Francesca,Entire home/apt,
Charming apartment near Santa Maria Novella,Daniela,Entire home/apt,168.0
Penthouse with superb view of Florence,Luana,Entire home/apt,459.0
Elegant Suite 2 min walk from SMN Station & Duomo,Federico,Entire home/apt,5017.0
Delightful Suite 2min walk from SMN Station&Duomo,Federico,Entire home/apt,135.0
Beautiful Suite 2 min walk from SMN Station/Duomo,Federico,Entire home/apt,144.0
Welcoming apartment in Oltrarno -2 camere da letto,Neri,Entire home/apt,143.0
Maurizio's house - self check in,Maurizio,Entire home/apt,155.0
[Free Parking + A/C] Firenze nel Verde,The Luxor Suites,Entire home/apt,120.0
La casa del rinascimento,Alessandro,Entire home/apt,94.0
[Brunelleschi Suite],Gianna,Entire home/apt,206.0
Appartamento a dieci minuti dal centro.,Lorenzo,Private room,48.0
San Lorenzo Elegant Apartment,Niccolò,Entire home/apt,185.0
Casa Milù - comfy and cozy accommodation,Elena,Entire home/apt,96.0
1 [Ponte Vecchio-Uffizi] Elegant Apartment,Christina,Entire home/apt,
Casa Valentina,Valentina,Entire home/apt,132.0
Appartamento Giotto,Tiziano,Entire home/apt,146.0
Appartamento Michelangelo,Tiziano,Entire home/apt,180.0
2 [Ponte Vecchio-Uffizi] Exclusive Apartment,Christina,Entire home/apt,
3 [Ponte Vecchio-Uffizi] Chic Apartment,Christina,Entire home/apt,
4 [Ponte Vecchio-Uffizi] Luxury Apartment II,Christina,Entire home/apt,
5 [Ponte Vecchio-Uffizi] Stylish Apartment,Christina,Entire home/apt,
6 [Ponte Vecchio-Uffizi] Luxury Apartment,Christina,Entire home/apt,
7 [Ponte Vecchio-Uffizi] Exquisite Apartment,Christina,Entire home/apt,
8 [Ponte Vecchio-Uffizi] Boutique Apartment I,Christina,Entire home/apt,
Big Apartment Outside Ztl Zone,Federico,Entire home/apt,176.0
Spacious & Bright Apt City Center + Balcony,Nir,Entire home/apt,126.0
Florence Garden Loft,Annacaterina,Entire home/apt,93.0
Appartamento DaVinci,Tiziano,Entire home/apt,180.0
Keys of Italy -Macci41-S. Ambrogio 1Bedroom flat,Keys Of Italy,Entire home/apt,115.0
Lungarno Stylish Apartment with Terrace,Francesco,Entire home/apt,184.0
Piccola cameretta centralissima. Immobile storico,Lorenzo,Private room,125.0
Santa Reparata Apartment by Mamo Florence,Mamo,Entire home/apt,184.0
Pitti Deluxe Apartment,Lorenzo,Entire home/apt,197.0
Casa vintage a due passi dal centro Firenze,Claudio,Entire home/apt,112.0
"Stanza Lemon- matrimoniale, bagno doccia +terrazza",Maria Rita,Private room,128.0
Sanzanobi cozy Apartment,Erik Martin Stellan,Entire home/apt,179.0
Casa Lorenzo  ground-floor with a quiet patio,Lorenzo,Entire home/apt,144.0
Kiki House Porta San Frediano,Barbara,Entire home/apt,201.0
Like a true Florentine along the Arno river,Hamilton,Entire home/apt,123.0
APT Celso,Sergio,Entire home/apt,13.0
Art Apartment Luxury Tintori Suite,David,Entire home/apt,153.0
Cosy apartment in Oltrarno,Andrea,Entire home/apt,
Stanza Argan - matrimoniale  con bagno doccia,Maria Rita,Private room,101.0
Pitti exclusive apartment,Lorenzo,Entire home/apt,170.0
Fairy Studio next to the station,Floriana,Entire home/apt,79.0
[San Donato] Jewel Apartment,Giulia,Entire home/apt,170.0
Camera Singola,Saimir,Private room,82.0
Cavour 96 Apartment,Istay,Entire home/apt,196.0
Piattellina 8 Apartment,Istay,Entire home/apt,198.0
Casa Fiorita in Centro a Firenze,Marta,Entire home/apt,156.0
Cozy white Apt in Santo Spirito,Virginia,Entire home/apt,177.0
Charming Apartment,Holidu,Entire home/apt,
2BR/2BA Florence Design Loft with Private Garden,Cosimo,Entire home/apt,233.0
"Bright Studio 
near Duomo and Orto Botanico",Giulio,Entire home/apt,189.0
San Felice,Maria,Entire home/apt,172.0
Little Apartment in San Lorenzo,Niccolò,Entire home/apt,131.0
Firenze centro,Loredana,Entire home/apt,66.0
GuestHost - Stibbert & Statuto Elegant Apartment,GuestHost - Welcome To Italy,Entire home/apt,166.0
Cosy  Apartment in Santo Spirito,Sara,Entire home/apt,246.0
Terratetto con giardino privato la Serra Sognante,Arianna,Entire home/apt,172.0
Palazzo Vecchio La Nuvola,Rosalinda,Entire home/apt,247.0
Alexa's rooms Historic room,Matteo,Private room,64.0
Majestic Historic Residence - Old Town,Elysium Estate SRL,Entire home/apt,805.0
Bilocale con giardino recintato,Alessio,Entire home/apt,174.0
"Santa Croce, silenzioso, vista magnifica",BMC Estate,Entire home/apt,157.0
"B&B di Francesco, Stanza suite 3",Francesco,Private room,325.0
San Niccolo' Huge Apartment,Lorenzo,Entire home/apt,186.0
"Large Luxury 4BR Apt in Florence, Steps to Duomo",Elisa,Entire home/apt,1024.0
Florence Smart Hub: ZTL-Free • Tram Stop • 2 Baths,Gaya,Entire home/apt,205.0
Charme Oltrarno & Private Patio,Lorenzo,Entire home/apt,112.0
"Careggi Garden House, oasis with exclusive garden.",Leonardo,Entire home/apt,132.0
Romantic Oltrarno Loft,Alex,Entire home/apt,146.0
Appartamento a 50 m dagli Uffizi,Olimpia,Entire home/apt,218.0
Grandma's house,Gabriele,Entire home/apt,148.0
King Suite - Le Torri by Dimora Collection,Lorenzo,Entire home/apt,258.0
Deluxe Junior Suite - Le Torri by Dimora Collectio,Lorenzo,Entire home/apt,290.0
Deluxe King Suite - Le Torri by Dimora Collection,Lorenzo,Entire home/apt,269.0
Stanza privata attico centro storico,Edoardo,Private room,114.0
"luxury,awesome  in S Frediano",Andrea,Entire home/apt,357.0
Vicolo Dell'oro 2 Ponte Vecchio,Leonardo,Entire home/apt,148.0
Comfy room next the city center,Riccardo,Private room,44.0
Servi 39,Istay,Entire home/apt,229.0
Nido Fiorentino,Apartments Florence,Entire home/apt,
Gelsomino - Sweet Dreams in Florence,Irene,Entire home/apt,
La Terrazza degli Artisti,Monica,Entire home/apt,226.0
Floral Florence ~ Colorful Gem in Historic Center!,Francesca,Entire home/apt,143.0
La casa di Auri,Federica,Entire home/apt,194.0
Casa Macci - Santa Croce,Diana,Entire home/apt,
Pinocchio's house in the centre of Florence,Kevin,Entire home/apt,149.0
Authentic Florence Living with Local Expertise,Mattia,Entire home/apt,140.0
[Ponte Vecchio]Il Rifugio dei Poeti,Matteo,Entire home/apt,223.0
Monolocale Studio terrazzo e AC,Alessio,Entire home/apt,86.0
Pitti Studio Design,Amazing Italian Retreats,Entire home/apt,279.0
La casina di Claire,Chiara,Entire home/apt,153.0
Sant'Agostino Luxury Apartment by Mamo Florence,Mamo,Entire home/apt,416.0
San Donato apartment,Ilaria,Entire home/apt,
Ognissanti Apartment by Mamo Florence,Mamo,Entire home/apt,
"600 metri dal Duomo, appartamento al piano terra",Alice,Entire home/apt,156.0
Futura Collection Florence Terrace,Francesca,Entire home/apt,330.0
[Dante Alighieri Sweet Home] 5 min to Signoria s.,Immobiliare Il Fiorino Di Ivan,Entire home/apt,100.0
Futura Collection Florence City Center,Francesca,Entire home/apt,298.0
(1 minute from the Uffizi) Signoria Charme,Giacomo,Entire home/apt,187.0
Grande Camera Sofà Bed Firenze Arno River,Maria Novella,Private room,87.0
Velluti Apartment,Istay,Entire home/apt,133.0
Hidden Garden authentic Firenze,Alessandra,Entire home/apt,200.0
House of Medusa - Room 2,Marie Adele,Private room,
Santo Spirito Quiet Penthouse Nest,Benedetta,Entire home/apt,46.0
Terrace Suite Ponte Vecchio,Modestino,Entire home/apt,146.0
Albizi Sanzio Apt (205),Silvia,Entire home/apt,194.0
"Casa de' Bianchi, Santa Croce",Xuhua,Entire home/apt,139.0
House of Medusa - Room 1,Marie Adele,Private room,95.0
Sweet Living Santa Croce,Mattia,Entire home/apt,115.0
Casa Le Stinche,Loretta,Entire home/apt,160.0
DUOMO - Green House,Manuel,Entire home/apt,108.0
serragli17,Alessandra,Entire home/apt,191.0
Esther’s home E in Firenze,Esther,Private room,101.0
Palazzuolo49 Chic in Centro,Matteo,Entire home/apt,143.0
Campo di Marte - Bright Apartment Free Parking,Cosimo,Entire home/apt,53.0
Esther’s home S with balcony,Esther,Private room,87.0
Macci’s design apartment,Lapo,Entire home/apt,177.0
Flowerence,Moira,Entire home/apt,114.0
Porcellana street apartment,Caterina,Entire home/apt,147.0
Apartment in the center of Florence,Esmeralda Joanna,Entire home/apt,219.0
Lemon House,Claudia,Entire home/apt,115.0
Casa Gloria | San Frediano | Bright 2BR/2BA /AC,Gloria,Entire home/apt,271.0
9 [Ponte Vecchio-Uffizi] Boutique Loft di design,Christina,Entire home/apt,
Appartamento con posto auto,Letizia,Entire home/apt,86.0
[Petrarca Sweet Home] 5 min to Porta Romana,Immobiliare Il Fiorino Di Ivan,Entire home/apt,106.0
House of Medusa - Room 3,Marie Adele,Private room,124.0
Chic Terrace Apt in Santo Spirito,Elena,Entire home/apt,128.0
"Casina Gialla, green Florence stay & free parking",Poggio,Entire home/apt,149.0
Presidential Penthouse - 3bed/3bath Just Renovated,Lorenzo,Entire home/apt,705.0
Boutique apartment,Sebastian,Entire home/apt,255.0
Vigna nuova 2 Bedroom Apartment,HouseFlo,Entire home/apt,170.0
"Strozzi Luxury View, RE Apartments Collection",Re,Entire home/apt,542.0
Modern Apartment in Florence’s Oltrarno,Cecilia,Entire home/apt,149.0
Camera privata a 100mt dal Duomo,Francesca,Private room,240.0
[San Frediano] Modern and stylish apartment,Matteo,Entire home/apt,238.0
Lovely portion of property near Santo Spirito,Chiara,Private room,96.0
Urban Neri Uffizi Apartment,Daniela,Entire home/apt,103.0
Charming & Cozy in Florence Historic Center,Aris,Entire home/apt,165.0
Stylish Renovated Apt Near Center – Easy Access,Marco,Entire home/apt,110.0
Cozy and bright next to the city center,Aris,Entire home/apt,135.0
Borgo Pinti with Frescoes,ApartmentsFlorence,Entire home/apt,235.0
MOON-Luxury Suite Taurus [PVT bathroom-10 min SMN],Erika,Private room,129.0
MOON-Luxury Suite Aries [PVT bathroom-10 min SMN],Erika,Private room,129.0
Calm & Affordable | WIFI + AC | Premium Quality,Tommaso,Entire home/apt,98.0
Servi 7A,Roberto,Entire home/apt,142.0
Servi 7C,Roberto,Entire home/apt,207.0
Comfy flat behind Duomo,Filippo,Entire home/apt,145.0
Firenze intorno a te Banchi 7,Silvia,Entire home/apt,260.0
Modern & Spacious Retreat w/ Charming Exposed,Italy Perfect,Entire home/apt,289.0
Uffizi-apartment in Florence,Nati,Entire home/apt,157.0
"Miriam Casa Firenze, intero appartamento",Antonio,Entire home/apt,229.0
Tuscany in the City-Quiet APT surrounded by nature,Alberto,Entire home/apt,120.0
La Terrazza Fiorentina,Stefano,Entire home/apt,112.0
2 Medieval Towers-2 Florences-View 360°,Monika,Entire home/apt,394.0
Smart Private Room in Florence,Giuseppe,Private room,79.0
"Appartamento51, 10 minuti dal centro città in tram",Maria Agata,Entire home/apt,113.0
The Florentine Nest - a 90mt da Piazza Santa Croce,Daniel,Entire home/apt,212.0
Letizia Comfort a San Frediano,Gianluca,Entire home/apt,91.0
Station Family Apartment by Mamo Florence,Mamo,Entire home/apt,436.0
Sul tetto di Firenze rinnovato 2025,Carlotta,Entire home/apt,413.0
"Limonaia on the hills, garden, park, fit for bike",Jonny,Entire home/apt,180.0
Appartamento Pietrapiana 1P,G&G Dream,Entire home/apt,
The nest just outside the walls,Daniela,Entire home/apt,94.0
Nest in the heart of SanFrediano,Filippo,Entire home/apt,98.0
Brand New Charming Apartment Gioberti,Jose,Entire home/apt,144.0
Modern loft with balcony & fiber. Near tram!,Gabriele,Entire home/apt,56.0
[Duomo] Living Terrace Apartment,Giulia,Entire home/apt,178.0
Veronica Guest House,Veronica,Entire home/apt,92.0
Borgo Art Apartment By MMega,MMega Homes And Villas,Entire home/apt,196.0
Charming Apartment in Oltrarno,HouseFlo,Entire home/apt,180.0
A&G - Relaxing Ristori Apartment,A&G Home In Florence,Entire home/apt,82.0
Terme 17,Roberto,Entire home/apt,390.0
[Aeroporto] Cozy Apartment,Giulia,Entire home/apt,181.0
Just 10 min from City Center (plus free parking),Illya,Private room,75.0
You can buy design world,Carlotta,Entire home/apt,218.0
Nina’s Dome Apartment,Matias,Entire home/apt,174.0
Alloggio Giole - Firenze centro,Giacomo,Entire home/apt,177.0
Bright studio flat in Oltrarno,Paola,Entire home/apt,
casa di Nora,Sara,Entire home/apt,107.0
Flat Macci26,Leonardo,Entire home/apt,163.0
Poggio Imperiale House,Davide,Entire home/apt,179.0
Loft Number Four,Giulio & Veronica,Entire home/apt,125.0
Penthouse Midori,Giulio & Veronica,Entire home/apt,166.0
Charming stylish Signoria Square,Marusca,Entire home/apt,152.0
Appartamento Giole - Firenze Centro,Giacomo,Entire home/apt,177.0
Hidden Gem: Loft in historical palatial setting,Niccolo,Entire home/apt,
Osteria del Guanto By MMega,MMega Homes And Villas,Entire home/apt,220.0
Classic Loft By MMega,MMega Homes And Villas,Entire home/apt,162.0
Il Giglio Bianco,Madeinitaly,Entire home/apt,187.0
[Discover Donatello Fiorenza] Relax In The Arts,Fiamma,Entire home/apt,1429.0
Central 1 bedroom apartment in the city center,Federico,Entire home/apt,170.0
Casa Aurelio vista Cupola  Brunelleschi,Diana,Entire home/apt,366.0
Charming loggia,Alessandra,Entire home/apt,278.0
Apartment Lumà - Statuto,Flavio,Entire home/apt,256.0
Design Apartment in the Heart of Florence,Cristina,Entire home/apt,138.0
Iside - Sweet Dreams in Florence,Irene,Entire home/apt,
Suite Raffaello,Niccolò,Entire home/apt,212.0
"6 min Duomo, 6 min Ponte Vecchio",Bruna,Entire home/apt,584.0
La casa di Remo Ground-floor with a patio,Lorenzo,Entire home/apt,182.0
Appartamento Macci,G&G Dream,Entire home/apt,
Romana 4 Bedrooms with Garden,Alessandro,Entire home/apt,252.0
Wine Apartments Florence Falanghina,Wine Apartments Florence,Entire home/apt,240.0
Wine Apartments Florence Montepulciano,Wine Apartments Florence,Entire home/apt,343.0
David Sweet Suite,Isabella&Cecilia,Entire home/apt,197.0
Pitti Palace awesome apartment,Luca,Entire home/apt,226.0
Aperol Apartment by Mamo Florence,Mamo,Entire home/apt,214.0
Spritz Apartment by Mamo Florence,Mamo,Entire home/apt,186.0
Regina Relax: Stylish Apartment in City Center,Fael,Entire home/apt,
Suite: Cozy Apartment in the Heart of Florence,Fael,Entire home/apt,
"Speziali, Stanza tripla",Enrichetta,Private room,107.0
Il Biancone,Marco,Entire home/apt,127.0
"Casa Paola: parcheggio privato e giardino, Firenze",Simone,Entire home/apt,140.0
Magnoli 2 Bedroom Apartment,Alessandro,Entire home/apt,
The Signoria Luxury | APT2 David | Private Balcony,The Signoria Luxury Residence,Entire home/apt,
Centro Storico Firenze S.Croce,Diego,Entire home/apt,255.0
The Signoria Luxury | APT 6 Cosimo | Amazing Vista,The Signoria Luxury Residence,Entire home/apt,1404.0
The Signoria Luxury | APT 7 - Perseo | Glamorous,The Signoria Luxury Residence,Entire home/apt,
The Signoria Luxury | APT5 Nettuno | Stunning View,The Signoria Luxury Residence,Entire home/apt,1404.0
Buondelmonti Studio,Giuseppe,Entire home/apt,176.0
Stunning & Sunny Studio near Piazza S. Spirito,Grandma Wilma,Entire home/apt,175.0
The Signoria Luxury | APT 9 Marzocco | Superb View,The Signoria Luxury Residence,Entire home/apt,
The Signoria Luxury |APT1+4 Biancone | Wow Terrace,The Signoria Luxury Residence,Entire home/apt,
Big apartment near Piazza Santo Spirito,Grandma Wilma,Entire home/apt,114.0
The Signoria Luxury | APT 11 Medusa | Ace Location,The Signoria Luxury Residence,Entire home/apt,1404.0
YD Lamarmora luxury contemporary,Roberto,Entire home/apt,615.0
The Signoria Luxury | APT 8 Ercole | Superb View,The Signoria Luxury Residence,Entire home/apt,
The Signoria Luxury | APT 10 Giuditta | Dream 1BR,The Signoria Luxury Residence,Entire home/apt,282.0
Santa Croce suite with a stunning view,Lorenzo,Entire home/apt,167.0
Pepi Modern & Bright Apt + AC,Nir,Entire home/apt,157.0
San Gallo inn Sangiovese,Giovanni,Entire home/apt,108.0
San Gallo inn Trebbiano,Giovanni,Entire home/apt,85.0
Pitti Mannelli Suite,Alessandra,Entire home/apt,173.0
Ema's house in the heart of Florence!,Emanuele,Entire home/apt,
La Gatta app. In Oltrarno,Cristina,Entire home/apt,248.0
Cozy room in Florence center,Armando,Private room,42.0
Appartamento con giardino,Serenity,Entire home/apt,160.0
Luxury Designer Apartment,Immobiliare Il Fiorino Di Ivan,Entire home/apt,106.0
Luxury Florence Villa with Pool,Pavinia,Entire home/apt,1855.0
Ognissanti Flat By MMega,MMega Homes And Villas,Entire home/apt,174.0
[Macci Florence Sweet Apartment]1 min to Santa C.,Immobiliare Il Fiorino Di Ivan,Entire home/apt,106.0
Suite Gesuina,Niccolò,Entire home/apt,206.0
[5 Minuti - Duomo] Tripla Suite Luxury,Ledjon,Entire home/apt,252.0
2 Bedrooms Apartment Dolcevita,Michala,Entire home/apt,143.0
Appartamento Alessia (SMN),Gregorio,Entire home/apt,285.0
Florence Journey ~ Santa Maria Novella Plaza,Cinzia,Entire home/apt,200.0
Timo's House San Frediano,Andrea,Entire home/apt,189.0
Santa Reparata Modern,Daniele Vittorio,Entire home/apt,198.0
Two Rooms at the Duomo,Frederik,Private room,234.0
Camera su terrazza vicino Centro,Maria Novella,Private room,38.0
Apartment in the Piazza De' Pitti area,Alberto,Entire home/apt,134.0
Faenza 91 Apartament,Istay,Entire home/apt,234.0
Ghibellina Elegant Apartment with 4 bedrooms,Sid,Entire home/apt,317.0
Scuderie 4 | Villa Carobbi Apt,Villa Carobbi Apartments,Entire home/apt,250.0
Antico Pozzo 1 | Villa Carobbi Apt,Villa Carobbi Apartments,Entire home/apt,220.0
Oltrarno Suite,Massimo,Entire home/apt,145.0
Antico Pozzo 2 | Villa Carobbi Apt,Villa Carobbi Apartments,Entire home/apt,380.0
Antico Pozzo 3 | Villa Carobbi Apt,Villa Carobbi Apartments,Entire home/apt,410.0
Limonaia 1 | Villa Carobbi Apt,Villa Carobbi Apartments,Entire home/apt,320.0
Limonaia 2 | Villa Carobbi Apt,Villa Carobbi Apartments,Entire home/apt,200.0
Primetta House,Filippo,Entire home/apt,137.0
The Chianti Rooster - free parking area,Windows In Florence,Entire home/apt,122.0
Delizioso bilocale,Carla,Entire home/apt,91.0
Tuscany Charm #Firenze,Letizia,Entire home/apt,185.0
Vittoria Apartment - City Center,Massimo,Entire home/apt,142.0
open the door,Silvia,Entire home/apt,164.0
Appartamento in Firenze centro,Olga,Entire home/apt,104.0
Cozy central studio apartment,Paolo,Private room,171.0
Loft Botticelli_cozy loft in the heart of Florence,Lorenzo,Entire home/apt,249.0
Appartamento Firenze centro Suite Verrocchio,Tiziana,Entire home/apt,188.0
Loft La Perla,Siddik,Entire home/apt,170.0
Charming Green Oasis in the Heart of Florence,Gaia Maria Vittorina,Entire home/apt,218.0
Nido d'Arte By MMega,MMega Homes And Villas,Entire home/apt,
Marzocco - Sweet Dreams in Florence,Irene,Entire home/apt,
Artist's Refuge By MMega,MMega Homes And Villas,Entire home/apt,148.0
Large and bright apartment in Florence with A/C,Gabri,Entire home/apt,113.0
B&Brandi - Sweet Dreams in Florence,Irene,Entire home/apt,
[Fortezza] Comfort Apartment,Giulia,Entire home/apt,250.0
Pitti apartment with terrace,Easy BNB,Entire home/apt,165.0
Camera Mercato Centrale,Giulio,Entire home/apt,135.0
Sweet Home Florence,Home Rental Florence Srl,Entire home/apt,140.0
Un balcone sull'Arno III,Maria E Hassan,Private room,69.0
"[Zona Residenziale Tranquilla Giardino]A/C, WiFi",Silvia,Entire home/apt,166.0
Casa Giannina,Simona,Entire home/apt,137.0
Wild House in city center [10 min to Santa Croce],Erika,Entire home/apt,125.0
"San Gallo
magical 1800",Alessandro,Entire home/apt,279.0
Residenza San Lorenzo - Room 3,Andrea Frua De Angeli,Private room,97.0
Residenza San Lorenzo - Room 4,Andrea Frua De Angeli,Private room,104.0
Residenza San Lorenzo - Room 5,Andrea Frua De Angeli,Private room,122.0
The green house in Santo Spirito,Loredana,Entire home/apt,121.0
Raro Centro Firenze con Ascensore - 10min Stazione,Giovanni,Entire home/apt,214.0
House on the Roof - Florence Dolce Vita,Florence Dolce Vita,Entire home/apt,271.0
San Frediano Charming Apartment,Tornabuoni,Entire home/apt,106.0
Stanza comfort Firenze Terrazza,Giada,Private room,61.0
Resort del Roster - vicino al centro - camera 1,Milos,Private room,126.0
Ariento David 1 bdr San Lorenzo,Apartments Florence,Entire home/apt,
Ariento Diana 1 bdr San Lorenzo,Apartments Florence,Entire home/apt,
Ariento Eva 1bdr San Lorenzo,Apartments Florence,Entire home/apt,
Ariento Perseo 1 bdr San Lorenzo,Apartments Florence,Entire home/apt,168.0
Ariento Vittoria 1bd San Lorenzo,Apartments Florence,Entire home/apt,148.0
MDR Number Six Suites Soppalco,MDR By Ciao Florence Tours,Entire home/apt,106.0
City center + WI-Fi+ Tv 65+ Netflix,Silvia,Entire home/apt,143.0
Il Ripolino [Ferrucci-Gavinana] NEW apt.,Erika,Entire home/apt,131.0
La Quiete e il Vino 10,Nicola,Entire home/apt,87.0
Boboli & Porta Romana beautiful view apartment,Elena And Julian,Entire home/apt,169.0
Bright Flat by Arno River – Walk Everywhere,Niccolo,Entire home/apt,123.0
Condotta House Firenze,Ilir,Entire home/apt,358.0
Ariento Bacco 3bdr San Lorenzo,Apartments Florence,Entire home/apt,164.0
Ariento Venere 2bdr San Lorenzo,Apartments Florence,Entire home/apt,
Vanni Apartment by Mamo Florence,Mamo,Entire home/apt,50.0
Lucky House By MMega,MMega Homes And Villas,Entire home/apt,154.0
Ariento Primavera San Lorenzo,Apartments Florence,Entire home/apt,142.0
Aura amazing home [Exclusive Garden],Andrea,Entire home/apt,153.0
Esther’s room H in Firenze,Esther,Shared room,101.0
La Torretta by Interhome,Alessandra - Interhome,Entire home/apt,285.0
Betty Florence Charming Modern Apartment,Samantha Geco Vacation Rentals GECO Srl,Entire home/apt,354.0
Relax ten minutes from the center 5 pax,Giovanni,Entire home/apt,160.0
Fekry house whit private parking,Fekry,Entire home/apt,103.0
Enjoy Florence,Luigi,Entire home/apt,190.0
Terrazza Rebecca con vista Duomo,Alessandro,Entire home/apt,210.0
Apartment in Florence's Heart: via delle Seggiole,Matias,Entire home/apt,140.0
Casa Patrizia - Loft moderno vicino al centro,Andi,Entire home/apt,113.0
Appartamento centrale Firenze,Pilar,Entire home/apt,159.0
"Lupi, 1br renovated apartment by halldis",Vita SRL,Entire home/apt,174.0
Belcortese,Bravo,Entire home/apt,1486.0
GuestHost - La Corte del Re Florence Apartment,GuestHost - Welcome To Italy,Entire home/apt,159.0
Florbianca,Bravo,Entire home/apt,610.0
4 Bedrooms +4 Bathrooms+ LIFT | Novella Boutique,Elisa,Entire home/apt,604.0
[Fortezza] Cosy and modern flat,Sofia,Entire home/apt,173.0
A casa dello zio-Rooms with a view,Iacopo Di Tommaso,Entire home/apt,205.0
Trilogy Lux 2BR & 2BTH • Pvt. Terrace | View&Lift,Federico,Entire home/apt,456.0
"Pearl of florence, lovely 2br apartment near duomo",Vita SRL,Entire home/apt,245.0
Magnoli 5,Patrizia,Entire home/apt,183.0
CASA IVH BNB—Standard Double Room,Qianxin,Private room,194.0
"La Graziosa, a super cosy apartment in Santa Croce",Giulia,Entire home/apt,175.0
CASA IVH BNB—Superior Double Room,Qianxin,Private room,172.0
Holiday home Firenze - 5 minutes from the centre,Margherita,Entire home/apt,
Angelico 3 Bedrooms By MMega,MMega Homes And Villas,Entire home/apt,248.0
Casa nel Vicolo - 5 minutes from city center,Federica,Entire home/apt,226.0
"Firenze
Ampia camera doppia",Alesia & Francesco,Private room,17.0
GuestHost - Florence Statuto Apt with Courtyard,GuestHost - Welcome To Italy,Entire home/apt,83.0
Suite 08,Federica,Entire home/apt,132.0
TramwayEasy • Prince Room | Live Like Locals,Luca,Private room,69.0
Romantico appartamento con vista Ponte Vecchio,Luca,Entire home/apt,165.0
Nontiscordardimé,Rosa,Entire home/apt,126.0
Ginori 29 double,Istay,Entire home/apt,143.0
city centre room with balcony,Szymon,Private room,80.0
ADG Apartment 97,Adela,Entire home/apt,107.0
CASA IVH BNB—Superior Double or Twin Room,Qianxin,Private room,252.0
CASA IVH BNB—Superior Double or Twin Room,Qianxin,Private room,172.0
Giglio Sweet Room,Elena,Private room,92.0
Santo Spirito Roof Terrace,Filippo,Entire home/apt,160.0
Lussuoso appartamento in Piazza de Carmine.,Daniel,Entire home/apt,514.0
Cozy Apartment on Lungarno  401 [0301a],Gianluca,Entire home/apt,222.0
Appartamento in Santa Croce,Matteo,Entire home/apt,168.0
Un'Oasi di Storia e di Eleganza,Aurora,Entire home/apt,653.0
"My Sweet Bargello, 2pax",Daniele,Entire home/apt,143.0
Elegant Centrally-Located Suite in Florence,Monica,Entire home/apt,91.0
City Lights Ponte Vecchio Luxury with Terrace,Alessandro,Entire home/apt,
Ponte Vecchio Elegant Apartment,Alessandro,Entire home/apt,
Modern Magnoli View in Ponte Vecchio,Alessandro,Entire home/apt,
Garden & SPA -FlorArt Boutique Apartment,Ettore,Entire home/apt,244.0
Suite Corso 5,Alice&Viola,Entire home/apt,155.0
Elegant Apartments with Ponte Vecchio View [0302],Gianluca,Entire home/apt,519.0
Luxury Uffizi View • Historic Palazzo • 3 Suites,Gianluca,Entire home/apt,717.0
Il Nido - romantica Torretta panoramica [0300],Gianluca,Entire home/apt,240.0
Gemme Fiorentine  5 min. center free parking1,Gladys Gloria,Entire home/apt,102.0
"Appartamento - ""Casa Babette""",Barbara,Entire home/apt,342.0
Central apartment in Santa Croce district,Alberto,Entire home/apt,136.0
Leonardo da Vinci - Casa Babette,Barbara,Private room,153.0
"Dante Alighieri - ""Casa Babette""",Barbara,Private room,153.0
"Michelangelo - ""Casa Babette""",Barbara,Private room,142.0
Casa tradizionale toscana,Giovanni,Entire home/apt,217.0
Cozy attic close to the center,Michele Lucio,Entire home/apt,
Beccaria Modern Luxury - Florence Central Stay,⁨Immobili Luxury S.R.L.⁩,Entire home/apt,154.0
Studio w/ Balcony near Palazzo Pitti - 3 min Walk,Bob W Florence Ponte Vecchio,Entire home/apt,147.0
Central Spacious Studio w/ Private Balcony,Bob W Florence Ponte Vecchio,Entire home/apt,139.0
Fully Equipped 1 Bedroom Apt. near Palazzo Pitti,Bob W Florence Ponte Vecchio,Entire home/apt,162.0
At the Boboli Garden Carola Loft,Carolina,Entire home/apt,180.0
La Quiete e il Vino 09,Nicola,Entire home/apt,88.0
Artisans of Tourism [Discover Donatello - Vasco],Fiamma,Entire home/apt,163.0
[*MyLOFT Firenze*] Lux Wi-fi Netflix DUOMO 20min,Fulvio,Entire home/apt,206.0
Casa a 2 passi dal centro,Cinzia,Entire home/apt,113.0
Quiet Urban Nook - Hidden Florence - A/C,Giulia,Entire home/apt,121.0
JF Yellow Room - Charming Italy Tour,Cinzia Chiaramonti,Private room,92.0
Loft in the historic center | interno 1,Vacanze Al Civico,Entire home/apt,344.0
Camera doppia con bagno e parcheggio gratuito,Michele,Private room,
Panzani Green,Mattia,Entire home/apt,192.0
Montebello Place By MMega,MMega Homes And Villas,Entire home/apt,162.0
Capponi Deluxe Apartment,Lorenzo,Entire home/apt,
la casa di tessa,Patrizia,Entire home/apt,149.0
La Torretta - Tintori Apt,Riccardo,Entire home/apt,176.0
Erta Canina Apartment,Giulio & Veronica,Entire home/apt,130.0
Luxury apartment with views in center of Florence,Ricardo,Entire home/apt,438.0
"Loft""divertente""Firenze/Vicino Centro/Osp Careggi",Tommaso,Entire home/apt,103.0
Matto Apartment,Camilla,Entire home/apt,115.0
La Ghibellina 2,Barbara,Entire home/apt,141.0
Montebello Studio By MMega,MMega Homes And Villas,Entire home/apt,151.0
Terrazza Giotto with Private Terrace Duomo Views,Michele,Entire home/apt,263.0
GoldenFlorence 3 rooms Very near to center Parking,Paola,Entire home/apt,183.0
MOON - Luxury Suite Leo [PVT bathroom -10 min SMN],Erika,Private room,135.0
MOON - Luxury Suite Libra [10 min to SMN],Erika,Private room,77.0
Alessio Bros central luxury,Alessio,Entire home/apt,244.0
Appartamento Firenze Novoli,Diego,Entire home/apt,91.0
Villa le Statue Firenze,Martina,Entire home/apt,1622.0
NEW Luxury 3-bedroom & 4-bathroom @ Duomo,Andrea,Entire home/apt,590.0
La Cicogna - Sweet Dreams in Florence,Irene,Entire home/apt,
•  Cuore  Fiorentino  •,Liudmila,Entire home/apt,262.0
Adelfa · Charming Historic Home | by Acacia®,Acacia Firenze,Entire home/apt,343.0
Tulipano · Elegant & Refined | by Acacia®,Acacia Firenze,Entire home/apt,397.0
Ancient abbey renovated. Center,Jacopo,Entire home/apt,408.0
Bilocale Campo di Marte: Il Tuo Rifugio Fiorentino,Andrea,Entire home/apt,263.0
Yid Cefalonia,Roberto,Entire home/apt,156.0
Modern Apartment in in Libertà -Fortezza da Basso,Edoardo,Entire home/apt,162.0
[Sant'Ambrogio] Quiet and central,Jessica,Entire home/apt,159.0
Ottima posizione,Jacopo,Entire home/apt,406.0
Palazzo Della Nave - AP 03,Palazzo Della Nave,Entire home/apt,228.0
Modern Loft 2pax- Ponte Vecchio,Chiara,Entire home/apt,251.0
"Wonderful S.Niccolò “below Piazzale Michelangelo""",SJ Luxury Homes,Entire home/apt,258.0
Pitti Sweet House,Ludovica,Entire home/apt,163.0
Private room in Florence,Graziella,Private room,75.0
Loft Al Duomo,Marin,Entire home/apt,699.0
Appartamento dal Design Moderno,Linda,Entire home/apt,137.0
Residenza Vasariano,Stefania,Entire home/apt,102.0
2-bed apt / Duomo & Airport TRAM,Alberto,Entire home/apt,326.0
Michelangelo~suite,Gisella,Entire home/apt,218.0
Historic Tower House:2 Suites near Piazza Signoria,Eo,Entire home/apt,320.0
Appartamento Firenze centro storico con giardino,Sergio,Entire home/apt,181.0
Holiday Home Florence | La Dimora di Maggie,Margherita,Entire home/apt,73.0
Palazzo Del Pugliese | Master Suite,Romano Family,Entire home/apt,377.0
Palazzo Del Pugliese | Unique 3-level Apartment,Romano Family,Entire home/apt,287.0
Suite Mercato near Santa Maria Novella,Sabrina,Entire home/apt,267.0
Donatello Luxury Suite,Maria Sofia,Entire home/apt,343.0
"Alluring view on Grand Hotel S.Frediano , frescos",Patrizia,Entire home/apt,207.0
Central cozy apartment Wi-Fi AC,Sofia,Entire home/apt,183.0
A casa di Eve,Evelin,Private room,89.0
Novella Contemporary Apartment By MMega,MMega Homes And Villas,Entire home/apt,207.0
Centro Storico appartamento{Le Calle},Piero,Entire home/apt,190.0
Casa con 4 camere a Firenze,Vittoria,Entire home/apt,248.0
Piccola Suite in Borgo Pinti,Patrizia,Entire home/apt,114.0
Appartamento a Novoli,Marco,Entire home/apt,
Near David di Michelangelo,Caterina,Entire home/apt,
Nella via di Dante Alighieri,Tommaso,Entire home/apt,224.0
The Artists' Atelier,Aris,Entire home/apt,183.0
Appartamento Santa Croce,Francesco,Entire home/apt,101.0
Tower Suite n° 5,Eva,Entire home/apt,221.0
Galliano 140,Sara,Entire home/apt,184.0
incanto fiorentino,Edoardo,Entire home/apt,289.0
Orto Lulu,Francesco,Entire home/apt,143.0
Casetta dell'Ischio,Marco,Entire home/apt,109.0
Cappellina Immersa nel Verde,Giovanni,Entire home/apt,126.0
NH Florence - Brunelleschi View Suite,Next Home Florence,Entire home/apt,212.0
Appartamento Centro Storico Pepi 22 Santa Croce FI,Dominique,Entire home/apt,189.0
The New GreenDoor Loft Studio,Alberto,Entire home/apt,
Madame Betta By MMega,MMega Homes And Villas,Entire home/apt,174.0
Spacious apartment close to the city center,Jacopo,Entire home/apt,197.0
La Perla di San Niccolò,Andrea,Entire home/apt,106.0
Ponte Vecchio studio,Alessandro,Entire home/apt,119.0
"FloHouse, Firenze",Federico,Entire home/apt,
Gemme Fiorentine 5 minutes downtown free parking2,Gladys Gloria,Entire home/apt,111.0
Katia's Home,Silvia,Entire home/apt,94.0
Relax e classe a due passi dal centro di Firenze,Costanza,Entire home/apt,145.0
"San Giovanni Apartment, Firenze",David,Entire home/apt,441.0
Art Escape,Giulio & Veronica,Entire home/apt,146.0
Quiet house with terrace,Alberto,Entire home/apt,131.0
Top Floor Retreat with Terrace & Florence View,Valentina,Entire home/apt,130.0
Montelatici apartment,Emilio,Entire home/apt,
Cozy accomodation Via de' Caccini Florence center,Patrizia,Entire home/apt,153.0
Ampio appartamento 3 Camere • Firenze• 5 Ospiti,Jacopo,Entire home/apt,169.0
"""La casina"" a Firenze",Margherita,Entire home/apt,
"Apartment Florence Centre [Dome View, Netflix]",Francesco,Entire home/apt,245.0
Residenza del Principe,Alessandro,Entire home/apt,121.0
Casa Anna,Lorenzo,Entire home/apt,
Great apt in a residential area wt 2 suite rooms,Giuseppe,Entire home/apt,
"MiMì San Frediano, Ideal for Couple & Pet friendly",Giosuè,Entire home/apt,127.0
Stanza doppia in appartamento con bagno privato,Emma,Private room,87.0
Cozy studio Stufa near San Lorenzo,Graziella,Entire home/apt,112.0
Appartamento Sara,Sara,Entire home/apt,104.0
Studio in Santa Monaca,Stavros,Entire home/apt,137.0
Appartamento in Santo Spirito,Cosimo,Entire home/apt,121.0
La Stanza di Tessa - Parcheggio Gratuito,Francesca,Private room,100.0
Ricasoli-Duomo Typical Florentine Style,Federico,Entire home/apt,264.0
"B&B di Francesco, Stanza con due letti",Francesco,Private room,325.0
Grant Palagio 1 bedroom in Duomo,ApartmentsFlorence,Entire home/apt,
Carmine Studio,Enrica,Entire home/apt,135.0
Florence Green House,Elisa,Private room,137.0
Stanza vista  duomo appartamento appena rinnovato,Enny,Private room,171.0
Bilocale sui tetti,Elisa,Entire home/apt,183.0
Faenza 3 cozy apartment,Bernardo Filippo,Entire home/apt,132.0
Faenza 4 cozy Apartment,Bernardo Filippo,Entire home/apt,143.0
Medici Chapels Apartment,Tommaso,Entire home/apt,286.0
Luxury Ponte Vecchio Penthouse,Omri,Entire home/apt,788.0
Bargello Sky Suite Signoria,Stefano,Entire home/apt,
Casa La Porta Rossa,Luca,Entire home/apt,132.0
Suite Maison_Veronì,Stanislav,Entire home/apt,145.0
"Home ""Elisa & Daniele """,Daniele,Entire home/apt,102.0
Il tuo angolo relax fra Uffizi e Ponte Veccchio,Barbara,Entire home/apt,130.0
Grande Casa con Vista Mozzafiato Vicina al Centro,Simona,Entire home/apt,228.0
Appartamento Isolotto Firenze,Luca,Private room,267.0
Duomo Charmy -cathedral is just one second,Luca,Entire home/apt,149.0
Mansarda fiorentina - Pochi minuti dalla tramvia,Davide,Entire home/apt,109.0
La Casina di Laura,Luciano,Entire home/apt,126.0
Wine Apartments Florence Nebbiolo,Wine Apartments Florence,Entire home/apt,226.0
La Perla Del Borgo Apartment,Leonardo,Entire home/apt,200.0
Beccaria Gioberti Studio Firenze,Anna Maria,Entire home/apt,124.0
Apartment overlooking Ponte Vecchio,Veronica Alejandra,Entire home/apt,496.0
Borgo La Noce ONE,Giulio & Veronica,Entire home/apt,142.0
Borgo La Noce TWO,Giulio & Veronica,Entire home/apt,160.0
Appartamento vicino alla stazione SMN,Patrizia,Entire home/apt,
Guido Monaco Apartment by Mamo Florence,Mamo,Entire home/apt,163.0
Clotilde Apartment by Mamo Florence,Mamo,Entire home/apt,277.0
Ausonia 3 Firenze,Alejandra,Entire home/apt,107.0
Loft in Florence,Isabelle,Entire home/apt,
Cozy and design apartment at Palazzo Strozzi,Francesco,Entire home/apt,194.0
Ponte Vecchio Romantic Charm Apt • AC • Fast Wi-Fi,Simona,Entire home/apt,
single room 1 central (polimoda),Alessandra,Private room,37.0
Santa Croce area  fresh and quiet apartment,Easy BNB,Entire home/apt,138.0
Lella&Nando's House [Industrial Style],Ferdinando,Entire home/apt,103.0
Lungarno Marvelous Apartment-Free private parking,Easy BNB,Entire home/apt,241.0
Appartamento con grande terrazza in pieno centro,Patrizia,Entire home/apt,260.0
Central Florence Apartment,Suzanna,Entire home/apt,108.0
ADG Apartment 33,Adela,Entire home/apt,107.0
Your Florence hideaway for two,Alessandra,Entire home/apt,54.0
"2 Suites, 2 Baths & Patio: Perfect City Logistics",Stella,Entire home/apt,160.0
La casa di Ernesto,Eleonora,Entire home/apt,
Fiorenza Suite - Florence,Matteo,Entire home/apt,136.0
6-Guest near Duomo Florence,Jorge,Entire home/apt,340.0
5-Guest Duomo view Apartment,Jorge,Entire home/apt,
2-Guest Florence's Downtown,Jorge,Entire home/apt,139.0
5-Guest Florence's Downtown,Jorge,Entire home/apt,418.0
Top location! Cozy & bright apt in Piazza S.Croce,Silvia,Entire home/apt,137.0
Beppe's House in Florence,Giulia,Entire home/apt,290.0
Ketty's House in Florence,Giulia,Entire home/apt,183.0
Suite Nobellina – downtown 5 min walk from Duomo,Serena,Private room,119.0
Il prato ⸙ hidden  ꙮ paradise ↈ patio,Riccardo,Entire home/apt,
Duomo superlativo Appartamento Design Casa Bacco,Luca,Entire home/apt,526.0
Vintage apartments in the center of Florence,Sergio Sorokin,Entire home/apt,131.0
AnnaMaria Apartment - Uffizi Museum & Old Bridge,Flavio,Entire home/apt,202.0
Rebecca's house  strategic for seeing Florence,Giovanni,Entire home/apt,107.0
Boboli Garden heart of Florence,Antonia,Entire home/apt,126.0
Sant'Ambrogio Family Apartment,Gino,Entire home/apt,137.0
Cozy and Bright Flat - Top Floor with Elevator,Riccardo,Entire home/apt,124.0
Casa Ila,Ilaria,Entire home/apt,206.0
Cinque Passi - Sweet Dreams in Florence,Irene,Entire home/apt,311.0
Two cozy double rooms with Private Parking space,Chiara,Private room,172.0
Appartamento in centro a Firenze,Sheyla,Entire home/apt,142.0
Central apartment near Santa Croce. Via Giraldi,Genteel Home Italy,Entire home/apt,357.0
Palazzo Borghese 2 Bedroom,Matias,Entire home/apt,150.0
Yid Donatello con terrazzo,Roberto,Entire home/apt,215.0
Ghibellina center and cozy apartment,Italica,Entire home/apt,143.0
Vista e Tetti ai Canacci,Benedetta Amendola,Entire home/apt,320.0
"Monica’s Sweet Home-Parking,TramT2>center 12 min",Monica,Entire home/apt,
Poliziano Apartment By MMega,MMega Homes And Villas,Entire home/apt,186.0
Palazzo Antellesi Giotto Suite,Palazzo,Entire home/apt,900.0
Palazzo Antellesi Medici Suite,Palazzo,Entire home/apt,977.0
Soggiorno La Coccinella - Studio Kitchen Belfiore,B&B,Private room,140.0
Galileo ampio in centro a/c wifi,Fabio,Entire home/apt,
Casa Nora,Fiammetta,Entire home/apt,115.0
appartamento  suite 2/4 persone,Marco & Susy,Entire home/apt,341.0
Stanza a Firenze con terrazzo parcheggio gratuito,Michele,Private room,
King Size bed - Hart of Florence,Pianka Roxana,Private room,96.0
Vigna Nuova Apartment,Istay,Entire home/apt,
Servi Ground Floor,Istay,Entire home/apt,189.0
Appartamento Toscanella,G&G Dream,Entire home/apt,
Palazzo Antellesi Benozzo Suite,Palazzo,Entire home/apt,600.0
Palazzo Antellesi Donatello Suite,Palazzo,Entire home/apt,900.0
Palazzo Antellesi Tosca Suite,Palazzo,Entire home/apt,600.0
Palazzo Antellesi Belvedere Suite,Palazzo,Entire home/apt,600.0
"Appartamento 27 Aprile, 2P",G&G Dream,Entire home/apt,
Pepi House in Santa Croce,Cristina,Entire home/apt,1239.0
Palazzo Antellesi Mimi Suite,Palazzo,Entire home/apt,600.0
Palazzo Antellesi Miravista Suite,Palazzo,Entire home/apt,977.0
"Appartamento Faenza, 3P",G&G Dream,Entire home/apt,
The real heart of Florence!,Lorenza,Entire home/apt,155.0
Appartamento Lungarno,Sofije,Entire home/apt,140.0
Tripoli 2 Bedroom Apartment,Alessandro,Entire home/apt,
Leonardo - Sweet Dreams in Florence,Irene,Entire home/apt,
Santa Croce 2 bedroom,HouseFlo,Entire home/apt,158.0
Duomo penthouse with terrace - Amazing view,Mirko,Entire home/apt,782.0
Maruffi Apartment by Mamo Florence,Mamo,Entire home/apt,161.0
NH Florence - Thousand Dreams Suite,Next Home Florence,Entire home/apt,157.0
3BR • Iconic City Florence • WIFI • Prime Location,Donatella,Entire home/apt,679.0
Historic charm and modern comfort in Firenze.,Luca,Entire home/apt,198.0
Florence Vecchietti House,Leonardo,Entire home/apt,256.0
Amalfi - Sweet Dreams in Florence,Irene,Entire home/apt,
Galileo's Garden at Ponte Vecchio,ApartmentsFlorence,Entire home/apt,966.0
Firenze Bellariva Stay,Shura,Entire home/apt,213.0
Vagellai Apartment,Istay,Entire home/apt,159.0
Welcome to paradise in the city,Paolo,Entire home/apt,154.0
Niccolini Apartment Florence,Anna,Entire home/apt,
Bright Cosy Suite in Glamorous Santo Spirito. PLUS,Jonny,Entire home/apt,163.0
Relax in Central San Frediano with Garden,Francesca,Entire home/apt,118.0
Verdi Suite with Terrace,Alessandro,Entire home/apt,
monolocale via Dell'Agnolo,Juri,Entire home/apt,123.0
Nudist Clothing Optional Comfy Room,Riccardo,Private room,40.0
Fine Cosy Suite in Glamorous Santo Spirito. PLUS,Jonny,Entire home/apt,148.0
Ognissanti Mama Flat,Giovanna,Entire home/apt,834.0
Un posto tranquillo con giardino,Leonardo,Entire home/apt,112.0
YID Luxury apartment,Roberto,Entire home/apt,119.0
Sapiti Modern By MMega,MMega Homes And Villas,Entire home/apt,174.0
"Le stanze di Caterina, Spanish room",Giacomo,Private room,192.0
Fidu Loft-Via dei Servi,Fidu Capital Srl,Entire home/apt,451.0
"Le stanze di Caterina, Italian room",Giacomo,Private room,133.0
Santa Croce Bright Apartment,Simone,Entire home/apt,141.0
"Firenze, comodo appartamento a Coverciano",Stefania,Entire home/apt,129.0
"Newly renovated Abbey, center",Jacopo,Entire home/apt,502.0
Dorela apartament,Dorela Apartament,Entire home/apt,262.0
Monolocale di prestigio,Roberto,Entire home/apt,179.0
Suites familiare,Roberto,Entire home/apt,348.0
Appartamento di pregio,Roberto,Entire home/apt,236.0
Il nido di Agnese,Agnese,Entire home/apt,115.0
Djanka Apartment Florence,Maurizio,Entire home/apt,141.0
monolocale centrale indipendente,Mn,Private room,61.0
Monolocale Firenze Sud,Antonio,Entire home/apt,110.0
In the Heart of Florence & Next to the River,Eugenio,Entire home/apt,148.0
Loft Duomo Signoria - Attico vista monumenti,Claudio,Entire home/apt,297.0
"Moderno quadrilocale, ultimo piano",Edoardo,Entire home/apt,286.0
"Nonna Ines B&B a Porta al Prato, Stanza vezzena",Eleonora,Private room,102.0
[Torregalli] Terrace Apartment,Giulia,Entire home/apt,
Modern art apartment - Art pieces & eclectic deco,Flow Traveling,Entire home/apt,225.0
Bilocale recintato Zona Affari,Alessio,Entire home/apt,84.0
Florence apartment with Panoramic Terrace,Pasquale,Entire home/apt,146.0
[Torregalli] Chic Apartment,Giulia,Entire home/apt,138.0
Numa | Large Room in central Florence,Numa Florence Felice,Entire home/apt,111.0
GuestHost - Ponte Vecchio Central Cozy Flat,GuestHost - Welcome To Italy,Entire home/apt,105.0
Clemente Apartment,Alessandro,Entire home/apt,1346.0
"Leovincirooms, Stanza giotto",Leovitti,Private room,101.0
Monolocale Manager Area Lavoro,Alessio,Entire home/apt,172.0
"Leovincirooms, Stanza michelangelo",Leovitti,Private room,122.0
"Numa | 1 Bedroom Duplex with Sofa Bed, no Kitchen",Numa Florence Felice,Entire home/apt,122.0
Numa | 1 Bedroom Apartment with Sofa Bed,Numa Florence Felice,Entire home/apt,153.0
Numa | 2 Bedroom Apartment with Sofa Bed,Numa Florence Felice,Entire home/apt,182.0
Notte romantica a Firenze,Giulia,Entire home/apt,172.0
Homelink - The Key - Deluxe Room Bagno Privato/AC,Carlotta,Private room,84.0
the aPastament,Giorgio,Entire home/apt,153.0
Nel cuore di Firenze in Via San Niccolò,Patrizia,Entire home/apt,123.0
Pitti Prestige By MMega,MMega Homes And Villas,Entire home/apt,161.0
Tamara Apartment by Mamo Florence,Mamo,Entire home/apt,282.0
Luxury Apartment ' Il Viaggiatore',Francesca,Entire home/apt,817.0
Charming newly renovated apartment,Zoraida,Entire home/apt,
Ampio appartamento colorato a Firenze,Corinne,Entire home/apt,137.0
"Cappucci, apartment in the hearth of Florence",Ana Lorena,Entire home/apt,183.0
[Alma San Pier Maggiore] Soul of Renaissance 5*,Antonio,Entire home/apt,616.0
Elegant apartment near Accademia - 2 BR 2 BA Lift,Elena,Entire home/apt,203.0
A casa di zia,Antonella,Entire home/apt,
Casa in corte Gioberti,Andrea,Entire home/apt,114.0
Good Vibes House,Caterina,Entire home/apt,158.0
Carpe Diem,Meri,Entire home/apt,243.0
In the heart of Florence,Jacopo,Entire home/apt,155.0
Rucellai Prestige By MMega,MMega Homes And Villas,Entire home/apt,276.0
GuestHost - Cozy Gem in Santa Croce,GuestHost - Welcome To Italy,Entire home/apt,104.0
Home Duomo Florence,Elona,Entire home/apt,140.0
David's Eye apt.  | Incantevole Stile Toscano,Roberto,Entire home/apt,195.0
Charming Two-Person Apartment,Giorgio,Entire home/apt,140.0
Appartamento San Frediano,Celeste,Entire home/apt,272.0
Apartment Dante's view - 5min from Duomo ,Alessia,Entire home/apt,398.0
New OltrarnoNest with Court AC,Sabrina,Entire home/apt,224.0
Melody Apartment by Mamo Florence,Mamo,Entire home/apt,261.0
Appartamento Borgo degli Artisti[near Beccaria],Daniele,Entire home/apt,297.0
Loft Florence Michelangelo,Dragana,Entire home/apt,181.0
Tripoli By MMega,MMega Homes And Villas,Entire home/apt,190.0
Civico 5 - Casa Teresa - Nel cuore di Firenze,Paola,Entire home/apt,191.0
Rusciano Park Apartment,Paola,Entire home/apt,213.0
Appartamento Redi - San Jacopino,Jacopo,Entire home/apt,48.0
GuestHost - Modern Nest near Ponte Vecchio,GuestHost - Welcome To Italy,Entire home/apt,156.0
Happy Flat in Florence,Diletta Ginevra,Entire home/apt,121.0
[Lungarno] Prestigioso appartamento con vista,Matteo,Entire home/apt,233.0
[Pontevecchio] Delizioso e Accogliente Bilocale,Matteo,Entire home/apt,198.0
San Gallo Superior,Istay,Entire home/apt,347.0
Seminterrato Brevi Soggiorni,Alessio,Entire home/apt,156.0
Chic Mamma Deluxe Suite,Jonny,Entire home/apt,170.0
Pepe Apartment by Mamo Florence,Mamo,Entire home/apt,228.0
Chic Mamma Luxury Suite,Jonny,Entire home/apt,183.0
The Little Castle by Marco,Marco,Private room,89.0
Firenze Campo di Marte,Cristina,Entire home/apt,217.0
Florence rooftop studio apartment,Francesco,Entire home/apt,163.0
Antica e Ospitale Stanza con Bagno e Terrazza Pvt.,Simona,Private room,103.0
Secret Flo Boutique Apartment,Fadia,Entire home/apt,146.0
"central Apartment
private  Court with elevator",Cicci S.R.L,Entire home/apt,250.0
New! Santa Caterina Fireplace Sauna Fast Wifi,Rose,Entire home/apt,411.0
Naty Sweet Home - Moderna e con terrazza,Natalia,Entire home/apt,139.0
Unique Loft in Ponte Vecchio - Loft Vasari,Giorgio,Entire home/apt,130.0
Florence loft,Rosaria,Entire home/apt,68.0
Sunny & Comfy Room with view near the centre,Simona,Private room,243.0
"Panoramico e tranquillo a Firenze, con parcheggio",Marco,Entire home/apt,129.0
La Giobertina,Giacomo,Entire home/apt,137.0
*Florentine Jewel [Duomo 2 minute walk]*,Matteo,Entire home/apt,329.0
2-bedroom apartment in Ponte Vecchio - Cellini,Giorgio,Entire home/apt,200.0
Blue Rosselli 59,Salvatore,Entire home/apt,91.0
Florence Holiday Homes Casa Belfiore,Niccolò Ruby,Entire home/apt,124.0
Ognissanti Design By MMega,MMega Homes And Villas,Entire home/apt,165.0
Casa nel cuore Firenze,Paolo,Entire home/apt,111.0
Palchetti By MMega,MMega Homes And Villas,Entire home/apt,168.0
Mini monolocale a Firenze centro,Enrico,Entire home/apt,88.0
Art Novella Gallery,Novella House,Entire home/apt,230.0
"Quiet, Central, AC, Perfect for Smart Working",Giorgio E Benedetta,Entire home/apt,183.0
A due passi dal centro - free private parking,Maria Teresa,Entire home/apt,234.0
Bronzino 121,Niccolò,Entire home/apt,124.0
Classy nest in a historical palace,Lorenzo,Entire home/apt,129.0
Pretty & peaceful 1BR close to P. Santo Spirito,White,Entire home/apt,202.0
Quadra Key-Appartamento Deluxe,Riccardo,Entire home/apt,85.0
Apartment La Perla,Siddik,Entire home/apt,192.0
Mireja - Sweet Dreams in Florence,Irene,Entire home/apt,
Stanza Cor de Rosa- Firenze,Paulo,Private room,141.0
"L'Île di Ile
confort e relax",Ilenia,Entire home/apt,105.0
Appartamento di Laura,Laura,Private room,109.0
Peaceful Apartment with Private Outdoor Patio,Cosimo,Entire home/apt,120.0
Duomo Apartment1,Tornabuoni,Entire home/apt,103.0
The Signoria Luxury | APT1 BianconeView | Wow View,The Signoria Luxury Residence,Entire home/apt,
Yid confortevole con ascensore,Roberto,Entire home/apt,189.0
Stunning & Luxurious 1BR apt 1 min walk by Duomo,Chiara,Entire home/apt,155.0
Flo Liberta’ Suite-5 min David-AC/WiFi/WasherDryer,Gloria,Entire home/apt,148.0
Berni,Istay,Entire home/apt,167.0
luxury central apartment,Marco & Susy,Entire home/apt,
Glass Home - appartamento confortevole e luminoso,Susi,Entire home/apt,151.0
confortevole appartamento centro,Marco & Susy,Entire home/apt,374.0
Jasmine's deluxe apartment By MMega,MMega Homes And Villas,Entire home/apt,229.0
Classica Novella By MMega,MMega Homes And Villas,Entire home/apt,164.0
"La Dimora del Mercante, Deluxe suite",Chiara,Private room,205.0
"La Dimora del Mercante, Superior suite",Chiara,Private room,145.0
"La Dimora del Mercante, Small room with patio",Chiara,Private room,145.0
Bright and modern accommodation near to the centre,Studio TOP Lease,Entire home/apt,174.0
Casa Croce By MMega,MMega Homes And Villas,Entire home/apt,197.0
Roofscape view,Amazing Italian Retreats,Entire home/apt,263.0
Keys of Italy -NazarioSauro1-Biancaneve e i 7 nani,Keys Of Italy,Entire home/apt,252.0
Ponte Vecchio Elegant,Lorenzo,Entire home/apt,168.0
Wine Apartments Florence Verdicchio,Wine Apartments Florence,Entire home/apt,252.0
bellissimo appartamento centrale,Marco & Susy,Entire home/apt,265.0
Camera Matrimoniale con Bagno Privato,Marina,Private room,72.0
"Cute apartment, Santa Croce",Valerio,Entire home/apt,150.0
"Elegant apartment, Santa Croce",Valerio,Entire home/apt,220.0
Barone 1 City Center 3 pax,Domenico,Private room,126.0
Pepi - Stylish Retreat With Modern Design,Florence Charming Apartments,Entire home/apt,245.0
Spacious family flat S. Spirito 8 sleeps,Lorenzo,Entire home/apt,299.0
Room in one of the best city center neighborhoods,Carlo,Private room,103.0
"Cozy apartment, Santa Croce",Valerio,Entire home/apt,210.0
"Lavish apartment, Santa Croce",Valerio,Entire home/apt,257.0
Alloggio vicino al centro con parcheggio gratuito,Studio TOP Lease,Entire home/apt,148.0
Casa San Martino live the middle age,Lorenzo,Entire home/apt,219.0
Nature’s Retreat Room,Tracy,Private room,82.0
Da J&B (elegante suite con bagno privato),Roberta,Private room,91.0
Fuori le Mura di San Frediano - Flo Apartments,Flo Apartments,Entire home/apt,166.0
Alloggio tranquillo,Mihail,Entire home/apt,270.0
Santo Stefano Apartment by Mamo Florence,Mamo,Entire home/apt,251.0
Tornabuoni apartment with view,Benedetta,Entire home/apt,380.0
UNYCA - Duomo Luxury View [Florence],UNYCA-Ream,Entire home/apt,289.0
San Iacopino - Vicino alla Stazione SMN Firenze,Gianluca,Entire home/apt,205.0
Ricasoli Terrace with unbeatable view on the Duomo,Giulio & Veronica,Entire home/apt,232.0
Signoria flat centro storico nuovo * * * * *,Dario,Entire home/apt,155.0
Authentic Florentine Home • 2 min da Santa Croce,Julia,Entire home/apt,192.0
Charming and modern apartment in central Florence,Andrea,Entire home/apt,200.0
Matteotti Apartment by Mamo Florence,Mamo,Entire home/apt,
Peruzzi Luxury Apartment by Mamo Florence,Mamo,Entire home/apt,331.0
Cozy San Jacopino with balcony,ApartmentsFlorence,Entire home/apt,
"Appartamento ""Le Cure""",Valentina Berzi,Entire home/apt,137.0
appartamento Pietra Fiorentina,Diletta Chiara,Entire home/apt,209.0
Bello appartamento a Firenze,Federico,Entire home/apt,522.0
Oltrarno Dreaming,Angela,Entire home/apt,171.0
GuestHost - Arno River Quiet Apartment,GuestHost - Welcome To Italy,Entire home/apt,97.0
La Casina di Silvia (apartment & terrace) Firenze,Silvia,Entire home/apt,340.0
Suite Apartment Pergola,Stanislav,Entire home/apt,115.0
Cittadella 22 Firenze,Marco,Entire home/apt,364.0
[Florence Cave Central Suite] -2 min Mandela Forum,Valentina,Entire home/apt,193.0
La Paolina,Alessandra,Entire home/apt,
Grace K. - apartment & outdoor space,Grace K,Entire home/apt,104.0
Uffizi apartment,Federico,Entire home/apt,128.0
Guest House Leonardo 1,Mirko,Entire home/apt,69.0
Guest House Donatello 2,Mirko,Entire home/apt,69.0
Guest House Raffaello 3,Mirko,Entire home/apt,69.0
Casa Botero - Cozy Apartment,Marcello,Entire home/apt,172.0
Appartamento you redi vicino al centro di Firenze,Nino,Entire home/apt,118.0
Vigna Nuova Laura by FlorenceHospitality,Gabriel,Entire home/apt,136.0
Free Parking & Large Terrace | Wi-Fi + A/C,Lapo,Entire home/apt,95.0
"Nido d’amore Centro, Pitti, Visarno, Ultravox",Claudia,Entire home/apt,108.0
Kiki house Lungarno,Erika,Entire home/apt,147.0
Ponte Vecchio cozy accomodation,Patrizia,Entire home/apt,156.0
Oltrarno 1881-Green con Balcone,Grand Hotel Baglioni,Entire home/apt,335.0
Beautiful Apartment By Villa Il Mosaico,Chiara,Private room,114.0
HOUSE 03 Grazioso monolocale,Emanuele,Entire home/apt,71.0
"Centro storico, lungarno area con parcheggio",Cicci S.R.L,Entire home/apt,337.0
"Bilocale a un passo da Careggi, CTO meyer, Firenze",Stefania,Entire home/apt,112.0
Santa Croce historical apartment,Leonardo,Entire home/apt,120.0
Piccola porzione di immobile vicino Santa Croce,Federico,Private room,136.0
Santo Spirito Huge Apartment,Lorenzo,Entire home/apt,195.0
Tuscan Villa w/Pool -Minutes to Florence Center,Oscar Max,Entire home/apt,1102.0
Firenze Smart & Pet-Love: Camera Vicino Tramvia T1,Paolo,Private room,57.0
Camera in luminosa mansarda e letto matrimoniale,Priscilla,Private room,58.0
Monolocale Studio Affari,Alessio,Entire home/apt,121.0
Florence Apartment 10 min dal centro/50 metri tram,Umberto,Entire home/apt,150.0
"Belf 3 Apartment-in centro, free parking incluso",Alberto,Entire home/apt,183.0
Casa di Giotto – Lungarno Colombo,Francesca,Entire home/apt,123.0
Studio MONO Affari,Alessio,Entire home/apt,126.0
Design apartment in Florence,Doriana,Entire home/apt,163.0
Casa Bassotti,Silvia,Entire home/apt,163.0
Yid penthouse in Santa Croce,Roberto,Entire home/apt,376.0
Super central basic hotel,Giovanni,Private room,76.0
Michelangelo House,Sandra,Entire home/apt,167.0
Modern Art Suite in Florence,Dania,Entire home/apt,175.0
Family Home at Cascine Park,William,Entire home/apt,131.0
Casa Michelazzi Apartment Careggi / Dalmazia,Flavio,Entire home/apt,142.0
Casa torre via de' Neri by MMega,MMega Homes And Villas,Entire home/apt,190.0
Villa Fiack Florence amazing views,Guido,Entire home/apt,1244.0
Florence Views & Terrace – Easy Transport Access,Barbara,Entire home/apt,101.0
Favoloso Loft con parcheggio gratuito & Wi-Fi,Lisa,Entire home/apt,133.0
Red Dama Apartment - Appartamento con Terrazzo,Davide,Entire home/apt,84.0
"""Ponte Vecchio"" - The Tiny Barbadori",Giulio & Veronica,Entire home/apt,132.0
Palazzuolo Near Station Renovated Elegance & Style,Florence Charming Apartments,Entire home/apt,207.0
Jolanda Firenze,Daniele,Entire home/apt,158.0
Historic Apartment in the Centre of Florence,Elia,Entire home/apt,110.0
"Design room, nel cuore di Firenze A/C",Sabrina,Private room,162.0
Rustic Retreat with Tuscan Views near Florence,Elisabetta,Entire home/apt,136.0
CasaLory Rent Apartment Florence,Lorenza,Entire home/apt,126.0
Cittadella Apartment by Mamo Florence,Mamo,Entire home/apt,194.0
Belfiore stanza privata con AC,Giovanpaolo,Private room,88.0
[Casetta Guelfa] Studio in Florence,Altea,Entire home/apt,145.0
appartamento appena fuori ZTL e vicino tramvia,Iurie,Entire home/apt,90.0
Steps from Santa Croce- Spacious with 2 bathrooms,Niccolò,Entire home/apt,251.0
Bilocale angolo cucinotto Suite,Alessio,Entire home/apt,117.0
Appartamento Firenze S.Croce,Diego,Entire home/apt,190.0
The Savonarola residence,Natascia,Entire home/apt,214.0
Panoramic Terrace and free Parking in Florence,Ai,Entire home/apt,165.0
Casa d’Artista,Daniela,Entire home/apt,77.0
"Maison Giambologna - terrace, inner courtyard",Angelo,Entire home/apt,189.0
[Ognissanti] Excelsior 2BR/2BA Apartment,Giulia,Entire home/apt,194.0
Modern flat Redi,Matteo,Entire home/apt,68.0
Prestigious Accommodation in Piazza Duomo!,CasaKey,Entire home/apt,365.0
Elegant Apartment with Cathedral View!,CasaKey,Entire home/apt,302.0
Duomo Design Apartment - (2bdr /2btr),Caterina,Entire home/apt,219.0
F4 Santa Croce one bedroom,Keys Of Italy,Entire home/apt,122.0
Sweet Living Signoria,Mattia,Entire home/apt,108.0
Pure Living by Tinti,Giacomo,Entire home/apt,257.0
Aleardi Roof Apartment by Mamo Florence,Mamo,Entire home/apt,262.0
Mini studio very central,Cristina,Private room,118.0
Ricasoli 19 B,Luca,Entire home/apt,168.0
Luxury vista sul parco - Bracco Florence G.V.,Giovanni,Entire home/apt,198.0
Sweet Living Porta al Prato,Mattia,Entire home/apt,106.0
Homelink - The Key - Classic Room A/C,Carlotta,Private room,79.0
Trilocale Via Palazzuolo- Firenze,Paulo,Entire home/apt,216.0
"Florence castle apartment [2 bedrooms,2 bathrooms]",Edi,Entire home/apt,177.0
Easy Florence Suite - 50mt Tram T2,Andrea,Entire home/apt,222.0
Campuccio Stylist apartment,Laura,Entire home/apt,178.0
Golden Renaissance,Amazing Italian Retreats,Entire home/apt,
Appartamento Rossina,Federico,Entire home/apt,183.0
Visitflorentiapartment - BIG Apt,Fabio & Mirko,Entire home/apt,510.0
GuestHost - Florence Statuto Bright Apartment,GuestHost - Welcome To Italy,Entire home/apt,164.0
Comfort Grey by Tinti,Giacomo,Entire home/apt,212.0
A due passi da Ponte Vecchio,Holidu,Entire home/apt,563.0
TRITI bilocale Firenze v. Centro,Marco,Entire home/apt,218.0
Palace Downtown Florence,Federico,Entire home/apt,203.0
Petrarca Apartment,Federico,Entire home/apt,277.0
Oltrarno Apartment,Federico,Entire home/apt,199.0
Sunshine Apartment,Federico,Entire home/apt,377.0
Serragli Suite A,Federico,Entire home/apt,129.0
Serragli Suite B,Federico,Entire home/apt,112.0
Ponte Vecchio,Sveva,Entire home/apt,
Lovely Campuccio By MMega,MMega Homes And Villas,Entire home/apt,174.0
Moderno open space con soppalco,Simonetta,Entire home/apt,
Tuscan Hills Condo View,Paola,Entire home/apt,314.0
Core Fiorentino,Paola,Entire home/apt,
GuestHost - The Florentine Rooftop Experience,GuestHost - Welcome To Italy,Entire home/apt,88.0
Apartment near Tramvia stop Statuto,Lorenzo,Entire home/apt,145.0
Ariento Monnalisa,Apartments Florence,Entire home/apt,
Delizioso bilocale in centro,Simonetta,Entire home/apt,
Sweet Living Giglio,Giacomo,Entire home/apt,109.0
Elegante monolocale con soppalco,Simonetta,Entire home/apt,
Appartmento Pecchioli,Angela,Entire home/apt,23.0
Nest Garden Retreat • Early Check-in • Florence,Silvia,Entire home/apt,284.0
[Piazza Libertà] Apt for 8 Guests - 10' walk Duomo,Horia,Entire home/apt,200.0
Spacious & Trendy 2BR apartment,White,Private room,144.0
Duca Marco-La Dimora degli Affreschi Florence,Dimora Italia,Entire home/apt,503.0
Terrace on the roofs By MMega,MMega Homes And Villas,Entire home/apt,197.0
Appartamento Cherubini,Gianluca,Entire home/apt,212.0
Del Guanto Apartment by Mamo Florence,Mamo,Entire home/apt,224.0
Duomo View with Prime Location (Studio),Sima,Entire home/apt,114.0
Giotto Elegant By MMega,MMega Homes And Villas,Entire home/apt,232.0
Terrace Flat near Ponte Vecchio,Alessandro,Entire home/apt,
Florence rooftop with view,Tommaso,Entire home/apt,189.0
Bellevue Palazzo Pitti by Interhome,Elena - Interhome,Entire home/apt,405.0
“ArcoSanPierino Suites 2” in pieno centro storico,Azucena,Entire home/apt,244.0
“ArcoSanPierino Suites 1”a solo 5 minuti dal Duomo,Azucena,Entire home/apt,133.0
“ArcoSanPierino Suites 3”a solo 5 minuti dal Duomo,Azucena,Entire home/apt,390.0
Bright 2 Bedroom Rooftop Apartment in the Center,Alex And Elaine,Entire home/apt,250.0
One-bedroom apartment with Patio,Houseflo,Entire home/apt,145.0
Yid Pietrafitta,Roberto,Entire home/apt,175.0
Piazza Pitti 2BR Tuscan Apt • Santo Spirito Area,Simona,Entire home/apt,
La Badessa Apartment by Mamo Florence,Mamo,Entire home/apt,145.0
Joseph'shouse,Giuseppe,Private room,132.0
[Piazza Pitti] Luminoso Appartamento con Terrazzo,Panteos,Entire home/apt,127.0
Alberti Bright Apartment,Cosimo,Entire home/apt,286.0
APT esclusivo nel centro di Firenze,Daniele,Entire home/apt,131.0
Guelfa Quiet Roof Terraced Apt - City Centre,Massimiliano & Liana,Entire home/apt,194.0
Canto Rivolto - Flo Apartments,Flo Apartments,Entire home/apt,324.0
Double Room with private bathroom - Monet,Mattia,Private room,108.0
Room with Terrace and Private Bathroom- Van Gogh,Mattia,Private room,114.0
Servi 39 - Innocenti,Istay,Entire home/apt,168.0
Classic Florentine Flat with Garden,Rebecca,Entire home/apt,125.0
camera matrimoniale,Elizabeth,Private room,44.0
Casa Giafer80 mq luminoso parch auto a2 pas c.stor,Gianna,Entire home/apt,106.0
Romantico Rifugio Vista Campanile Santo Spirito,Laura,Entire home/apt,126.0
The Savonarola apartment,Natascia,Entire home/apt,146.0
Florence Chich Suite-Hosted by Sweetstay,Andrew,Entire home/apt,239.0
Torrigiani Corso Dodici,Alessandro,Entire home/apt,1255.0
"B&B di Claudia, Cam Mat. superiore 3",Claudia,Private room,
"Il Nido nel Verde
( La Piccola Nave)",Donatella,Entire home/apt,112.0
Lambertesca Uffizi Cozy Loft - City Centre,Massimiliano & Liana,Entire home/apt,297.0
Bohostay + Patio,Elisa,Entire home/apt,165.0
Cozy Flat with Santa Croce View,Remo,Entire home/apt,11452.0
GuestHost - Beccaria & Sant'Ambrogio Lovely Apt,GuestHost - Welcome To Italy,Entire home/apt,97.0
Luxury Duomo - 2BDR 2BTH - 1minutes from Duomo,Lorenzo,Entire home/apt,317.0
Florence San Donato Apartment with parking,Ma Maison Vacation Rental,Entire home/apt,187.0
"Pepi-Duomo, independent, ground floor",Vincenzo Augusto,Entire home/apt,182.0
Yid Maroncelli apartment,Roberto,Entire home/apt,162.0
"[Stadium] New, 2 WC, Terrace, Tram 6, Wifi, A/C",Leonardo,Entire home/apt,277.0
Pepi Red By MMega,MMega Homes And Villas,Entire home/apt,96.0
"B&B di Claudia, Camera Matrimoniale con vista C...",Claudia,Private room,
"B&B di Claudia, Stanza con un letto",Claudia,Private room,
Florence Dome with stunning view,ApartmentsFlorence,Entire home/apt,440.0
Le Robbiane 46,Marina,Entire home/apt,136.0
Charming Home with Exclusive Courtyard,Francesco,Entire home/apt,164.0
Casa Ghirlanda vicino Centro,Alessandro,Entire home/apt,
Casa Luna,Luca,Entire home/apt,155.0
Torrigiani Licio Quattro,Alessandro,Entire home/apt,592.0
Central Penthouse With View,Edoardo,Entire home/apt,247.0
[Lovely Apartment with A/C] close to city center,Mattia,Entire home/apt,136.0
Laura B & B,Vanessa,Entire home/apt,
Art Apartments Firenze,Marcello,Entire home/apt,286.0
Lungarno Apartment by Mamo Florence,Mamo,Entire home/apt,329.0
"Spazioso Appartamento di Design, Zona Santa Croce",Alex,Entire home/apt,181.0
M&B Florence Central apartment,M&B Florence,Entire home/apt,100.0
"Room private, shared bathroom no kitchen",Giovanna,Private room,52.0
"SMN Station Cozy Suite
5 min walk from trains",Gaia,Entire home/apt,536.0
Pop Art Flat in Florence – Steps from the Tramway,Windows In Florence,Entire home/apt,159.0
Macci Brand New Terraced Apt,Cristina,Entire home/apt,235.0
"Lucy florence charming modern apartment, piazza de",Samantha Geco Vacation Rentals GECO Srl,Entire home/apt,300.0
Vasari Santa Croce,Pietro,Entire home/apt,150.0
Oricellai two bedroom apartment,Apartments Florence,Entire home/apt,252.0
La Gare in Florence,Raffaele,Entire home/apt,234.0
Casa Leonardo,Alessandra,Entire home/apt,
"Guelfa Flat, in the heart of Florence",Simone,Entire home/apt,135.0
Rondinelli Charme Bijoux: eleganza in pieno centro,Simona,Entire home/apt,213.0
Casa Bonsanti,Alessandra,Entire home/apt,360.0
"Santa Maria Novella w/ Terrace & Elevator, WiFi AC",Mattia,Entire home/apt,211.0
Valori Modern By MMega,MMega Homes And Villas,Entire home/apt,
Mille passi dal centro,Lorenzo,Entire home/apt,
Spacious central apartment close to the station,Jacopo,Entire home/apt,182.0
Appartamento Boho chic,Boho Chic Apartment,Entire home/apt,149.0
Your Apartament in Florence City Center,Riccardo,Entire home/apt,141.0
Stanza vicino centro di Firenze,Eli,Private room,
"Santa Croce Flat, your home in Florence",Silvana,Entire home/apt,163.0
Bilocale cucina sala bagno,Alessio,Entire home/apt,84.0
Monolocale Affari Studio,Alessio,Entire home/apt,86.0
Casa di Marte con patium relax,Elisa,Entire home/apt,140.0
Large and bright apartment in Florence,Jacopo,Entire home/apt,184.0
"Tra Duomo e Torre di Arnolfo, Terrazzino sui Tetti",Gioconda,Entire home/apt,199.0
Residenza Fonderia Firenze,Lavinia,Entire home/apt,183.0
Elena's Apt with Lodge near Centre - unit T,Elena,Entire home/apt,
Bardini Garden Apartment,Federico,Entire home/apt,245.0
Proconsolo 9S,Roberto,Entire home/apt,205.0
Cate Apartment,Flo Apartments,Entire home/apt,225.0
Matteotti 27,Daniele,Entire home/apt,1142.0
Parione Cosy Apartment,Tommaso,Entire home/apt,146.0
Giotto Palace Large & bright 5 min from the center,Francesca,Entire home/apt,309.0
Palazzo Antellesi Alcova Suite,Palazzo,Entire home/apt,900.0
Oro Fine Studio in Residence with Garden & Rooftop,Jonny,Entire home/apt,160.0
Rifugio99 Firenze-Il Cuore dell’Oltrarno,Alessandro,Entire home/apt,150.0
Danti Chic,Amazing Italian Retreats,Entire home/apt,275.0
GuestHost - Florence San Jacopino Apt with Balcony,GuestHost - Welcome To Italy,Entire home/apt,134.0
L'Alcova di Giotto,Amazing Italian Retreats,Entire home/apt,311.0
Le Quattro Stagioni,Madeinitaly,Entire home/apt,318.0
"Nonna Ines B&B a Porta al Prato, Stanza rosina",Eleonora,Private room,104.0
Private apartment Accademia Duomo Firenze,Sebastiano,Entire home/apt,246.0
"Nonna Ines B&B a Porta al Prato, Stanza zita",Eleonora,Private room,108.0
San Antonino Elegant Renovated Cosy Central °Plus°,Jonny,Entire home/apt,216.0
Private double room Accademia Duomo,Sebastiano,Private room,88.0
Junior suite Accademia Duomo,Sebastiano,Private room,103.0
In Piazza Duomo Exclusive Apartment,CasaKey,Entire home/apt,690.0
A few steps to old town - Charm apt w/AC & 2 bath,Fabio,Entire home/apt,178.0
Bilocale comodo e accogliente.,Irene,Entire home/apt,126.0
YiD business and turistic studio,Roberto,Entire home/apt,164.0
San Frediano Stile By MMega,MMega Homes And Villas,Entire home/apt,192.0
NencioniHouse:Cozy and modern apt. close to Duomo,Aranxa Jimena,Entire home/apt,183.0
Raffaello By MMega,MMega Homes And Villas,Entire home/apt,188.0
Classic Design in the Heart of Florence,Marina,Entire home/apt,270.0
Scala Florence 57,Alice&Viola,Entire home/apt,145.0
Authentic Florentine Home,Michelle,Entire home/apt,
Medicee Exclusive Penthouse,Luca,Entire home/apt,395.0
Ponte Vecchio Suite,Alice&Viola,Entire home/apt,111.0
Appartamento in Torre di antica Villa,Antonio,Entire home/apt,186.0
Left Bank,Marco,Entire home/apt,160.0
Appartamento Centro Firenze (Piazza Santa Croce),Francesco,Entire home/apt,127.0
[SMN-CENTRO]Carraia Boutique Apartment + terrace,Yaried,Entire home/apt,175.0
FuoriPorta,Stefania,Entire home/apt,
Residenza Pratolini Firenze San Frediano,Alina,Entire home/apt,194.0
Mercati - appartamento a due passi dal centro,Claudia,Entire home/apt,103.0
JungleHouse:Charm and Style in the historic center,Florence Charming Apartments,Entire home/apt,
Firenze centro tra Pitti e Santo Spirito,Alessandro,Entire home/apt,257.0
Historic Center Florentine home  - With Elevator,Laia,Entire home/apt,146.0
[Tranvia Federiga] with Double Balcony by Hôtea,Hôtea,Entire home/apt,190.0
Scala Station 57,Alice&Viola,Entire home/apt,146.0
Ultimo piano a due passi dal centro di Firenze,Aimone,Entire home/apt,320.0
Florence Apt Newly Renovated,Elisa,Entire home/apt,64.0
The Lungarno Flat,Cristina,Entire home/apt,255.0
Designer Apartments in Florence,Sergio Sorokin,Entire home/apt,148.0
Apt S. Maria cerca Jardín Boboli  e Santo Spirito,Niccolo,Entire home/apt,149.0
Renaissance Historic Residence,Gabriele,Entire home/apt,194.0
Diladdarno Spirit Suite,Giustina,Entire home/apt,160.0
Corsica11,Marco,Entire home/apt,296.0
La Limonaia - Sweet Dreams in Florence,Irene,Entire home/apt,
Historic Florence Center - Walk to All Sights,Laia,Entire home/apt,392.0
IronWood loft,Simone,Entire home/apt,184.0
Aurora's Modern Flat,Aurora,Entire home/apt,118.0
Charming Penthouse near Duomo,Renata Barbara,Entire home/apt,543.0
Elegant apartment Duomo view,Alessandro,Entire home/apt,668.0
Ognissanti Romantic Suite,Andrew,Entire home/apt,246.0
Ognissanti Family Suite in great location,Andrew,Entire home/apt,195.0
Ponte Vecchio - Luxury Appartment - Town Center,Gianluca,Entire home/apt,308.0
Terratetto tipico nel verde,Niccolo,Entire home/apt,238.0
Monolocale rustico toscano - La Tartaruga,Alioscia,Entire home/apt,137.0
camera con bagno privato,Bruni,Private room,45.0
Sant' Ambrogio Feeling,Laura,Entire home/apt,125.0
5 min Ponte Vecchio | Torre Dei Guelfi,Lorenzo,Entire home/apt,224.0
Nazionale Dream Apartment,Marina,Entire home/apt,
Pitti Urban,Rossella,Entire home/apt,146.0
Costa dei Magnoli Cosy Apartment,Tommaso,Entire home/apt,128.0
Ricasoli-Duomo Florentine Style,Federico,Entire home/apt,263.0
Delux Apartament Florence,Esmeralda,Entire home/apt,203.0
Keys of Italy-Benci20-Santa Croce Cherubini loft,Keys Of Italy,Entire home/apt,206.0
Holiday Home - Campo di Marte [vicino al centro],Daniela,Entire home/apt,146.0
Cristina's Panoramic Terrace (6 pax 3 Bedrooms),Maria Cristina,Entire home/apt,160.0
Dimora il Magnifico,Laura,Entire home/apt,126.0
Bastioni 16 Apartment,Marco,Entire home/apt,163.0
Appartamento 105mq Savonarola,Filippo,Entire home/apt,343.0
Rossini 4,Roberto,Entire home/apt,288.0
Brand new 3-BR apt 3 minute walk by the Duomo,Federico,Entire home/apt,256.0
Appartamento Deluxe a San Niccolò,Lorenzo,Entire home/apt,245.0
Monolocale a San Niccolò,Lorenzo,Entire home/apt,223.0
Ridolfi Sei Suite Florence,Leonardo,Entire home/apt,172.0
MDR Number Six Suites 2 Bedrooms 2 Bathrooms,MDR By Ciao Florence Tours,Entire home/apt,172.0
Santa Croce Suite Florence,Giovanni,Entire home/apt,186.0
Jungle mood suite,Laura,Entire home/apt,231.0
Family & Friends Base Near Florence Station,Niccolo,Entire home/apt,150.0
San Frediano Charming Apartment,Lorenzo,Entire home/apt,193.0
Lovely & Modern 1BR Apt near the Duomo & Station,Federico,Entire home/apt,150.0
Tuscan charm among the Florentine alleys,Federica,Entire home/apt,176.0
Keys of Italy -Ghib 80TOT-Ampia casa in Ghibellina,Keys Of Italy,Entire home/apt,229.0
Apartment with panoramic terrace in Oltrarno area,Jordan Kaspar,Entire home/apt,214.0
i'Fiammacino - A 20 minuti a piedi dal Duomo!,Francesco,Entire home/apt,134.0
Elegant stylish & sparking apt in the city center,Sarah,Entire home/apt,128.0
Il Cantuccino - Sweet Dreams in Florence,Irene,Entire home/apt,
Cozy Oltrarno retreat with florentine charm,Cecilia,Entire home/apt,130.0
Appartamento zona Campo di Marte con posto auto,Francesco,Entire home/apt,232.0
[Le Ruote in Florence] Cozy Apt steps from Duomo,Lorenzo,Entire home/apt,124.0
Old Bridge unique large artful apartment/lift,Easy BNB,Entire home/apt,628.0
Your Vibrant Retreat in Piazza Santo Spirito,Lorenzo,Entire home/apt,361.0
Little Escape,Elisa,Entire home/apt,142.0
San Frediano Suite,Anastasia,Entire home/apt,137.0
"Al Palazzo - Pergola Suite, steps from the Duomo",Guido,Entire home/apt,152.0
Ponte Vecchio Cozy Studio,Sandra,Entire home/apt,106.0
Tuscan Home: Duomo & Uffizi at Your Doorstep,Lorenzo,Entire home/apt,296.0
Mezzo 24 IV,Roberto,Entire home/apt,147.0
San Lorenzo Apartment by Mamo Florence,Mamo,Entire home/apt,293.0
A Happy Home!,Sonila,Entire home/apt,172.0
Archino di San Piero balcony,ApartmentsFlorence,Entire home/apt,
-20% (Center 5 Min) 120smq + Big Rooms + Patio,Filippo,Entire home/apt,259.0
Double room with balcony in apartment - Firenze,Daniele,Private room,50.0
Casa Augustita - in the Heart of Florence,Morgan,Entire home/apt,699.0
Flo Libertà Suite 5 min David/AC-WiFi-Washer-Dryer,Gloria,Entire home/apt,144.0
Roomy and cozy apartment in Santo Spirito,Michele,Entire home/apt,124.0
Amazing apartment close to Duomo,Laura,Entire home/apt,240.0
Traditional Florentine 1BR apt,Grandma Wilma,Entire home/apt,157.0
Keys of Italy -Verdi2- Monolocale in Santa Croce,Keys Of Italy,Entire home/apt,
Sweetly Home Design Apartment Central Florence,Claudia Maria,Entire home/apt,222.0
Art Apartment Boboli Suite,David,Entire home/apt,168.0
Modern Studio close to Ponte Vecchio,Federico,Entire home/apt,105.0
San Gaggio Apartment with Patio and Parking,Windows In Florence,Entire home/apt,166.0
Pitti Cactus Apartment,Tommaso,Entire home/apt,171.0
[Uffizi-Ponte Vecchio] Mini Loft con affreschi,Simone,Entire home/apt,157.0
"Lovely, spacious, newly renovated one bedroom flat",Filippo,Entire home/apt,43.0
Luxury View Arno 90 MQ | 2 Camere 2 Bagni,Jessika,Entire home/apt,422.0
Giusti 30,Istay,Entire home/apt,140.0
Bargellini 12,Istay,Entire home/apt,168.0
Cosy Santa Croce Apartment,Federico,Entire home/apt,150.0
Civico 25 Florence apartment,Chiara,Entire home/apt,204.0
Rifugio d'Élite su Piazza del Duomo,CasaKey,Entire home/apt,265.0
Casa Agnolo 40,Gessica,Entire home/apt,103.0
Fabulous 3bd apartment in the heart of Florence,Virginia,Entire home/apt,514.0
Bedroom with bathroom and balcony in ideal zone,Lorenzo,Private room,83.0
"B&B di Livia breakfast, Suite superior",Livia,Private room,154.0
Neri-C,Aiet,Private room,108.0
"Holidey House Bellini,49",Paolo & Daniele,Entire home/apt,96.0
Newly renovated luxury flat in central Florence,Chiara,Entire home/apt,371.0
"Suite & Terrace
Firenze panorama",Patrizia,Entire home/apt,244.0
Beccaria Firenze,Gaia,Private room,81.0
Attico 25 Firenze,Leda,Entire home/apt,179.0
San Frediano Typical Style Flat,Matteo,Entire home/apt,78.0
"Michelangelo's Suite, Firenze",Romano,Entire home/apt,309.0
Gomitolo APT  - Dolcevita Holiday,Marco,Entire home/apt,209.0
Raffaelli Rooms Travel Florence & cls San Frediano,Mattia,Entire home/apt,211.0
GuestHost - Visarno & University Flat with Parking,GuestHost - Welcome To Italy,Entire home/apt,121.0
Il Nido dell'Airone,Laura,Entire home/apt,71.0
City Centre Patio - 10 mins to Duomo,Elaine,Entire home/apt,183.0
Appartamento a Novoli.,Francesco,Entire home/apt,78.0
Acciaiuoli Penthouse Florence Terrace View,Nicoletta,Entire home/apt,839.0
Loft Casa EGLi,Ilenia,Entire home/apt,183.0
Civico 20:  Luminoso bilocale Wi‑Fi e AC a Firenze,Giovanna,Entire home/apt,72.0
Palazzo Borghese Studio Terrace,Matias,Entire home/apt,163.0
Happy Guest Firenze - Gold Room,Alberto,Private room,85.0
Le Antiche Mura in San Niccolò,Elena,Entire home/apt,274.0
Rinaldi Loft,Rinaldi Living,Entire home/apt,189.0
Coluccio Studio Apartment,Niccolò,Entire home/apt,95.0
Happy Guest - Silver Room,Alberto,Private room,91.0
Peaceful New Penthouse with Panoramic Terrace,Massimiliano & Liana,Entire home/apt,502.0
Morgagni Suites | Tram T1- Fortezza fiere-Careggi,Stefano,Entire home/apt,133.0
Apartment Lim1939,Giulio & Veronica,Entire home/apt,126.0
Modern Home: Comfort and Tranquility,Emanuele,Entire home/apt,
Keys of Italy -La casa di Niccolò- 2Bdr by S.Croce,Keys Of Italy,Entire home/apt,158.0
Angelico Modern Living,Lorenzo,Entire home/apt,145.0
Tintori Art Loft,Amazing Italian Retreats,Entire home/apt,244.0
Bright & Cozy 2 Bedrooms apartment- Casa Giuliana,Alessandro,Entire home/apt,155.0
GuestHost - Il Covo di Camillo Charming Flat,GuestHost - Welcome To Italy,Entire home/apt,98.0
Appartamento Ambrosius,Tuscan Feeling,Entire home/apt,135.0
"Ukiyo, Stanza con due letti",Marco,Entire home/apt,153.0
Appartamento Lorens,Tuscan Feeling,Entire home/apt,250.0
Casa di Rebecca Near City Center,Rebecca,Entire home/apt,115.0
Relaxing HomeStay in Florence,Tiziana,Entire home/apt,
[SMN] Boutique 2BR • Terrace • Center Florence,Giada,Entire home/apt,164.0
Appartamento Signoria view,Martina,Entire home/apt,154.0
Sunny and renovated 2-BR near the Duomo & Station,Federico,Entire home/apt,291.0
Appartamento Imperia • Firenze,Stefano,Entire home/apt,103.0
Industrial Pop House,Giacomo,Entire home/apt,123.0
"Albizi, Two-bed room a4",Florjan,Private room,141.0
Holiday Home - 6 posti letto,Daniela,Entire home/apt,318.0
Agriturismo con piscina Firenze,Claudia,Entire home/apt,
Vista mozzafiato sull’Arno,Annalisa,Entire home/apt,
ViviLaFirenze,Letizia,Entire home/apt,377.0
Firenze Buckley Premium,JO Apartments,Entire home/apt,
Ponte alle Mosse By MMega,MMega Homes And Villas,Entire home/apt,111.0
Iris nel centro storico,Monika,Entire home/apt,160.0
Margutte downtown,Monika,Entire home/apt,164.0
Porta al Prato Home Design Near the Station S.M.N,Camilla,Entire home/apt,183.0
Intero appartamento vicino al centro storico,Barbara,Entire home/apt,183.0
Taddea Garden Terrace - Italian Nights Collection,Italian Nights,Entire home/apt,228.0
San Lorenzo F2,Pietro,Entire home/apt,103.0
Puccini Elegant Apartment With Terrace,Sid,Entire home/apt,161.0
Bright 2BR Apartment | Vittorio Emanuele Florence,Genteel Home Italy,Entire home/apt,147.0
"Casa D'Azeglio   Centro, Silenzioso e Signorile",Giuseppe,Entire home/apt,194.0
Penthouse in Piazza Duomo,CasaKey,Entire home/apt,365.0
带外部私人浴室的双人间,立敏,Private room,54.0
Firenze Buckley Executive,JO Apartments,Entire home/apt,
Firenze Buckley Suite,JO Apartments,Entire home/apt,
The mural house sleeps 6 near the market,Lorenzo,Entire home/apt,181.0
Firenze Buckley Prestige Residence,JO Apartments,Entire home/apt,
Firenze Pepi Residence Jacuzzi Duplex,JO Apartments,Entire home/apt,
Firenze Pepi Private Garden & Jacuzzi,JO Apartments,Entire home/apt,
Firenze Suite Pepi Central Florence,JO Apartments,Entire home/apt,
Keys of Italy -Ghib 80 Big- Trilo comodo e ampio,Keys Of Italy,Entire home/apt,153.0
Rivers malavolta,Mayerline,Entire home/apt,155.0
Studio Orticoltura garden,Rinaldo,Entire home/apt,95.0
Incenso Fine Studio in Residence Garden & Rooftop,Jonny,Entire home/apt,160.0
Elegant Suite close to SMN Station & Duomo,Federico,Entire home/apt,135.0
Condotta apartment,Matteo,Entire home/apt,183.0
Mirra Fine Studio in Residence Garden & Rooftop,Jonny,Entire home/apt,160.0
Casa del Vescovo 1600's Apt. with Garden & Rooftop,Jonny,Entire home/apt,
Domus Giorgio 1600's Suite with Garden and Rooftop,Jonny,Entire home/apt,218.0
Bellavista con il David river view,Apartments Florence,Entire home/apt,
Keys of Italy -MudivaMasai TOT - by Train Station,Keys Of Italy,Entire home/apt,481.0
Keys of Italy-Alb TOT-Cozy apartments near Station,Keys Of Italy,Entire home/apt,318.0
La Casa di Benedetta + Parking!,Ana,Entire home/apt,183.0
Numa | Large Studio with Kitchen and Sofa Bed,Numa Florence Palazzo Moro,Entire home/apt,113.0
Suite Faenza 8,Alice&Viola,Entire home/apt,161.0
GuestHost - Florence Comfortable and Modern Apt,GuestHost - Welcome To Italy,Entire home/apt,91.0
Numa | 1 Bedroom Duplex Apartment with Sofa Bed,Numa Florence Palazzo Belfiore,Entire home/apt,225.0
Numa | Apartment with Sofa Bed & 2 Single Beds,Numa Florence Palazzo Belfiore,Entire home/apt,281.0
Numa | 3 Bedroom Duplex Apartment with Sofa Bed,Numa Florence Palazzo Belfiore,Entire home/apt,297.0
Numa | Large 2 Bedroom Apartment with Sofa Bed,Numa Florence Palazzo Belfiore,Entire home/apt,220.0
Numa | 2 Bedroom Apartment w/ Terrace & Sofa Bed,Numa Florence Palazzo Belfiore,Entire home/apt,250.0
Numa | Accessible Studio with Kitchenette,Numa Florence Palazzo Belfiore,Entire home/apt,225.0
River Rooftop ~ Private Parking & Pet's Journeys,Paul,Entire home/apt,236.0
Stanza a Firenze,Valentina,Private room,76.0
"[DUOMO] Artistic Suite Historic Palace, A/C, WIFI",Leonardo,Entire home/apt,143.0
Il salottino di Chicca,Francesca,Private room,98.0
"Casale dei cento Acri, Stanza matrimoniale deluxe.",Valerio,Private room,103.0
"Casale dei cento Acri, Stanza tripla deluxe 2",Valerio,Private room,109.0
"Casale dei cento Acri, Stanza tripla deluxe 1",Valerio,Private room,103.0
"Casale dei cento Acri, Stanza matrimoniale deluxe.",Valerio,Private room,103.0
"Casale dei cento Acri, Stanza quadrupla deluxe",Valerio,Private room,103.0
Angelica House,Matias,Entire home/apt,299.0
"Casale dei cento Acri, Stanza matrimoniale deluxe.",Valerio,Private room,103.0
Ponte Vecchio Uffizi,Pietro,Entire home/apt,169.0
"Casale dei cento Acri, Stanza matrimoniale deluxe.",Valerio,Private room,109.0
"Casale dei cento Acri, Stanza doppia",Valerio,Private room,103.0
"Casale dei cento Acri, Stanza matrimoniale deluxe.",Valerio,Private room,109.0
Pilati39P1,Elisa,Entire home/apt,168.0
Pilati37,Elisa,Entire home/apt,126.0
The Lodge in 2 medieval Towers,Monika,Entire home/apt,124.0
Florence Rock Apartment,Giulia,Entire home/apt,171.0
Ponte Vecchio Luxury apartment,Edoardo,Entire home/apt,408.0
Contemporary Ceramic Apartment,Caterina,Entire home/apt,194.0
[-20%] 5 min Duomo - Lux Penthouse,Anas Binga,Entire home/apt,534.0
Casa Costanza,Lorenzo,Entire home/apt,
Appartamento Pulce,Tuscan Feeling,Entire home/apt,122.0
NEW! Ghirlandaio Garden 61,Giulia,Entire home/apt,297.0
Blue House Firenze,Giordano,Entire home/apt,81.0
Ponte alle Mosse APT - Dolcevita Holiday,Marco,Entire home/apt,188.0
Charming House in Florence,Gianluca,Entire home/apt,491.0
C4-Best located tiny house,Luca,Entire home/apt,685.0
Duomo FillYourHomeWithLove Design Apartment,Margherita Succi,Entire home/apt,229.0
La casa (T),Kc,Private room,110.0
La casa (D),Kc,Private room,91.0
Lovely Guelfa Courtyard,Apartments Florence,Entire home/apt,
Attico con 30 mq terrazza su Duomo,Cristina,Entire home/apt,258.0
Little flat by Ponte Vecchio - Cozy and Central,Livia,Entire home/apt,163.0
La Magione degli Alighieri,Giovanni,Entire home/apt,3138.0
L'angolino Firenze | Your Tiny House in Florence,Olivia,Entire home/apt,128.0
Galliano Apartment,Riccardo,Entire home/apt,127.0
( tornabuoni) tornabuoni apartment,Riccarda,Entire home/apt,192.0
"""Casa Margherita""",Veronica,Entire home/apt,137.0
Buondelmonti Rooftop,Giuseppe,Entire home/apt,227.0
Donizetti Escape,Alessandro,Entire home/apt,306.0
LuVi House - Sweet Dreams in Florence,Irene,Entire home/apt,382.0
Laurel Apartment By MMega,MMega Homes And Villas,Entire home/apt,
Lomi Home,Mirjana,Entire home/apt,143.0
Suite River View Arno Apartment,Stanislav,Entire home/apt,
appartamento da sogno con vista. centro storico,Lorenzo,Entire home/apt,805.0
Apartment in Florence,Francesco,Entire home/apt,100.0
Piazza Signoria Breathtaking View,Antonella,Entire home/apt,203.0
Apartament near Stadium,Olesja,Entire home/apt,290.0
Romantic Apartment in Florence,Francesco Saverio,Entire home/apt,149.0
Appartamento storico,Alessandra,Entire home/apt,301.0
Florence Rooftop Retreat,Roberto,Entire home/apt,123.0
Atelier dei viaggiatori Bright top floor open view,Chiara,Entire home/apt,143.0
Roby Apartment in centro 3 camere da letto 3 bagni,Giusy,Entire home/apt,234.0
Saponai - Tuscan Charm,Silvia,Entire home/apt,343.0
Homelink De' Medici - Deluxe Room,Ginevra,Private room,79.0
Boutique Apartment Colonna,Alessandro E Veronica,Entire home/apt,331.0
Santa Croce Luxury Suite by DH,Marco,Entire home/apt,153.0
Ricasoli 19 C,Luca,Entire home/apt,157.0
Villa Dante,Alessandro,Entire home/apt,
"La bottega di botticelli, charming 1 br apartment",Vita SRL,Entire home/apt,163.0
Rinascimento Giraldi scan QR in photo darkroom,SJ Luxury Homes,Entire home/apt,837.0
De' Servi Studio at the Duomo by CharmingItalyTour,Cinzia Chiaramonti,Entire home/apt,
[6 tram stops to Center] San Donato Apartment,Giulia,Entire home/apt,
Colombo 76,Roberto,Entire home/apt,180.0
Top Studio apartment w/ Terrace - Centro Storico,Antonella,Entire home/apt,183.0
San Frediano cozy studio,Sandra,Entire home/apt,123.0
Old Sweet Florence- Art Apartment,Welchome,Entire home/apt,190.0
Vanni 2 Firenze,Maria Luisa,Entire home/apt,106.0
Vanni 1 private apartment Firenze,Maria Luisa,Private room,100.0
Ghibellina 4,Pietro,Entire home/apt,124.0
"splendida matrimoniale in centro, bagno A/C",Lorenzo,Private room,114.0
elegante matrimoniale con bagno in centro A/C,Lorenzo,Private room,116.0
camera accogliente con bagno in centro storico,Lorenzo,Private room,93.0
"colorata matrimoniale vicino al duomo, AC, centro",Lorenzo,Private room,91.0
Flower House - Oltrarno Collection,Daniele,Entire home/apt,186.0
GuestHost - Charming Hideaway in Florence - Apt x4,GuestHost - Welcome To Italy,Entire home/apt,107.0
Top Floor&Elevator 'Charming' Studio Ponte Vecchio,Maria Paola,Entire home/apt,108.0
Scala 13 Firenze,Marco,Entire home/apt,183.0
Two cozy peaceful bedrooms,Silvia,Private room,112.0
[San Frediano Charme 5*] Reinassance Unique View,Giovanni,Entire home/apt,212.0
Villa Tortorelli con Piscina - Suite con vasca,Rambaldo,Private room,180.0
Central HUB Florence,Massimo,Entire home/apt,252.0
"Patty""s house",Patrizia,Entire home/apt,113.0
Aurora apartments Ponte Vecchio,Lorenzo,Entire home/apt,449.0
Panzani 13,Istay,Entire home/apt,181.0
Casa il Fico - Tintori Apt,Riccardo,Entire home/apt,212.0
Terracielo Firenze Isolotto Park,Tom,Entire home/apt,148.0
Appartamento Donizetti24 (D24),Sara,Entire home/apt,111.0
The Real Florence: 1700s Home with Fresco 3 Beds,EggPrint Florence,Entire home/apt,391.0
Santa Maria Novella Apartment,Federico,Entire home/apt,234.0
Comfort A/C & Wi-Fi • 10 min' Firenze Station,Petra,Entire home/apt,
Aurora apartments Piazzetta,Lorenzo,Entire home/apt,198.0
Loft 42 By MMega,MMega Homes And Villas,Entire home/apt,151.0
Appartamento lusso zona centrale,Alice,Entire home/apt,269.0
Villa Tortorelli - Suite Famigliare con Piscina,Rambaldo,Private room,271.0
Fabbroni 3 bedrooms By MMega,MMega Homes And Villas,Entire home/apt,250.0
Buonincontro apartment casa con 2 camere da letto,Roberto,Entire home/apt,217.0
Arte & Piante Appartamento,Niccoló,Entire home/apt,229.0
Casa Tosca,Alice,Entire home/apt,133.0
Bargello penthouse by geco vacation rentals,Samantha Geco Vacation Rentals GECO Srl,Entire home/apt,1322.0
Pazzi penthouse by geco vacation rentals,Samantha Geco Vacation Rentals GECO Srl,Entire home/apt,1095.0
Oasis within city center Room 1,Bernardo Domenico David,Private room,
Riverside Retreat by FlorenceHospitality,Gabriel,Entire home/apt,162.0
Cozy & Quiet House in Florence near City Center,Lorenzo,Private room,110.0
Florence Garden Suite Duomo,Aruna,Entire home/apt,257.0
Poderino di S. Lucia - cozy studio,Lorenzo,Entire home/apt,143.0
Oasis within iconic city center Room 2,Bernardo Domenico David,Private room,
Oasis in the heart of Florence Room 3,Bernardo Domenico David,Private room,
"Santarosa Rooms, Stanza doppia standard 1",Easy BNB,Private room,147.0
Modern apartment with balcony and parking free,Gianna,Entire home/apt,95.0
Luxury apt,Diana,Entire home/apt,214.0
La Casina - Tintori Apt,Riccardo,Entire home/apt,110.0
Oasis in the center of Florence Room 4,Bernardo Domenico David,Private room,
Oasis in the heart of the city room 5,Bernardo Domenico David,Private room,
Casa Ilaria,Ilaria,Entire home/apt,
"Santarosa Rooms, Stanza doppia superiore 2",Easy BNB,Private room,100.0
Romantic Novella By MMega,MMega Homes And Villas,Entire home/apt,234.0
Casa Nasi – Elegant Historic Home in San Niccolò,Tommaso,Entire home/apt,178.0
"Santarosa Rooms, Stanza tripla superiore 3",Easy BNB,Private room,156.0
"Santarosa Rooms, Stanza doppia queen 4",Easy BNB,Private room,155.0
Aleardi Apartment with private parking,Nicky,Entire home/apt,263.0
Lovely Suite 2 min walk from SMN Station/Duomo,Federico,Entire home/apt,144.0
Dante Apartment by FlorenceHospitality,Gabriel,Entire home/apt,149.0
Cozy Flat nearby city center,Elena,Entire home/apt,93.0
Situato in posizione strategica,Patrizia,Entire home/apt,343.0
Modern Studio | Historic Center | Renovated 2025,Gregorio,Entire home/apt,120.0
La Farina Sweet Home,Houseflo,Entire home/apt,179.0
Appartamento Fortezza,Tuscan Feeling,Entire home/apt,263.0
Garden Villa for Groups – Central Florence Base,HomeUnity,Entire home/apt,360.0
Vista wow,Rachele,Entire home/apt,131.0
YiD vintage accogliente 2 bedrooms,Roberto,Entire home/apt,175.0
Antinori luxury apartment-uffizzi-santa croce,Susy,Entire home/apt,193.0
Venere Apartment,Massimo,Entire home/apt,117.0
Snuggly Blue Home,Elisa,Entire home/apt,144.0
Appartamento vista Boboli,Andrea,Entire home/apt,168.0
La casa di Daniela,Daniela,Private room,58.0
matrimoniale e singolo  parcheggio gratis,Michele,Private room,
Sant'Orsola peaceful retreat cls Piazza del Duomo,Mattia,Entire home/apt,223.0
Borgo Pinti Living,Lorenzo,Entire home/apt,143.0
A6 - Attico vista Duomo a pochi passi dal centro,Alessio Aldo,Entire home/apt,226.0
Burella 4rooms 4bathrooms in the heart of Florence,Marta,Entire home/apt,446.0
Nel segno della Luna,Andrea,Entire home/apt,374.0
Authentic Florence in historic center,Ilaria,Entire home/apt,102.0
[9 min San Marco] • 3 Guests • Garden & AC,Simone,Entire home/apt,115.0
Brunelleschi Apartment,Cosimo,Entire home/apt,222.0
Le Logge. Room in Florence city center,Elisabetta,Private room,92.0
Casa Casamorata,Francesca,Entire home/apt,126.0
Very central suite in Santa Croce for two guests,Niccolo,Entire home/apt,116.0
"Apartment Santa Maria, ""The Florentine Charm""",Sergio,Entire home/apt,599.0
Casina Valentina - by Happy Rentals,Harold,Entire home/apt,
Santo Spirito casina de Lili,Emilio,Entire home/apt,157.0
Appartamento nel centro storico,Manuele,Entire home/apt,136.0
Il Giglio,Maurizio,Entire home/apt,306.0
Design & Vista Unica {Large Window},SJ Luxury Homes,Entire home/apt,534.0
La Limonaia della Torretta,Leonardo,Entire home/apt,714.0
Cozy little house in Florence,Annika,Entire home/apt,74.0
Queen House/Netflix/Sauna gratuita/vicino stazione,Regina,Entire home/apt,154.0
B&B Apartments Novoli P.Giustiz,Livio,Entire home/apt,125.0
Vivi Firenze nel relax residenziale,Simone,Entire home/apt,120.0
Casa Il Patio with garden in the center,Vale,Entire home/apt,300.0
Casa Zamia By MMega,MMega Homes And Villas,Entire home/apt,207.0
Chic central Apt-3 Baths-Tram to Airport & Station,Eva,Entire home/apt,242.0
Apt Mercato Centrale San Lorenzo,Francesca,Entire home/apt,186.0
Loving Santo Spirito,Amazing Italian Retreats,Entire home/apt,201.0
Cozy corner under Piazzale Michelangelo,Daniela,Entire home/apt,139.0
Santa Croce da Elena,Asia,Entire home/apt,246.0
[Lungarno] Panoramic apartment,Giulia,Entire home/apt,274.0
Fiesole foothills | Tuff Stone Flat,Marghe,Entire home/apt,307.0
La Dimora Nova Florence,Dimora Italia,Entire home/apt,1059.0
Rubilú Loft,Gregorio,Entire home/apt,266.0
"Le stanze di Caterina, French room",Giacomo,Private room,183.0
Tao apartment,Sandro,Entire home/apt,131.0
Magnolia 84 Apt vista cortile + vicino aeroporto,Samantha,Entire home/apt,137.0
[500 metri da Ponte Vecchio] - Centro Storico,Elysium Estate SRL,Entire home/apt,
La casa bella,Kc,Entire home/apt,251.0
Suite Cozy Dante central Florence Uffizi Duomo,Giovanni,Entire home/apt,267.0
Meliana - Sweet Dreams in Florence,Irene,Entire home/apt,274.0
"CasaSerena,parking free,10 min tram,aircondition",Serena,Entire home/apt,140.0
Pratellino Florence Apartment,Alessandro,Entire home/apt,136.0
Mosse 82 By MMega,MMega Homes And Villas,Entire home/apt,117.0
Alla Limonaia: exclusive loft with jacuzzi,⁨6 By Homes⁩,Entire home/apt,184.0
Superior 2-level Studio in the heart of Florence,Marta,Entire home/apt,157.0
Boutique Hotel Borgo BHB27,Roberto,Private room,
Duomo Room,Turismo,Private room,82.0
Ponte Vecchio Room,Turismo,Private room,82.0
Michelangelo Room,Turismo,Private room,84.0
Piazza Della Signoria Room,Turismo,Private room,84.0
"B&B di Francesco, Stanza familiare",Francesco,Private room,325.0
Exclusive Loft degli Artisti,Serena,Entire home/apt,167.0
Очаровательная флорентийская квартира с садом,Anastasiya,Entire home/apt,243.0
15 min Ponte Vecchio - Oltrarno Luxury Apartment,Immobililuxury,Entire home/apt,130.0
Novoletto Apartment,Giulio & Veronica,Entire home/apt,97.0
On the Roof of CityCenter,Emmanuele E Federica,Entire home/apt,
Aretina Apartment Cozy,Alessandro,Entire home/apt,113.0
Tintori 1st floor loft in the heart of the city,Lorenzo,Entire home/apt,167.0
Appartamento vicino Firenze,Letizia,Entire home/apt,109.0
Acheni Apartment,Virginia,Entire home/apt,137.0
Bufalini Exclusive-Design and view,ApartmentsFlorence,Entire home/apt,330.0
GuestHost - Gioberti Cozy Apartment with Terrace,GuestHost - Welcome To Italy,Entire home/apt,128.0
“El Sol” Firenze Centro,Ines,Private room,322.0
Moon - Curato nido nel quartiere San Frediano,Maddalena,Entire home/apt,170.0
San Gallo 23 Apt,Emanuele,Entire home/apt,258.0
Superior 2-level Studio with view of Florence,Marta,Entire home/apt,182.0
Casa Matta - Sweet Dreams in Florence,Irene,Entire home/apt,
Superior 2-level studio in the city center,Marta,Entire home/apt,170.0
Deluxe Studio in the heart of Florence,Marta,Entire home/apt,141.0
Viola's courtyard,Sted Immobiliare,Entire home/apt,240.0
Holiday Moment House,Cristina,Entire home/apt,137.0
Apartment in Villa - Private Parking and Terrace,Francesca,Entire home/apt,444.0
Ponte Vecchio View Apartment - FlorenceHospitality,Gabriel,Entire home/apt,209.0
Residenza Proconsolo-1 minute from Dome,Federica,Entire home/apt,303.0
"Modern 2BR Apt x6 – 8 min to Duomo, A/C, Wi-Fi",Antonino,Entire home/apt,1245.0
"Sant'Ambrogio Guest House, Stanza con letto queen.",Serena,Private room,126.0
Mansarda luminosa e confortevole,Caterina,Entire home/apt,137.0
La Casa di Luca e Benedetta,Luca,Entire home/apt,249.0
Urban 36 | Superior Apartment,Evm Srl,Entire home/apt,194.0
Palazzo Benci with river view,Apartments_Florence,Entire home/apt,
Duomo View Apartment,Lorenzo,Entire home/apt,197.0
Great Apartment at the Duomo,Holidu,Entire home/apt,
Your house at the Duomo,Holidu,Entire home/apt,
Gaddi By MMega,MMega Homes And Villas,Entire home/apt,184.0
Appartamento Centro Storico Vigna Nuova,Enrico,Entire home/apt,161.0
Balcone sul Verde - Sweet Dreams in Florence,Irene,Entire home/apt,278.0
Room With private bathroom Duomo,Frederik,Private room,149.0
Magenta Apartment,FloRentals,Entire home/apt,
Happy Guest Firenze,Alberto,Entire home/apt,183.0
Next Stop Duomo,Gaia,Entire home/apt,213.0
Fossi Street Central Apartment,Lorenzo,Entire home/apt,129.0
Dante Alighieri Birthplace. Duomo view. A.C & lift,Claudio & Valeria,Entire home/apt,503.0
"Apt Guerrazzi a/c, 7 minuti dal Centro, silenzioso",Federico,Entire home/apt,210.0
Good Hope Apartment Relaxing in Florence,Pietro & Ilaria,Entire home/apt,194.0
Comfortable brand new Studio,Jacopo,Entire home/apt,112.0
Pepi Comfort Apartment,Giovanni,Entire home/apt,155.0
GuestHost - La Nicchia dei Papi Visarno Arena Flat,GuestHost - Welcome To Italy,Entire home/apt,89.0
Toscanella Comfort Apartment,Lorenzo,Entire home/apt,138.0
Wine Apartments Florence Amarone,Wine Apartments Florence,Entire home/apt,300.0
Guicciardini  old - Firenze,Leonardo,Entire home/apt,232.0
Appartamento Indipendente,Diego,Entire home/apt,86.0
Nordic Comfort Terrace Apartment • WiFi Parking,Patrizia,Entire home/apt,123.0
Flora · Cozy City Stay | by Acacia®,Acacia Firenze,Entire home/apt,161.0
Tucano - Sweet Dreams in Florence,Irene,Entire home/apt,251.0
Santa Maria Novella Patio Flat,Alessandro,Entire home/apt,212.0
Pavone - Sweet Dreams in Florence,Irene,Entire home/apt,251.0
Messer Niccolò - Apartment in Florence,Gabriella,Entire home/apt,143.0
Appartamento  Florence Arno d' Argento,Enrico,Entire home/apt,155.0
Il Pesciolino | Firenze,Vaiva,Entire home/apt,186.0
New! central design apartment,Giuseppe,Entire home/apt,254.0
Boboli Luxury Apartment,Lorenzo,Entire home/apt,179.0
Florence Oltrarno Relax,Cinzia,Entire home/apt,565.0
ZanobiaHome delizioso apartment in centro storico,Giulia,Entire home/apt,183.0
Lory’s House,Lorella,Entire home/apt,188.0
Wine Apartments Florence Bardolino,Wine Apartments Florence,Entire home/apt,213.0
Luxury Duplex Apartment Scarlatti Florence,Genteel Home Italy,Entire home/apt,254.0
"Secret terrace over Bargello, Piazza Duomo, Uffizi",Mattia,Entire home/apt,397.0
"Casa Spadi, with lovely relaxing garden",Adrian Tiziano,Entire home/apt,172.0
Stile toscano vicino al centro,Michela,Entire home/apt,149.0
Mazzei Apartment Florence – Romantic Retreat,Enrico,Entire home/apt,111.0
Casa luminosa vicino a Piazza Cesare Beccaria,Alberto,Entire home/apt,156.0
Terme Studio by Halldis,Vita SRL,Entire home/apt,227.0
Elegante Trilocale Vicino a SMN,Gabriele,Entire home/apt,236.0
"Thiago, lovely 1 br contemporary style flat by hal",Vita SRL,Entire home/apt,173.0
Camera ROYAL,Mersy Lauro,Private room,155.0
Fossi - Flo Apartments,Flo Apartments,Entire home/apt,198.0
Luminoso appartamento fiorentino,Giulia,Entire home/apt,192.0
Casetta Antonia (Accogliente vicino al Centro),Maria Cristina,Entire home/apt,126.0
Sotto il cielo di Firenze,Bruna,Entire home/apt,256.0
Gavinana apartment well served area,Claudia,Entire home/apt,304.0
"""Once Upon A Time"" Apartment+Free Parking",Leonardo,Entire home/apt,396.0
[20 Minutes Ponte Vecchio] Lovely Apartment,Manuela,Entire home/apt,112.0
"Santa croce dante's view, central apartment with t",Vita SRL,Entire home/apt,298.0
Terrace on Ponte Vecchio scan QR in photo darkroom,SJ Luxury Homes,Entire home/apt,928.0
Residenza Carlotta - Luxury and design beside Arno,Flow Traveling,Entire home/apt,256.0
Piume - Sweet Dreams in Florence,Irene,Entire home/apt,385.0
Elegant Studio in a Noble Florentine Palazzo,Barbara,Entire home/apt,194.0
Centro firenze Poggio Imperiale boutique home,Simona,Entire home/apt,498.0
Art San Lorenzo view,Anisia,Entire home/apt,155.0
Top Floor Apartment with Elevator - Fantastic View,Alessio,Entire home/apt,173.0
La Bargellina,Omar,Entire home/apt,152.0
[Centro Storico] - 5 minuti dalla Stazione SMN,Elysium Estate SRL,Entire home/apt,
Stilish Urban Oasis in Florence!,Elena,Entire home/apt,64.0
Brunelleschi Santo Spirito,Apartments Florence,Entire home/apt,211.0
Small  and Cosy Apartment,Ay,Entire home/apt,
Ariento Giuditta 2 bdr,Apartments Florence,Entire home/apt,219.0
Lauren Apartment,Gregorio,Entire home/apt,321.0
Casa Nunzia,Daniele,Entire home/apt,131.0
Firenze RP apartment,Paolo,Entire home/apt,172.0
Firenze centro Poggetto White House,Francesco,Entire home/apt,194.0
"Home 55 Firenze
Nuovissimo appartamento",Laura,Entire home/apt,154.0
"Spacious in Santa Croce, in Florence Beating Heart",Lorenzo,Entire home/apt,206.0
Pintino Garden,Stefano,Entire home/apt,304.0
Novoli Chic: Cuore di Firenze,Iryna,Entire home/apt,102.0
La Dolce Vita Fiorentina,Sara,Entire home/apt,148.0
The Color house in Florence,Bernardo Filippo,Entire home/apt,128.0
Mercato Contemporary Apartment By MMega,MMega Homes And Villas,Entire home/apt,282.0
Divina Commedia Luxury home: elevator and A.C,Claudio & Valeria,Entire home/apt,365.0
"Huge, bright flat in Florence.",Danidani,Entire home/apt,66.0
Sui tetti di Chiasso Perduto (Garage organizzato),Donna,Entire home/apt,180.0
Casa spada,Cobo,Entire home/apt,135.0
Santo Spirito cozy apartment,Francesca Caterina,Entire home/apt,132.0
[Santo Spirito]Penthouse 2 bedrooms with 360° view,Emanuela,Entire home/apt,565.0
Aleardi Bice Apartment by Mamo Florence,Mamo,Entire home/apt,170.0
Aleardi Krizia Apartment by Mamo Florence,Mamo,Entire home/apt,234.0
Gianfranco - city center apt,Gregorio,Entire home/apt,169.0
Valdichiana room,Turismo,Private room,57.0
Palazzi Rossi room,Turismo,Private room,60.0
Wine Apartments Florence Pomino,Wine Apartments Florence,Entire home/apt,213.0
Stanza San Niccolò,Stefano,Private room,84.0
Camera matrimoniale con bagno privato,Claudia,Private room,83.0
Casa degli Scacchi,Alessandro,Entire home/apt,157.0
A due passi da Villa Petraia,Simona,Entire home/apt,274.0
grande appartamento centro 6 posti con terrazza,Lorenzo,Entire home/apt,421.0
Central house in the Santa Maria Novella district,Alberto,Entire home/apt,157.0
Quaint 2-BR outside ZTL,Federico,Entire home/apt,105.0
Oro1 Florence Luxury Apartment By MMega,MMega Homes And Villas,Entire home/apt,846.0
Luxury Suites Piazza Signoria/C1,Niccolo,Private room,165.0
Luxury Suites Piazza Signoria/C2,Niccolo,Private room,226.0
Luxury Suites Piazza Signoria/C3,Niccolo,Private room,143.0
Luxury Suites Piazza Signoria/C4,Niccolo,Private room,243.0
Luxury Suites Piazza Signoria/C6,Niccolo,Private room,263.0
Luxury Suites Piazza Signoria/C5,Niccolo,Private room,171.0
Charme Of Santa Croce,Stanislav,Entire home/apt,91.0
3G appartamento,Maria,Entire home/apt,179.0
"TOP: 3 BT, 3 BD, 2 KIT, A.C and elevetor",Claudio & Valeria,Entire home/apt,1426.0
Terrace View Cupola • Free Parking,Silvia,Entire home/apt,127.0
Contessina de Bardi PonteVecchio,Mariangela,Entire home/apt,474.0
Giordano Luxury Home,Lorenzo,Entire home/apt,250.0
Michelangelo Private Garden,Lorenzo,Entire home/apt,
Appartamento moderno con posto auto tramvia vicina,Raoul,Entire home/apt,223.0
"Style, Love & Comfort:fall in love with Casa Vita!",Simona,Entire home/apt,147.0
Hidden Gem with Private Garden,Lorenzo,Entire home/apt,170.0
"Sant'Ambrogio Guest House, Stanza con letto queen.",Serena,Private room,131.0
Keys of Italy-Canne26-Modern chic 2 bdr. apartment,Keys Of Italy,Entire home/apt,137.0
Magnifico trilocale con terrazza in centro storico,Lorenzo,Entire home/apt,217.0
Borgo San Frediano Hideaway,Taj,Entire home/apt,163.0
"GreenPeak, 2 bedrooms & 2 baths",Luigi,Entire home/apt,120.0
Camera matrimoniale indipendente con bagno privato,Maria,Private room,124.0
Charming View By MMega,MMega Homes And Villas,Entire home/apt,249.0
Cerchi 3,Istay,Entire home/apt,162.0
"Appartamento "" La Loggia Dei Tessitori""",Eleonora,Entire home/apt,132.0
Appartamento Duomo Firenze,Enny,Private room,149.0
Chic Florence Retreat: City Gem,Abdel,Entire home/apt,333.0
Frescoed Noble Palace by the Duomo,Barbara,Entire home/apt,177.0
Sveva San Lorenzo - Florence,Sveva,Entire home/apt,268.0
Guelfa 28,Istay,Entire home/apt,222.0
"Apartment in the center, beautiful panoramic view",Elisabetta,Entire home/apt,258.0
Bright flat close to the centre,Intrho Toscana Srl,Entire home/apt,
MONO Suite AC Parking,Alessio,Entire home/apt,93.0
20 RosesApartment,Ximena,Entire home/apt,128.0
Relaxing Work-Space  Studio in  Florence,Antonella,Entire home/apt,98.0
Suite Studio bath Green,Alessio,Private room,102.0
Unconventional Apt near the station!,Marialaura,Entire home/apt,194.0
Frullhouse - Sweet Dreams in Florence,Irene,Entire home/apt,253.0
Next to the Duomo,Stefano,Entire home/apt,257.0
Apartment 'La Porta Verde' (The Green Door),Valentina,Entire home/apt,197.0
Panzani White,Mattia,Entire home/apt,145.0
Florence Hills Dome View Villa,Tommaso,Entire home/apt,206.0
Florence Terrace Dome View Villa,Tommaso,Entire home/apt,251.0
Keys of Italy -SReparata13 -2Bdrs Florentine House,Keys Of Italy,Entire home/apt,302.0
Elegant Luxury Stay in Piazza Repubblica,Housing4you,Entire home/apt,292.0
Residenza Bella Vista / Porta al Prato - Station,Anna,Entire home/apt,229.0
YiDwonderful balcony view of Flr,Roberto,Entire home/apt,256.0
The Tangerine Arcade-Luxury-Terrace,Apartments_Florence,Entire home/apt,1079.0
The green oasi in Florence,Piero,Entire home/apt,97.0
Casa Nunzia,Daniele,Entire home/apt,227.0
Apartment next Central Market | A/C & Wi-Fi,Giulio,Entire home/apt,167.0
Via Giordano Bruno  adiacente al centro storico,Simone,Entire home/apt,133.0
Nel cuore di San Frediano,Costanza,Entire home/apt,95.0
Tornabuoni City Center Florence,Holidu,Entire home/apt,
Biblioteca apartment with view,Apartments Florence,Entire home/apt,859.0
Artful Attic Loft by the Dome,Federica,Entire home/apt,156.0
Uffizi Palace Centro elegant apartment + garage,Filippo,Entire home/apt,558.0
Casetta di Dony,Gabriele,Entire home/apt,80.0
Essenza Holiday House - Florence City - by HOST4U,Host4u,Entire home/apt,86.0
Casa Roberto,Lorenzo,Entire home/apt,249.0
roby house,Alessandro,Entire home/apt,144.0
Stanza con vista duomo,Enny,Private room,183.0
Oasi Fiorentina con giardino vicino al centro,Marina,Entire home/apt,126.0
Nel cuore di Coverciano - Casa Dany,Daniela,Entire home/apt,88.0
Luminoso vicino al centro,Rossella,Entire home/apt,82.0
Studio Monteverdi,Elisa,Entire home/apt,76.0
Bright apartment in Florence downtown,Lucia,Entire home/apt,268.0
Red Maple Florence LoftGarden+Parking FREE,Luigi,Entire home/apt,132.0
Palazzo Capponi- Appartamento Giovanni,Sebastiano,Entire home/apt,
Your Terrace Duomo view - Cellini Project,Alexandre,Entire home/apt,278.0
Botticelli Apartment - Florence Dolce Vita,Florence Dolce Vita,Entire home/apt,142.0
"Casa Francesca, with terrace and private parking",Homeby,Entire home/apt,237.0
Rifugio Urbano a Santa Maria Novella Stazione Cen.,Mattia,Entire home/apt,158.0
“The Barn” among olive trees,Andrea,Entire home/apt,149.0
L’OASI-Appartamento d’arte {Firenze Centro},Erik,Entire home/apt,285.0
Palchetti Apartment,Sibilla,Entire home/apt,185.0
YiD quiet apartment with parking,Roberto,Entire home/apt,163.0
Sole attic with view,ApartmentsFlorence,Entire home/apt,
Isabella in Oltrarno,Apartments Florence,Entire home/apt,
Art & Design Home - Historic San Frediano Central,Valeria,Entire home/apt,110.0
San Gallo Suite II with balcony,Apartments Florence,Entire home/apt,164.0
Piccola gemma nel centro storico,Alberto,Entire home/apt,269.0
YiD apartment with little garden,Roberto,Entire home/apt,
"Spacious Apt with 2BR near Boboli, Walk to Center",Laura,Entire home/apt,244.0
"David Suite [Florence Centre, Luxury]",Sonia,Entire home/apt,248.0
"Venere Suite [Florence Centre, Luxury]",Sonia,Private room,196.0
"Tornabuoni Deluxe: 2 Suite, 2 Bagni - 5 min Duomo",Sonia,Entire home/apt,411.0
[Terrace Apartment]  a 7 min da Stazione e Centro,Vittoria E Luca,Entire home/apt,
Residenza 5 - Appartamento in pieno Centro Storico,La Guelfa Residenze,Entire home/apt,256.0
"Nel centro di Firenze
In the center of Florence",Leonardo,Entire home/apt,219.0
Sallustio home,Maria,Entire home/apt,143.0
Elegant large house with parking for 6 guests,Alberto,Entire home/apt,195.0
Torretta penthouse luxury apartment in florence,Samantha Geco Vacation Rentals GECO Srl,Entire home/apt,584.0
[Old Town] Da Vinci Loft,Simone,Entire home/apt,157.0
4BR Duplex w/ Balcony • A/C • Sant’Ambrogio,Riccardo,Entire home/apt,329.0
Cozy Retreat in the Heart of Florence cls Station,Mattia,Entire home/apt,118.0
Warm Retreat in the Heart of Florence cls station,Mattia,Entire home/apt,120.0
Inviting Retreat in the Heart of Florence Town,Mattia,Entire home/apt,473.0
Duomo Suite,Freddy,Entire home/apt,203.0
Hidden gem with lovely garden in a local area,Chiara,Entire home/apt,229.0
Monolocale 1 Piano,Marco,Entire home/apt,
Giglio Celeste By MMega,MMega Homes And Villas,Entire home/apt,
Suite Arno View,Le Rêve De Naim,Private room,470.0
Duomo penthouse by geco vacation rentals,Samantha Geco Vacation Rentals GECO Srl,Entire home/apt,1007.0
Loft Firenze Fiera Congressi & Fortezza,Pardis,Entire home/apt,137.0
Clasio Suite,Gloria,Entire home/apt,115.0
Cozynest,Lorenzo,Entire home/apt,134.0
Casa Teresa,Teresa,Private room,217.0
Luxury Art Apartment in Florence,Francesco,Entire home/apt,228.0
Palazzo Sensi Blu Velvet,Alessandra,Entire home/apt,
Luxury apartment SS. Annunziata,Zoe,Entire home/apt,267.0
Ponte Vecchio Dream House,Alessandro,Entire home/apt,
Ghibellina Comfort Apartment,Lorenzo,Entire home/apt,115.0
Wine Apartments Florence Prosecco,Wine Apartments Florence,Entire home/apt,471.0
Ponte Vecchio Top Terrace View,Mauro,Entire home/apt,205.0
"Savonarola Home - Florence, Italy",Bruna,Entire home/apt,166.0
[SMN] Chic Apartment • Balcony • Center Florence,Giada,Entire home/apt,140.0
"Firenze, centro storico",Nadia,Entire home/apt,133.0
Attico San Marco,Emilio,Entire home/apt,322.0
Pandolfini Courtyard,HouseFlo,Entire home/apt,147.0
Ardiglione Apartment by Mamo Florence,Mamo,Entire home/apt,477.0
A few days in Florence!,Emiliano,Entire home/apt,101.0
Keira Apartment by Mamo Florence,Mamo,Entire home/apt,340.0
Poggio Imperiale Apartment by Mamo Florence,Mamo,Entire home/apt,172.0
"Golden Luxe, Private SPA Sauna+Jacuzzi, Duomo View",Golden Luxe,Entire home/apt,1040.0
Il Giglio - Tintori Apt,Riccardo,Entire home/apt,115.0
Exquisite 2BR apartment nearby Borgo San Frediano,White,Entire home/apt,159.0
Loft Porcellana tranquillo vicino alla stazione,Tommaso,Entire home/apt,114.0
Santa Croce Charming Apartment,Lorenzo,Entire home/apt,162.0
UNYCA - Santa Croce Stunning View [Florence],UNYCA-Ream,Entire home/apt,377.0
YiD balcony on Pontevecchio view,Roberto,Entire home/apt,428.0
Keys of Italy -Monaco9 -2Bedr flat by TrainStation,Keys Of Italy,Entire home/apt,256.0
Agnolo Apartment by Mamo Florence,Mamo,Entire home/apt,134.0
Ponte Vecchio Apartment,Tuscan Feeling,Entire home/apt,246.0
UNYCA - Santa Croce Plaza,UNYCA-Ream,Entire home/apt,274.0
Camera al campanile  di Giotto con bagno privato,Frederik,Private room,
Apt Florentia - Piazza Libertà - Fortezza da Basso,Edoardo,Entire home/apt,153.0
"Penthouse Florence view, with terrace near Station",Matteo,Entire home/apt,179.0
Signoria Art,Giulio,Entire home/apt,571.0
SMN Luxury Secret Garden View,David,Entire home/apt,435.0
Santa Maria Novella 900 Suite,David,Entire home/apt,296.0
Santa Maria Novella Elite Suite,David,Entire home/apt,226.0
Erbosa Apartment,Laura,Entire home/apt,53.0
Florence Garden Loft,Luisa,Entire home/apt,74.0
Appartamento 1 camera da letto,Ervis,Entire home/apt,
Medici Majestic: into the monuments,Cristiana,Entire home/apt,293.0
Camera con balcone privato,Barbara,Private room,
Palazzo Poggi - Luxury Apartment in Florence,Seif,Entire home/apt,647.0
Nice apartment in Firenze with WiFi,Novasol,Entire home/apt,124.0
Residenza Claudia,Claudia,Entire home/apt,230.0
Casa del Riccio - Apartment with Private Garden,Simone,Entire home/apt,124.0
Art studio loft,Niccolò,Entire home/apt,126.0
Loft storico con affaccio sulle colline di Firenze,Fulvio,Entire home/apt,190.0
La Casa di Dada,Angelica,Entire home/apt,217.0
Junior Suite King bed,Le Rêve De Naim,Private room,357.0
Suite Deluxe,Le Rêve De Naim,Private room,418.0
Suite Roof Terrace,Le Rêve De Naim,Private room,609.0
Duomo Loft,Alessandro,Entire home/apt,191.0
Sant'Egidio Suite • 5 Min Walk to the Duomo,Ilaria,Entire home/apt,212.0
Santo Spirito Apartment,Sandro,Entire home/apt,233.0
Morden 2 bedrooms apt in the heart of Florence,Egla,Entire home/apt,274.0
Green House,Francesco,Private room,76.0
Elegant and characteristic flat,Jessica,Entire home/apt,342.0
"Alberto’s Home, Florence apartment",Giulia,Entire home/apt,112.0
Landy Apartment,Tuscan Feeling,Entire home/apt,325.0
Slow eclectic home · terrace · tram to centre,Francesca,Entire home/apt,116.0
Dolce Vita Apartament,Leonardo,Entire home/apt,290.0
LuxuryFlatFirenze-2 camere-2 bagni privati-Balcone,Stefano,Entire home/apt,201.0
"[5 min from Uffizi] Suite in centre, Wifi, Comfort",Alessandro,Entire home/apt,192.0
Residenza 4 Monolocale in pieno Centro Storico,La Guelfa Residenze,Entire home/apt,147.0
Silverkammer · Design studio & rooms · ex facto...,Elizabeth,Private room,87.0
Silverkammer · Design studio & rooms · ex facto...,Elizabeth,Private room,82.0
L'Affresco,Francesco,Entire home/apt,223.0
The great one - bilo a due passi dal centro,Fabiola,Entire home/apt,171.0
Tintori Luxury Palace by Mamo Florence,Mamo,Entire home/apt,724.0
GuestHost - Florence Quiet Flat with Balcony,GuestHost - Welcome To Italy,Entire home/apt,130.0
Stanza-monolocale soppalco+bagno privato separato,Ferdinando,Private room,123.0
Appartamento Centro di Firenze,Mariarosaria,Entire home/apt,
Canova house in Florence,Virginia,Entire home/apt,147.0
The Signoria Luxury | APT4 Biancone Terrace,The Signoria Luxury Residence,Entire home/apt,
Dimora Machiavelli,Sabine,Entire home/apt,913.0
Cozy Superior Double Room 6,Musta,Private room,115.0
Tiny Ponte Vecchio By MMega,MMega Homes And Villas,Entire home/apt,141.0
La Casa di Margherita–Rifugio fiorentino autentico,Federico,Entire home/apt,153.0
"Appartamento, Novoli Università",Antonella,Entire home/apt,137.0
Casa Camilla,Giulia,Entire home/apt,159.0
in Historical center of Florence,Zana,Entire home/apt,304.0
"(San Pancrazio) Unique Loft + wifi, a/c , netflix",Gianni,Entire home/apt,170.0
6 people + Terrace + Lift + Florence Chic Novella,Elisa,Entire home/apt,844.0
Santo Spirito Frescoed 6 sleeps apartment,Lorenzo,Entire home/apt,350.0
Casa Clori - 4 posti letto a due passi dal Duomo,Sara,Entire home/apt,221.0
Esclusive Luxury Florence + 6 persone,Elisa,Entire home/apt,845.0
Sweet Home Santa Croce,Lorenzo,Entire home/apt,153.0
Vintage Charm with Patio in Historic Florence,Gaia Maria Vittorina,Entire home/apt,586.0
Wonderfull with Garden near Michelangelo’s David,Pierguido,Entire home/apt,257.0
Alice's Home • 15 min Center • Spacious & Comfort,Andrea,Entire home/apt,121.0
Splendido appartamento zona Santo Spirito Oltrarno,Rezihouse,Entire home/apt,140.0
Residenza Storica - La Dimoretta,Marco Alessandro,Entire home/apt,240.0
Santa Maria Novella Elegant,Lorenzo,Entire home/apt,187.0
Santa Croce historical apartment,Chiara,Entire home/apt,151.0
Il giardino di Foscolo,Cristina,Entire home/apt,120.0
Appartamento A/C nel cuore di Firenze,Nicoletta,Entire home/apt,103.0
Florence Viola Apartment,Viola,Entire home/apt,177.0
Lungarno with stunning terrace,Antonella,Entire home/apt,152.0
Santo Spirito 2 Bedroom,Alessandro,Entire home/apt,232.0
Farina Flat,Veronica,Entire home/apt,206.0
Pepi 64,Istay,Entire home/apt,153.0
The Little Garden Apartment,Giulio & Veronica,Entire home/apt,142.0
Tommaso Apartment with free parking,Chiara,Entire home/apt,140.0
Sweet Home Ponte Vecchio,Lorenzo,Entire home/apt,127.0
[Otello Apartment] Wi-Fi & Netflix,Quality House,Entire home/apt,157.0
Grazioso e nuovo appartamento,Simonetta,Entire home/apt,
Studiolo,Francesco,Entire home/apt,256.0
Torrigiani Elegant Apartment,Lorenzo,Entire home/apt,207.0
Angelico Comfort Apartment,Lorenzo,Entire home/apt,143.0
Iris apartment [5 min centro] Suite con Jacuzzi,Nadia,Entire home/apt,169.0
Rucellai apartment 1 bedroom,Apartments Florence,Entire home/apt,
Delightful apartment surrounded by greenery,Nora,Entire home/apt,103.0
Appartamento Mami's Firenze,Nazret,Entire home/apt,126.0
Rustic Charm Meets Modern Comfort | Florence,Gaia Maria Vittorina,Entire home/apt,156.0
Fanciful 2-BR outside ZTL,Federico,Entire home/apt,114.0
Guido Monaco By MMega,MMega Homes And Villas,Entire home/apt,180.0
Elegant & Spacious Apartment by the Duomo,Alessandra,Entire home/apt,387.0
Camera  matrimoniale wifi,Fabio,Private room,
Camera 2 letti singoli/matrimoniale  wifi,Fabio,Private room,
"Camera matrimoniale, bagno, wifi",Fabio,Private room,
"Sant'Anna Apartment, Firenze",Rosa,Entire home/apt,200.0
Delizioso monolocale.,Mariaflavia,Entire home/apt,76.0
Casa Aretina,Marco,Entire home/apt,92.0
Zona Duomo e Cappelle Medicee,Laura,Entire home/apt,232.0
La Giraffa Appartamento a Firenze,Chiara,Entire home/apt,120.0
Appartamento a Firenze,Gaia,Entire home/apt,118.0
Sweet Living La Pergola,Mattia,Entire home/apt,111.0
Appartamento Cristy,Cristina,Entire home/apt,181.0
Stanza con bagno privato super centrale,Cristina,Private room,221.0
DellaRobbia sunny corner - relax & charme,Alessandra,Entire home/apt,285.0
Unique Apartment Florence Wi-Fi,Filippo & Victoria,Entire home/apt,103.0
Camera matrimoniale con bagno e doccia,"Denis, Althea Rooms",Private room,88.0
Cobalt Cove 2 bedrooms,Apartments_Florence,Entire home/apt,303.0
Ippopotamo By MMega,MMega Homes And Villas,Entire home/apt,345.0
FerrHouse Eco & Chic Apartment • Florence,Fabiola,Entire home/apt,261.0
Casa Sorelle Flo - Flo Apartments,Flo Apartments,Entire home/apt,211.0
Stanza Leonardo da Vinci,Cristina,Private room,229.0
Monolocale famigliare,Carlos,Entire home/apt,143.0
Charming Flat • San Marco,Luce,Entire home/apt,153.0
Sant'Ambrogio Comfort Home,Lorenzo,Entire home/apt,
Dimora Luciano quiet home stay,Maria Cecilia,Entire home/apt,207.0
DolceVita Florence New Lux2BR Sleeps5 Near Center,Miriam,Entire home/apt,115.0
Twin Flat Faenza in Florence,Bernardo Filippo,Entire home/apt,1417.0
Careggi Apartment,Giusy,Entire home/apt,120.0
Apt residenziale e spazioso 4pax,Niccolo,Entire home/apt,131.0
Stanza Dante Alighieri,Cristina,Private room,229.0
Stanza Michelangelo,Cristina,Private room,229.0
RifReady Apartment  con posto auto a Careggi Meyer,Narmina,Entire home/apt,140.0
San Pierino Apartment,Valeria,Entire home/apt,148.0
*Luxury Suite in Florence*,Samuel,Entire home/apt,192.0
Ibisco Florence Apartment,Alice,Entire home/apt,168.0
La dimora di Nello,Francesco,Private room,133.0
Firenze - Cozy House 10 minuti dal centro,Fernando,Entire home/apt,784.0
Duomo View Terrace • 2BR/2BA • Elevator • Central,Elena,Entire home/apt,432.0
Delizioso bilocale in centro con A/C,Vale,Entire home/apt,189.0
Sweet Home Duomo,Lorenzo,Entire home/apt,
"Abaco, historic center | by Acacia®",Acacia Firenze,Private room,152.0
Oltrarno romantic view studio flat with elevator,Luca,Entire home/apt,126.0
Piazza San Marco - 10 mins to Duomo,Elaine,Entire home/apt,188.0
Sweet Home Capponi,Sweet Home Apartments,Entire home/apt,285.0
Elegant Penthouse in Santo Spirito,Maison Florence,Entire home/apt,256.0
Quite in Florence,FloRentals,Entire home/apt,194.0
Modern Apartment 2 Bedrooms Florence City center,Gaetano,Entire home/apt,150.0
"Numa | 1 Bedroom Apartment w/ Sofa Bed, no Kitchen",Numa Florence Felice,Entire home/apt,121.0
City Jungle-real Fiorentino life,Emiliano,Entire home/apt,135.0
Firenze: Stanza in casa con proprietario e micio,Davide,Private room,80.0
"Althea Rooms, Ampia camera matrimoniale","Ira, Althea Rooms",Private room,90.0
Melissa's Apartment,Cristina,Entire home/apt,134.0
"Residenza Bellieri Libertà / Fortezza da Basso,...",Edoardo,Private room,115.0
"Residenza Bellieri Libertà / Fortezza da Basso,...",Edoardo,Private room,110.0
Friends of Florence Lux New Bright Apt near center,Miriam,Entire home/apt,132.0
New Charming Flat Arno River,Gregorio,Entire home/apt,132.0
Accademia Frescoes Apartment,Petra E Elena,Entire home/apt,260.0
Golden Sage - 600m SMN station,Giorgio,Entire home/apt,148.0
Florence Design apartment with large terrace,Andrew,Entire home/apt,428.0
Central Location Charming Flat • 2 Baths & AC,Ranieri,Entire home/apt,169.0
Repubblica Exclusive with Balcony,Apartments_Florence,Entire home/apt,
Il Borgo Apartment,Tuscan Feeling,Entire home/apt,257.0
appartamento,Giovanni,Private room,88.0
San Lorenzo Central Market Homely Flat - 2' Duomo,Youssef,Entire home/apt,150.0
Florence Tramway Apartment,Chiara,Entire home/apt,247.0
Blue Lily charming apartment,Apartments_Florence,Entire home/apt,
10 Alloggi romantici a Firenze,Maria Elena,Private room,
Bartolommeo Scala Loft By MMega,MMega Homes And Villas,Entire home/apt,206.0
Antiche dimore fiorentine,Maria Elena,Private room,
Orcagna suite with private parking,Windows In Florence,Entire home/apt,
Apartment Florence Today with a private balcony,Alessandro,Entire home/apt,142.0
Casa Sofia Santo Spirito,Iacopo,Entire home/apt,250.0
Italian Experience- Atelier La Scala,Michela,Entire home/apt,314.0
Fiesolana City Center,Camilla,Entire home/apt,190.0
"Next to DUOMO, /w AC in each room! Ample, Quiet",Elena,Entire home/apt,212.0
Bright Top Floor in the Heart of Florence,Enrico,Entire home/apt,234.0
"Residenza Bellieri Libertà / Fortezza da Basso,...",Edoardo,Private room,110.0
All'angolo Toselli apt,Alessandro,Entire home/apt,115.0
affitto appartamento 4 posti,Giovanni,Private room,144.0
"San Gallo Frescoes, Terrace & Gym close Dome Plaza",Charbel,Entire home/apt,366.0
Top-Floor Santa Croce Apartment with Duomo Views,Christy,Entire home/apt,212.0
Lusso e Vista nel Cuore di Santa Croce,Lorenzo,Entire home/apt,264.0
Pinti Apartment: Your Florentine Home near Duomo,Windows In Florence,Entire home/apt,
Daria Apartment in Florence,Oriana,Entire home/apt,155.0
"Stella: Near the Center, Free Parking & A /C!",Silvina,Entire home/apt,160.0
Dante's View-Piazza Santa Croce,Apartments Florence,Entire home/apt,270.0
La petite,Giulia,Private room,117.0
"Firenze, zona centro-Careggi.Appartamento 3 camere",Maria,Entire home/apt,211.0
Monolocale Lolù,Loredana,Entire home/apt,112.0
Duomo Santa Maria Fiore Apartment,Silvia,Entire home/apt,134.0
The Loft Centro Storico,Rita,Entire home/apt,172.0
Studio “Orticoltura”• Piazza Libertà •Garden Views,Giulia In Florence,Entire home/apt,115.0
Alloggio zona Campo di Marte con  posto auto,Francesco,Entire home/apt,160.0
"Hortus Florens, 4 pax, 3 min from Brancacci Chapel",Sabrina,Entire home/apt,234.0
Maria Novella - Sweet Dreams in Florence,Irene,Entire home/apt,
Exclusive 3BR Apartment Via Cittadella Florence,Genteel Home Italy,Entire home/apt,367.0
Una stanza luminosa,Veta,Private room,74.0
Loft Il Giobertino,Valentina,Entire home/apt,286.0
Ponte Vecchio dream home,Alessandra,Entire home/apt,1013.0
Le Relais de Boboli,Luca,Entire home/apt,121.0
Florence Haven: Cozy 1BR with Classic Charm,Gaia Maria Vittorina,Entire home/apt,213.0
The Italian Winecellar,Daniele,Entire home/apt,109.0
"Your home in Florence · 2 bathrooms, A/C, WiFi",Simone,Entire home/apt,151.0
Magia di Firenze - Maria,Irene,Private room,301.0
Ponte vecchio Terrace apartment,Omri,Entire home/apt,383.0
Magia di Firenze - Maddalena,Irene,Private room,353.0
Keys of Italy -Vigna 1Anastasia-Florence 1Bedr Apt,Keys Of Italy,Entire home/apt,155.0
Sogno d’Oltrarno,Stefano,Entire home/apt,318.0
Acquamarina - Sweet Dreams in Florence,Irene,Entire home/apt,240.0
Sky Florence | 5 min SMN - tram sotto casa - AC,Stefano,Entire home/apt,137.0
Andrea - Sweet Dreams in Florence,Irene,Entire home/apt,
Casa Vanda - Sweet Dreams in Florence,Irene,Entire home/apt,
In the heart of Florence,Arturo,Entire home/apt,163.0
modern firenz appart,Bilal,Entire home/apt,435.0
Florence Charm Urban apartment,Vanni,Entire home/apt,126.0
San Giorgio - Ponte Vecchio Apt,Silvia,Entire home/apt,244.0
Cozy aparment in Santa Croce,Mattia,Entire home/apt,103.0
"Chiara Apartment , San Frediano Florence",Samantha Geco Vacation Rentals GECO Srl,Entire home/apt,189.0
Heart of Florence ~ Cozy & with Private Courtyard,Mattia,Entire home/apt,257.0
Monolocale centro Firenze,Shadi,Entire home/apt,172.0
Appartamento Vista  Duomo,Michele,Entire home/apt,168.0
[Gem of the Bridge] due passi da Ponte Vecchio,Quality House,Entire home/apt,191.0
Factory Art House - Casa su tre livelli,Cosimo,Entire home/apt,
Ariento Ercole in the heart of Florence,Apartments Florence,Entire home/apt,155.0
Samuele Home Florence,Home Rental Florence Srl,Entire home/apt,141.0
Finestre sul Giardino in Centro,Luca,Entire home/apt,327.0
Greci 16 Bilo,Roberto,Entire home/apt,126.0
Sweet Living SMN Station,Mattia,Entire home/apt,156.0
Elegante Apt del centro + garage,Donatella,Entire home/apt,250.0
"Delightful, relaxing apt city center free garage",Donatella,Entire home/apt,252.0
Nel centro di Firenze con stile lovely house,Donatella,Entire home/apt,261.0
Graziosa dimora +garage accanto al centro storico,Donatella,Entire home/apt,248.0
Lovely apartment next to the city centre + garage,Donatella,Entire home/apt,248.0
Atmosfera toscana vicino al centro + garage gratis,Donatella,Entire home/apt,259.0
Glamorous Apt with garage next to the city centre,Donatella,Entire home/apt,128.0
"Saponai Top, big Central apartment",Federico,Entire home/apt,192.0
Attractive apt next to the city centre + garage,Donatella,Entire home/apt,107.0
Apartamento Inghirami 14,Jiewen,Entire home/apt,63.0
Firenze Dream Homes - Mona Lisa (Free Parking),Andrea,Entire home/apt,257.0
Amazing & bright Apt next to the centre + garage,Donatella,Entire home/apt,256.0
Santa Croce Rainbow,Ivan,Entire home/apt,248.0
Gorgeous Apt + garage next to the city centre,Donatella,Entire home/apt,288.0
Country chic next to the city centre + garage,Donatella,Entire home/apt,277.0
Appartamento contemporaneo luminoso+ garage,Donatella,Entire home/apt,109.0
COZY Apt + garage next to the city centre,Donatella,Entire home/apt,271.0
"Design Apartment • City centre, Tram and Fortezza",Silvio,Entire home/apt,127.0
Comfy & chic next to the city centre+ garage free,Donatella,Entire home/apt,112.0
Local vibes in Florence with private free garage,Donatella,Entire home/apt,110.0
Quiet downtown apt with private stunning terrace!,Donatella,Entire home/apt,151.0
On the roof of Florence: vibrant Apt with view,Donatella,Entire home/apt,388.0
Steiner Suite,Gioia,Entire home/apt,160.0
Savoia Apartment · 4BR Spazioso con Giardino,Matteo,Entire home/apt,368.0
Luxury Studio with Private Patio - Golden Fish,Nicoleta,Entire home/apt,177.0
sert house,Petru Alexandru,Entire home/apt,435.0
Casa Wanda,Michele,Entire home/apt,132.0
Downtown colourful flat close to the railway,Lorenzo,Entire home/apt,151.0
The Campuccio Arch,Giulio & Veronica,Entire home/apt,202.0
Santa Maria Novella Large Terrace,Alessandro,Entire home/apt,210.0
At 5mn from center: in front of “Poggio Imperiale”,Patricia,Entire home/apt,207.0
A cozy place with a piano and fast internet,Marco,Entire home/apt,143.0
GuestHost - Sant'Ambrogio Gem: Chic Florence Nest,GuestHost - Welcome To Italy,Entire home/apt,104.0
Boboli Terrace- Flo Apartments,Flo Apartments,Entire home/apt,347.0
Living Florence,Marco,Entire home/apt,
Ricasoli 37 - Flo Apartments,Flo Apartments,Entire home/apt,315.0
Santa Maria Novella Comfort,Lorenzo,Entire home/apt,163.0
Savonarola Loft,Giovanni,Entire home/apt,122.0
Suite San Firenze: Modern Stay in Antique Tower,Eo,Entire home/apt,177.0
San Firenze Tower Studio,Eo,Entire home/apt,169.0
modern loft in the historic center | Int. 7,Vacanze Al Civico,Entire home/apt,367.0
Casa Pitteri.,Elisabetta,Entire home/apt,
Ohana Florence Suite,Salvatore,Entire home/apt,114.0
Monolocale piazza Leopoldo,Natascha Bettina Andrea,Entire home/apt,78.0
Family Apartment Via Dei Neri,Sid,Entire home/apt,153.0
Camera con bagno privato,Bruni,Private room,45.0
"San Frediano bilo, AC",Nico,Entire home/apt,124.0
Caronte Flat. City centre.,Fabio,Entire home/apt,101.0
Lovely and cozy central suite AC,Roberto&Elena,Entire home/apt,182.0
Antica casa alle mura medievali,Alberto,Entire home/apt,
"Alderotti Elegant in Careggi, Near Hospital & Tram",Florence Charming Apartments,Entire home/apt,143.0
Artist Home · Private Bathroom · Easy Center,Francesco,Private room,100.0
Carmine Comfort Apartment,Lorenzo,Entire home/apt,123.0
Artist Home · Balcony Room · Easy Center,Francesco,Private room,100.0
Cozy Apartment in Florence,Costanza,Entire home/apt,218.0
Duomo Prestige By MMega,MMega Homes And Villas,Entire home/apt,238.0
Giglio Oro By MMega,MMega Homes And Villas,Entire home/apt,174.0
Capponi Prestige Apartment,Lorenzo,Entire home/apt,166.0
Spectacular 1BR stunning views,Grandma Wilma,Entire home/apt,129.0
"Albizi, One-bed room a1",Florjan,Private room,123.0
"Albizi, Two-bed room a2",Florjan,Private room,184.0
La Casa nel Verde,Veronica,Entire home/apt,120.0
"Albizi, One-bed room a5",Florjan,Private room,145.0
"San Frediano studio, AC",Nico,Entire home/apt,115.0
Strategic residential 4 room apartment,Vincenzo,Entire home/apt,149.0
Appartamento accogliente,Giuliana,Entire home/apt,
Appartamento San Gaggio,Alessandra,Entire home/apt,123.0
Cozy apartment ground floor Beato Angelico Firenze,Francesco Sottili,Entire home/apt,201.0
Stalla - Villa with garden in the historic center,Flow Traveling,Entire home/apt,1229.0
Traditional Central Apartment,Alessandra,Entire home/apt,281.0
Medieval meets Modern!,Paolo,Entire home/apt,353.0
appartamento palazzo bardi apartments n.1,Gianluca,Entire home/apt,225.0
appartamento palazzo bardi apartments n.2,Gianluca,Entire home/apt,234.0
Malavolta Apartment by Mamo Florence,Mamo,Entire home/apt,254.0
Porta al Prato Family Home,Saša,Entire home/apt,231.0
Modern apt with private parking + tram to center,Jacopo,Entire home/apt,217.0
Santa Croce Deluxe Suite,Tommaso,Entire home/apt,256.0
Loft apartment nearby Polimoda,Anna Viola,Entire home/apt,104.0
Appartamento moderno a due passi dal Centro,Jacopo,Entire home/apt,132.0
Luxury apartment S.Maria Novella,Edoardo,Entire home/apt,165.0
10 minuti Duomo luxury Living - nel Centro Storico,Immobililuxury,Entire home/apt,149.0
La Renaissance - Luxury House in Florence Heart,Pegaso Florence,Entire home/apt,
Double View Penthouse,Vivien,Entire home/apt,441.0
La Maison - Luxury House in Florence Heart,Pegaso Florence,Entire home/apt,
Residenza 3 Monolocale in pieno Centro Storico,La Guelfa Residenze,Entire home/apt,
BellaFlo: A flat in a Castle,Gianluca,Entire home/apt,94.0
Residenza 1  Monolocale in pieno Centro Storico,La Guelfa Residenze,Entire home/apt,145.0
Soul House [NEW amazing Rooftop],Erika,Entire home/apt,239.0
"[Florence Suite Deluxe] Wifi, Smart Work, Duomo",Samuele,Private room,75.0
Cozy retreat in Florence,Marco,Entire home/apt,
amazing apartment Piazza Santa Croce Firenze,Edoardo,Entire home/apt,137.0
Wonderful Florence center Steps to David & Duomo,Malika,Entire home/apt,168.0
Torrigiani Charming Apartment,Lorenzo,Entire home/apt,166.0
Savonarola Comfort Apartment,Lorenzo,Entire home/apt,120.0
Casa nel cuore di Firenze,Andrea,Entire home/apt,284.0
Small & charming 1-BR apt,Chiara,Entire home/apt,121.0
Brizio's Flat - Sweet Dreams in Florence,Irene,Entire home/apt,
Charming studio apartment in San Frediano,Liza Jane,Entire home/apt,129.0
B&Black&White,Inna,Private room,81.0
Little palm apartment,Francesco,Entire home/apt,161.0
Monolocale quartiere San Niccolò,Alberto,Entire home/apt,
Marsili Luxury Suite,Tommaso,Entire home/apt,288.0
Lasca in Florence near piazza della libertà,Giuseppe,Entire home/apt,132.0
"Althea Rooms, Stanza singola con bagno privato","Ira, Althea Rooms",Private room,70.0
Les Griffes in Santa Croce,Monica,Entire home/apt,203.0
TramwayEasy • Kingdom Apartment | Live Like Locals,Luca,Entire home/apt,175.0
Penthouse Luisa Duomo: in the center of Florence,Guido,Entire home/apt,1033.0
Santo Spirito Appartment,Sabali,Entire home/apt,213.0
"[Centro Storico] A/C, WiFi, 5 Min Museo Uffizi",Silvano,Entire home/apt,138.0
"Althea Rooms, Budget room with ensuite bathroom","Ira, Althea Rooms",Private room,84.0
Elegante Appartamento in centro,Sara,Entire home/apt,434.0
Bright Florence Center Room,Jacopo,Private room,94.0
In Dimora Luciano stanza tripla con bagno privato,Maria Cecilia,Private room,
Charming Rooftop Apartment with Duomo View,Tereza,Entire home/apt,320.0
In Dimora Luciano Stanza doppia,Maria Cecilia,Private room,
In Dimora Luciano Stanza doppia,Maria Cecilia,Private room,
La casa di Walter two steps from the centre,Lorenzo,Entire home/apt,151.0
Duomo View Luxury Big Apt 2+2+2 separateLift Wi-fi,Stefania,Entire home/apt,467.0
Ca’ Lillá - Mandela Forum Cozy Room,Ilaria,Private room,103.0
La casa di Grace,Maria Grazia,Entire home/apt,252.0
Loft,Villa Aruch,Entire home/apt,160.0
Ponte Vecchio Comfort Apartment,Lorenzo,Entire home/apt,158.0
Loft Superior,Villa Aruch,Entire home/apt,201.0
Camera matrimoniale bagno en suite in appartamento,Mn,Private room,132.0
Firenze AMIHouse Vicino al Centro Storico,Iacopo,Entire home/apt,111.0
"Residenza Madiba, Room 1 - Residenza Madiba Bou...",Massimiliano,Private room,256.0
Casa Pinocchio with view,ApartmentsFlorence,Entire home/apt,371.0
NEW_ Anna_ Apartment,Andrea,Entire home/apt,166.0
Fiesolana's Flower,ApartmentsFlorence,Entire home/apt,286.0
Casa in Centro,Duccio,Entire home/apt,194.0
Appartamento Blue Tower,Giuseppe E Tiziana,Entire home/apt,160.0
La casa di Barbara e Giacomo,Barbara E Giacomo,Entire home/apt,200.0
The Library Apartment,Giulio & Veronica,Entire home/apt,184.0
Penthouse with terrace!,Anna,Private room,210.0
Modern Florentine Terrace,Apartments_Florence,Entire home/apt,
Super Cute Apt +  garage next to city cente,Donatella,Entire home/apt,128.0
"Residenza Madiba, Room 2 - Residenza Madiba Bou...",Massimiliano,Private room,271.0
Near Arno renovated apartment,Via,Entire home/apt,128.0
Duomo 1 - Alfani,Alessandro,Entire home/apt,152.0
Antica dimora a San Salvi,Raffaella,Entire home/apt,160.0
"Residenza Madiba, Room 34 Residenza Madiba Bout...",Massimiliano,Private room,166.0
La Casetta di Paolo,Dani,Entire home/apt,388.0
UNYCA - Luxury Central Suite,Unyca-Ream,Entire home/apt,188.0
Nice portion of property near Santo Spirito,Chiara,Private room,105.0
Appartamento Firenze,Carolina,Entire home/apt,92.0
NEW | Fortezza Apartment,Dimitri,Entire home/apt,126.0
Repubblica - Openspace vista Duomo  Firenze,Gruppo UNA,Entire home/apt,1141.0
Borgognissanti Apartent 8,Valerio,Entire home/apt,100.0
Casa Vacanza in un ex convento del '600,Chiara,Entire home/apt,122.0
Casa Romantica vicino al centro di Firenze,Elisabetta,Entire home/apt,131.0
"Residenza Madiba, Room 5 - Residenza Madiba Bou...",Massimiliano,Private room,171.0
AF51 Apartament,Francesco,Entire home/apt,193.0
Dimora i Due Cipressi,Francesco,Entire home/apt,100.0
Stones throw from Florence Duomo Square,Lorenzo,Entire home/apt,268.0
Palazzo Fioravanti in Centro a Firenze,Laura,Entire home/apt,
Pinzochere 16,Istay,Entire home/apt,112.0
Monolocale Fiorentino 2,Villa Aruch,Entire home/apt,127.0
Bilocale Fiorentino,Villa Aruch,Entire home/apt,154.0
"Margarita's room 1, Firenze Centro",Margarita,Private room,115.0
[Santa Maria Novella] Historic Residence + Garden,Gabriele,Entire home/apt,141.0
"Leone Suite 3 double beds, 2 bedrooms, 2 bathrooms",Caterina,Entire home/apt,308.0
Appartamento Ponte Sospeso,Tuscan Feeling,Entire home/apt,262.0
Appi House,Ma Maison Vacation Rental,Entire home/apt,380.0
Silent large apartment Coolest neighborhood,Marco,Entire home/apt,289.0
Cozy room with private bathroom,Anna,Private room,100.0
Fine house+terrace in gioberti,Andrea,Entire home/apt,114.0
Lion 32,Raimondo,Entire home/apt,200.0
Penthouse in Florence,Cristina,Entire home/apt,143.0
Cestello rooftop,Filippo,Entire home/apt,155.0
Stufa Apartment Easy Access [A/C - Wi-Fi],Lucilla,Entire home/apt,280.0
Cappelle Medicee Apartment,Niccolò,Entire home/apt,112.0
1 Down town Galileo room with private bathroom,Gennaro,Private room,97.0
Cavour 46 First,Istay,Entire home/apt,162.0
Cavour 46 Second,Istay,Entire home/apt,172.0
Casa Gioia,Karla Paola,Entire home/apt,128.0
Wonderful terrace over Ponte Vecchio w/lift,Easy BNB,Entire home/apt,230.0
City Apartment - Il Ghiro,Il Ghiro,Entire home/apt,192.0
Giraldi House 10 people apt,Vacanze Al Civico,Entire home/apt,735.0
Le5vie-Firenze nel verde,Claudia,Entire home/apt,114.0
San Giorgio 59,Roberto,Entire home/apt,137.0
"Residenza Madiba, Room 6 - Residenza Madiba Bou...",Massimiliano,Private room,178.0
Florentine Beauty near Duomo,Tommaso,Entire home/apt,156.0
"Casa Beatrice

 per 5 ospiti 2 camere da letto",Maurizio,Entire home/apt,229.0
"Speziali, Twin room",Enrichetta,Private room,113.0
"Speziali, Stanza con un letto",Enrichetta,Private room,137.0
"Speziali, Stanza familiare",Enrichetta,Private room,98.0
La Casa di Ugo,Enza,Entire home/apt,151.0
Luisa’s Dream-Talenti  Stop,Luisa,Entire home/apt,122.0
Standard room with AC at Room Mate Isabella,Room Mate Isabella,Private room,455.0
Hotel room 15min. walk from iconic landmarks,Room Mate Luca,Private room,118.0
Urban San Niccolò charming  2bdr apartment,Apartments_Florence,Entire home/apt,
Duomo Luxury Apartment with plunge pool,Lorenzo,Entire home/apt,370.0
Residenza Madiba Entire B&B 12 Guests,Massimiliano,Entire home/apt,3725.0
Dimora Ognissanti Apartment by Mamo Florence,Mamo,Entire home/apt,190.0
Tornabuoni Apartment,Cosimo,Entire home/apt,256.0
Loft centrale sui Lungarni,Vincenzo,Entire home/apt,100.0
Casa Viola - Modern and spacious flat with terrace,Flow Traveling,Entire home/apt,
"Corsini Tintori, Stanza matrimoniale 2",Songcong,Private room,113.0
Vivi Firenze with balcony,Apartments Florence,Entire home/apt,
"Corsini Tintori, Stanza singola",Songcong,Private room,79.0
"Corsini Tintori, Stanza matrimoniale 1",Songcong,Private room,64.0
"Palazzo Oliveto, Stanza matrimoniale",Songcong,Private room,72.0
"Palazzo Oliveto, Stanza queen",Songcong,Private room,79.0
"Palazzo Oliveto, Stanza tripla superior",Songcong,Private room,80.0
"Palazzo Oliveto, Stanza quadrupla deluxe",Songcong,Private room,80.0
"Palazzo Oliveto, Stanza matrimoniale comfort",Songcong,Private room,80.0
"appartamento ""il pomelo""",Franca,Entire home/apt,126.0
Appartamento nel cuore di Firenze,Stefano,Entire home/apt,152.0
Appartamento firenze,Carolina,Entire home/apt,92.0
Casa Allegra Firenze,Beatrice,Entire home/apt,119.0
Unique & Luxurious Artisanal Apartment in SSpirito,Federico,Entire home/apt,192.0
Charming Flat del Carmine,Jorgelina,Entire home/apt,141.0
Design 2BR • Near Tram T2 • Easy City Access,Giada,Entire home/apt,127.0
Camera deluxe in Piazza Indipendenza Firenze,Monica,Private room,136.0
Toscanella Suite Florence,Leonardo,Entire home/apt,147.0
San Paolino Relax  Apartment,Dario,Entire home/apt,
Appartamento Blu - Firenze Oltrarno (San frediano),Lucy,Entire home/apt,277.0
Rooftop 2BR • View of Santa Croce • Center,Giada,Entire home/apt,161.0
Bright 3BR Apartment – near Duomo & Uffizi,Giada,Entire home/apt,248.0
Florence Easy Suite 619,Marilisa,Entire home/apt,
"""Moon"" appartamento santa croce",Arnis,Entire home/apt,162.0
Un gioiello del XIV secolo a 120 passi dal Duomo,Caterina,Entire home/apt,261.0
Scarlatti,Istay,Entire home/apt,243.0
Bellosguardo Hill Apartment - Florence,Maria Soledad,Entire home/apt,116.0
La Sosta,Dana,Entire home/apt,143.0
Style In Florence by BelcantoVillas,Daniele By BelcantoVillas,Entire home/apt,219.0
Mansarda Nonna Gina with terraces,Daniele By BelcantoVillas,Entire home/apt,118.0
Pitti Flat by Belcanto Villas,Daniele By BelcantoVillas,Entire home/apt,200.0
Angelico Urban Loft,Houseflo,Entire home/apt,141.0
Bright Open-Space with Arno View,Giulio & Veronica,Entire home/apt,154.0
Comfort & Lux Flat in Florence,Claudio,Entire home/apt,118.0
Modern Florentine Home | WiFi-AC,Alessandra,Entire home/apt,128.0
Casa Gledi con vista su Fiesole,Rossella,Entire home/apt,143.0
1 Camera Con Aria Condizionata e Bagno Condiviso,Angelica,Private room,56.0
Luxury: Penthouse with Terrace over Florence,Intrho Toscana Srl,Entire home/apt,509.0
Central Apartment Room Signoria,Niccolo,Entire home/apt,171.0
Santa Croce Deluxe Apartment,Lorenzo,Entire home/apt,178.0
Serragli Deluxe Apartment,Lorenzo,Entire home/apt,155.0
[TopFloor Apt] a 50metri dal Duomo Firenze,Gama,Entire home/apt,85.0
Casa Firenze Mille 3 Mari,Caterina,Entire home/apt,163.0
Artist Home · Cozy Room · Easy Center,Francesco,Private room,98.0
"Residenza Bellieri Libertà / Fortezza da Basso,...",Edoardo,Private room,104.0
Marsilio Ficino Apartment by Mamo Florence,Mamo,Entire home/apt,421.0
Erika Apartment by Mamo Florence,Mamo,Entire home/apt,292.0
Fiesolana Comfortable Loft,Giovanni,Entire home/apt,141.0
appartamento gruppi e famiglie,Michele,Entire home/apt,158.0
Fiesolana Sweet House,Giovanni,Entire home/apt,141.0
Novella Cozy House,Lorenzo,Entire home/apt,164.0
Magia di Firenze - Cristina,Irene,Private room,298.0
Magia di Firenze - Matilde,Irene,Private room,296.0
Cavour 36,Roberto,Entire home/apt,
101 - Classic Room,Verdiana,Private room,114.0
City Center: Barone 2,Domenico,Private room,147.0
Comfy Ensuite Room - Isa Home,Isabella,Private room,115.0
"Officina 32, Florence apartment",Chiara,Entire home/apt,80.0
Alla Porta di San Frediano,Alessandro,Entire home/apt,137.0
Casa Legnaia Firenze,Giulietta E Duccio,Entire home/apt,112.0
Plato’s Sofa - Modern Comfort with Roof Terrace,Luisa,Entire home/apt,239.0
La Corte di San Lorenzo near SMN Station,Giulia,Entire home/apt,222.0
Family House close to train stn,Giovanni - Le Petite Jardin Center Florence,Entire home/apt,242.0
[Duomo Elegance] Renaissance Baptistery View 5*,Giovanni,Entire home/apt,331.0
Don Minzoni Florence Apartment,Alessandro,Entire home/apt,141.0
YiD Corte al Duomo,Roberto,Entire home/apt,156.0
San Gallo Suite VII with balcony,Apartments Florence,Entire home/apt,242.0
"Firenze, a 3 km dalla stazione - W",Isabella,Private room,90.0
YiD stunning on the Accademia,Roberto,Entire home/apt,452.0
Monolocale in Villa e terrazzo,Alessio,Entire home/apt,190.0
Florentia Rifredi · Terrazza & Vista,Christina,Entire home/apt,107.0
Central Florence Apt Steps from Duomo,Caterina,Entire home/apt,246.0
Spacious & Quiet Home in Florence near City Center,Lorenzo,Private room,109.0
Elegante attico con vista.,Annalisa,Entire home/apt,226.0
Florence Huge Apartment with Private Garden,Lorenzo,Entire home/apt,240.0
Santa Croce Nest,Lorenzo,Entire home/apt,130.0
[Cozy Apartment] near Careggi & 15min to station,Vittoria E Luca,Entire home/apt,123.0
Peach&Lilac Hideaway,Giulio & Veronica,Entire home/apt,111.0
Appartamento Aurora,Maria Grazia,Entire home/apt,149.0
[Santo Spirito] Terrace Apartment view Duomo,Giulia,Entire home/apt,197.0
"Davanti al Duomo
{Appartamento Storico}",Erik,Entire home/apt,252.0
[Santo Spirito] view on Palazzo Pitti,Giulia,Entire home/apt,146.0
Maison Monteverdi,Annalisa,Entire home/apt,135.0
DUOMO 16 view,Hassan,Entire home/apt,262.0
Firenze Suite,Francesco,Entire home/apt,129.0
Antichi Bastioni,Laura,Entire home/apt,428.0
Chromatic Loft by  FlorenceHospitality,Gabriel,Entire home/apt,135.0
Casa Lori - ai piedi di piazzale Michelangelo,Andrea,Entire home/apt,124.0
San Lorenzo Shopping Street - 1' Duomo,Cynthia,Entire home/apt,131.0
Design Loft Central Florence • Parking Available,Silvia,Entire home/apt,198.0
GuestHost - Rifredi & Piazza Dalmazia Apartment,GuestHost - Welcome To Italy,Entire home/apt,93.0
Relax & nature close city center,Sarah,Entire home/apt,205.0
GuestHost - Giardino della Fortezza Modern Flat,GuestHost - Welcome To Italy,Entire home/apt,146.0
Palazzo Benci River View,Erica Ann,Entire home/apt,447.0
LUCIA's lovely apartment,Fernando,Entire home/apt,145.0
Florence Tribute,Stefano,Entire home/apt,113.0
GuestHost - Pisana 236 - Suite 1,GuestHost - Welcome To Italy,Private room,75.0
GuestHost - Pisana 236 - Suite 2,GuestHost - Welcome To Italy,Private room,74.0
GuestHost - Pisana 236 - Suite 3 with Balcony,GuestHost - Welcome To Italy,Private room,77.0
Florence Rifredi Apartment,Gabriella,Entire home/apt,87.0
Charming Garden Home - 10 min walk to Duomo,Esther,Entire home/apt,138.0
"Alloggio  Bilocale
Fiammetta",Nevino Nicola,Entire home/apt,181.0
Camera privata vicino al centro di Firenze,Licio,Private room,134.0
La casa di Francys - Careggi- posto auto riservato,Francesca,Entire home/apt,143.0
Camera privata vicino al centro di Firenze,Licio,Private room,134.0
Camera con cucina vicino al centro di  Firenze,Licio,Private room,127.0
Specious & Renovated + Balcony - Great For Family,Nir,Entire home/apt,457.0
Panoramic House - Elegante Appartamento Con Vista,Maison Florence,Entire home/apt,149.0
Private room shared bathroom 7,Musta,Private room,90.0
Romantic Home - Charm ed Eleganza a Firenze,Maison Florence,Entire home/apt,183.0
Marconi Apartment,Marconi Apartment,Entire home/apt,137.0
cosy double room,Fabiola,Private room,63.0
Gordigiani Room 5,Pardis,Private room,70.0
Centrale completamente rinnovato,Giordano,Entire home/apt,179.0
Duomo Art House,Lorenzo,Entire home/apt,
Santa Felicita Studio - Ponte Vecchio,Alessandro,Entire home/apt,150.0
Il giardino Segreto,Valentina Teresa,Entire home/apt,143.0
Belle Donne Florence Apartment,Samantha Geco Vacation Rentals GECO Srl,Entire home/apt,170.0
Pilastri APT - Dolcevita Holiday,Marco,Entire home/apt,258.0
Majestic apartment with parking,Donatella,Entire home/apt,339.0
Appartamento 130m2 Centro,Giulia,Entire home/apt,144.0
al 72,Ginevra,Entire home/apt,
Residenza Ardengo - Renaissance palace near Duomo,Flow Traveling,Entire home/apt,207.0
[Duomo] La terrazza più prestigiosa di Firenze,Matteo,Entire home/apt,316.0
Santa Croce Elegant Apartment,Lorenzo,Entire home/apt,214.0
appartamento santa croce,Rocco,Entire home/apt,152.0
Appartamento Santa Croce,Tuscan Feeling,Entire home/apt,196.0
Sui tetti di Firenze,Francesco,Entire home/apt,277.0
"Cuore, tra Stazione e Duomo",Francesca,Entire home/apt,148.0
Home Cavour centro storico,Edoardo,Entire home/apt,110.0
Suite Cavour,Edoardo,Entire home/apt,117.0
The Painting on the Arno • Parking • View,Sara,Entire home/apt,292.0
Santo Spirito Apartment,Tuscan Feeling,Entire home/apt,110.0
Double accomodation SanFrediano,Sebastiano Maria,Private room,71.0
Pinzochere 16 N,Istay,Entire home/apt,132.0
Friendly & small 1-BR apt with beautiful terrace,Chiara,Private room,119.0
San Marco Apartment 3bdr,Giovanni,Entire home/apt,140.0
Italian Experience- Florentine Loft,Michela,Entire home/apt,200.0
Flowers' Home Duomo,Sonia,Entire home/apt,571.0
Appartamento accogliente,Alessandro,Entire home/apt,172.0
Appartamento in centro storico con giardino,Andrea,Entire home/apt,110.0
Private room shared Bathroom 8,Musta,Private room,105.0
Cozy Room with ensuite & Outdoor Space,Annamaria,Private room,
Sangiovanni Bright Loft,Alessandro,Entire home/apt,211.0
Dimora 28 covered parking  included,Giulia,Entire home/apt,138.0
LC41 Suites - City View,Chiara,Entire home/apt,103.0
LC41 Suites - Courtyard,Chiara,Entire home/apt,96.0
Amorino Central Apartment,Niccolò,Entire home/apt,143.0
vista splendida sul Duomo,Massimo,Entire home/apt,189.0
Casa Galletti Firenze,Eleonora,Entire home/apt,129.0
Charming Apartment Santa Croce: Location & View,Massimiliano,Entire home/apt,147.0
Stanza privata in oltrarno,Giovanpaolo,Private room,647.0
Florence Relax near the center+terrace+pvtParkin,Jacopo,Entire home/apt,166.0
Dora penthouse - Uffizi view,Newtopique,Entire home/apt,176.0
Apartment with garden&parking,Monica,Entire home/apt,353.0
Paradiso per amanti della Lettura a Firenze,Dimora,Entire home/apt,331.0
Stylish Apartment on the Lungarno in Florence,Intrho Toscana Srl,Entire home/apt,279.0
San Niccolò Tower Flat - Sweet Dreams in Florence,Irene,Entire home/apt,240.0
Terrazza sui Tetti di Firenze,Laura,Entire home/apt,206.0
"Filippo's House Uffizi - 
WiFi A/C",Marina,Entire home/apt,148.0
"Alloggio bilocale
  Cecilia",Nevino Nicola,Entire home/apt,174.0
Ilaria Florence Apartment,Home Rental Florence Srl,Entire home/apt,129.0
Attico con vista,Cristiana,Entire home/apt,194.0
Maison Galli,Maurizio,Entire home/apt,138.0
Luxury Glenda's apartment,Glenda,Entire home/apt,474.0
i fragoli a sant'ambrogio Apartments Florence,Silvia,Entire home/apt,240.0
Top floor San Frediano Always Florence Collection,Patrizia,Entire home/apt,
Sweet House in Santo Spirito,Lorenzo,Entire home/apt,153.0
Appartamento · Centro Storico,Chiara E Giacomo,Entire home/apt,111.0
Bright Top position - Tramvia - Apt San Donato,Tommaso,Entire home/apt,155.0
Santo Spirito Living,Lorenzo,Entire home/apt,171.0
Comfort nel cuore di Firenze x6,Giuseppe,Entire home/apt,330.0
Santa Maria Novella Quiet & Cozy,Alessandro,Entire home/apt,
Casa Florencia  S.Croce,Cinzia,Entire home/apt,183.0
Pitti Cozy House,Lorenzo,Entire home/apt,138.0
"Magenta, With Style in Florence",Lorenzo,Entire home/apt,
The Wizard's House 3bd,ApartmentsFlorence,Entire home/apt,
La Nicchia di Niccolò App 1,Niccolò,Private room,166.0
Maggio Luxury Suite,Lorenzo,Entire home/apt,240.0
[David's Gem] 2 bedroom apartment,Quality House,Entire home/apt,250.0
La Nicchia di Niccolò App 2,Niccolò,Entire home/apt,200.0
La Nicchia di Niccolò App 3,Niccolò,Entire home/apt,183.0
La Nicchia di Niccolò App 4,Niccolò,Entire home/apt,183.0
Via San Gallo 19 -The Big,Laura,Entire home/apt,284.0
Via San Gallo 19 The Small - monolocale.,Laura,Entire home/apt,155.0
King Room • Private Bath | TramwayEasy T2,Luca,Private room,60.0
Camera Matrimoniale Firenze Novoli,Barbara,Private room,96.0
Mille Luxury House,Tiziana,Entire home/apt,194.0
"B&B Soggiorno Battistero Vista Duomo, Executive s.",Alessandra,Private room,355.0
Golden Grove Apartment 3bd,Apartments_Florence,Entire home/apt,
Luminoso studio vicino al centro,Rangoni Srl,Entire home/apt,126.0
"B&B Soggiorno Battistero Vista Duomo, Deluxe suite",Alessandra,Private room,297.0
Mattonaia By MMega,MMega Homes And Villas,Entire home/apt,240.0
Purple lily nel cuore di firenze,Simone,Entire home/apt,119.0
Alloggio Monolocale  Matilde,Nevino Nicola,Entire home/apt,134.0
Attico Moderno con vista Panoramica,Tommaso Torrini,Entire home/apt,261.0
Assaporarte Classic Room,Fatemeh,Private room,252.0
"SUITE

Il Gatto con gli Stivali",Nevino Nicola,Entire home/apt,237.0
La Casa di Dany,Dany,Entire home/apt,129.0
Santa Croce - Historic Loft with a View.,Niccoló,Entire home/apt,143.0
Near Tram & Florence Center | Modern & Cozy Apt,Paolo,Entire home/apt,86.0
EMMApartment,Adriana,Entire home/apt,126.0
Santo Spirito Historic Studio Apartment,Giulia,Entire home/apt,115.0
WelcHome Cellini,HouseFlo,Entire home/apt,143.0
Monolocale con brace e giardino,Alessio,Entire home/apt,
Maison Belfiore,Matteo,Entire home/apt,167.0
Florence Eye Accommodations,Hôtea,Entire home/apt,243.0
House Firenze Isolotto Parck,Tom,Entire home/apt,126.0
Serragli Comfort Apartment,Lorenzo,Entire home/apt,383.0
Monolocale in villa AC,Alessio,Entire home/apt,118.0
Brunelleschi Suite Apartment,Stanislav,Entire home/apt,156.0
Casa Vacanze La Francesca,Lorenzo,Entire home/apt,136.0
Monolocale AC bagno cucinotto,Alessio,Private room,138.0
Terme Apartment by Mamo Florence,Mamo,Entire home/apt,148.0
Little garden 3,Giuseppina,Private room,64.0
2 - Monolocale a due passi dal centro.,Ibrahim,Entire home/apt,76.0
Conte Apartment by Mamo Florence,Mamo,Entire home/apt,192.0
"Seminterrato Brevi soggiorni, Firenze",Alessio,Entire home/apt,69.0
Ponte Vecchio lovely apartament,Elena,Entire home/apt,111.0
[Sant’Ambrogio] Suite +Apartment,Gama,Entire home/apt,1027.0
3 bedrooms + 3 bathrooms + 8 people | Bargello Lux,Elisa,Entire home/apt,739.0
Old Bridge + Lift | Luxury & Comfort,Elisa,Entire home/apt,725.0
Pinti Apartment by Mamo Florence,Mamo,Entire home/apt,295.0
Suite Franz Fiorentino (AC),Dimora Novella,Private room,
Florence Loggia Luxury Apartment,Paola,Entire home/apt,814.0
Casetta con giardino in Santo Spirito,Elena,Entire home/apt,
YiD Morgagni charme apartment,Roberto,Entire home/apt,355.0
Benci Apartment in Florence,Marco,Entire home/apt,227.0
[Central apartment] a 5 min da Stazione e Centro,Vittoria E Luca,Entire home/apt,164.0
Your home in downtown Florence,Giulia,Entire home/apt,245.0
[32 Duomo] Camera moderna e Netflix,Ibrahim,Private room,74.0
[33 Duomo] Camera con Wi Fi,Ibrahim,Private room,78.0
[34 Duomo] Stanza silenziosa,Ibrahim,Private room,91.0
[35 Duomo] Camera con wifi e netflix,Ibrahim,Private room,73.0
Appartamento - Via Dei Neri 22,Nicola,Entire home/apt,108.0
[36 Duomo] Camera con bagno privato,Ibrahim,Private room,93.0
Ghibellina Jungle - Corte privata in Santa Croce,Juliana Antonini,Entire home/apt,217.0
Quiet Independent at the Duomo,Holidu,Entire home/apt,
Santa Croce at Valeria's,Sonia,Entire home/apt,
Camera quadrupla,Gianluca,Private room,69.0
Brunelleschi's Dream,Amazing Italian Retreats,Entire home/apt,339.0
Camera doppia,Gianluca,Private room,71.0
Residence La Perla,Siddik,Entire home/apt,121.0
Florence Elegant Suite,Graziano,Entire home/apt,136.0
[11 - Duomo] Monolocale caratteristico,Ibrahim,Entire home/apt,88.0
all'ombra del campanile giotto,Enrico,Entire home/apt,160.0
Guelfa63 - Deliziosa Suite nel cuore di Firenze,Leonardo,Entire home/apt,146.0
Renaissance Imperial Suite,Conte,Entire home/apt,284.0
Venere Elegant & renovated,Serena,Entire home/apt,348.0
Tranquilla stanza singola.,Sher,Private room,64.0
Luminosa stanza quadrupla.,Sher,Private room,86.0
[12 - Duomo] Centrale e silenzioso,Ibrahim,Entire home/apt,75.0
[21 Duomo] Camera con bagno privato,Ibrahim,Private room,69.0
[22 Duomo] Camera caratteristica,Ibrahim,Private room,78.0
Am Collection Cavour,Alberto,Private room,151.0
Am Collection Cavour,Alberto,Private room,134.0
AM Collection Cavour,Alberto,Private room,127.0
AM Collection Cavour,Alberto,Private room,148.0
Flora Elegant & renovated,Serena,Entire home/apt,388.0
Artsy Loft,Gianmarco,Entire home/apt,148.0
Attic • Monna Lisa eco apartments • downtown,Tiziana,Entire home/apt,199.0
Elegante appartamento in palazzo storico del 1600,Morgana,Entire home/apt,230.0
[23 Duomo] Camera con idromassaggio,Ibrahim,Private room,76.0
Magic Fló Santa Croce,Ermelinda,Entire home/apt,198.0
Assaporarte Superior Double Room,Fatemeh,Private room,209.0
Standard single room Assaporarte,Fatemeh,Private room,193.0
3 - Mono caratteristico e silenzioso,Ibrahim,Entire home/apt,70.0
Rustic Medieval House-Dimora Medievale Fiorentina,Maison Florence,Entire home/apt,218.0
greenhouse with private garden,Lorenzo,Entire home/apt,174.0
Pitti Secret Rooftop,Lorenzo,Entire home/apt,380.0
Appartamento vicino a Santa Maria Novella,Lorenzo,Entire home/apt,107.0
Central and New Apt in Florence*,Samuel,Entire home/apt,484.0
San Frediano Apartment,Lara,Entire home/apt,330.0
Appartamento Talenti con parcheggio,Ma Maison Vacation Rental,Entire home/apt,317.0
Matrimoniale con bagno privato vicino alla tramvia,Mariagrazia,Private room,92.0
Iris Loft,Pascal,Entire home/apt,
Capponi Charming Apartment,Lorenzo,Entire home/apt,166.0
Bella Benci - Frescoed Apartment Central Florence,Stefano,Entire home/apt,821.0
GuestHost - San Frediano Arches Lovely Apartment,GuestHost - Welcome To Italy,Entire home/apt,190.0
Casa Giulietta,Giulia,Entire home/apt,90.0
Luxury Modern and Stylish Apartment,Riccardo,Entire home/apt,333.0
Healthy Home | Caracciolo,Healthy Home Di Clarissa & Andrea,Entire home/apt,84.0
Stylish hotel in the heart of Florence,Ruby Bea Hotel Florence,Private room,202.0
Walk to the best restaurants and sites,Ruby Bea Hotel Florence,Private room,206.0
Deluxe bedding and perfect location,Ruby Bea Hotel Florence,Private room,286.0
Boutique hotel where locals like to hang,Ruby Bea Hotel Florence,Private room,337.0
Space for 4 in the heart of Florence,Ruby Bea Hotel Florence,Private room,331.0
Accogliente alloggio con posto auto privato,Julio Cesar,Entire home/apt,
Keys of Italy -Maggio48 -Family Apt by PittiPalace,Keys Of Italy,Entire home/apt,213.0
S. Niccolò cozy place,Sofia,Entire home/apt,233.0
Ramaglianti Hidden Gem By MMega,MMega Homes And Villas,Entire home/apt,162.0
Hedera luxury Suite by Mazzini 34 Collection,Martina,Private room,254.0
The Jade,Lorenzo,Entire home/apt,287.0
Al Parco: Wide & Sunny Flat,Gianfranco,Entire home/apt,61.0
Lilium luxury Suite by Mazzini 34 Collection,Martina,Private room,246.0
Folia luxury Suite by Mazzini 34 Collection,Martina,Private room,249.0
"Le Bijou - Florence Lux View + Jacuzzi, 3 Terraces",Pegaso Florence,Entire home/apt,682.0
Michelangelo terrace flat w/ free private parking,Easy BNB,Entire home/apt,
Alice's Garden,Lorenzo,Entire home/apt,175.0
Apartment Tacconi by Hôtea,Hôtea,Entire home/apt,363.0
"Charming Suite for 4 – Near the Duomo, A/C & Wi-Fi",Antonino,Entire home/apt,165.0
YiD Aleardi luminous and comfy,Roberto,Entire home/apt,200.0
"Suite Santa Croce with Private Terrace, A/C, Wi-Fi",Antonino,Entire home/apt,154.0
"Cozy Suite Santa Croce – for 3, A/C & Wi-Fi",Antonino,Entire home/apt,120.0
"Charming Suite Santa Croce x3, A/C & Wi-Fi",Antonino,Entire home/apt,120.0
1min Duomo | AC | King size bed,Francesco,Entire home/apt,252.0
Alfani DUOMO Suite,Laura,Entire home/apt,148.0
Chic central flat Duomo - Market,Céline,Entire home/apt,87.0
Casa Galilei: mini appartamento in Santo Spirito,Modestino,Entire home/apt,120.0
[Galleria Accademia]Accademia Luxury Art Apartment,Tommaso,Entire home/apt,157.0
New apartment with 2 bedrooms,Marloes,Entire home/apt,127.0
"Cappelle Medicee, Duomo a 5 min",Laura,Entire home/apt,213.0
Celestes Balcony32,Claudia Marian,Entire home/apt,254.0
4th Floor City Center,Niccolo,Entire home/apt,87.0
"Casa con giardino davanti NYU University, Liberta’",⁨Guest 98⁩,Entire home/apt,173.0
Appartamento Lumà - Careggi,Flavio,Entire home/apt,183.0
Lotus luxury Suite by Mazzini 34 Collection,Martina,Private room,234.0
Irene’s & Elena’s House,Frederik,Entire home/apt,564.0
1 - Mono silenzioso vicino al centro,Ibrahim,Entire home/apt,89.0
apartment 20,Andrea,Entire home/apt,229.0
"Casa Miladys
Campo di marte Firenze",Giovanni,Entire home/apt,
Guest Garden House:A un passo dal centro,Soledad,Entire home/apt,75.0
"Viola's Secret Place
Firenze Florence V.Strozzi 2p",Renato,Entire home/apt,106.0
Celestes Loft 37,Claudia Marian,Entire home/apt,246.0
Da J&B apartment,Roberta,Entire home/apt,117.0
Rustico monolocale a Firenze,⁨Irene G.⁩,Entire home/apt,91.0
Casa C.,Lorenzo,Entire home/apt,325.0
Borgo 10 Florence Boutique Apartment,Lorenzo,Entire home/apt,251.0
Casa Rondinelli,Alessandro,Entire home/apt,359.0
San Lorenzo Dome,Alessio,Entire home/apt,446.0
A3 - Appartamento moderno a pochi passi dal centro,Alessio Aldo,Entire home/apt,228.0
San Niccolò 31,Istay,Entire home/apt,107.0
"Miriam's cozy, bright apt next to the city center",Ruth Miriam,Entire home/apt,117.0
Il ricordo,Luca,Entire home/apt,204.0
Home Sweet Home,Tetyana,Entire home/apt,97.0
Poggi 7,Giampiero,Entire home/apt,117.0
The Florentine Apartment - Flo Apartments,Flo Apartments,Entire home/apt,314.0
Tripoli House 13,Niccolò,Entire home/apt,165.0
Maggio 54,Istay,Entire home/apt,380.0
(2min from Uffizi) Attico gusto Fiorentino,Giorgia,Entire home/apt,187.0
Giotto Mini Suite [close to city center],Erika,Private room,91.0
Michelangelo Deluxe Garden,Lorenzo,Entire home/apt,
"San Lorenzo for Foodies, 2nd",Roberto,Entire home/apt,253.0
Pietrapiana Five Senses - S. Ambrogio City Center,Antonella,Entire home/apt,306.0
Lungarno Prestige - Noble Florentine Heritage Home,Giovanni,Entire home/apt,227.0
Venere Suite Apartament,Stanislav,Entire home/apt,150.0
Nuovo loft a due passi dal Duomo di Firenze,Roberto,Entire home/apt,178.0
Napoleone - New Apartment near historic center,Studio TOP Lease,Entire home/apt,122.0
Oltrarno Tasso Apartment in Florence,Leonardo,Entire home/apt,192.0
[Casa Panicale] San Lorenzo - Duomo,Gabriele,Entire home/apt,239.0
Flora - Brand New Apartment near historic center,Studio TOP Lease,Entire home/apt,153.0
MOSIA Yellow Apt. [Close to City Center],Erika,Entire home/apt,103.0
Appartamento Il Giglio- Firenze,Giovanni,Entire home/apt,186.0
Panorama sul Parco.,Luciana,Entire home/apt,59.0
Charming Studio-near the Center and Tramvia,Marcella,Entire home/apt,115.0
Cozy house with garden & free parking in Florence,Greta,Entire home/apt,126.0
Rebecca Suite Florence,Home Rental Florence Srl,Entire home/apt,188.0
GuestHost - Historic Centre Lions' Apartment,GuestHost - Welcome To Italy,Entire home/apt,189.0
The museum,Giulio,Private room,
coco's apartment,Celeste,Entire home/apt,129.0
Loft travi a vista Oltrarno • AC • a piedi ovunque,Anna Paola,Entire home/apt,108.0
Art Gallery Apartment in Florence,Andrew,Entire home/apt,323.0
Gaucha - Stylish and modern nest beside Arno,Flow Traveling,Entire home/apt,
Irene Loft By MMega,MMega Homes And Villas,Entire home/apt,129.0
The Santa Croce Terrace,Giulio & Veronica,Entire home/apt,299.0
Faenza Huge Apartment,Giovanni,Entire home/apt,184.0
Monolocale AC e parcheggio,Alessio,Entire home/apt,120.0
Santa Croce One_Three,Giulio & Veronica,Entire home/apt,412.0
Appartamento A casa di Bianca,Ranieri,Entire home/apt,
Donatello By MMega,MMega Homes And Villas,Entire home/apt,174.0
GuestHost - Novella Fiorentina - San Jacopino Flat,GuestHost - Welcome To Italy,Entire home/apt,111.0
Pratovecchio Loft,Tommaso,Entire home/apt,
Monolocale AC parking free,Alessio,Entire home/apt,101.0
102 - Superior Room,Verdiana,Private room,124.0
Vasari  with stunning view of Florence,Apartments_Florence,Entire home/apt,791.0
103 - Apartment,Verdiana,Entire home/apt,149.0
"Vasari Flat, Florentine Getaway Near Ponte Vecchio",Giulio & Veronica,Entire home/apt,338.0
Stanza Ap Wi fi e cucina,Alessio,Private room,112.0
Studio Mediceo in San Lorenzo - no steps to enter!,Giovanni,Entire home/apt,175.0
Ponte Vecchio Guelfo with balcony,Apartments_Florence,Entire home/apt,558.0
The Saint Georgie Apartment,Giulio & Veronica,Entire home/apt,156.0
Alla Chiesina,Cristina,Private room,66.0
Accanto al Duomo Firenze centro 4pax,Manuele,Entire home/apt,216.0
Quiet & Modern Retreat • Walk to Center • 4.99,Lorenzo,Entire home/apt,165.0
Elegante Appartamento con Vista Duomo,Emanuela,Entire home/apt,184.0
Lily Loft Florence,Roberta,Entire home/apt,126.0
Nido di Galileo,Gennaro,Entire home/apt,186.0
[Santo Spirito] Prestige View +2Suite,Gama,Entire home/apt,174.0
Botticelli historic house,Gabriele,Entire home/apt,108.0
Luxury river view apartment. Biblioteca Nazionale,Genteel Home Italy,Entire home/apt,438.0
Servi Deluxe Apartament,Leonardo,Entire home/apt,300.0
Frimi boutique apartment,Viola,Entire home/apt,406.0
Xiangyue Firenze,Fushun,Private room,65.0
FestinaLente 1 San Frediano,Julinda,Private room,83.0
FestinaLente 2 San Frediano,Julinda,Private room,83.0
FestinaLente 3 San Frediano,Julinda,Private room,83.0
Loft in Piazza Dalmazia,Nicole,Entire home/apt,149.0
Duomo Modern Suite,Luca,Entire home/apt,
An easy stay a step away from the city center,Alessandro,Entire home/apt,133.0
Spartaco Prestigious Apartment,Lorenzo,Entire home/apt,189.0
Leopoldo Cozy Loft – Wifi - AC - Tramvia,Alessio,Entire home/apt,194.0
Stanza Privata Firenze Novoli letto a castello,Barbara,Private room,66.0
"Santa Maria Novella, Stanza tripla",Mario,Private room,205.0
My Luxury M&G Florence,Living Luxury,Entire home/apt,217.0
"Santa Maria Novella, Stanza doppia",Mario,Private room,205.0
Boho - Sweet Dreams in Florence,Irene,Entire home/apt,328.0
Large & cosy renovated apartment,Federico,Private room,3917.0
Appartamento Cuore Di Firenze,Kevin,Entire home/apt,172.0
Charming Florence Apartment with Patio & WiFi,Christy,Entire home/apt,124.0
Spedaluzzo - Belvedere House Stunning Hill Views,Florence Charming Apartments,Entire home/apt,175.0
Latini Home. Un angolo di luce a Firenze,Claudia,Entire home/apt,115.0
StellaRosa Amorino city center,StellaRosa,Entire home/apt,180.0
Margherita Florence Apartament,Leonardo,Entire home/apt,184.0
Pietro charming with garden,Francesco,Entire home/apt,135.0
Suite con vista sul duomo e pulizie incluse,Claudia Maria,Private room,161.0
Single Room in Florence,Silvana,Private room,149.0
Very Comfortable Apartment with private parking,Fabrizio,Entire home/apt,162.0
[Accademia] Prestigioso appartamento vista Duomo,Matteo,Entire home/apt,376.0
Finely renovated appartment in Florence,Paolo,Entire home/apt,156.0
Ampia camera a Firenze,Marco Valerio,Private room,74.0
Ridolfi Apartment by Mamo Florence,Mamo,Entire home/apt,282.0
DAFstudio603,Piero,Entire home/apt,141.0
Blue Serendipity charming apartment,Apartments Florence,Entire home/apt,
Loft di charme in Santo Spirito,Laurence,Entire home/apt,177.0
"Quintuple room near Nelson Mandela, Stadio Franchi",Diego,Private room,220.0
[DUOMO] Elegante appartamento con tre camere,CasaKey,Entire home/apt,875.0
"Charming Suite ""No Cucina""",Claudia,Entire home/apt,
Florentine Apartment,Giovanni,Entire home/apt,
Grande camera con bagno privato e balcone,Eva,Private room,103.0
Two-room apartment with garden,Agnese,Entire home/apt,143.0
"Althea Rooms, Camera matrimoniale con bagno priva.","Ira, Althea Rooms",Private room,90.0
"Camera due letti, bagno privato",Eva,Private room,92.0
Camera con bagno privato,Eva,Private room,35.0
Great apartment in the heart of Florence,Sergio,Entire home/apt,270.0
Pietro delicius under the roof,Francesco,Entire home/apt,152.0
Ponte Vecchio White apartment,Maurizio,Entire home/apt,285.0
[200m Uffizi] Il Sogno Fiorentino – Arte e Comfort,Omar,Entire home/apt,874.0
Il Magnifico - Flo Apartments,Flo Apartments,Entire home/apt,233.0
Spacious and pleasant 2-BR apt,White,Entire home/apt,123.0
"[Elegante Appartamento]10"" dal Duomo [2 bedrooms]",Simone,Entire home/apt,182.0
"Villa La Delizia, garden and parking, Florence",Giulia,Entire home/apt,189.0
Nido Loft,Rosalinda,Entire home/apt,164.0
"Nicoletta's Home, your Home in Florence",Maria,Entire home/apt,103.0
Vintage Flat- Ponchielli 8,Vieri,Entire home/apt,865.0
Appartamento 5 CUORI a Firenze,Giovanna,Entire home/apt,99.0
"Central Bellissimo Suite + wifi, a/c",Gianni,Entire home/apt,371.0
Florence White House Sinistra,Bianca,Entire home/apt,199.0
Brunelleschi con posto auto,Eleonora,Entire home/apt,
Organic loft with swimmingpool in Florence,Carlotta,Entire home/apt,119.0
Villino Dante,Niccolò,Entire home/apt,411.0
Palazzo Nori Elegant & renovated,Serena,Entire home/apt,856.0
Moderno e luminoso • centro in pochi minuti,Arduino,Entire home/apt,123.0
alberti  view,Giovanni,Entire home/apt,143.0
Sam's central & cosy apartment,Sam,Entire home/apt,114.0
Next stop: Florence!,Edo & Rita,Entire home/apt,180.0
Casa degli Aliotti,Niccolò,Entire home/apt,160.0
Il Gelsomino,Cristiana,Entire home/apt,101.0
Dimora nuvola apartament,Leonardo,Entire home/apt,300.0
historical center apt with elevator,Cicci S.R.L,Entire home/apt,286.0
San Giuseppe in Santa Croce,Riccardo,Entire home/apt,439.0
Florence Chic Modern Apartment 106,Silvia,Entire home/apt,147.0
Central Retreat near Ponte Vecchio,S.R.L,Entire home/apt,247.0
[Centro] Loft Savonarola,Ciro,Entire home/apt,136.0
New Station Apartment Florence,Anna,Entire home/apt,93.0
Loft Firenze centro | Affreschi | Duomo a 6 minuti,Valentina,Entire home/apt,140.0
Jolie's room,Serena,Private room,
YiD elegant aparment with garden,Roberto,Entire home/apt,188.0
The Romana Apartment,Giulio & Veronica,Entire home/apt,288.0
Santa Maria Novella Garden Apt,Tommaso,Entire home/apt,174.0
long period rental in Florence,Lorenzo,Entire home/apt,66.0
Il Rifugio di Gianmarco,Fabrizio,Entire home/apt,215.0
Santa Maria Novella Red,Alessandro,Entire home/apt,
GuestHost - Santa Maria Novella Nest Carlo Studio,GuestHost - Welcome To Italy,Entire home/apt,89.0
(central) Lussuosissimo 2 Suites Apartment,Gianni,Entire home/apt,443.0
Albizi penthouse by geco vacation rentals,Samantha Geco Vacation Rentals GECO Srl,Entire home/apt,1206.0
Isola Verde 2 Bedrooms Apartment,Claire,Entire home/apt,120.0
Healthy Home,Clarissa,Private room,86.0
Oasi Eco con Balcone nel Cuore di Firenze,Michele,Entire home/apt,293.0
"""The New Yorker"": Quiet & Bright house in Florence",Miriam,Entire home/apt,162.0
La Perla nel cuore di Firenze,Pasquale,Entire home/apt,115.0
Healthy Home | Caracciolo Private Suite,Healthy Home Di Clarissa & Andrea,Entire home/apt,84.0
Healthy Home | Le Cure,Healthy Home Di Clarissa & Andrea,Entire home/apt,270.0
Charming flat in the heart of S. Frediano,Liliana,Entire home/apt,243.0
"il terrazzino 
vista duomo",Donatella,Entire home/apt,320.0
Pandolfini Apartment,Saverio,Entire home/apt,
Lettera dall' Oltrarno Elegante A/C Free Wi FI,Sibilla Peccerini,Entire home/apt,293.0
Dimora D'Artista,Michele,Entire home/apt,186.0
Egidio Spacious and bright 300mt from the Duomo,Florence Charming Apartments,Entire home/apt,165.0
Firenze Ponte Vecchio 2 BDR 2 BTH Left *,Alberto,Entire home/apt,208.0
Firenze Ponte Vecchio 2 BDR 2 BTH Right,Alberto,Entire home/apt,273.0
(600 meters from the Duomo) Elegant Suite,Tancredi,Entire home/apt,192.0
La Dimora di Cristiano,Fabrizio,Entire home/apt,251.0
"PP-Panoramic, between City Center and the Airport",Lorenzo,Entire home/apt,106.0
Golden Luxe Penthouse + view Piazza della Signoria,Golden Luxe,Entire home/apt,1090.0
Faentina 51,Ambra,Entire home/apt,91.0
Central Duomo Room with Private Bath,Ibrahim,Private room,104.0
La Margherita By MMega,MMega Homes And Villas,Entire home/apt,187.0
loft delle cure,Lorenzo,Entire home/apt,134.0
YiD Romito 1bdr design apartment,Roberto,Entire home/apt,156.0
YiD Romito 3bdr design apartment,Roberto,Entire home/apt,256.0
Charming Historic Florence Apt,Lihi,Entire home/apt,93.0
Large Central Florence Flat 2 Bedrooms 2 Bathrooms,Marco,Entire home/apt,146.0
ghibellina a/c free wi fi,Sibilla Peccerini,Entire home/apt,
Biliotti House,Fabrizio,Entire home/apt,450.0
Florentine Penthouse with Duomo View,Gabriel,Entire home/apt,401.0
GuestHost - Casa di Ebe Campo di Marte Flat,GuestHost - Welcome To Italy,Entire home/apt,87.0
Borgognissanti Suite,Valerio,Entire home/apt,142.0
Duomo - Amazing Maisonette,Cristina E Raffaele,Entire home/apt,290.0
Tao apartment 2,Sandro,Entire home/apt,189.0
Pinti Studio,Giulio & Veronica,Entire home/apt,114.0
Sant'Annunziata Apartment,Tuscan Feeling,Entire home/apt,231.0
Mdr Appartamento via delle Ruote,MDR By Ciao Florence Tours,Entire home/apt,580.0
Thouar with lift A/C wifi,Sibilla Peccerini,Entire home/apt,183.0
Swing Statuto,Alessandro,Entire home/apt,145.0
apartament breath of love,Pasquale,Entire home/apt,149.0
Double room in a peaceful area (+ private parking),Pablo,Private room,103.0
Grande stanza in stile toscano,Elena Stibbert,Private room,76.0
Mazzini Cozy Appartment,Bernardo Filippo,Entire home/apt,148.0
Zelda's Smart & Cozy Apartment in Florence,Daria Alekseevna,Entire home/apt,89.0
Attico Brunelleschi,Nicole,Entire home/apt,261.0
Magenty Exclusive Apt [Porta al Prato-Station SMN],Erika,Entire home/apt,191.0
[200 mt from the Duomo] in the heart of Florence,Jessica,Entire home/apt,137.0
Lila rooms 3,Lilianna,Private room,78.0
Lila rooms 1,Lilianna,Private room,79.0
"Lila rooms 2, Florence",Lilianna,Private room,79.0
Nel centro di Firenze.,Vincenzo,Private room,83.0
[Signoria] Appartamento Caratteristico e Spazioso,Matteo,Entire home/apt,585.0
Un Bacio a Firenze,Holidu,Entire home/apt,165.0
San Damiano,Maria Clara,Entire home/apt,260.0
Sweet Florence close to Bargello 1,Nik,Entire home/apt,57.0
L'angolo dell'arte By MMega,MMega Homes And Villas,Entire home/apt,303.0
L'appartamento di Ettore,Camilla,Entire home/apt,306.0
Homelink Firenze - The Key - Single Room A/C,Carlotta,Private room,79.0
Ricorboli on the river,Francesco,Entire home/apt,101.0
Cozy Apt • A/C • Ultra-Fast WiFi • NO ZTL,Gabriella,Entire home/apt,79.0
Elegant Apt in Historic Center – Central Market,Marco,Entire home/apt,143.0
Florence Underground,Marisa,Entire home/apt,161.0
Ser Brunellesco Lapi Luxury,Manuele,Entire home/apt,198.0
GuestHost - The Sun of Florence Home,GuestHost - Welcome To Italy,Entire home/apt,109.0
The Secret Pupi's Terrace in the city center,Andrea,Entire home/apt,731.0
Duomo Charming Studio,Luca,Entire home/apt,136.0
Firenze Parlagio Charming Central Suite,E Apartments,Entire home/apt,
Exclusive & Elegant Neogothic Suite ~ Elevator,Mattia,Entire home/apt,292.0
Firenze Parlagio Elite - Central Suite,E Apartments,Entire home/apt,
Firenze Parlagio Residence Duplex,E Apartments,Entire home/apt,
Orcagna 10 Elegante appartamento,Agnese,Entire home/apt,229.0
Casa Cialdini,Giorgio,Entire home/apt,322.0
Servi 1368 - Luxury Apartment,Manuele,Entire home/apt,409.0
Lietta Apartment,HouseFlo,Entire home/apt,144.0
UNYCA - Charming San Lorenzo Apartment [Florence],UNYCA-Ream,Entire home/apt,236.0
Cute & Stylish 5*Apt 2-min walk to PonteVecchio,Emma,Entire home/apt,275.0
UNYCA - Spacious Family Retreat in Florence,UNYCA-Ream,Entire home/apt,
"UNYCA- Elegant Apartment ""Santo Spirito""",UNYCA-Ream,Entire home/apt,164.0
UNYCA - Santa Croce Terrace,UNYCA-Ream,Entire home/apt,219.0
UNYCA - Florence Modern Apartment,UNYCA-Ream,Entire home/apt,172.0
UNYCA - Florence Renaissance Apartment,UNYCA-Ream,Entire home/apt,202.0
Rose apartment [5 min centro] comfort ed eleganza,Nadia,Entire home/apt,150.0
Chi_Ama FirenzeTourist Rental and Smart Working,Mila,Entire home/apt,122.0
Poggi7 Loft,Giampiero,Private room,118.0
Piazza Santo Spirito Magic,Alberto,Entire home/apt,242.0
Angela Belfiore: lightfull place,Gianfranco,Entire home/apt,121.0
"Bargellino, pieno centro.",Stefania,Entire home/apt,125.0
Maison San Niccolò Always Florence Collection,Patrizia,Entire home/apt,
La Magnolia Firenze,Paolo,Entire home/apt,149.0
"Galileo's House [Wi-Fi Netflix, vicino a tutto ]",Paola,Entire home/apt,172.0
Santo Spirito Room,Enrico,Entire home/apt,120.0
Giglio di Firenze By MMega,MMega Homes And Villas,Entire home/apt,272.0
"Romito 38, Camera matrimoniale 2 persone 3 minu...",B&B,Private room,84.0
"Romito 38, Camera matrimoniale bagno esterno pr...",B&B,Private room,83.0
"Romito 38, Stanza matrimoniale 2 pax 3 min cent...",B&B,Private room,100.0
Bright & Cozy Apt Steps from the Center,Simona,Entire home/apt,126.0
Cavour Rosa Apartment by Mamo Florence,Mamo,Entire home/apt,163.0
Chic Mamma Charme Suite,Sergio,Entire home/apt,181.0
Dream House Scialoia,Fabio,Entire home/apt,132.0
The Secret Garden,Barbara,Entire home/apt,123.0
Talla Home,Gianluca,Entire home/apt,166.0
"Firenze terrazza, doppio parcheggio",Holidu,Entire home/apt,150.0
[Pontevecchio] Design e comfort in palazzo storico,Matteo,Entire home/apt,465.0
Faenza 64,Roberto,Entire home/apt,279.0
Irene’s House,Frederik,Entire home/apt,
Santa Croce Cozy House,Lorenzo,Entire home/apt,127.0
Elena’s House,Frederik,Entire home/apt,
Moderno Open Space a pochi passi da Duomo,Emanuela,Entire home/apt,153.0
Canacci Charme (AC),Francesca,Entire home/apt,188.0
Lovely Apartment With Stunning View from Terrace,Chiara,Entire home/apt,224.0
Independent Micro-Apartment With Garden,Giovanni,Private room,73.0
Bright Last-Floor Apartment with Terrace,Houseflo,Entire home/apt,171.0
Appartamento Azeglio - San Firenze Collection,Cristina,Entire home/apt,129.0
Pontevecchio Apt • Free Wi-Fi & A/C,Sibilla Peccerini,Entire home/apt,190.0
L'Accademia. Appartamento centralissimo,Giancarlo,Entire home/apt,172.0
Antonella Elegant 3-Bedroom in Prime Location,Florence Charming Apartments,Entire home/apt,227.0
Lion's apartment,Roberta,Entire home/apt,102.0
Nice one bedroom apartment nearby Uffizi,Chiara,Entire home/apt,117.0
Timeless charm with Cupola view,Morena,Entire home/apt,472.0
"New Luxury Penthouse, Steps from the City Center",Tommaso,Entire home/apt,410.0
Il sogno di Melina,Carmela,Entire home/apt,209.0
Santo Spirito · Elegant 2BR 2BA · Ponte Vecchio,Lorenzo,Entire home/apt,320.0
Tommy House San Frediano,Alfredo,Entire home/apt,212.0
CASA ENEA camera matrimoniale con bagno privato,Massimiliano,Private room,86.0
White Iris Apartment,Home Rental Florence Srl,Entire home/apt,170.0
Depandance Small apartment,Anna Viola,Entire home/apt,55.0
Santa Croce With Courtyard,Stanislav,Entire home/apt,120.0
Sant'Ambrogio with courtyard,Stanislav,Entire home/apt,111.0
Silverkammer · Design studio & rooms · ex facto...,Elizabeth,Private room,172.0
Bartolommeo’s Bright Apartment,Silvia,Entire home/apt,154.0
Filo 48,Filomena,Entire home/apt,400.0
Cozy atp near giardino di boboli,Foroughsadat,Entire home/apt,168.0
[Santa Croce] Breath-taking Penthouse,Giulia,Entire home/apt,324.0
Bilocale con servizi in centro,Vale,Entire home/apt,190.0
Victoria’s luxurious flat,Anna Clementina,Entire home/apt,
Maison San Paolino,Lorenzo,Entire home/apt,284.0
Santa Maria Novella Apartment,Sid,Entire home/apt,143.0
Villa Gamberaia,Lorenzo,Entire home/apt,10180.0
Micheli Charming Apt [Steps from Duomo-Quiet Stay],Erika,Entire home/apt,159.0
L' Appartamento di Annalu',Camilla,Entire home/apt,231.0
Casa Laura,Lorenzo,Entire home/apt,150.0
"""Ponte Vecchio"" - Barbadori N. Seven",Giulio & Veronica,Entire home/apt,170.0
Purple Lily Apartment,Home Rental Florence Srl,Entire home/apt,133.0
L'Oasi di San Frediano: 2 suite private,Mois,Entire home/apt,113.0
La Corte di Peretola Boutique Apartment,Patrizia,Entire home/apt,166.0
Numa | Large Room Near Florence Cathedral,Numa Florence Palazzo Haggis,Entire home/apt,113.0
"Attico Vista Duomo, 7 min. con Tranvia da Stazione",Ginevra,Entire home/apt,160.0
Appartamento San Gallo,Holidu,Entire home/apt,
Tommy - Sweet Dreams in Florence,Irene,Entire home/apt,327.0
[Stazione 2 minuti] suite storica • 3 camere,Simone,Entire home/apt,202.0
Duomo View • In the Heart of Florence,Jacopo,Entire home/apt,174.0
Comfort Oasi,Costel,Private room,103.0
Sauro River View By MMega,MMega Homes And Villas,Entire home/apt,210.0
Casa Amorillo - Ease and Slow,Giovanni,Entire home/apt,181.0
Loft moderno vista centro città J House,Luisa,Entire home/apt,766.0
"Bright, spacious apartment next to the city center",Silvia,Entire home/apt,133.0
Monolocale Tiziana,Tiziana,Entire home/apt,55.0
Apt Luminoso a Careggi: Comfort 15Min dal Centro,Rental Lab,Entire home/apt,
Roof-top Anguillara: Duomo e Bargello View,Silvia,Entire home/apt,506.0
Florence Olive Grove,Nido Verde Di Joshua E Giulia,Entire home/apt,159.0
Lungarno Suite Love [near to City Center],Erika,Entire home/apt,97.0
"Soggiorno Venere, Stanza con un letto 1",Najat,Private room,120.0
Boutique Apartments - Primavera,Amazing Italian Retreats,Private room,185.0
Piazza della Signoria | Historic & Cozy Apartment,Gabriella,Entire home/apt,
Boutique Apartment,Amazing Italian Retreats,Entire home/apt,246.0
Apartment well connected to the centre,Intrho Toscana Srl,Entire home/apt,193.0
Charming Vico,Niccolò,Entire home/apt,232.0
Numa | Large Room w/ Bathtub near Cathedral,Numa Florence Palazzo Haggis,Entire home/apt,126.0
Numa | Extra Large Room near Florence Cathedral,Numa Florence Palazzo Haggis,Entire home/apt,103.0
Numa | 1 Bedroom Duplex Apartment with Terrace,Numa Florence Palazzo Haggis,Entire home/apt,164.0
Casa di Anna,Augusto,Entire home/apt,117.0
Aqa Palace - Apartments in the historic center,Paolo,Entire home/apt,336.0
Monolocale Leopolda,Gabriele,Entire home/apt,
Clarice Studio Suite,Le 5 Lampade,Entire home/apt,212.0
"UNYCA- Elegant En-suite ""Santa Maria Novella""",UNYCA-Ream,Entire home/apt,180.0
"UNYCA- Elegant En-suite ""Santa Croce""",UNYCA-Ream,Entire home/apt,158.0
UNYCA - Luxury Duomo Loft [Florence],UNYCA-Ream,Entire home/apt,221.0
"UNYCA- Elegant En-suite ""San Giovanni""",UNYCA-Ream,Entire home/apt,158.0
UNYCA- Florence Residenza Storica,UNYCA-Ream,Entire home/apt,497.0
Colombo - Boutique Home in Florence,Pegaso Florence,Entire home/apt,136.0
Lucrezia Suite,Le 5 Lampade,Entire home/apt,244.0
Ginevra Suite,Le 5 Lampade,Entire home/apt,287.0
Finestra sull'Arno Atto I,Alessio,Entire home/apt,83.0
Monte Morello View By MMega,MMega Homes And Villas,Entire home/apt,
Suites Clarice & Lucrezia,Le 5 Lampade,Entire home/apt,436.0
Long period apt city center,Caterina,Entire home/apt,90.0
Irene and Elena House - Florence,Holidu,Entire home/apt,534.0
Tripla con bagno privato esterno,Mariagrazia,Private room,101.0
New Flat Lungarno del Pignone,Cosimo,Entire home/apt,260.0
Suite Piazza Libertà 15min da centro Duomo Firenze,Ilaria,Entire home/apt,191.0
Francesco Apartment by Mamo Florence,Mamo,Entire home/apt,257.0
[Sant’Ambrogio] Green Pepper Apartment,Tommaso,Entire home/apt,158.0
Santa Croce's Vintage By MMega,MMega Homes And Villas,Entire home/apt,161.0
Accogliente bilocale a 20 minuti dal centro,Simone,Entire home/apt,113.0
[Florence Comfort 5*] Steps from Iconic Sights,Giovanni,Entire home/apt,189.0
New cozy and bright Casa Dupré,Valentina,Entire home/apt,103.0
Sprone 13,Sara,Entire home/apt,227.0
Palazzina Maresa - Loft 3,Eugenio,Entire home/apt,198.0
Palazzina Maresa - Loft 4,Eugenio,Entire home/apt,332.0
"Loft Baldovini, stylish, spacious, private parking",Barbara Gala,Entire home/apt,245.0
[4min from City Center] • 2 Rooms with Workspaces,Lucia,Entire home/apt,614.0
Luxury Bridge Apartment,Lorenzo,Entire home/apt,270.0
Studio alle Antiche Mura,Giulia,Entire home/apt,286.0
Straight view on Ponte Vecchio,Paola,Entire home/apt,411.0
Adele Apartment by Mamo Florence,Mamo,Entire home/apt,57.0
"c-hotels Alamanni21, Stanza con un letto 2",⁨C-Hotels Alamanni21⁩,Private room,106.0
"c-hotels Alamanni21, Stanza con un letto 1",⁨C-Hotels Alamanni21⁩,Private room,106.0
Santa Trinita in style,Angela,Entire home/apt,236.0
Casa Omero Firenze,Omero,Entire home/apt,117.0
New Ground Floor Apartment and Patio,Nyoman,Entire home/apt,422.0
San Gallo Florence studio,Stefania,Entire home/apt,163.0
Gemma in Santo Spirito,Sasha,Entire home/apt,151.0
[Stazione SMN] Flavio & Bea Guest House,Giovanni,Entire home/apt,192.0
Simple stay Florence 7 min centre & station,Salvatore,Entire home/apt,118.0
"Annalena Garden View: quiet, centrally located apt",Edoardo Robert James,Entire home/apt,178.0
"Ampio bilocale centralissimo, Firenze",Dario,Entire home/apt,217.0
Florence between city centre and train station,Santa,Entire home/apt,137.0
Suite di lusso ~ 5 minuti a piedi dal Duomo,Edoardo,Entire home/apt,355.0
Red Lily Apartment,Home Rental Florence Srl,Entire home/apt,121.0
Raffaello Terraces - 3 Terraces Roof Top Florence,Francesco,Entire home/apt,217.0
Arco Apartment,Maria,Entire home/apt,578.0
"c-hotels Alamanni21, Stanza con un letto 4",⁨C-Hotels Alamanni21⁩,Private room,145.0
"c-hotels Alamanni21, Stanza con un letto 3",⁨C-Hotels Alamanni21⁩,Private room,106.0
Casa Bonito 4 posti letto,Benedetta,Entire home/apt,156.0
Cozy 1-BR Near Ponte Vecchio,Grandma Wilma,Private room,175.0
Belfiore 58: Messer Leonardo,Gianfranco,Entire home/apt,126.0
Maison Costa dei Magnoli,Lorenzo,Entire home/apt,134.0
Middle Bridge Apartment,Federico E Jlenia,Entire home/apt,
[Careggi] Comfy Apartment,Giulia,Entire home/apt,450.0
Guelfo Apartment by Mamo Florence,Mamo,Entire home/apt,305.0
Charming flat next to the city center (no stairs),Andrea,Entire home/apt,141.0
Faentina 102 · Stylish Florence Apartment,Michele,Entire home/apt,218.0
Firenze Romantica,Cosimo,Entire home/apt,188.0
Stylish suite in authentic area •Notes of Florence,Giovanni Gargini,Entire home/apt,108.0
Cozy classic Italian house,Erica,Entire home/apt,194.0
Apt 2 Duomo Blu,Giulia,Entire home/apt,217.0
La Casa di Lia - centro storico,Stefano,Entire home/apt,628.0
Marina's Home [close to city center],Erika,Entire home/apt,124.0
Suite Firenze Centrale [Duomo-Stazione-Mercato],⁨Niccolo'⁩,Entire home/apt,125.0
la boccaccina,Giacomo,Entire home/apt,137.0
The Florence Gateway,Simone,Entire home/apt,154.0
"Romina Apartment, Florence, Campo Marte",Samantha Geco Vacation Rentals GECO Srl,Entire home/apt,
Modern flat - short walk from Santa Maria Novella,Andrea,Entire home/apt,131.0
Orto botanico apartment with terrace and dome view,Samantha Geco Vacation Rentals GECO Srl,Entire home/apt,419.0
Azzurra Elegant Home,Benedetta Amendola,Entire home/apt,213.0
3bd top location apt .  Florence,Antonella,Entire home/apt,571.0
Little Home - Sweet Dreams in Florence,Irene,Entire home/apt,
San giorgio Ponte Vecchio Villa Bardini,Michele,Entire home/apt,144.0
Studio Vittoria,Jacopo Vettori,Entire home/apt,105.0
"[Duomo] Venus Suite, A/C, Station S.M. Novella",Yulieth Andrea,Entire home/apt,115.0
"House ofJasmin&Medlar, Firenze. Free park, No ZTL",Maria Cristina,Entire home/apt,236.0
CASA LU' - Milù Holidays Firenze Monolocale,Gabriella,Entire home/apt,215.0
CASA VI' - Milù Holidays Firenze Trilocale,Gabriella,Entire home/apt,267.0
Sabry's Penthouse + Rooftop,Domus Doc,Entire home/apt,455.0
UNYCA - Cozy Studio in Florence,UNYCA-Ream,Entire home/apt,170.0
Santo spirito cozy apartment,Martina,Entire home/apt,129.0
Apt. Luna -Firenze a portata di mano,Adalgisa Giulia,Entire home/apt,180.0
one minute walk from everything,Guido,Entire home/apt,133.0
Charming Suite,Claudia,Entire home/apt,202.0
Nice & Comfort Flat in Florence,Claudio,Entire home/apt,104.0
Volte e archi,Stefi,Entire home/apt,103.0
Lovely Apartment,Elisa,Entire home/apt,139.0
Luxurious View on Santa Croce (centre),DreamingInFlorence,Entire home/apt,159.0
Two-Room Apt Near Ponte Vecchio and Palazzo Pitti,Gianmarco,Entire home/apt,
[San Frediano] Quiet and modern,Jessica,Entire home/apt,137.0
Private Parking+3 Floors+Outside,Susana,Entire home/apt,208.0
[Elegant 2-Bedrooms loft] Ultra-fast Wifi & A/C,Lorenzo,Entire home/apt,153.0
Firenze Rentals Deluxe Corso 14 with Duomo View,⁨Samuel & Paolo For Firenze Rentals®⁩,Entire home/apt,296.0
San Frediano 36,Lorenzo,Entire home/apt,116.0
La Casetta di Nic,Niccolò,Entire home/apt,143.0
Magenta apt,Alessandro,Entire home/apt,235.0
La casa di Orsola,Luigi,Entire home/apt,149.0
Loft nuovo a 15 minuti da centro Firenze Duomo,Ilaria,Entire home/apt,137.0
Campuccio Dream,Anna,Entire home/apt,118.0
Appartamento Allegri - San Firenze Collection,Cristina,Entire home/apt,156.0
Camaldoli Apartment,Giulio & Veronica,Entire home/apt,146.0
Keys of Italy -VVecchia24 -Central Studio St Croce,Keys Of Italy,Entire home/apt,179.0
"La Terrazza, Santi Apostoli Palazzo Degli Altoviti",Carmen,Entire home/apt,440.0
Keys of Italy -Senese38-2Bedrs Apt by Porta Romana,Keys Of Italy,Entire home/apt,118.0
Apt 4 Duomo Rosso,Rosanna,Entire home/apt,280.0
"Loft Baldovini, cozy, quiet with private parking",Barbara Gala,Entire home/apt,274.0
Da Vinci B&B {Apartment Near Florence Centre},Leonardo,Entire home/apt,132.0
[Duomo] Suggestiva Penthouse con Vista Duomo,Matteo,Entire home/apt,325.0
Pitti's design apartment,Lapo,Entire home/apt,326.0
Tower View Apartment,Lorenzo,Entire home/apt,246.0
Casa Piagentina-Florence city Free Parking,Domenico,Entire home/apt,187.0
Celestes by London 53,Claudia Marian,Entire home/apt,303.0
Sunny Rooftop Apartment,Lorenzo,Entire home/apt,467.0
Bonsi Home- vista Duomo Firenze,Gerardo,Entire home/apt,142.0
UNYCA - Ponte Vecchio Florence Apartment,UNYCA-Ream,Entire home/apt,191.0
CS Giorgio Hidden Gem Close to Ponte Vecchio,Florence Charming Apartments,Entire home/apt,130.0
Florence loft giardino Boboli,Luca,Entire home/apt,400.0
"Strange Uncle B&B, Strange Uncle Bourbon St Roo...",Breditz,Private room,115.0
"Strange Uncle B&B, Strange Uncle 1001 nights ro...",Breditz,Private room,156.0
"Strange Uncle B&B, Strange Uncle, The Green Ens...",Breditz,Private room,156.0
Design Unit with Incredible View,Sofia,Entire home/apt,931.0
Mimi’s house,Vilson,Entire home/apt,123.0
Elegante appartamento vicino al centro di Firenze,Giuliano,Entire home/apt,361.0
PeacockHouse a Firenze,David,Entire home/apt,95.0
Verrazzano House Florence,Home Rental Florence Srl,Entire home/apt,150.0
Oasi di charme ed eleganza nel cuore di Firenze,Tamás & Annalisa,Entire home/apt,343.0
Uffizi Living: Storia e Arte sotto Casa,Gregorio,Entire home/apt,
Florentia Viola Apartament I,Francesca,Entire home/apt,
𝓜agnificent Duomo 170sqm Grand Luxury Apartment,Sandra,Entire home/apt,610.0
"New Florence ""Ercole""suite with pool",Simone,Entire home/apt,177.0
"New Florence ""Afrodite"" suite with pool",Simone,Entire home/apt,188.0
"New Florence ""Armònia"" suite with pool",Simone,Entire home/apt,188.0
Cooker Chianti,Intrho Toscana Srl,Entire home/apt,233.0
Gorgeous & Brilliant apt in the heart of Florence,Sarah,Entire home/apt,144.0
Centralissimo adatto coppia spazio esterno,Renata,Entire home/apt,203.0
La tua casa a Firenze,Anna Nunzia,Private room,158.0
Sacha Apartment by Mamo Florence,Mamo,Entire home/apt,214.0
Attico con terrazza panoramica,Viola,Entire home/apt,290.0
Alfieri Apartment,Giulio & Veronica,Entire home/apt,142.0
Spacious Luxury APT w/ Terrace in Florence Centre,Diego,Entire home/apt,255.0
In the heart of Florence,Samuele,Entire home/apt,
S.Spirito Mini Suite,Antonio,Private room,138.0
Tornabuoni luxury apartment panoramic view,Edoardo,Entire home/apt,306.0
Orto Apartment by Mamo Florence,Mamo,Entire home/apt,175.0
Residens Piagentina,Maria,Entire home/apt,124.0
Tigro & Nero House,Sabina,Private room,67.0
Valia Florence Pitti 1 next to Pitti Palace,Marina,Entire home/apt,144.0
Valia Florence Pitti 3 next to Pitti Palace,Marina,Entire home/apt,93.0
Pindemonte Deluxe Apartment,Lorenzo,Entire home/apt,207.0
Santo Spirito Nest,Lorenzo,Entire home/apt,125.0
Cozy apartament in town /station,Niccolo,Entire home/apt,234.0
Ricasoli Luxury Palace,Lorenzo,Entire home/apt,674.0
Ricasoli Frescoes Apartment,Lorenzo,Entire home/apt,212.0
Exclusive Suite at Boboli Garden 3' to Pitti Plaza,Mattia,Entire home/apt,114.0
Palazzo Angelico · Private Garden on the Arno,Andrea,Entire home/apt,850.0
Florence Central Station Santa Maria Novella,Manuele,Entire home/apt,193.0
Piccola nicchia di passione,Debora,Entire home/apt,145.0
Oasi di Pace con Giardino Privato,Gabriele,Entire home/apt,192.0
Crystal house,Nido Verde Di Joshua E Giulia,Entire home/apt,139.0
Firenze Centro+Chic+Art on Arno,Matthias,Entire home/apt,135.0
Firenze centro grazioso e particolare appartamento,Anto Bibi,Entire home/apt,140.0
Madame Isabella Belfiore,Gianfranco,Entire home/apt,120.0
Cappuccetto Rosso Belfiore,Gianfranco,Entire home/apt,130.0
Stanza centrale con balcone e bagno privati,Federico E Sofia,Private room,92.0
[Cellini's House] - 3 minuti dal Duomo,Gregorio,Entire home/apt,
[18 minuti da Firenze] - Parcheggio gratuito,Gregorio,Entire home/apt,112.0
Reparata Wide Beautiful 10 min to Train Station,Florence Charming Apartments,Entire home/apt,153.0
Freedom Florence Apartment+private parking,Leonardo,Entire home/apt,109.0
Santo Spirito cute Loft,Alessandro,Entire home/apt,130.0
Casa Petri,Tiziana,Entire home/apt,128.0
Suite di Design a Passi dal Duomo,Gabriele,Entire home/apt,212.0
Luxurious View on Pitti Palace - 2 Bedr ( Centro ),Lorenzo,Entire home/apt,143.0
Poggio Paradiso,Piero,Entire home/apt,233.0
Mon Amour Apartment,Stefano,Entire home/apt,135.0
Chalet Superior,Hu Firenze Camping In Town,Entire home/apt,119.0
Central Nest By MMega,MMega Homes And Villas,Entire home/apt,161.0
[BorgoAllegri] Suite +Apartment,Gama,Entire home/apt,99.0
New Duomo Amazing Terrace view.,Simone,Entire home/apt,434.0
Montebello apartment,Valentina,Entire home/apt,320.0
Luxury House in Florence,Mert,Entire home/apt,218.0
Charming Nest in Pz. S.Croce x 2,Louise,Entire home/apt,223.0
Libertà luxury apartament,Damiano,Entire home/apt,123.0
Appartamento con Vista Mozzafiato 402 [0301b],Gianluca,Entire home/apt,340.0
Leone,Istay,Entire home/apt,169.0
Exclusive Garden Always Florence Collection,Patrizia,Entire home/apt,216.0
UNYCA - Florence Elegant Residence,UNYCA-Ream,Entire home/apt,292.0
UNYCA - Ponte Vecchio view Suite [Florence],UNYCA-Ream,Entire home/apt,391.0
Il loggiato di San Frediano,Emilio,Entire home/apt,211.0
Agnolo 73 I,Roberto,Entire home/apt,132.0
Santo Spirito apartment,Iuri,Entire home/apt,132.0
Flora Apartment,Roberta,Entire home/apt,
7even Rooms | Pac-Mac Room,Tommaso,Private room,150.0
Camera privata con bagno privato,Fiorella,Entire home/apt,96.0
Alloggi Palmini 2,Silvia,Entire home/apt,180.0
Luxury Villa Gated Parking EV Charge 7min to Duomo,Neri,Entire home/apt,675.0
[Davanti Duomo] Calzaioli Sunshine,Green Property,Entire home/apt,304.0
"Milady - Lovely, Cozy Apartment near the Center",Cristina,Entire home/apt,95.0
Casa Daniela,Daniela,Entire home/apt,127.0
Signoria private suite,Barbara,Entire home/apt,310.0
Santo Spirito Apartment,Enrico,Entire home/apt,183.0
Appartamento Tornabuoni 1 - San Firenze Collection,Cristina,Entire home/apt,182.0
Novella Apartment by Mamo Florence,Mamo,Entire home/apt,170.0
One step away from the Cupola,Windows In Florence,Entire home/apt,
Keys of Italy -VittorioE247-Charming Modern Studio,Keys Of Italy,Entire home/apt,
Oltrarno Lovely Suite in Florence,Andrew,Entire home/apt,413.0
Minnesota Apartment by Mamo Florence,Mamo,Entire home/apt,164.0
Tornabuoni Dream By MMega,MMega Homes And Villas,Entire home/apt,197.0
[Stazione SMN] Flavio Guest House,Giovanni,Entire home/apt,
A&G-Signoria Suite-Super Central,A&G Home In Florence,Entire home/apt,139.0
[Stazione SMN] Bea Guest House,Giovanni,Entire home/apt,
"""Palazzuolo Renaissance""",Andrea,Entire home/apt,296.0
New! 10 minutes from Ponte Vecchio,Sonia,Entire home/apt,174.0
Palazzo Capponi - Appartamento Adele,Sebastiano,Entire home/apt,351.0
Apartment inVilla/ spectacular view over Florence,Silvia,Entire home/apt,179.0
Silvia Apartment,Milco,Entire home/apt,148.0
Laura 10,Istay,Entire home/apt,139.0
GuestHost - San Lorenzo Central Roomy Apartment,GuestHost - Welcome To Italy,Entire home/apt,171.0
"Room privat, shared bathroom",Giovanna,Private room,58.0
Cittadella 22,Zeus Group Srl,Entire home/apt,261.0
San Frediano Suite,Lorenzo,Entire home/apt,151.0
San Niccolo Luxury House,Luca,Entire home/apt,184.0
Vespucci Luxury Apartment by Mamo Florence,Mamo,Entire home/apt,709.0
Pitti View near ponte vecchio,Kevin,Entire home/apt,155.0
Ponte Vecchio Vista Suite,Niccolò,Entire home/apt,220.0
Stanza Turchese- Firenze,FL Srl,Private room,89.0
Amanti avventura on the road,Susan Guida Turistica,Entire home/apt,52.0
Alloggio vicino aeroporto,Jennifer,Entire home/apt,188.0
L'oasi in San Frediano,Maria,Entire home/apt,173.0
Large Family Apartment in Central Florence,Andrew,Entire home/apt,246.0
Florence Cozy apartment in central Florence,Andrew,Entire home/apt,206.0
Loft a few steps by the Duomo in Florence,Andrew,Entire home/apt,251.0
Maison - Luxury and Design Three-Room Apartment,Florence Charming Apartments,Entire home/apt,162.0
Renaissance - Luxury 2-Room Apt with Frescoes,Florence Charming Apartments,Entire home/apt,192.0
Pilastri 44 Cozy Apt in the Heart of Florence,Florence Charming Apartments,Entire home/apt,195.0
Guelfa Spacious New Elegant Central Position,Florence Charming Apartments,Entire home/apt,350.0
Bella Vista City View By MMega,MMega Homes And Villas,Entire home/apt,259.0
"Best Bnb Oriani, Two bed room O2",Florjan,Private room,122.0
Keys of Italy -Orsini70 -1Bedr Apt with River View,Keys Of Italy,Entire home/apt,
Casa in Centro - Florence Old Style,Silvia,Entire home/apt,169.0
Monolocale pieno centro,Fiorella,Entire home/apt,113.0
Charming Apartment Serragli/Santa Monaca,Gregorio,Entire home/apt,188.0
"Ukiyo, Stanza con letto queen size",Marco,Private room,175.0
Roped Rooms Florence - Leonardo,Leonardo,Private room,153.0
Roped Rooms Florence - Raffaello,Leonardo,Private room,164.0
Roped Rooms Florence - Giotto,Leonardo,Private room,135.0
Roped Rooms - Michelangelo,Leonardo,Private room,155.0
Roped Rooms Florence - Donatello,Leonardo,Private room,142.0
Cute Apartment With Breathtaking Views on Duomo,White,Private room,109.0
"“Rètro Haven Retreat”, all around you.",Alexander,Entire home/apt,186.0
Charming Apartment in the Heart of Santo Spirito,Intrho Toscana Srl,Entire home/apt,201.0
Casa Neruda - Florence Center,Silvia,Entire home/apt,176.0
Next to Uffizi & Signoria (Dimora Storica),Rosario,Entire home/apt,277.0
Florentia Boutique_ Glicine,Alina,Private room,99.0
Cavour 83 Prestige House by 360 Rentals,Caroline,Entire home/apt,572.0
Pindemonte Garden By MMega,MMega Homes And Villas,Entire home/apt,265.0
Ginella la casa vintage,Holidu,Entire home/apt,
Firenze Dream Homes - Panther (Free EV Charging),Andrea,Entire home/apt,257.0
"House at The Hoxton, Florence",The Hoxton Florence,Entire home/apt,1200.0
With garden and independent access. Spring edition,Monica E Leonardo,Private room,
Brunelleschi Luxury apartment close to Duomo,Bernardo,Entire home/apt,286.0
Campuccio Luxury with Parking and Fitness Area,Florence Charming Apartments,Entire home/apt,459.0
Red house blues,Andrea,Entire home/apt,172.0
Appartamento Centralissimo,Barbara,Entire home/apt,169.0
[Santa Croce] Suite center of Florence-9 min Duomo,Simone,Entire home/apt,130.0
Appartamento Casa Roby,Ranieri,Entire home/apt,165.0
Appartamento Casa Paolo,Ranieri,Entire home/apt,
Interludio Fiorentino,Paolo,Entire home/apt,143.0
La Mandorla Suite – Duomo View & Historic Charm,Julia,Entire home/apt,271.0
Stanza Azul- Firenze,FL Srl,Private room,101.0
Il Portico di Margherita,Margherita,Entire home/apt,471.0
Macci 65 - Frescoes Apartment,Lorenzo,Entire home/apt,141.0
Macci 65 - Sant' Ambrogio Flat,Lorenzo,Entire home/apt,193.0
Apt.47 Florence - P.zza Libertà,Chiara,Entire home/apt,126.0
[Eleganza e Comfort a Firenze]VicinoCentro Careggi,Ale,Entire home/apt,210.0
Welcome to my room,Ali,Private room,165.0
"Finestra sull' Arno I + Netflix, wifi, A/C",Gianni,Entire home/apt,110.0
"Finestra sull' Arno II + Netflix, wifi, A/C",Gianni,Entire home/apt,152.0
"(vista Arno) Finestra sull' Arno VII + wifi, a/c",Gianni,Entire home/apt,93.0
Pergola Theatre Apartment,Massimiliano & Liana,Entire home/apt,384.0
Fiesolana 27 Double,Istay,Entire home/apt,119.0
Fiesolana 27 Glass,Istay,Entire home/apt,206.0
Corsica 11,Zeus Group Srl,Entire home/apt,244.0
2 suite near Pz.Michelangelo,Golden Luxe,Entire home/apt,510.0
Elegante Suite ai piedi di Pz.Michelangelo,Golden Luxe,Entire home/apt,150.0
piazzale Donatello tranquillo e confortevole,Sibilla Peccerini,Entire home/apt,341.0
Apartment Strozzi with Unique Location and View,Gabriella,Entire home/apt,128.0
Godi Fiorenza Suite,Francesca,Entire home/apt,293.0
Rinascimento Privato By MMega,MMega Homes And Villas,Entire home/apt,
Duomo Central Suite,Luca,Entire home/apt,140.0
Lungarno68,Laura,Entire home/apt,366.0
La terrazza di Marte - dimora elegante e luminosa,Camilla,Entire home/apt,158.0
Tower San Niccolo: City View & Location,Luca,Entire home/apt,153.0
Orticoltura Park Nest,Federico,Entire home/apt,147.0
Apartment Costa San Giorgio: City Unique View,Rosalia,Entire home/apt,116.0
Panoramic Home near Ponte Vecchio – 5 min Walk,Omar,Entire home/apt,629.0
Florentia Boutique_Blu Marino,Alina,Private room,110.0
The Florentine Experience,Aurora,Entire home/apt,507.0
Florentia Boutique_Giallo Ocra,Alina,Private room,115.0
The Blue Light 2 [Florence],Hafid,Entire home/apt,111.0
[Historic Center]NEWComfort Apt +Suite,Gama,Entire home/apt,78.0
La suite nel borgo,Anna,Private room,135.0
Florentia Boutique_Verde Antico,Alina,Private room,115.0
Florentia Boutique_Mattone,Alina,Private room,115.0
Top location in Oltrarno! Cozy and bright apt,Daniela,Entire home/apt,162.0
"B&B Due Abeti, b&b due abeti, stanza genziana",Stefania,Private room,
"b&b due abeti, stanza luna",Stefania,Private room,79.0
"B&B Due Abeti, b&b due abeti, stanza rondine",Stefania,Private room,76.0
Firenze Station | Modern & Elegant Apt with Style,Luca,Entire home/apt,162.0
Luxury Aparrment Il Porcellino: view & location,Simonetta,Entire home/apt,439.0
[Porta al Prato] Penthouse with a view,Tommaso,Entire home/apt,217.0
Dimora Camaldoli - Authentic Florence Experience,Maison Florence,Entire home/apt,130.0
Ambrogio 33 tre camere tre bagni,Simone,Entire home/apt,396.0
Duomo Gallery with Private Terrace,Aurora,Entire home/apt,330.0
4 Ricasoli Boutique,Tornabuoni,Private room,93.0
Gelso Due,Alessandra,Entire home/apt,360.0
Torre Benci By MMega,MMega Homes And Villas,Entire home/apt,309.0
Casa de Verdi loft con  terrazzo  panoramico,Xuhua,Entire home/apt,178.0
"Althea Rooms, Stanza con un letto","Ira, Althea Rooms",Private room,78.0
A un passo dal centro,Cristian,Entire home/apt,98.0
Appartamento Careggi Firenze con Parcheggio,Ginevra,Entire home/apt,155.0
A due passi dal centro,Alessio E Stefania,Entire home/apt,600.0
Caterino Apartment,Alberto,Entire home/apt,276.0
"""La Dépendance""",John,Entire home/apt,
Accogliente e Luminoso Appartamento Zona Soffiano,Cosimo,Entire home/apt,217.0
Terrazza sul Duomo + Parking,Lorenzo,Entire home/apt,
Appartamento Careggi - Fronte Tramvia,Alessandra,Entire home/apt,157.0
(1 minute From Ponte vecchio),Ginevra,Entire home/apt,116.0
The Batoni Apartment,Giulio & Veronica,Entire home/apt,116.0
Florence Minimal Nest,Leonardo,Entire home/apt,189.0
NH Florence - La Casina dell'Angela,Next Home Florence,Entire home/apt,230.0
Belle Donne Apartment,Top Of Tuscany,Entire home/apt,198.0
Prestigious Apt [Prime Location],Erika,Entire home/apt,129.0
Lungarno •5 min from historic center • Outside ZTL,Massimo,Entire home/apt,148.0
[-20%] Il Rifugio Fiorentino- 90m Ponte vecchio,Omar,Entire home/apt,320.0
[San Frediano] Petit Paris Fiorentina,Giulia,Entire home/apt,115.0
La Corte Segreta: Oasi in Centro,Gabriele,Entire home/apt,212.0
modern renovated home near city center & transit,Pier Luigi,Entire home/apt,172.0
San Frediano Charming Apartment,Lorenzo,Entire home/apt,167.0
Sant’Ambrogio Retreat | 2-Bed Apartment,Jacqueline,Entire home/apt,190.0
Corsi 57 - Stylish Apartment,Stefano,Entire home/apt,746.0
Vigna Nuova: Central unique location,Francesca,Entire home/apt,113.0
Casa di Botticelli – Exclusive Stay with View,Maria Teresa,Entire home/apt,142.0
a casa di enrico e luzme,Enrico,Private room,80.0
Stunning Apartment with View of Ponte Vecchio,Conte,Entire home/apt,154.0
Design Loft Belle Donne,Top Of Tuscany,Entire home/apt,135.0
Studio Fiera Congressi & Fortezza,Musta,Entire home/apt,130.0
Suite del Giglio - self check in - vicino al Duomo,Pier Francesco,Entire home/apt,117.0
Elegant Apartment With Parking,Sid,Entire home/apt,233.0
Bilo Santa Croce,Alessandro,Entire home/apt,151.0
Corte Santa Maria - Florence Dolce Vita,Florence Dolce Vita,Entire home/apt,356.0
luxury new app in san frediano,Niccolò,Entire home/apt,199.0
Florence Apt • Outside ZTL • Walk to Duomo,Gabriele,Entire home/apt,205.0
Terrace Innocenti Apartment: view & location,Gabriele,Entire home/apt,174.0
[Duomo] Cozy and modern flat,Jessica,Entire home/apt,153.0
Piazza di Santa Croce Elegant,Alberto,Entire home/apt,181.0
Due Strade APT - Oltrarno Collection,Tommaso,Entire home/apt,159.0
Villa Ede,Elena,Entire home/apt,137.0
Yome - Borgo dei Greci 17,Patrizia,Entire home/apt,155.0
YiD bright with parking,Roberto,Entire home/apt,156.0
Terrazza vista Duomo | 5 min Santa Maria Novella,Rentalo Group Srl,Entire home/apt,174.0
"Loggia della Spada, nel cuore del centro storico",Lucilla,Entire home/apt,150.0
La Stanza a Casa del Fotografo + Box Auto,Luca,Private room,78.0
Toselli By MMega,MMega Homes And Villas,Entire home/apt,133.0
Attico Casa Letizia a Firenze Toscana,Casa Letizia,Entire home/apt,206.0
YiD Cavour suite apartment,Roberto,Entire home/apt,250.0
Accogliente camera singola in Florence,Chiara,Private room,
Central Duomo 2BR • King + Single • Stylish,Elena,Entire home/apt,147.0
Along The River Apartment (oasi nel centro città),Federica,Entire home/apt,
Cleo’s Home: Design and Comfort in Florence,Camilla,Entire home/apt,188.0
via del porcellana apartment,Rocco,Entire home/apt,124.0
Sweet House near piazza della,Welchome,Entire home/apt,148.0
The Heart of Florence. Best central spot,Laura,Entire home/apt,108.0
Suite Airport FLR,Silvia,Entire home/apt,2088.0
[Four Season's] Luxury Apartment 300 mt from Duomo,Filippo,Entire home/apt,215.0
Florence quarters,Lucia,Entire home/apt,97.0
Acciaiuoli 18,Istay,Entire home/apt,196.0
Wine Apartments Florence Barbaresco 1,Wine Apartments Florence,Entire home/apt,479.0
Appartamento Centralissimo,Maurizio,Entire home/apt,123.0
Boboli Dreams- Lusso nel Cuore Storico di Firenze,Maison Florence,Entire home/apt,156.0
Meri apartment,Meri,Entire home/apt,148.0
Santo Spirito,Enrico,Entire home/apt,232.0
[Villa Strozzi] Travel Apartment,Giulia,Entire home/apt,365.0
Camera comfort alla francese,Sabina,Private room,52.0
Wine Apartments Florence Barbaresco 2,Wine Apartments Florence,Entire home/apt,379.0
Wine Apartments Florence Barbaresco 3,Wine Apartments Florence,Entire home/apt,246.0
Wine Apartments Florence Barbaresco 4,Wine Apartments Florence,Entire home/apt,296.0
Confort e Stile a San Frediano,Gianluca,Entire home/apt,200.0
"Casa Spontini, cozy apartment with balcony",Homeby,Entire home/apt,177.0
Bright Loft near Florence City Center,Luca,Entire home/apt,
Gelso Uno,Alessandra,Entire home/apt,
Santa Croce View | 13 min to Duomo | Luxury,Oriana,Entire home/apt,248.0
Centrale 3 bedrooms 2 bathrooms,Eva,Entire home/apt,213.0
Ghibellina Apartment,Tommaso,Entire home/apt,105.0
Santo Spirito Rooftop Retreat,Lorenzo,Entire home/apt,167.0
San Frediano Panoramic Terrace,Giovanni,Entire home/apt,155.0
Romana Central Apartment,Giovanni,Entire home/apt,143.0
Santo Spirito Suite – Oltrarno,Ora Experience,Entire home/apt,217.0
Monolocale indipendente centro Firenze,Mn,Entire home/apt,92.0
"Stanza con bagno, vicino Duomo",Giombattista,Private room,92.0
Sant'Ambrogio Apartments - Donatello,Giovanni,Entire home/apt,135.0
Sant'Ambrogio Apartments - Leonardo,Giovanni,Entire home/apt,130.0
Sant'Ambrogio Apartments - Michelangelo,Giovanni,Entire home/apt,125.0
Sant'Ambrogio Apartments - Raffaello,Giovanni,Entire home/apt,116.0
Cozy Loft in Uguccione: Live Like a Local,Windows In Florence,Entire home/apt,128.0
San Frediano Boutique Nº6,Homam,Private room,86.0
"Two Bedrooms ""Verdi"" Comfortable Apartment",Angelina,Entire home/apt,209.0
Bright 3BR • Terrace • Tram T2 • Quick city access,Giada,Entire home/apt,1174.0
Enjoy Firenze Flat,Francesco,Entire home/apt,68.0
Courtyard Nest,Amazing Italian Retreats,Entire home/apt,219.0
Near Duomo | Cozy Apt | AC,Olivier E Silvia,Entire home/apt,122.0
[Centro 9 min] 2 camere • A/C • elegante e moderno,Simone,Entire home/apt,154.0
Family Apartment Casa di Fabrina,Fabrina,Entire home/apt,160.0
Coastal-inspired dining & huge garden terrace,The Hoxton Florence,Private room,
Dimora Patella · Fiorentina con Suite e Vista,Antonio & Alessia,Entire home/apt,214.0
Palazzo dei diavoli 82,Carla,Entire home/apt,115.0
"Casa Le Formiche 
Your home in Florence",Nunzio,Entire home/apt,175.0
Hidden Nest,Amazing Italian Retreats,Entire home/apt,
YiD appartamento al Carmine,Roberto,Entire home/apt,175.0
The View on Santo Spirito,Loredana,Entire home/apt,159.0
YiD quiet apartment near metro,Roberto,Entire home/apt,156.0
Nice Apartment by Ponte Vecchio,Chiara,Private room,816.0
Appartamento Aurora with private parking space,Simone,Entire home/apt,95.0
Signoria apartament by Interhome,Alessandra - Interhome,Entire home/apt,230.0
"Casa Camillo, Firenze Centro con Terrazza",Rebecca,Entire home/apt,121.0
[Ponte vecchio] Luxury Suite,Kristiana Gjeka,Entire home/apt,152.0
Lc Living Firenze a pochi passi dal centro,Claudia,Entire home/apt,177.0
Appartamento comodo a Firenze,Mariangela,Entire home/apt,97.0
Casa Bargellina By MMega,MMega Homes And Villas,Entire home/apt,151.0
Fiorenza Retreat,Marco,Private room,95.0
Vintage Top-Floor Retreat in Central Florence,Lorenzo,Entire home/apt,150.0
Antina 2,Antonella,Entire home/apt,
Airport FLR Residence,Andrea,Entire home/apt,
Serragli Loft By MMega,MMega Homes And Villas,Entire home/apt,151.0
Flat for 3 City center,Francesco,Entire home/apt,119.0
"Chic, very chic",Francesco,Entire home/apt,269.0
Casa Stibbert: Garden Retreat,Manfredi Conforzi,Entire home/apt,375.0
Mannelli Apartment,Giulio & Veronica,Entire home/apt,142.0
2 Apartments attached infront train station,Gladys Gloria,Entire home/apt,250.0
Apt 3 Duomo Verde,Giulia,Entire home/apt,209.0
A due passi da Palazzo Pitti,Alessandra,Entire home/apt,61.0
"Matrimoniale 1 ""Il borghetto""",Matteo,Private room,56.0
"Matrimoniale 2. ""il borghetto""",Matteo,Private room,71.0
"Tripla n.3. ""Il borghetto""",Matteo,Private room,86.0
20 Canacci House by 360 Rentals,Andrea Frua De Angeli,Entire home/apt,157.0
San Frediano Boutique Nº7,Homam,Private room,86.0
San Frediano Boutique Nº8,Homam,Private room,86.0
San Frediano Boutique Nº9,Homam,Private room,86.0
Orchidea 2 bedroom apt 15 min walk from SMN,Chih Jen,Entire home/apt,204.0
The beauty of Oltrarno Always Florence Collection,Patrizia,Entire home/apt,180.0
Anna's Apartment – Your Home Away from Home,Maison Florence,Entire home/apt,
Magnificat apartment,Delia,Entire home/apt,200.0
Stile e Comfort a Sant’Ambrogio Firenze Centro,Gabriele,Entire home/apt,122.0
Loft delle Cure 2,Lorenzo,Entire home/apt,110.0
NH Florence - Casa Giotto,Next Home Florence,Entire home/apt,206.0
Boboli 4 bedroom apartment,Alessandro,Entire home/apt,238.0
"Historical center, huge.bright.elevator 6/8 guests",Cicci S.R.L,Entire home/apt,308.0
Le Margherite - Sweet Dreams in Florence,Irene,Entire home/apt,
Appartamento Ines - San Firenze Collection,Cristina,Entire home/apt,149.0
[Centro Storico] Loft 27,Renata,Entire home/apt,306.0
[Centro Storico] Loft 27,Renata,Private room,258.0
Tornabuoni luxury apartment,Edoardo,Entire home/apt,305.0
new modern central flat,Lorenzo,Entire home/apt,303.0
[Centro Storico] Loft 27,Renata,Entire home/apt,400.0
Bright Cozy 2BDRM 15 min Florence Center Elevator,Laura,Entire home/apt,185.0
Garden House - Sweet Dreams in Florence,Irene,Entire home/apt,
Florence Central Market,Giovanni,Entire home/apt,159.0
Sweet House in Campuccio Street,Giovanni,Entire home/apt,
Santa Maria Novella Nest,Giovanni,Entire home/apt,
Bargello Apartment,Giovanni,Entire home/apt,188.0
Alloggio Underground,Federico,Entire home/apt,53.0
Cozy Suite in Florence,Giacomo,Entire home/apt,179.0
Relax a Firenze • Luminoso • A/C e Wi-Fi veloce,Sergio Gargiani,Entire home/apt,98.0
Numa | Medium Room near Porta San Niccolò,Numa Florence Palazzo San Niccolò,Entire home/apt,122.0
Numa | Large Room near Porta San Niccolò,Numa Florence Palazzo San Niccolò,Entire home/apt,217.0
Numa | 1 Bedroom Apartment near Porta San Niccolò,Numa Florence Palazzo San Niccolò,Entire home/apt,145.0
"Numa | L Studio w/ Balcony, Kitchen & Sofa Bed",Numa Florence Palazzo San Niccolò,Entire home/apt,162.0
Numa | Large Studio with Kitchen and Sofa Bed,Numa Florence Palazzo San Niccolò,Entire home/apt,154.0
Numa | 1 Bedroom Apartment with Sofa Bed,Numa Florence Palazzo San Niccolò,Entire home/apt,211.0
Numa | Two Connecting Bedrooms with two Bathrooms,Numa Florence Palazzo San Niccolò,Entire home/apt,175.0
Appartamento nel centro di Firenze,Leandro,Entire home/apt,97.0
Numa | 1 Bedroom Duplex Apartment with Sofa Bed,Numa Florence Palazzo San Niccolò,Entire home/apt,172.0
Numa | 2 Bedroom Duplex Apartment with Sofa Bed,Numa Florence Palazzo San Niccolò,Entire home/apt,230.0
KeysofItaly -Senese31-Elegant Apt in Porta Romana,Keys Of Italy,Entire home/apt,
GuestHost - Sweet Faenza - San Lorenzo Lovely Nest,GuestHost - Welcome To Italy,Entire home/apt,99.0
"Il Giglio e il Mirto, Stanza Giglio",Angela Mercedes,Private room,75.0
Santo Spirito House,Antonio,Entire home/apt,187.0
MonoColore Apartment,Marco,Entire home/apt,132.0
Spazioso e moderno Appartamento in centro storico,Roberto,Entire home/apt,291.0
In villa zona collinare firenze,Susan Guida Turistica,Entire home/apt,52.0
10 min to Center & Airport - Bright Modern Apt,Luca,Entire home/apt,134.0
Duomo Sky Terrace,Lorenzo,Entire home/apt,318.0
Suite Monique {5 Minuti dalla Stazione},Erik,Entire home/apt,240.0
Morgagni 2 bedrooms apartment,Shiva,Entire home/apt,118.0
The Roofs of Florence Apartment,Tuscan Feeling,Entire home/apt,192.0
Elegant & Bright Apart. in San Marco,Gaelle,Entire home/apt,335.0
Santa Croce Luxury Apartment,Lorenzo,Entire home/apt,340.0
Duccio Bianchini - S.Lorenzo,Riccardo,Entire home/apt,244.0
Leonardo Bianchini-S.Lorenzo,Riccardo,Entire home/apt,251.0
Cimabue Bianchini-S.Lorenzo,Riccardo,Entire home/apt,196.0
Giotto Bianchini-S.Lorenzo,Riccardo,Entire home/apt,186.0
[Duomo] Elegante appartamento con vista Duomo,Matteo,Entire home/apt,513.0
Your Home in Florence with parking!,Mirela,Entire home/apt,207.0
Casa tipica del quartiere centrale Oltrarno,Alberto,Entire home/apt,123.0
Il Borghetto,Matteo,Entire home/apt,246.0
Torta-within walking distance of Santa Croce,Windows In Florence,Entire home/apt,154.0
Maison San Gallo By MMega,MMega Homes And Villas,Entire home/apt,253.0
Antica Posta Superior,Istay,Private room,73.0
"Antica Posta, Antica Posta Double 3",Istay,Private room,64.0
Antica Posta Double 4,Istay,Private room,68.0
"Antica Posta, Antica Posta Double 5",Istay,Private room,76.0
Antica Posta Triple Bedroom,Istay,Private room,109.0
"B&B di Alessandra, Stanza con due letti",Alessandra,Private room,154.0
Castelnuovo Hub - Sweet Dreams in Florence,Irene,Entire home/apt,254.0
Casa Savioli,HouseFlo,Entire home/apt,446.0
Charming apartment near Duomo,Tereza,Entire home/apt,232.0
Bright 3BD Apartment near Santa Croce.Teatro Verdi,Genteel Home Italy,Entire home/apt,440.0
Raffello Bianchini - S.Lorenzo,Matteo,Entire home/apt,202.0
GuestHost - Porta Romana Apartment,GuestHost - Welcome To Italy,Entire home/apt,128.0
La Maison De Mavì,Florence Privé,Entire home/apt,251.0
Moro Central Studio Apartment,Giulio And Flo,Entire home/apt,91.0
"Modern Loft, 5 min SMN – for 4, A/C, Wi-Fi, No ZTL",Antonino,Entire home/apt,265.0
Cosimo By MMega,MMega Homes And Villas,Entire home/apt,212.0
[Tornabuoni] Appartamento moderno ed elegante,Matteo,Entire home/apt,228.0
Magenta House Relax - San Frediano & SMN Station,Matteo Michele,Entire home/apt,215.0
Sweet Pergola - Flo Apartments,Flo Apartments,Entire home/apt,196.0
"Air Green Serragli, Stanza doppia",Jacopo,Private room,57.0
Loggia Panoramica By MMega,MMega Homes And Villas,Entire home/apt,217.0
Santo Spirito Artistic home,Federica,Entire home/apt,442.0
[Tornabuoni] Appartamento elegante con terrazzo,Matteo,Entire home/apt,376.0
Relaxing Garden Apt Near Historic Florence,Niccolo,Entire home/apt,116.0
Welcoming and spacious with private parking space,Marta,Entire home/apt,129.0
La Maison de Paulette,Riccardo,Entire home/apt,149.0
Florence Tower Apartment,Home Rental Florence Srl,Entire home/apt,182.0
Tu Casa in Firenze,Letizia,Entire home/apt,153.0
Novella Style Florence 1,Home Rental Florence Srl,Entire home/apt,166.0
Novella Style Florence 2,Home Rental Florence Srl,Entire home/apt,146.0
Niccolò's Apartment - Firenze Facilità Parcheggio,Renato-Junior,Entire home/apt,114.0
"Ponte Vecchio, Art & Design in Historic Palace",Francesca,Entire home/apt,537.0
Elegant Loft Serragli,Top Of Tuscany,Entire home/apt,121.0
Palazzina Maresa - Loft 1,Eugenio,Entire home/apt,274.0
NEW! Palazzina Maresa - Loft 2,Eugenio,Entire home/apt,170.0
Appartamento Mercadante,Alberto,Entire home/apt,126.0
Charming terrace flat · quick tram to centre,Francesca,Entire home/apt,135.0
"B&B di Alessandra, Stanza con letto queen size 12",Alessandra,Private room,154.0
"B&B di Alessandra, Stanza con letto queen size 13",Alessandra,Private room,89.0
"B&B di Alessandra, Stanza con letto queen size 11",Alessandra,Private room,160.0
Rossini Apartment,Daniele,Entire home/apt,100.0
Luxury Loft | Palazzo storico,Filippo,Entire home/apt,256.0
Dimora Savelli - Sweet Dreams in Florence,Irene,Entire home/apt,536.0
Mama's Home Florence | Camera Family Superior,Mama's Home Florence,Private room,174.0
Macci Apartment Santa Croce,Top Of Tuscany,Entire home/apt,94.0
"Altafronte escape, bright and cheery 2 br apartmen",Vita SRL,Entire home/apt,219.0
Prime Comfort | Elegant Florence Living | A/C,Andrea,Entire home/apt,190.0
Elegant Apartment with Balcony near the Duomo • AC,Andrea,Entire home/apt,178.0
Pilastri - Flo Apartments,Flo Apartments,Entire home/apt,179.0
Oltrarno Classic By MMega,MMega Homes And Villas,Entire home/apt,161.0
Casa di Renela - 4 posti letto,Renela,Entire home/apt,204.0
Albizi 25 Luxury Home,David,Entire home/apt,352.0
Apartment Borgo San Frediano,Anna,Entire home/apt,119.0
Duomo Suite - Dolcevita Holiday,Marco,Entire home/apt,152.0
Studio in Oltrarno Always Florence Collection,Patrizia,Entire home/apt,132.0
Apartment Oltrarno Always Florence Collection,Patrizia,Entire home/apt,
Rooms with a view and a glass of wine!,Alessio,Entire home/apt,217.0
Casa di G.,Giuseppe,Entire home/apt,91.0
Nice house near the center of florence and tramway,Alessandra,Entire home/apt,142.0
Appartamento in Piazza Dalmazia,Alberto,Entire home/apt,128.0
Bizze Santa Croce,Massimo,Entire home/apt,149.0
Casa di Claudio-Near City Center,Claudio,Entire home/apt,134.0
Charming Suite San Iacopo,Luigi,Entire home/apt,184.0
Terme Terrace by Halldis,Vita SRL,Entire home/apt,316.0
Bilocale completo wi fi Aeroporto,Alessio,Entire home/apt,135.0
3BR • Luxury Iconic Views Florence • Ponte Vecchio,Donatella,Entire home/apt,867.0
Don Minzoni Quiet Haven,Houseflo,Entire home/apt,151.0
Casina Bellavita a Firenze,Ele,Private room,149.0
One-bedroom apt. with Patio n.2,Houseflo,Entire home/apt,149.0
Lilli’s sunshine apartment,Giuseppe,Entire home/apt,129.0
Matteotti Central Luxury - Elegant Florence Stay,Immobililuxury,Entire home/apt,4480.0
Alloggi Francesco 6,Meri,Entire home/apt,168.0
Belvedere Suite Florence,Home Rental Florence Srl,Entire home/apt,120.0
Oltrarno | Tuscan Stone Flat,Arianna,Entire home/apt,250.0
Ponte Vecchio View Florence,Home Rental Florence Srl,Entire home/apt,423.0
On the Ponte Vecchio Suite,Home Rental Florence Srl,Entire home/apt,192.0
Valdichiana Family Apartment,Alessio,Entire home/apt,188.0
Firenze alloggio,Massimo,Private room,
Penthouse in Great Location with View,Giovanni,Entire home/apt,311.0
Suite Signoria - self check in - vicino al Duomo,Pier Francesco,Entire home/apt,183.0
"Casa Elena, Firenze, Toscana",Andreas,Entire home/apt,62.0
"Modì House-Elvira Room, Firenze, Posto auto gratis",Veronica,Entire home/apt,114.0
Casa Moderna con Cortile e Parcheggio Gratuito,Panteos,Entire home/apt,131.0
Giada 103 - Florence Center by Train Station,Isabella,Entire home/apt,140.0
Appartamento bello e accogliente,Sofia,Entire home/apt,237.0
[Palazzo di Lusso] Centro Storico + idromassaggio,Eva,Entire home/apt,665.0
Oltrarno Charm Apartment,Top Of Tuscany,Entire home/apt,90.0
Ponte Sospeso Apartment,Andrea,Entire home/apt,117.0
Luna Chic: a 5 minuti dal Duomo,Paolo,Entire home/apt,400.0
Florentine Room in a Shared Charming Apartment,Elisa,Private room,82.0
Room in a Shared Nobility Home,Elisa,Private room,
Charm in Florence Center with Parking,MiltonLoft,Entire home/apt,221.0
Ricky-Lerua Holiday Residence Firenze Centrale,Luciano,Entire home/apt,79.0
Solo nel Cuore di Firenze,⁨8vf⁩,Entire home/apt,103.0
Renai studio flat,Gherardo,Entire home/apt,132.0
Elegante Appartamento•Terrazza•Vicino al Centro,Girolama,Entire home/apt,158.0
Amazing Florence Apartment,Home Rental Florence Srl,Entire home/apt,190.0
l'Antica Vigna in S.Croce,Andrea,Entire home/apt,226.0
"Artist's Loft | Quiet retreat, 15 mins to Center",Bernardo,Entire home/apt,123.0
Amazing View Florence Attic,Home Rental Florence Srl,Entire home/apt,310.0
"Bright apt in Florence, Poggetto",Alessandra,Entire home/apt,
Luxury Suite a few steps from Santa Croce,Oriana,Entire home/apt,169.0
UNYCA - Florence Luxury Atelier,UNYCA-Ream,Entire home/apt,210.0
13 min from the Duomo | Boutique Luxury Suite,Oriana,Entire home/apt,162.0
13 min from the Duomo | Boutique Luxury Suite,Oriana,Private room,158.0
Silk Art Florence Apartment,Home Rental Florence Srl,Entire home/apt,186.0
(vista Arno) Perla sull’ Arno VI + wifi/ac,Gianni,Entire home/apt,94.0
Demidoff Nuovo Luminoso con Tram 50m e Parcheggio,Florence Charming Apartments,Entire home/apt,120.0
Casa Capponi | Free Garage & Terrace,Silvia,Entire home/apt,198.0
Borgo Flat 3 Floor View,Leonardo,Entire home/apt,171.0
Borgo Suite,Leonardo,Entire home/apt,128.0
Skyline Florence Apartment,Home Rental Florence Srl,Entire home/apt,201.0
Pitti Flat Skyline,Leonardo,Entire home/apt,180.0
2 Posto letto con amico,Alessio,Private room,44.0
Ser Masaccio Apartment,Istay,Entire home/apt,198.0
Santa Maria Novella penthouse,MMega Homes And Villas,Entire home/apt,265.0
"""Dei Banchi"", your charming apartment in Florence",Sergio,Entire home/apt,549.0
buon Talenti House,Patrizia,Entire home/apt,302.0
Lungarno Guicciardini Appartment,Riccardo,Entire home/apt,1085.0
Exclusive Michelangelo townhouse,Alessio,Entire home/apt,150.0
Moderno & Comfort with Terrace – 10min from center,Stefania,Entire home/apt,122.0
Magnolia Luxury Suite by Mazzini 34 Collection,Martina,Private room,255.0
Hibiscus luxury Suite by Mazzini 34 Collection,Martina,Private room,253.0
Ghiberti apartment,Alessandra,Entire home/apt,174.0
Appartamento Senese - San Firenze Collection,Cristina,Entire home/apt,160.0
YiD Ghirlandaio cozy apartment,Roberto,Entire home/apt,
Francesco Studio,Giulio & Veronica,Entire home/apt,157.0
Calatafimi 23,Zeus Group Srl,Entire home/apt,205.0
San Frediano Apartment: centrale e tranquillo,Modestino,Entire home/apt,138.0
[Porta Romana] - Cozy Apartment,Manuela,Entire home/apt,165.0
Casa Santa Marta nelle verdi colline di Firenze,Livia,Entire home/apt,
Appartamento 2 Camere + Parcheggio su Richiesta,Panteos,Entire home/apt,180.0
Torrigiani house in Santo Spirito,Caterina,Entire home/apt,245.0
[City Center] Comfort and Attractions Nearby,Bianca,Entire home/apt,204.0
Rifugio Romantico a Firenze,⁨8vf⁩,Entire home/apt,194.0
Santa Maria Novella - Flo Apartments,Flo Apartments,Entire home/apt,224.0
Santa Croce House - 4 persone,Tommaso,Entire home/apt,224.0
Florence Spotlight By MMega,MMega Homes And Villas,Entire home/apt,128.0
"B&B di Marco, Stanza tripla 5",Marco,Private room,153.0
Elegant Apartment in Historic Florence Villa,BellaVista Living,Entire home/apt,410.0
The Nest – Medici Chapels,Veronica,Entire home/apt,159.0
Palazzuolo Studio,Arianna,Entire home/apt,
Ground-Floor Retreat Steps from SMN Station,Arianna,Entire home/apt,124.0
Camera Matroniale 3,Holidu,Private room,
Camera Matrimoniale 4,Holidu,Private room,160.0
Toscanella - Flo Apartments,Flo Apartments,Entire home/apt,223.0
Sant'Ambrogio Elegant Apartment,Lorenzo,Entire home/apt,180.0
Venosta Florence,Franco,Entire home/apt,122.0
[Ponte Vecchio] Dimora d’epoca,Andrea,Entire home/apt,480.0
Appartamento Bonu - San Firenze Collection,Cristina,Entire home/apt,103.0
Dream Suite Duomo in the heart of Center,Tatiana,Entire home/apt,269.0
La Casa di Angelique - Florence Dolce Vita,Florence Dolce Vita,Entire home/apt,132.0
Lo Studio di Angelique - Florence Dolce Vita,Florence Dolce Vita,Entire home/apt,256.0
Bargello - Nine Luxury Suite + parking,Elisa,Entire home/apt,382.0
Appartamento San Marco,Tuscan Feeling,Entire home/apt,139.0
"[1km from Center, Wifi, A/C] Orcagna Design",Leonardo,Entire home/apt,296.0
Arno View Luxe Apartment,Leonardo,Entire home/apt,1650.0
City View Luxury Apartment,Leonardo,Entire home/apt,1540.0
Sweet Florence Bargello,Nik,Entire home/apt,126.0
Lift- No ZTL,Joy,Entire home/apt,139.0
San Frediano 2 Suite private,Mois,Entire home/apt,91.0
New Luxury Apartment in the Heart of Florence,Lisa,Entire home/apt,509.0
"Enrico Florence ,private Apartment, 2 bedrooms",Enrico,Entire home/apt,112.0
Del Re Florence Home,Home Rental Florence Srl,Entire home/apt,140.0
Casa Emilia 65,Eleonora,Entire home/apt,136.0
Casa Elena Near Center of Florence,Elena,Entire home/apt,177.0
Amazing Florence Guest House 1,Cristina,Entire home/apt,377.0
[1 min from Duomo] St Elisabeth apartment,Marco Alessandro,Entire home/apt,564.0
Amazing Florence Guest House 2,Cristina,Entire home/apt,377.0
Il nido di Dedy,Federica,Entire home/apt,137.0
Piazza della Signoria Tower + LIFT,Lorenzo,Entire home/apt,454.0
[2 minuti dalla stazione] Incantevole appartamento,Gregorio,Entire home/apt,117.0
"Splendid apartment, Santa Croce",Valerio,Entire home/apt,187.0
2BR a few steps from Santa Croce,Federico,Entire home/apt,237.0
UNYCA - Elegant Apartment in Oltrarno Florence,UNYCA-Ream,Entire home/apt,166.0
Rufus - Sweet Dreams in Florence,Irene,Entire home/apt,296.0
"{Suite Borgo Verde} 
A 5 minuti dalla Stazione",Erik,Entire home/apt,240.0
Monticelli apt - 6 posti letto,Massimo,Entire home/apt,220.0
Mercato Centrale Flat Luxury,Flat Florence,Entire home/apt,205.0
Soggiorno Relax Dei Medici,Giada,Entire home/apt,252.0
Golden House San Lorenzo,Top Of Tuscany,Entire home/apt,151.0
Florence F&M Via Maggio,Marco,Entire home/apt,136.0
Charming Flat in Tower • 5 min from Duomo,Alessia,Entire home/apt,218.0
Sweet Nest By MMega,MMega Homes And Villas,Entire home/apt,161.0
[Near Centre]Perfect Florence Getaway • 2 Bedrooms,Enrico,Entire home/apt,126.0
Cristian&Camilla House a Firenze by TuscanyWeGo,Irene By TuscanyWeGo,Entire home/apt,169.0
Appartamento Chic vicino al Centro di Firenze,Esmeralda,Entire home/apt,113.0
Frediano's Apartment,Edoardo,Entire home/apt,
Urban 36 | Superior Double Room,Evm Srl,Entire home/apt,188.0
Incantevole Loft nel Cuore di Firenze - Via Senese,Tancredi,Entire home/apt,113.0
Terence Cozy Apartment,Gino,Entire home/apt,146.0
MIK House/Netflix/vicino stazione treni,Michele,Entire home/apt,157.0
L'angolo Luminoso Florence,Gianna,Entire home/apt,122.0
Park View Suite,Natascha,Entire home/apt,171.0
Calzaiuoli Gold Private House with Terrace,Alfred Stays,Entire home/apt,180.0
Piccola dimora storica,Alessandra,Entire home/apt,252.0
Calzaiuoli Private House Silver,Alfred Stays,Entire home/apt,225.0
(Santa Croce) Conciatori Prestige Home,Gianni,Entire home/apt,318.0
Isidoro e Perla Florence Suites,Home Rental Florence Srl,Entire home/apt,617.0
Charm Florence Apartment,Flaminio,Entire home/apt,297.0
Urban Retreat in the heart of Florence cls station,Mattia,Entire home/apt,248.0
The Charme of Santa Croce,Home Rental Florence Srl,Entire home/apt,301.0
The Beauty of Santa Croce,Home Rental Florence Srl,Entire home/apt,301.0
Spacious 2BR Top Floor Direct Tram to City Center,Guido,Entire home/apt,162.0
Duomo Florence Apartment,Flaminio,Entire home/apt,310.0
Modern Loft just steps from the Tram 1BDR,Gregorio,Entire home/apt,124.0
2 stanze con bagno e cucina,Silvano,Private room,157.0
Authentic experience / Serragli home with terrace,Marie,Entire home/apt,132.0
Loft On The River,Tuscan Feeling,Entire home/apt,139.0
La Corte di Angelico,Anna,Entire home/apt,154.0
Deborah’s Nest,Intrho Toscana Srl,Entire home/apt,243.0
Lily Florence,Stanislav,Entire home/apt,104.0
Pilastri Apartment Near Santa Croce,Sid,Entire home/apt,110.0
Benedetta Florence Apartments,Home Rental Florence Srl,Entire home/apt,345.0
-30% Dalmazia City Center -AC- Fast WiFi - SmartTV,Simone,Entire home/apt,228.0
Blu’s house in Florence,Intrho Toscana Srl,Entire home/apt,208.0
Casa Franca: charme a Firenze,Francesco,Entire home/apt,329.0
Ferrucci Terraces / 90sqm Apt,Alessandro,Entire home/apt,141.0
Residenza Strozzi,Nido Verde Di Joshua E Giulia,Entire home/apt,289.0
SR- La tua culla nel cuore del Rinascimento,Anna Maria,Entire home/apt,205.0
Agrifogli - Sweet Dreams in Florence,Irene,Entire home/apt,
Scaletta House White Apartment,Antonio & Clara,Entire home/apt,198.0
Santa Croce retreat,Intrho Toscana Srl,Entire home/apt,185.0
Frescoes Elegance charming apartment,Apartments_Florence,Entire home/apt,386.0
Moro,Istay,Entire home/apt,269.0
Florence modern appartament,Annarita,Entire home/apt,
Riflessi D'Arno Soggiorni D'Arte by Mamo Florence,Mamo,Entire home/apt,400.0
Santa Croce Retreat By MMega,MMega Homes And Villas,Entire home/apt,162.0
San Jacopo Charming,Lorenzo,Entire home/apt,190.0
Adam and Eve Florence,Adam,Entire home/apt,360.0
Locchi habitacion  doble con baño compartido,Alex,Private room,71.0
Duomo e Charm Florence Suites,Flaminio,Entire home/apt,651.0
Alfani Modern Loft By MMega,MMega Homes And Villas,Entire home/apt,253.0
Piazza della Libertà Poggi,Alberto,Entire home/apt,179.0
Silver Glow glamorous apartment,ApartmentsFlorence,Entire home/apt,300.0
La casa di Giulia,Giulia,Entire home/apt,120.0
Lungarno Bright Apartment (Private Parking),Alessandro,Entire home/apt,175.0
GuestHost - Galliano 24 - Lovely Nest in Florence,GuestHost - Welcome To Italy,Entire home/apt,92.0
Izzo's Home,Alessio,Entire home/apt,149.0
Central groups huge apartment!,Lorenzo,Entire home/apt,531.0
Appartamento Lumà - Florentia,Flavio,Entire home/apt,342.0
Keys of Italy - MonaldaBig - Amazing 1 Bedroom,Keys Of Italy,Entire home/apt,168.0
Nido Romantico con Soppalco in Centro,Gabriele,Entire home/apt,174.0
Nel Cuore di Firenze,Sara,Entire home/apt,177.0
Appartamento Beatrice,Saverio,Entire home/apt,178.0
Loggia 17,Laura,Entire home/apt,130.0
The Jungle Hideout,Aris,Entire home/apt,163.0
1 Mirko apartment with free parking,Chiara,Entire home/apt,112.0
Healthy Home | Florentine Rustic Loft Style,Healthy Home Di Clarissa & Andrea,Entire home/apt,234.0
Lella apartment with free parking,Chiara,Entire home/apt,114.0
Wine House - Salutati,Matteo,Entire home/apt,3006.0
Live Like a Local: Sunny Flat by Via Gioberti,Olga&Ale,Entire home/apt,143.0
double cheap room,Fabiola,Private room,63.0
Camera privata Palazzuolo,Andrea,Entire home/apt,135.0
Monolocale - Residenza Pontenani,Residenza Marchesi Pontenani S.R.L,Entire home/apt,90.0
Appartamento Classic - Residenza Pontenani,Residenza Marchesi Pontenani S.R.L,Entire home/apt,153.0
One-bedroom loft - Residenza Pontenani,Residenza Marchesi Pontenani S.R.L,Entire home/apt,103.0
Appartamento Superior - Residenza Pontenani,Residenza Marchesi Pontenani S.R.L,Entire home/apt,108.0
Appartamento Deluxe - Residenza Pontenani,Residenza Marchesi Pontenani S.R.L,Entire home/apt,177.0
Appartamento Familiare - Residenza Potenani,Residenza Marchesi Pontenani S.R.L,Entire home/apt,177.0
Classic Florence A By MMega,MMega Homes And Villas,Entire home/apt,174.0
Classic Florence B By MMega,MMega Homes And Villas,Entire home/apt,174.0
Bright Retreat in Florence,Tommaso,Entire home/apt,85.0
YiD Settimello with parking,Roberto,Entire home/apt,155.0
Poggi7 Balcone,Giampiero,Private room,104.0
Boboli Historic Apartment [50MT da PITTI],Gama,Entire home/apt,90.0
YiD studio with frescoes,Roberto,Entire home/apt,175.0
UNYCA - Florence Elegant Three-Bedroom Apartment,UNYCA-Ream,Entire home/apt,261.0
GuestHost - Heart of Florence San Lorenzo Flat,GuestHost - Welcome To Italy,Entire home/apt,87.0
Gioberti Penthouse,Federico,Entire home/apt,131.0
YiD studio with garden,Roberto,Entire home/apt,163.0
Casa San Jacopino 10 minutes from the center city,Mehdi,Private room,67.0
Arty in the heart of Florence,Alessandro,Entire home/apt,192.0
apt aldobrandini lux,Marco,Entire home/apt,300.0
1 stanza con bagno e cucina,Silvano,Private room,83.0
Large apt in Libertà - F. da Basso - garden view,Lorenzo,Entire home/apt,184.0
Duomo's nest | Luminoso monolocale in Piazza Duomo,Marina,Entire home/apt,149.0
Toscana Prime Apartment - Vicino alla stazione SMN,Alaide,Entire home/apt,160.0
Il rifugio di Antinori,Alessandro,Entire home/apt,1453.0
New! flat in historical center,Giuseppe,Entire home/apt,216.0
UNYCA - Santa Croce Florence Apartment,UNYCA-Ream,Entire home/apt,229.0
Cadorna habitación doble con bano compartido,Alex,Private room,173.0
GuestHost - I Renai Modern Apartment,GuestHost - Welcome To Italy,Entire home/apt,115.0
Stylish Flat in Le Cure | Quiet & Well Connected,Matto|ne - Rental Club,Entire home/apt,102.0
Florence Grand Royal Stay,Maurizio,Entire home/apt,229.0
residenza signorile Firenze,Karena,Entire home/apt,281.0
Firenze alloggio,Massimo,Private room,46.0
JJ’s Studio apartment,Jessica,Private room,65.0
Duomo Apartament by Interhome,Alessandra - Interhome,Entire home/apt,216.0
Angolo fiorentino,Antonella,Entire home/apt,113.0
Cozy Signoria Venere,Ximena,Entire home/apt,123.0
"ModìHouse-Lunia, Firenze Posto auto privato gratis",Veronica,Entire home/apt,120.0
Mandala room,Residenza,Private room,105.0
Da Vinci Room,Residenza,Private room,75.0
BLUE SUITE - Pitti Place Residence,Annalisa,Entire home/apt,144.0
"Elegant, 2 bedrooms, beneath the Duomo, Florence",Lorenzo,Entire home/apt,269.0
Belle Donne Suite [local exp in historical center],Salvatore,Entire home/apt,173.0
Duomo Sky Loft Ricasoli,Top Of Tuscany,Entire home/apt,143.0
YiD central with 3 bedrooms,Roberto,Entire home/apt,193.0
MyDreamCastelnuovo: Parking free,Alessandra,Entire home/apt,217.0
[Terrace Apartment] 14min to Center w FREE Parking,Vittoria E Luca,Entire home/apt,209.0
"Palazzo Pitti, Luxury & Modern Apt in the Center",Giuliano,Entire home/apt,400.0
GOLD SUITE -Pitti Place Residence,Annalisa,Entire home/apt,125.0
Yellow Home By MMega,MMega Homes And Villas,Entire home/apt,251.0
#Family Apartment SMN,Francesco,Entire home/apt,153.0
The Pavilion apartment,ApartmentsFlorence,Entire home/apt,250.0
Centro Firenze | A/C | Self check-in | 4 ospiti,Mattia,Entire home/apt,296.0
Centro Firenze Intero alloggio 2 camere 2 bagni,Mattia,Entire home/apt,253.0
Stylish three-room apartment with Rooftop,Mirjam,Entire home/apt,168.0
YiD romance with terrace,Roberto,Entire home/apt,161.0
Guelfi in San Cristofano,Giulio & Veronica,Entire home/apt,150.0
Ghibellini in San Cristofano,Giulio & Veronica,Entire home/apt,120.0
lovely house landucci in Florence,Giorgio,Entire home/apt,157.0
YiD Quiet Studio by Sant'Ambrogio market &shopping,Roberto,Entire home/apt,151.0
Alessia apartment,Alessandro,Entire home/apt,
YiD Fortezza style and views,Roberto,Entire home/apt,341.0
GreenSuite,Alessandro,Entire home/apt,143.0
Casa Tito - Stylish and Newly Renovated Apartment,Lorenzo,Entire home/apt,152.0
Arts&Crafts - Double Room Comfort,Amalia,Private room,262.0
Bright & Modern 4 bedrooms Apartment in Center,Lorenzo,Entire home/apt,
Arts&Crafts - Double Superior Room Jacuzzi,Amalia,Private room,241.0
Suite Florencia,Sole,Entire home/apt,153.0
Scaletta House Green Apartment,Antonio & Clara,Entire home/apt,185.0
YiDsecret garden in S. m. Novella,Roberto,Entire home/apt,264.0
BellaVita Boutique Florence,Massimo,Entire home/apt,196.0
Centro storico: 1 minuto da Ponte Vecchio!,Bruna,Entire home/apt,236.0
Literary terrace on the [Bargello],Domus Doc,Entire home/apt,330.0
Santa Caterina Deluxe,Stanislav,Entire home/apt,248.0
[Ponte Vecchio 5*] Charming Medieval Towers View,Giovanni,Entire home/apt,199.0
Arts&Crafts - Double Room Executive Jacuzzi,Amalia,Private room,226.0
ilBarco,Samuele,Entire home/apt,137.0
Arts&Crafts - Suite with Private SPA,Amalia,Private room,367.0
Arts&Crafts - Suite Premium,Amalia,Private room,346.0
Dimora Storica Corte San Niccolò,Linda,Entire home/apt,146.0
Arts&Crafts - Suite Annex with Private Pool,Amalia,Private room,388.0
Luxury Apartment 'Taddeo Gaddi',Francesca,Entire home/apt,712.0
Luxury Apartment 'Alessandro Allori',Francesca,Entire home/apt,1415.0
Loft al Conventino By MMega,MMega Homes And Villas,Entire home/apt,217.0
Novella Golden Loft,Top Of Tuscany,Entire home/apt,103.0
Cameretta Taormina,Ady,Private room,62.0
Coverciano modern apartment,MMega Homes And Villas,Entire home/apt,
Sofi in Santo Spirito,Maria Chiara,Entire home/apt,148.0
Monolocale a Firenze,Dominique,Entire home/apt,136.0
vintage studio,Elisabetta,Entire home/apt,91.0
Santa Croce Comfort Stay – Your Home in Florence,Maria Pia,Entire home/apt,168.0
Florence Opera House•Free Private Parking•Balcony,Sebastian,Entire home/apt,176.0
"Appartamento Tommaso, vicino al centro con balcone",Tommaso,Entire home/apt,131.0
Jungle flat,Amanda,Entire home/apt,162.0
1BR/1BA Apartment with Balcony,Cosimo,Entire home/apt,160.0
Compact Central Room with Shared Baths Near SMN,Lorenzo,Private room,93.0
Central Private Room with Shared Baths Near SMN,Lorenzo,Private room,104.0
Cozy Central Private Room with Shared Baths,Lorenzo,Private room,104.0
Central Ensuite Room Near SMN and the Arno,Lorenzo,Private room,114.0
Giglio Suite,Eleonora,Entire home/apt,229.0
UNYCA - Florence Central Loft,UNYCA-Ream,Entire home/apt,220.0
"Residenza D'epoca Sant'Anna, Stanza matrimoniale .",Songcong,Private room,
"Residenza D'epoca Sant'Anna, Stanza tripla",Songcong,Private room,999.0
"Residenza D'epoca Sant'Anna, Stanza familiare",Songcong,Private room,999.0
Casa il FIORE,Mario,Entire home/apt,157.0
"Residenza D'epoca Sant'Anna, Stanza matrimoniale .",Songcong,Private room,999.0
Elegant River View Ponte Vecchio- Bellevue,Adriana Stella,Entire home/apt,
[Bristol] Elevator & Private Parking,Quality House,Entire home/apt,140.0
Romantic Home Duomo - Flo Apartments,Flo Apartments,Entire home/apt,288.0
Casa Firenze Novoli,Claudio,Entire home/apt,88.0
greenhouse 5 quiet and elegant,Lorenzo,Entire home/apt,171.0
Fortezza Central Design Loft,Top Of Tuscany,Entire home/apt,73.0
Sweet Living Attic Duomo,Mattia,Entire home/apt,121.0
"Sunny San Lorenzo Flat: Spacious & Warm, Sleeps 4",Arianna,Entire home/apt,129.0
Manifattura Apartment,Giulio & Veronica,Entire home/apt,130.0
Numero 11,Alfred Stays,Entire home/apt,292.0
Charming Portion of Property in Oltrarno Area,Chiara,Private room,
Florence View Apartment,Lorenzo,Entire home/apt,
Angelic Portion of Property in Oltrarno Area,Chiara,Private room,
Florence Retreat with Romantic Bathtub,Lorenzo,Entire home/apt,155.0
Nice flat 1 km from city center + parking nearby,Anastasia,Entire home/apt,137.0
Open Space Florence,Alby,Entire home/apt,95.0
Piazza di Santa Croce il Magnifico,Alberto,Entire home/apt,2024.0
Maison Niépce,Francesco,Entire home/apt,112.0
Studio Flat,Teatro Luxury Apartments Firenze,Entire home/apt,410.0
Heart of Florence Luxury Apartment,Iacopo,Entire home/apt,229.0
Modern Suite· Free Parking· Fast Access to Center,Pietro,Entire home/apt,117.0
A terrace between flowers and sky,Cristina,Entire home/apt,118.0
[Cozy Apartment] 15 min to station and City Center,Vittoria E Luca,Entire home/apt,136.0
Luminoso alloggio in centro,Niccolò,Entire home/apt,111.0
casa di Ada Careggi/Rifredi,Diana,Entire home/apt,91.0
Beatrice Comfort Apartment,Giovanni,Entire home/apt,160.0
Panoramic Penthouse with Parking Space 2BDR,Hôtea,Entire home/apt,173.0
Firenze sui tetti - Attico Piazza Santa Croce,Claudia,Entire home/apt,149.0
Apartment Architetto near Duomo S. Maria del Fiore,Emilio,Entire home/apt,362.0
[Santa Maria Novella Station] Rivadarno Apartment,Lorenzo,Entire home/apt,194.0
YiD Amaryllis,Roberto,Entire home/apt,164.0
Matilda's Dream lovely apartment with balcony,Apartments_Florence,Entire home/apt,478.0
Exclusive Rooftop-Private Terrace&Luxury Stay,Monika,Entire home/apt,1361.0
Penthouse Tower from 1100-Oltrarno,Theresa,Entire home/apt,220.0
Beautiful sunny Florence apartment,Tami,Entire home/apt,136.0
L'Olmo giallo,Francesca,Entire home/apt,137.0
La casa di Elena,Elena,Entire home/apt,200.0
"Careggi | Tram stop outside, 10 min to center",Jessica,Entire home/apt,196.0
Casa Francesco | Central • Parking Spot,Francesco,Entire home/apt,160.0
[San Marco- Duomo] Vista Mozzafiato sul Duomo,Simone,Entire home/apt,173.0
I giorni di Alcione - Appartamento,Massimiliano,Entire home/apt,113.0
Santa Croce Lovely studio,Lorenzo,Entire home/apt,152.0
"Home with green Courtyard, near Florence’s Dome",Angelica,Entire home/apt,141.0
Loft & patio under the vineyard,Daniela,Entire home/apt,156.0
"Wide and comfortable, perfect for couples",Ombretta,Entire home/apt,143.0
Wine Apartments Florence Cabernet 1,Wine Apartments Florence,Entire home/apt,246.0
Wine Apartments Florence Cabernet 2,Wine Apartments Florence,Entire home/apt,197.0
Magnolia Suite by Maison Florence,Maison Florence,Entire home/apt,144.0
La Casa Del Podestà 65,Laura,Entire home/apt,106.0
Chic Dreams in Florence,Marco,Entire home/apt,224.0
My Home Apartment - Sweet Dreams in Florence,Irene,Entire home/apt,
La casa di Liszt,Amazing Italian Retreats,Entire home/apt,
Bright apartment in Rosselli,Giona,Entire home/apt,187.0
La casa di Liszt - Suite Liszt,Amazing Italian Retreats,Private room,196.0
Enchanting Apartment next to the city center,Donatella,Entire home/apt,206.0
Borgo Pinti Apartment,Neri,Entire home/apt,144.0
La casa di Liszt - Suite Medici,Amazing Italian Retreats,Private room,330.0
La casa di Liszt - Suite Riblet,Amazing Italian Retreats,Private room,266.0
La casa di Liszt-Suite D'Agoult,Amazing Italian Retreats,Private room,353.0
The Luxor Suites - Guelfa,The Luxor Suites,Entire home/apt,108.0
The Luxor Suites - Guelfa,The Luxor Suites,Entire home/apt,149.0
Breathe the art of Florence in a Medici apartment,Alessandro,Entire home/apt,582.0
The Luxor Suites - Guelfa,The Luxor Suites,Entire home/apt,170.0
Florence house with private garage,Elisa,Entire home/apt,86.0
Novella's Apartment,Ognissanti Hotels,Entire home/apt,299.0
Antique flat near Palazzo Pitti,Federico,Private room,139.0
Alfani 75 - Il cuore di Firenze,Alessandra,Entire home/apt,212.0
Lovely and Authentic San Frediano,Elisabetta,Entire home/apt,204.0
Porta Romana Retreat by MMega,MMega Homes And Villas,Entire home/apt,
Urban Spirit cozy and modern,ApartmentsFlorence,Entire home/apt,208.0
UNYCA - La Loggia Florence Central,UNYCA-Ream,Entire home/apt,212.0
Cozy Double Room in S.Spirito,Ivan,Private room,343.0
Jungle House,Regina Adolfina,Entire home/apt,
Camera pressi Careggi / Tramvia,Loris,Private room,126.0
Ampia Casa In Pieno Centro,Giorgio,Entire home/apt,514.0
Casa Magnoli al Ponte Vecchio,Casa Magnoli,Entire home/apt,149.0
"Attico ""Il Giglio di Firenze""",Samuele,Entire home/apt,119.0
[31 Duomo] Cameraina con bagno privato,Ibrahim,Private room,83.0
Appartamento vicino al Centro e all’Arno,Maurizio,Entire home/apt,155.0
"Duomo Rooms Florence, Stanza dante",Duomo Rooms Florence,Private room,138.0
"Duomo Rooms Florence, Stanza michelangelo",Duomo Rooms Florence,Private room,112.0
"Duomo Rooms Florence, Stanza giotto",Duomo Rooms Florence,Private room,132.0
"Duomo Rooms Florence, Stanza il magnifico",Duomo Rooms Florence,Private room,119.0
Malenchini Suite near the Uffizi,Niccolò,Entire home/apt,285.0
Centro-Stazione Flòris Luxury Apartment |Parking|,Francesca,Entire home/apt,223.0
15 min to City Center - Tram steps away,Andrea,Entire home/apt,118.0
Leonardo’s Home SMN|A/C,Vale&Jim,Entire home/apt,196.0
Lorenzo's Home,Lorenzo,Entire home/apt,200.0
"Mansarda Segreta
(a due passi da San Frediano)",Stella,Entire home/apt,132.0
The Market terrace's Always Florence Collection,Patrizia,Entire home/apt,214.0
Vanna's House,Intrho Toscana Srl,Entire home/apt,154.0
"Live History, Birthplace of Cellini.",Olfrid,Entire home/apt,247.0
UNYCA - Florence Lovely Apartment,UNYCA-Ream,Entire home/apt,162.0
Sophia apt balcone con Zanzariera a/c stazione SMN,Federico,Entire home/apt,125.0
Firenze,Ilaria,Entire home/apt,120.0
"Apt Vicino al Centro, Eventi ,Colline del Chianti",Leonardo,Entire home/apt,166.0
"Modern Florence Loft – 2BR, Sleeps 7, Patio",Perryhan,Entire home/apt,173.0
Strozzi Apartment,Cosimo,Entire home/apt,248.0
Bargello - Maison Luxury suite + parking,Elisa,Entire home/apt,393.0
YiD Lungarno Cellini retreat,Roberto,Entire home/apt,156.0
LVL1 By MMega,MMega Homes And Villas,Entire home/apt,242.0
Casa Alessia - Romantic urban retreat with terrace,Flow Traveling,Entire home/apt,
Agnolo 65,Istay,Entire home/apt,188.0
LVL2 By MMega,MMega Homes And Villas,Entire home/apt,194.0
Da Vinci Suite - Florence Dolce Vita,Florence Dolce Vita,Entire home/apt,143.0
Villino Stella,Lorenzo,Entire home/apt,102.0
Ghibellina Attic,FloRentals,Entire home/apt,183.0
"Audrey Attico con balcone, camera, angolo cottura",Federico,Entire home/apt,123.0
Casa Eleonora Camera con Terrazza,Aram,Private room,75.0
Centro Firenze 2 camere | a piedi da Ponte Vecchio,Mattia,Entire home/apt,247.0
14th Century Boutique Apartment,Franco,Entire home/apt,286.0
Casa Eleonora Camera Classic,Aram,Private room,104.0
Casa Eleonora Camera Superior,Aram,Private room,75.0
Casa Eleonora Monolocale con Balcone,Aram,Entire home/apt,85.0
Charming 1BR Florence City Stay,Gaia Maria Vittorina,Entire home/apt,195.0
Keys of Italy-VignaBlu-Newly Renovated Central 3BR,Keys Of Italy,Entire home/apt,324.0
"Marilyn apt. 5 minuti stazione SMN, cucina e sala",Federico,Entire home/apt,113.0
Piazza de' Pitti | Centro storico Firenze | Wi-Fi,Rentalo Group Srl,Entire home/apt,198.0
"Liz, appartamento con Balcone e cucina",Federico,Entire home/apt,118.0
Orsini Apartment with balcony and parking,Giulio & Veronica,Entire home/apt,145.0
NiNNi 12 Apt,Laura,Entire home/apt,160.0
La terrazza di San Salvi,Elena,Entire home/apt,140.0
Authentic 2 steps from the center,Stefania,Entire home/apt,114.0
Vigna Nuova First Floor,Istay,Entire home/apt,177.0
Cozy Studio in Oltrarno Area,Chiara,Private room,141.0
Santa Croce | Casa nel cuore di Firenze | Wi-Fi,Rentalo Group Srl,Entire home/apt,175.0
The Florentine Backpacker,Amazing Italian Retreats,Entire home/apt,190.0
"Holiday AD Rondinelli, Firenze",Martina,Entire home/apt,203.0
florence tropical suite,Matteo,Entire home/apt,223.0
NEW Luxury 2-bedroom & 2-bathroom @ Duomo,Andrea,Entire home/apt,
Contemporary apartment,Alessandro,Entire home/apt,155.0
Bilocale con terrazza e park,Stefano,Entire home/apt,113.0
NEW Luxury 1-bedroom & 2-bathroom @ Duomo,Andrea,Entire home/apt,186.0
Orsanmichele Suite,Lorenzo,Entire home/apt,145.0
[Sant'Ambrogio] Oasis Apartment with garden,Tommaso,Entire home/apt,129.0
Residenza Pinzochere,Istay,Entire home/apt,206.0
Brand new apartment in the hearth of Florence,MMega Homes And Villas,Entire home/apt,175.0
Casa Carolina By MMega,MMega Homes And Villas,Entire home/apt,168.0
Casa Poggi - 5 minutes from Duomo,Federica,Entire home/apt,176.0
GuestHost - Dimora Ponte Vecchio Lovely Apartment,GuestHost - Welcome To Italy,Entire home/apt,109.0
"Ognissanti Historic Charm x4, just 5 min SMN, WiFi",Antonino,Entire home/apt,177.0
Benvenuti al BorgoHome !,BorgoHome,Entire home/apt,109.0
[2 Min from Metro Batoni] Apt with Parking Space,Gregorio,Entire home/apt,132.0
Firenze Contemporanea,Valentina,Entire home/apt,274.0
Enchanting Florence,Tatiana,Entire home/apt,129.0
Impressive renaissance residence w/lift,Easy BNB,Entire home/apt,
Romana 72 - Charm Apartment [Boboli],Giovanni,Entire home/apt,245.0
Art Apartment Oltrarno,David,Entire home/apt,175.0
Suite Vittoria,Sokol,Entire home/apt,171.0
Cottage.poolgarden tiny house relax comfort,Stefania,Entire home/apt,253.0
Florence Cathedral Stay - Florence Dolce Vita,Florence Dolce Vita,Entire home/apt,164.0
Charme Central House,Alessandro,Entire home/apt,157.0
"Residenza D'epoca Sant'Anna, Stanza tripla deluxe",Songcong,Private room,
Milton Suite - Piazza della Libertà/Fortezza,Federico,Entire home/apt,119.0
Appartamento zona residenziale,Serena,Entire home/apt,126.0
Ruby,Intrho Toscana Srl,Entire home/apt,219.0
Libertà Bright and Stylish,Houseflo,Entire home/apt,159.0
L'angolo di Laura,Laura,Entire home/apt,92.0
Art Apartment Montebello Family Home,David,Entire home/apt,272.0
Firenze zona stadio,Aida,Entire home/apt,194.0
Casa Salandra: una fuga moderna e confortevole,Alessio,Entire home/apt,166.0
"Old Bridge, Firenze by Short Holidays",Luca,Entire home/apt,177.0
Oasi di Design con Giardino Privato,Omar,Entire home/apt,172.0
Sunny Retreat Terrace Next to Historic Florence,Gianni,Entire home/apt,183.0
Studio in Santa Croce,Patrizia,Entire home/apt,151.0
Borghese Palace Luxury Apartment with 3 Bedrooms,Mattia,Entire home/apt,918.0
Bufalini 60 passi al DUOMO,Benedetta Amendola,Entire home/apt,189.0
Elegant Comfort in the Heart of Florence,Toc Toc,Entire home/apt,177.0
Verrazzano Apartment,Marco,Entire home/apt,221.0
Tornabuoni Cozy Apartment,Lorenzo,Entire home/apt,155.0
La Serra-Stunning retreat in Florence,Riccardo,Entire home/apt,151.0
agnolo first al duomo 2 bedrooms apartment A/C,Sibilla Peccerini,Entire home/apt,171.0
I Palpiti - Dream Villa in the heart of Florence,Riccardo,Entire home/apt,334.0
Florence Oasis | Puccini & Visarno | Apartment,Mattia,Entire home/apt,199.0
Timeless Stay [Faentina - Tuscan Vibe],Erika,Entire home/apt,142.0
Elegant Loft in the Heart of Florence,Toc Toc,Entire home/apt,374.0
[Sun Apartment] Relax in City Center,Quality House,Entire home/apt,180.0
F7 San Lorenzo,Venturo,Entire home/apt,146.0
Conciatori Apartment,Egla,Entire home/apt,
Belvedere Terrace central retreat 4+1 with parking,Daniele,Entire home/apt,217.0
Archibusieri 8 Design Home,Giovanni,Entire home/apt,446.0
Maddi in Santo Spirito,Maria Chiara,Entire home/apt,123.0
Casa Camilla,Paola,Entire home/apt,163.0
TheGreen Florence,Thegreenflorence,Entire home/apt,191.0
San Frediano Central Studio,Giovanni,Entire home/apt,129.0
Penthouse Adelaide Duomo View & Terrace,Giovanni,Entire home/apt,327.0
Medieval Tower Apartment,Lorenzo,Entire home/apt,252.0
Incantevole Ap. ai piedi di piazzale Michelangelo,Golden Luxe,Entire home/apt,173.0
"Casa Chianti, Firenze",Casa,Entire home/apt,266.0
Kaleidos Apartment 3bdr,Apartments Florence,Entire home/apt,480.0
Oriuolo Central,Istay,Entire home/apt,
Oriuolo Left,Istay,Entire home/apt,
Da Lola,Enrik,Entire home/apt,135.0
Appartamento Mokuren,Enrik,Entire home/apt,77.0
Strategic & Cozy Apartment,Chiara,Entire home/apt,207.0
CASA MATTA con giardino - 15 minuti dal Duomo,Aligi,Entire home/apt,111.0
New Apartment in the San Lorenzo Market,Veronica E Matteo,Entire home/apt,351.0
"Golden Luxe, una finestra sul Duomo. Vivi un sogno",Golden Luxe,Entire home/apt,450.0
Modern Apartment Giovanni dalle bande nere,Giada,Entire home/apt,193.0
Bloomy® 3BR/3BA in Santo Spirito w/ Terrace & View,Bloomy,Entire home/apt,631.0
Casa Livia,Stefania,Entire home/apt,158.0
Casa Cialdini Noah,Giorgio,Entire home/apt,120.0
Melograno,Andrea,Entire home/apt,
Villino Arancio - idromassaggio vista Duomo,Michele,Entire home/apt,535.0
chakra room,Residenza,Private room,86.0
Charme in Borgo Ognissanti,Eros,Entire home/apt,126.0
Il Nido di Manù [FREE Parking - Ponte a Greve ],Erika,Entire home/apt,99.0
Lillibeth Place - Florence Dolce Vita,Florence Dolce Vita,Entire home/apt,186.0
Luxury One-Bedroom Apartment,Residence Palazzo Ottaviani,Entire home/apt,825.0
Luxury Two-Bedroom Apartment,Residence Palazzo Ottaviani,Entire home/apt,1540.0
Suite No.32 - Modern Luxury Apartment,Maison Florence,Entire home/apt,109.0
20' to Duomo • Outside ZTL • Easy parking,Eva,Entire home/apt,116.0
4 Ospiti in Centro Firenze | Vicino Duomo,Giacomo,Entire home/apt,191.0
"Camera Frizzante, Casa Chianti",Casa,Private room,127.0
"Camera Bianco, Casa Chianti",Casa,Private room,122.0
"Camera Rosso, Casa Chianti",Casa,Private room,93.0
Renata- Centrale con Vista su Santa Maria Novella,Florence Charming Apartments,Entire home/apt,188.0
"Apostoli ""Casa Doralba""- Ponte Vecchio Apt",Silvia,Entire home/apt,236.0
Ampio e luminoso appartamento,Matteo,Entire home/apt,377.0
Perseo Apartment by Mamo Florence,Mamo,Entire home/apt,307.0
The Vintage Nook - Comfortable Home,ApartmentsFlorence,Entire home/apt,255.0
YiD  Stylish San Frediano Retreat,Roberto,Entire home/apt,241.0
Futura's Flat in Santo Spirito,Martina,Entire home/apt,194.0
Where Modern Art Meets Joyful Living [D&G House],Andrea,Entire home/apt,116.0
Casa di Gio for 4 people,Lorenzo,Entire home/apt,146.0
Toscanella Escape - Toscanelli Escape,Alessandro,Entire home/apt,898.0
Calzaiuoli Suite Duomo Cathedral - Deluxe,Tommaso,Private room,187.0
Calzaiuoli Suite Duomo Cathedral - Superior,Tommaso,Private room,122.0
Valia Florence Ponte Vecchio 3,Marina,Entire home/apt,117.0
Valia Florence Ponte Vecchio 4,Marina,Entire home/apt,117.0
[Oltrarno Elegance] Hidden Gem with Florence Views,Giovanni,Entire home/apt,401.0
YiD Your quiet escape in the city center,Roberto,Entire home/apt,270.0
Le Petit BSJ By MMega,MMega Homes And Villas,Entire home/apt,127.0
Camera singola Firenze,Mahi Firenze,Private room,97.0
Rifugio Perfetto per coppie,Sara,Entire home/apt,151.0
Vigna Nuova Third Floor,Istay,Entire home/apt,136.0
Terrazza con vista in appartamento per sportivi,Luca,Entire home/apt,359.0
I Portici charming and cozy apartment,Apartments_Florence,Entire home/apt,
Napoli con Bagno Esterno Privato,Marco & Susy,Private room,92.0
Three-Bedroom Florence Home,Giovanni,Entire home/apt,177.0
Porcellana charming apartment,Emanuela,Entire home/apt,308.0
Nazionale 51,Istay,Entire home/apt,206.0
Stay in the Heart of Florence,Toc Toc,Entire home/apt,352.0
"Riverside Nook - Appartamento con balcone, Firenze",Paola,Entire home/apt,108.0
w* | Elegant Stay in the Heart of Florence,Carlotta,Entire home/apt,576.0
Ponte Vecchio bright 3-rooms 2-bathrooms Elevator,Fausto,Entire home/apt,277.0
[Ponte Vecchio 400 mt] Romantico Monolocale,Rory,Entire home/apt,
Sant'Ambrogio Terrace Tales Apartment,Giulia,Entire home/apt,140.0
Yome - Alighieri 14 - Appartamento con due camere,Patrizia,Entire home/apt,210.0
1 Posto letto con altra persona,Alessio,Shared room,37.0
GuestHost - Florence Historic Center Lovely Apt,GuestHost - Welcome To Italy,Entire home/apt,111.0
Maison Josephine Firenze,Holidu,Entire home/apt,
Stylish High Floor Retreat with Park Views,Sav,Entire home/apt,222.0
Serragli Grand Palace,Alfred Stays,Entire home/apt,
La mansarda del David,Residenza,Private room,95.0
Duomo Home,Francesca,Entire home/apt,220.0
Casa Sarpi: Charming Florence Hideaway with Garden,Mauro,Entire home/apt,126.0
Tornabuoni Nest By MMega,MMega Homes And Villas,Entire home/apt,181.0
Serragli Loft,Pasquale,Entire home/apt,107.0
"Statut-ONE, apartment and garage",Alberto,Entire home/apt,246.0
Futura Florence apartment,Gold Suite Italy,Entire home/apt,119.0
Mamma Mia Suite Garden & Rooftop,Emilio,Entire home/apt,187.0
Medici Suite con 4 Bagni Privati al Duomo,Serena,Entire home/apt,341.0
"Five Suites Mantellate 9, Junior Suite",Giuseppe,Private room,200.0
Festina Lente Suite 2 Fortezza da Basso,Julinda,Private room,115.0
Festina Lente Suite 1 Fortezza da Basso,Julinda,Private room,113.0
""" IL Parione"" Lux & Design Loft/Apt, view Florence",Fabrizio,Entire home/apt,731.0
Sweet Home Ghiacciaie,Aurela,Entire home/apt,
Dimora D’Arte – dove il viaggio sa di casa,Santo,Entire home/apt,108.0
Florence sunny suite,Lorenzo,Entire home/apt,97.0
Casa Cialdini Elias,Giorgio,Entire home/apt,125.0
188florenceapartment,Glenda,Entire home/apt,115.0
Florence Cozy Retreat,Francesco,Entire home/apt,354.0
Vigna Vecchia Cozy Apartment,Leonardo,Entire home/apt,151.0
Duomo Penthouse Terrace,Guidetta,Entire home/apt,571.0
"Charming Apt x4 Santa Croce, WiFi AC, 10 min Duomo",Antonino,Entire home/apt,171.0
Casa Angela: confortevole e rilassante,Samuele,Entire home/apt,126.0
*Spacious & Central Apartment*,Ginevra,Entire home/apt,204.0
Modern City Flat with Panoramic Views,Sav,Entire home/apt,183.0
Apartment Magnoli&Ponte Vecchio,Francesco,Entire home/apt,167.0
Chic Apt with Wi-fi 10 min' Ponte Vecchio,Dario,Entire home/apt,
[Windows over Oltrarno] Among Domes and Dreams,Giovanni,Entire home/apt,187.0
Florence Loft Duomo,Toc Toc,Entire home/apt,128.0
[Duomo] Apartment in the Heart of Florence,Antonio,Entire home/apt,157.0
Modern Apartment River View,Giovanna,Entire home/apt,628.0
Chicca House con giardino privato,Elisa,Entire home/apt,151.0
La casa dello scrittore,Antonio,Entire home/apt,110.0
Apartment Quadrifoglio & S.Croce,Francesco,Entire home/apt,155.0
Happiness Studio – Bright & New | Tram 150m,Cosimo,Entire home/apt,94.0
[Santa Croce] Prestigioso Appartamento con Vista,Matteo,Entire home/apt,398.0
Sunlit Santa Croce 2BR with Elevator Access,Arianna,Entire home/apt,175.0
YiD a hidden gem in Florence,Roberto,Entire home/apt,367.0
Spacious Apartment in Firenze Historic City Center,Alessandra,Entire home/apt,319.0
Historic Charm,Valerio,Entire home/apt,354.0
"Vill'Etta, la casa dell'artista",Paola,Entire home/apt,216.0
Torre Carolina,FloRentals,Entire home/apt,181.0
Central & Lovely studio,Chiara,Entire home/apt,127.0
Firenze Stay Near Aeroporto,Francesca,Private room,126.0
"Casa del Girasole
Pulizia e Confort 
Smart Home",Marco,Private room,94.0
Nel verde collinare di Firenze,Susan Guida Turistica,Private room,86.0
Dama Donata,Luciana,Entire home/apt,120.0
Spacious 2BR Home • Santa Croce • Balcony + A/C,Elena,Entire home/apt,144.0
Camera di Stefano,Frederik,Private room,127.0
Camera silenziosa Duomo,Frederik,Private room,169.0
Central Apartment in Santa Croce,Laura,Entire home/apt,207.0
appartamento a Firenze,Giada,Entire home/apt,
1 Posto letto da solo,Alessio,Shared room,65.0
"Duomo Rooms Florence, Stanza brunelleschi",Duomo Rooms Florence,Private room,112.0
Ukiyo,Marco,Private room,173.0
The Tower Suite next to Uffizi Gallery,Toc Toc,Entire home/apt,348.0
Confortable near city center,Maria Gloria,Entire home/apt,151.0
[Cherubino] 2 Bedrooms Apartment,Quality House,Entire home/apt,203.0
Nuovo appartamento Mezzo 2,Rossella,Entire home/apt,1170.0
Firenze Room Near Aeroporto,Francesca,Shared room,100.0
Casa Ale,Alessandro,Entire home/apt,128.0
Florence San Marco Suite & Spa,Lorenzo,Entire home/apt,143.0
Appartamento Luce a Firenze,Chiara,Entire home/apt,175.0
Gramsci Apartment by Mamo Florence,Mamo,Entire home/apt,218.0
Borgo 10 Florence Luxury Apartment,Alfred Stays,Entire home/apt,251.0
Central Apartment With Garden • AL1,Florjan,Entire home/apt,181.0
Lily's House By MMega,MMega Homes And Villas,Entire home/apt,7757.0
"Viola's Secret Place
Firenze Florence VillaStrozzi",Renato,Entire home/apt,159.0
Duplex con 2 camere e 2 bagni zona Belfiore-SMN,Gianluca,Entire home/apt,143.0
Amorino Studio By MMega,MMega Homes And Villas,Entire home/apt,
Camporeggi Apartment by Mamo Florence,Mamo,Entire home/apt,76.0
Amorino Nest By MMega,MMega Homes And Villas,Entire home/apt,
Loft moderno nel centro storico di Firenze,Francesco,Entire home/apt,169.0
Il Rifugio del David By MMega,MMega Homes And Villas,Entire home/apt,172.0
Andrea's Home - Appartamento zona Statuto,Gianfranco,Entire home/apt,143.0
Uffizi & Palace View - Florence Dolce Vita,Florence Dolce Vita,Entire home/apt,199.0
Keys of Italy - F7- Fiesolana24 - Santa Croce 1Bdr,Keys Of Italy,Entire home/apt,120.0
"Five Suites Mantellate 9, Suite familiare deluxe",Giuseppe,Private room,200.0
"Five Suites Mantellate 9, Camera matrimoniale",Giuseppe,Private room,200.0
"Five Suites Mantellate 9, Suite familiare",Giuseppe,Private room,200.0
"Five Suites Mantellate 9, Camera doppia",Giuseppe,Private room,200.0
Boboli Monolocale con corte (lungo periodo),Iacopo,Entire home/apt,15.0
Casa Tunne Authentic Florence Near the City Center,Erika & Alessandro,Entire home/apt,135.0
"Boutique Hotel - Luxury Private Rooms, One bed C2",Florjan,Private room,124.0
Painter's Apartment,Marco,Entire home/apt,183.0
Modern Comfort in Florence,Toc Toc,Entire home/apt,256.0
Stanza di Matteo,Roxana,Private room,75.0
Capponi Terrace Retreat,Lorenzo,Entire home/apt,165.0
L'attico del Borgo Santi Apostoli,MDR By Ciao Florence Tours,Entire home/apt,184.0
Pitti Grand Retreat,Lorenzo,Entire home/apt,374.0
Santi Apostoli terrazza con vista,MDR By Ciao Florence Tours,Entire home/apt,946.0
Maison Santi Apostoli Con Terrazza Panoramica,MDR By Ciao Florence Tours,Entire home/apt,858.0
Perla JS,Mirko,Entire home/apt,175.0
Sogni in Toscana apartment,Sogni In Toscana,Entire home/apt,220.0
"La Loggia del Porcellino, Suite familiare terzo...",Armand,Private room,184.0
Pratolini S. Croce centralissimo e chic free wi/fi,Sibilla Peccerini,Entire home/apt,213.0
Iole House| parcheggio strada| 4 min bus| AC| WIFI,Anna,Entire home/apt,
Cadorna Pajarera de Firenze,Alex,Private room,66.0
Modern Camaldoli,Housing4you,Entire home/apt,155.0
corridoni 60,Zeus Group Srl,Entire home/apt,249.0
Locchi stanza senza balcone,Alex,Private room,51.0
Locchi stanza con balcone,Alex,Private room,69.0
Fly Florence,Fly Florence,Entire home/apt,79.0
"Appartamento Pepi 73, 3P",G&G Dream,Entire home/apt,
Appartamento 27 Aprile 1P,G&G Dream,Entire home/apt,
Ricky-Lerua Holiday Residence Firenze Centrale,Riccardo,Entire home/apt,76.0
Appartamento Alice - San Firenze Collection,Cristina,Entire home/apt,
Zanardelli Bright Flat,Matteo,Entire home/apt,1038.0
Sweet House in Macci Street,Lorenzo,Entire home/apt,
Toscanelli Retreat,Alessandro,Entire home/apt,540.0
Toscanelli * Toscanelli Corso 10,Alessandro,Entire home/apt,1312.0
Palestro Apartment by Mamo Florence,Mamo,Entire home/apt,378.0
[Palais Medici] 2 Bedrooms in City Center,Quality House,Entire home/apt,283.0
Stanza casa signorile Un raggio di sole FirenzeNEW,Penny,Private room,62.0
Ginny Apartment,Leonardo,Entire home/apt,210.0
Maison Farini,Lucia,Entire home/apt,233.0
La Corticina - Double Room Basement,Giuseppe,Private room,124.0
La Corticina - Classic Double,Giuseppe,Private room,139.0
La Corticina - Superior Balcony,Giuseppe,Private room,131.0
La Corticina - Junior Suite,Giuseppe,Private room,139.0
La Corticina - Family Solution,Giuseppe,Private room,458.0
"San Frediano Top Suite
Oltrarno
[centro storico]",Floriana,Entire home/apt,144.0
City center apartment - Duomo view - terrace,Paola,Entire home/apt,232.0
Appartamento Ginny - San Firenze Collection,San Firenze Collection,Entire home/apt,344.0
Charming 3-Bedroom - Perfect for Families & Groups,Cristina,Entire home/apt,
San Salvi Cozy Apartment,Alessandro,Entire home/apt,141.0
ElisaHouse Elegant Apartment,Andrea,Entire home/apt,216.0
Villa Bellosguardo - San Firenze Collection,San Firenze Collection,Entire home/apt,353.0
Hidden Gem by Duomo Ideal for 3 Sleeps 6,Alejandro Emiliano,Entire home/apt,175.0
Marmora 2,Yuwen,Private room,98.0
Fiorino Suite | Cozy Historic Stay by the Duomo,Gaia Maria Vittorina,Entire home/apt,206.0
Appartamento Tornabuoni 2 - San Firenze Collection,San Firenze Collection,Entire home/apt,352.0
Galliano Suite,Qiong,Entire home/apt,
Appartamento Alberto - San Firenze Collection,San Firenze Collection,Entire home/apt,299.0
Shared MALE room in shared flat,Miss Welcome- Help Housing,Private room,27.0
Private room in shared Flat,Miss Welcome- Help Housing,Private room,33.0
Large house with terrace near the Arno river,Alberto,Entire home/apt,160.0
Charming Retreat: Private Room with Shared Bath,Cristina,Private room,109.0
Steps from Station: Private Room with Shared Bath,Cristina,Private room,98.0
Steps from Station:Twin Beds Room with Shared Bath,Cristina,Private room,98.0
Artists' House in Florence,Cristina,Entire home/apt,137.0
Wall Up Apartment,Paolo,Entire home/apt,196.0
San Lorenzo apartment 1,Angelo,Entire home/apt,126.0
Appartamento in villa d’epoca,Malandrucco,Entire home/apt,107.0
Centro storico casa di charme,Bea,Entire home/apt,229.0
Fiorenza Charme Apartment - 200m Uffizi,Omar,Entire home/apt,419.0
Hidden Gem by Ponte Vecchio with Private Terrace,Alejandro Emiliano,Entire home/apt,175.0
"Super centrale, a lato del Duomo",Alejandro Emiliano,Entire home/apt,157.0
Super centrale 2,Alejandro Emiliano,Entire home/apt,175.0
Felicita Stay – Florence Charme Apartment,Toc Toc,Entire home/apt,396.0
Il Gelsomino Firenze,Paolo,Entire home/apt,379.0
La Piccionaia Firenze,Paolo,Entire home/apt,221.0
Sweet Home Pilastri,Sweet Home Apartments,Entire home/apt,201.0
YiD perfect for a holiday near city center,Roberto,Entire home/apt,206.0
Suite Arpa,Federico,Entire home/apt,128.0
Suite Cetra,Federico,Entire home/apt,172.0
Suite Liuto,Federico,Entire home/apt,111.0
Suite Viella,Federico,Entire home/apt,181.0
La Vigna di Nonno Edo,Gianluca,Entire home/apt,159.0
The Tower Glimpse,Amazing Italian Retreats,Entire home/apt,255.0
Attico di lusso elegante e moderno,Luxattici,Entire home/apt,430.0
Rooftop WonderTerraces Apartment,⁨Ilaria G.⁩,Entire home/apt,449.0
Arts&Crafts - Appartment Maestri della Pietra,Amalia,Entire home/apt,288.0
Arts&Crafts - Appartament Arte della Lana,Amalia,Entire home/apt,395.0
Original Retreat next to Ponte Vecchio w/ Elevator,Mattia,Entire home/apt,140.0
Large and quiet room Campo di Marte area,Rosanna,Private room,27.0
Welcoming and characteristic room south Firenze,Rosanna,Private room,
Private room with balcony Novoli area,Rosanna,Private room,
Brand New Luxury Apartment a few steps from Duomo,Massimo,Entire home/apt,462.0
Casa Rosa e Silvi,Andrea,Entire home/apt,286.0
Appartamento San Zanobi 47,G&G Dream,Entire home/apt,
Panoramic Penthouse on the Arno-Florence,Toc Toc,Entire home/apt,386.0
Palazzo Vecchio Flat with AC,Gabriel,Entire home/apt,183.0
"Camera e bagno indipendenti, zona Fortezza-Statuto",Rita,Private room,101.0
"Amazing River View, Centrale Location | AC & WiFi",Giuseppe,Entire home/apt,141.0
The Court of Santo Spirito,Toc Toc,Entire home/apt,100.0
Florence Private Garden Home 4BDR 2BA Near Center,Cristina,Entire home/apt,277.0
Serragli 16,Sara,Entire home/apt,147.0
Campuccino in Santo Spirito,Toc Toc,Entire home/apt,103.0
Vicino al Duomo • Bilocale per 4 con Comfort,Ada,Entire home/apt,206.0
Costa San Giorgio with unique view,ApartmentsFlorence,Entire home/apt,
Keys of Italy - Monalda TOT - Amazing 2 Apts,Keys Of Italy,Entire home/apt,
Rare 4-Bedroom Apartment with Private Garage &Lift,Emanuele,Entire home/apt,293.0
"[La Dimora]- zona S.Croce, Firenze",Cosimo,Entire home/apt,175.0
"Corte della rosa, alloggio Firenze vicino S. Croce",Eleonora,Entire home/apt,140.0
Gordigiani Apartment,Federico,Entire home/apt,165.0
Santa Croce Luxury Penthouse,Alfred Stays,Entire home/apt,
Italian Experience-Suite Vogel,Michela,Entire home/apt,253.0
Heaven's touch penthouse a glimpse of Paradise,Apartments_Florence,Entire home/apt,
Spazioso alloggio in centro,Niccolò,Entire home/apt,148.0
Capo di Mondo Apartment,Giovanni,Entire home/apt,126.0
[ Centrale ] Corte Buonvicini,Michele,Entire home/apt,
GuestHost - Ponte Vecchio Charming Flat,GuestHost - Welcome To Italy,Entire home/apt,309.0
Cozy Apartment Cirillo5,Marcella,Entire home/apt,171.0
Hygge Style & View | 2BR 2BA in Oltrarno,Elena,Entire home/apt,156.0
Bright Flat by the Duomo,Federico,Entire home/apt,1059.0
"La Scala Residence, Stanza siena",Farzin,Private room,391.0
"The Wheels Florence, TheWheelsFlorence""Cielo""St...",Francesco,Private room,217.0
"The Wheels Florence, TheWheelsFlorence""Ocra""sta...",Francesco,Private room,180.0
"The Wheels Florence, TheWheelsFlorence""Porpora""...",Francesco,Private room,180.0
"The Wheels Florence, TheWheelsFlorence""Menta""su...",Francesco,Private room,246.0
"The Wheels Florence, TheWheelsFlorence""Pavone""D...",Francesco,Private room,180.0
"The Wheels Florence, TheWheelsFLorence""Cipria""D...",Francesco,Private room,196.0
Camera Anna Luxury 1,Anisoara,Private room,80.0
Molina Garden [600 m Ponte Vecchio],Marco Alessandro,Entire home/apt,396.0
Posto letto un'altra persona,Alessio,Shared room,64.0
Sweet Living Borgo Pinti,Mattia,Entire home/apt,113.0
La Dimora Moderna - Con Suite Privata,⁨Immobili Luxury S.R.L.⁩,Entire home/apt,215.0
Terrazza con Vista - Sweet Dreams in Florence,Irene,Entire home/apt,276.0
GuestHost - Novoli Escape in Florence with Parking,GuestHost - Welcome To Italy,Entire home/apt,126.0
Rustic flat by Ponte Vecchio,Federico,Entire home/apt,109.0
Comfort & Colors Flat In Florence,Claudio,Entire home/apt,
Comodo e funzionale - parcheggio,Lorenzo,Entire home/apt,192.0
Single room,Miss Welcome- Help Housing,Private room,25.0
Urban Nest at Leopolda&Fortezza,Top Of Tuscany,Entire home/apt,
Firenze Centro con Patio,Eugenia,Entire home/apt,177.0
Via dell’Oche Cute Loft,Alessandro,Entire home/apt,164.0
"Centro Firenze, Romantico • 5 Minuti Dal Duomo",Appartamenti Rosina,Entire home/apt,
Elegant 3BR Apt in Santa Croce – Walk Everywhere,Emanuele,Entire home/apt,204.0
Duomo View  Monthly Stays in the Heart of Florence,Emanuele,Entire home/apt,138.0
"Corte dell'Albero, Stanza matrimoniale classica",Nahli,Private room,240.0
MusArt Olive-Room 1-P Occupancy Room,Musa,Private room,77.0
La casa dove sono nato,Giacomo,Entire home/apt,1153.0
Affittacamere Nonna Lina,Affittacamere Nonna Lina Rooms,Private room,136.0
The Artisan's Nest at Duomo,Top Of Tuscany,Entire home/apt,171.0
#Modern Artisti#,Housing4you,Entire home/apt,125.0
Garden Suites Charme,Easyhousing,Entire home/apt,498.0
"Porta S. Frediano, appartamento.",Gemma Florence,Entire home/apt,206.0
Florence White House Destra,Bianca,Entire home/apt,199.0
Cosy and connected to the Centre and Careggi,Jessica,Entire home/apt,137.0
"Corte dell'Albero, Stanza tripla classica",Nahli,Private room,240.0
Duomo View Terrace by Belcanto Villas,Daniele By BelcantoVillas,Entire home/apt,524.0
Burchiello Chic Stay-Green View In Quiet Florence,Leonardo,Entire home/apt,254.0
GuestHost - Giardino della Fortezza Chic Apartment,GuestHost - Welcome To Italy,Entire home/apt,181.0
Tra Duomo e Uffizi - Nel cuore dell'arte,Niccolo,Entire home/apt,234.0
Tra duomo e Uffizi APT moderno nel cuore dell’arte,Niccolo,Entire home/apt,174.0
Porta Romana Charme Flat - Florence Dolce Vita,Florence Dolce Vita,Entire home/apt,140.0
Naomi,Barbara,Entire home/apt,116.0
[5 Min to Duomo] • 3BR + terrace • Santa Croce,Simone,Entire home/apt,209.0
Appartamento super comfort al Polimoda,Alessandra,Entire home/apt,
Appartamento Francesca~Santa Maria Novella,TwinsClaudiaCosimo,Entire home/apt,128.0
Puffetta By MMega,MMega Homes And Villas,Entire home/apt,174.0
Scala cozy central apartment,Roberto,Entire home/apt,176.0
Casa Profumoir,Casa Profumoir,Entire home/apt,1638.0
Arno Mile,Amazing Italian Retreats,Entire home/apt,305.0
Loft 6 Ospiti Centro Firenze | Vicino Stazione,Giacomo,Entire home/apt,197.0
Signoria Square Apartment,Lorenzo,Entire home/apt,220.0
Comfort apart,Marco,Entire home/apt,154.0
the garden 32,Mariaceleste,Entire home/apt,151.0
Guelfa Courtyard Retreat,Stanislav,Entire home/apt,128.0
HippoHouse dentro un palazzo storico/con Netflix,Raffaello Amorosi,Entire home/apt,149.0
Campuccio Suite in Oltrarno Florence,Toc Toc,Entire home/apt,248.0
Green country house at few KM from the center,Matteo,Entire home/apt,106.0
Elegante Oltrarno • Ingresso privato • Centrale,Leonardo E Niccolò,Entire home/apt,
"La Scala Residence, Stanza roma",Farzin,Private room,295.0
"La Scala Residence, Stanza milano",Farzin,Private room,196.0
"La Scala Residence, Stanza capri 1",Farzin,Private room,142.0
"La Scala Residence, Stanza capri 2",Farzin,Private room,158.0
Lungarno Soderini modern flat with free parking,Arianna,Entire home/apt,151.0
The Sunshine Room • Private Bath & Free Parking,Virginia,Private room,95.0
Elegant Florence Apt - Elevator - Near SMN Station,Giada,Entire home/apt,152.0
Camera Casa Profumoir,Casa Profumoir,Private room,
[Stibbert] Luxury and bright apartment,Andrea,Entire home/apt,192.0
appartamento centro Firenze,Alberto,Entire home/apt,247.0
[10] Monolocale caratteristico,Ibrahim,Entire home/apt,88.0
"LUNA in Historic Villa, Garden&Parking, SolarPatio",Giuseppe,Entire home/apt,210.0
Appartamento: zona Santa Croce,Sara,Entire home/apt,112.0
San Gallo Apartment by Mamo Florence,Mamo,Entire home/apt,285.0
Una stanza da Giovanni,Giovanni,Private room,67.0
Gozzoli By MMega,MMega Homes And Villas,Entire home/apt,175.0
Tommy room,Tommaso,Entire home/apt,126.0
Porta a Prato Rock Apartment,Giulia,Entire home/apt,127.0
Casa Vitto By MMega,MMega Homes And Villas,Entire home/apt,220.0
Suite Vintage nel Cuore di Firenze,Gabriele,Entire home/apt,206.0
4 suites - Duomo view - Central & Comfort flat,Paola,Entire home/apt,512.0
[Ponte alla Vittoria] Urban Garden Loft,Tommaso,Entire home/apt,137.0
Da Anna,Nicla,Entire home/apt,129.0
Elegant 2BR • Terrace • Oltrarno Florence • Boboli,Giada,Entire home/apt,171.0
Masaccio Jewel,Martina,Entire home/apt,136.0
Elegant Suite w/ 2 balcony - T2 Tram Stop Libertà,Mattia,Entire home/apt,185.0
Suite Cozy San Marco centro vicino al Duomo,Maria Novella,Entire home/apt,186.0
"Flat in Belfiore, live like a local",Windows In Florence,Entire home/apt,
Jacopino Urban Nest,Giulio & Veronica,Entire home/apt,153.0
Il Tiglio (15 min SMN Station),Giorgio,Entire home/apt,12605.0
La Torricella,Flavio,Entire home/apt,55.0
Elegant Florence Flat • 10 min to SMN • A/C,Simona,Entire home/apt,153.0
La casa di noa,Miriam,Entire home/apt,109.0
Ponte Vecchio Vintage Central Apartment,Giulia,Entire home/apt,136.0
Palazzina Maresa - Loft 6,Eugenio,Entire home/apt,254.0
Central Market Loft I,Giovanni,Entire home/apt,
Monolocale vicino a Rifredi,Lucia Federica,Entire home/apt,220.0
Central Market Loft II,Giovanni,Entire home/apt,
monteverdi house,Francesco,Entire home/apt,129.0
[Pontevecchio] Elegante Suite con vista mozzafiato,Matteo,Entire home/apt,256.0
La casa dell'artista,Margherita,Entire home/apt,111.0
The Goldsmith Home,Tuscan Feeling,Entire home/apt,152.0
BernHouse,Bernhouse,Entire home/apt,135.0
Classic Florence Studio By MMega,MMega Homes And Villas,Entire home/apt,162.0
Appartamento vicino a Piazza Dalmazia,Alberto,Entire home/apt,123.0
Appartamento Galileo,Leonardo,Entire home/apt,119.0
Della Vigna Love,Alessandro,Entire home/apt,126.0
Mansarda di Nicolò,Gianfranco,Entire home/apt,60.0
A due passi dal Centro Storico,Mirko,Private room,68.0
Room near Aeroporto Firenze,Francesca,Private room,83.0
[SantaCroce Prestige]Terrace+Apt,Gama,Entire home/apt,102.0
[Isolotto] Modern Apartment Florence by Hôtea,Hôtea,Entire home/apt,106.0
"Casa vacanze, affitto mensile.",Daniele,Entire home/apt,125.0
YHFlorence - private pool and Turkish bath,Paola Francesca,Entire home/apt,
Camera singola Trilly,Luca,Private room,58.0
Stylish & Quiet House n Florence,Nada,Entire home/apt,
Scialoia Blue,Gabriele,Entire home/apt,184.0
Stanze doppie con bagno privato,Maria Cecilia,Private room,
Puliti Apartment,Mara,Entire home/apt,71.0
Fortezza 3 Bedrooms By MMega,MMega Homes And Villas,Entire home/apt,186.0
Elegant Florentine Residence•Frescoes•3BR •3 Baths,Luca,Entire home/apt,354.0
Eleganza Fiorentina – Vicino al Ponte Vecchio,Cecilia,Entire home/apt,155.0
Single room in Ancient Building,Conte,Private room,82.0
Apartment Dolcevita in Florence,Michala,Entire home/apt,197.0
"Soggiorno la Pergola, Camera matrimoniale con b...",Massimo,Private room,117.0
Family Apartment With parking,Sid,Entire home/apt,
Lux Colors and Relax apartment in FLorence,Claudio,Entire home/apt,
Soggiorno Calamassi,Monica,Entire home/apt,160.0
Terrazza Brunelleschi -  Fantastica vista DUOMO,Niccolo,Entire home/apt,186.0
Nugolo atelier - Light & charm in Oltrarno,Flow Traveling,Entire home/apt,220.0
Simonetta Apartment,Federico,Entire home/apt,166.0
Appartamento in centro,Matteo,Entire home/apt,183.0
"San cristofano blu apartment santa croce, florence",Samantha Geco Vacation Rentals GECO Srl,Entire home/apt,225.0
Chic Apartment in the Heart of Florence,Jacopo,Entire home/apt,197.0
Ciprea- Camera privata a Firenze,Gennaro Cataldo,Private room,101.0
Pecten- Camera privata a Firenze,Gennaro Cataldo,Private room,75.0
Authentic Florentine Home in Santa Croce,Andrea,Entire home/apt,155.0
(Central) 3 Suites Apartment Marco,Gianni,Entire home/apt,546.0
Romantic and Cozy Nest in The Heart of Florence,Andrea,Entire home/apt,193.0
Deluxe twin,,Private room,147.0
Suite king,The Social Hub Florence Lavagnini,Private room,134.0
Standard queen,The Social Hub Florence Lavagnini,Private room,134.0
Play room,The Social Hub Florence Lavagnini,Private room,107.0
Executive triple,The Social Hub Florence Lavagnini,Private room,97.0
Family studio 4 persons,The Social Hub Florence Lavagnini,Private room,323.0
"Pitti Suite 13 residenza d'epoca, Stanza tripla",Giuseppe Pio,Private room,220.0
"Pitti Suite 13 residenza d'epoca, Stanza quadrupla",Giuseppe Pio,Private room,220.0
Sara Studio Apartment,Houseflo,Entire home/apt,133.0
Penthouse on the Arno river,Massimo,Entire home/apt,228.0
Montebello Central Apartment,Top Of Tuscany,Entire home/apt,144.0
Cosimo de’ Medici Apartment-Private Terrace,Federico,Entire home/apt,165.0
[ Centrale ] Buonvicini Urban Light,⁨Buonvicini28⁩,Entire home/apt,163.0
Riverside Stay – 5 Bedrooms near Arno & Uffizi,Nadir,Entire home/apt,394.0
[Minimal Art] Coverciano cozy apartment w balcony,Vittoria E Luca,Entire home/apt,141.0
Living in Oltrarno  - Elegant and cozy,ApartmentsFlorence,Entire home/apt,
Ghibellina Retreat By MMega,MMega Homes And Villas,Entire home/apt,170.0
Living Da Vinci -A 10min dal David di Michelangelo,Giuseppe,Entire home/apt,171.0
Premium Florence Suite – SuperKing,Lorenzo,Entire home/apt,250.0
Standard Double with View,Lorenzo,Entire home/apt,283.0
Elegant Superior City Retreat,Lorenzo,Entire home/apt,242.0
5 star room with Terrace and SuperKing Bed,Lorenzo,Entire home/apt,269.0
Garden view superior room in the heart of Florence,Lorenzo,Entire home/apt,260.0
King Suite - Le Logge by Dimora Collection,Lorenzo,Entire home/apt,257.0
Suite King Heart Of Florence,Lorenzo,Entire home/apt,396.0
Bilocale Studio professionisti,Alessio,Entire home/apt,106.0
Villa Angela,⁨Samuel & Paolo For Firenze Rentals®⁩,Entire home/apt,2450.0
Nuovo grazioso appartamento con giardino a Firenze,Silvia,Entire home/apt,169.0
Your Family House in Florence,Andrea,Entire home/apt,
Casa Jagua',Lorenzo,Entire home/apt,145.0
Accogliente e confortevole,Lorenzo,Entire home/apt,133.0
-30% [Guelfa 30] Luxury a Due Passi dal Duomo,Gabriele,Entire home/apt,219.0
Mariti Modern Apartment,Francesco,Entire home/apt,82.0
Giuseppe Verdi 1,Sid,Entire home/apt,159.0
[Archeological Museum] Design Flat (dx),Tommaso,Entire home/apt,
attico vista duomo con terrazza,Mariolina,Entire home/apt,
Appartamento in affitto,Alberto,Entire home/apt,285.0
cararina home 1,Gemma,Entire home/apt,153.0
Santa Croce Suite View Apartment,Top Of Tuscany,Entire home/apt,205.0
Suite under Florence's sky,Sonia,Entire home/apt,229.0
Exclusive Florence 15'to Duomo SmartWork & Fitness,Mattia,Entire home/apt,117.0
​Modern City Duplex: Top Comfort & Elevator Access,Ombretta,Entire home/apt,143.0
Cozy Apartment in Florence,Monica,Entire home/apt,57.0
GuestHost - Palazzo Medici - Lorenzo Apartment,GuestHost - Welcome To Italy,Entire home/apt,115.0
Penthouse with terrace near Piazza della Signoria,Fausto,Entire home/apt,264.0
Ricasoli Apartment,Federico,Entire home/apt,447.0
Sant'Anna - Sweety Apartments,Roberto,Entire home/apt,137.0
Fabio’s Rustic Flat,Nido Verde Di Joshua E Giulia,Entire home/apt,139.0
Casa Pinedemonte - Private Garden,Lorenzo,Entire home/apt,211.0
cararina home 2,Gemma,Entire home/apt,162.0
Lionardo Luxury Appartment,Federico,Entire home/apt,840.0
Lungarno Apartment - 2BDR - 2BTH fantastic view,Elisabetta,Entire home/apt,197.0
Verrazzano Loft By MMega,MMega Homes And Villas,Entire home/apt,176.0
[Central Market] 3-bedroom Apartment,Tommaso,Entire home/apt,247.0
La Limonaia di Villa Aurora,Irene,Entire home/apt,
"In Florence's heart, by Santa Croce & Duomo",Lore,Entire home/apt,57.0
San Frediano nel cuore!,Marta,Entire home/apt,111.0
San Giovanni | Stunning Duomo & Baptistery View,Silvia,Entire home/apt,388.0
Keys of Italy -Ghib 80 private Room in Santa Croce,Keys Of Italy,Entire home/apt,105.0
𝓑est Central 150 m² Duomo 𝓛uxury Apartment,Sandra,Entire home/apt,510.0
Santa Croce suite with a unique view,Lorenzo,Entire home/apt,
Sense House [Batoni- Free Netflix],Erika,Entire home/apt,224.0
Designer Apartment in Oltrarno,Toc Toc,Entire home/apt,293.0
Bn Magic and relaxing downton,Alice,Entire home/apt,186.0
Big double private room,Miss Welcome- Help Housing,Private room,48.0
Maragliano Terrace - San Firenze Collection,Cristina,Entire home/apt,177.0
Appartamento Asse - San Firenze Collection,Cristina,Entire home/apt,105.0
Villetta Arnoldi,Sabrina E Michele,Entire home/apt,177.0
Appartamento Galileo~Santa Maria Novella,TwinsClaudiaCosimo,Entire home/apt,126.0
"Albizi Dimora Home, Firenze",Mb Housing,Entire home/apt,371.0
Flat for 4: Scala 1,Francesco,Entire home/apt,113.0
Oltrarno Panoramic Terrace MMega,MMega Homes And Villas,Entire home/apt,198.0
Maison Sanzio,Iacopo,Entire home/apt,266.0
Art-filled Flat & Terrace steps from Ponte Vecchio,Bruce,Entire home/apt,394.0
ART Guelfa Apartment,Giuseppe,Entire home/apt,145.0
Casa Malenchini Gioberti,Angelica Corradi,Entire home/apt,184.0
Camera da letto Wilma,Luca,Private room,69.0
The Laurel-Firenze,Esmeralda,Entire home/apt,172.0
Partenope Luxury Suites Florence,Ali,Entire home/apt,486.0
GuestHost - Boutique House Porta Romana,GuestHost - Welcome To Italy,Entire home/apt,139.0
Arno Cozy Apartment,Stefano,Entire home/apt,160.0
Central Market apartment,Mattia,Entire home/apt,183.0
Casa vacanze The Lily Home,Fede B,Entire home/apt,149.0
"Verdi Central Rooms, V1 room",Florjan,Private room,102.0
"Verdi Central Rooms, V2 room",Florjan,Private room,118.0
"Pitti Central Rooms , One bed room P1",Florjan,Private room,181.0
Santa Croce Tiny Suite • Centro Firenze • 9' Duomo,Simone,Entire home/apt,129.0
In centro vicino a tutto,Alejandro Emiliano,Entire home/apt,190.0
"Golden Luxe, 4 Suites + frescoes near Boboli",Golden Luxe,Entire home/apt,670.0
UNYCA - Iconic Florence View,UNYCA-Ream,Entire home/apt,201.0
UNYCA - Special Price Apartment,UNYCA-Ream,Entire home/apt,167.0
Apartment a few steps from the station+Wifii+AC,Dolce Vita Stays,Entire home/apt,93.0
Lucia Penthouse - Magic Views in a Medici Palace,Flow Traveling,Entire home/apt,296.0
Beatrice's house in the heart of Florence,Dolce Vita Stays,Entire home/apt,115.0
Balcony apt on ponte vecchio,Omri,Entire home/apt,217.0
Bilocale Ponte Vecchio,Vivere Housing,Entire home/apt,168.0
UNYCA - Spacious 2 bedroom Apartment in Florence,UNYCA-Ream,Entire home/apt,252.0
Alloggi Palmini 1,Silvia,Entire home/apt,254.0
UNYCA - Charming Oltrarno Apartment [Florence],UNYCA-Ream,Entire home/apt,183.0
Arcipressi comfort flat,Raimondo,Entire home/apt,230.0
[New apartment] - Boccaccio house,Gregorio,Entire home/apt,
Bartolo Suite,Barbara E Giovanni,Entire home/apt,176.0
sunny florence apartment,Sibilla Peccerini,Entire home/apt,228.0
[Uffizi] Appartamento in Piazza della Signoria,Beatrice,Entire home/apt,205.0
Healthy Home | Secret Attic,Clarissa,Private room,165.0
Casa accogliente,Vladimir,Entire home/apt,136.0
UNYCA - Bright Florence Apartment,UNYCA-Ream,Entire home/apt,293.0
"""Atelier 1885"" with panoramic view",Giulio & Veronica,Entire home/apt,141.0
CECCO BRAVO.apt. Firenze,Lamberto,Entire home/apt,159.0
Uffizi Dream,Lucia,Entire home/apt,123.0
"Nice Belfiore , One-bedroom AT1",Florjan,Private room,168.0
"Nice Belfiore , One-bedroom AT2",Florjan,Private room,106.0
B&B Bonaparte,Andrea S,Entire home/apt,111.0
Il sogno Fiorentino at Sant' Ambrogio,Edo & Rita,Entire home/apt,193.0
Boutique Boccaccio Apartment,Gianfranco,Entire home/apt,246.0
B Mezzo Aparment City center,Camilla,Entire home/apt,135.0
San Niccolo' Apartment,Giovanni,Entire home/apt,171.0
[5 Min from the Duomo]•2 Bedrooms with Garden+A/C,Simone,Entire home/apt,240.0
Duomo Luxury Apartment,Luca,Entire home/apt,
Appartamento Dante~Santa Maria Novella,TwinsClaudiaCosimo,Entire home/apt,135.0
Tuscan Refined Retreat,Alfred Stays,Entire home/apt,185.0
"GuestHost - Lights, Camera, Action! - Florence Apt",GuestHost - Welcome To Italy,Entire home/apt,101.0
Pitti Apartment in Central Florence,Thinah,Entire home/apt,
Torre dei Sapiti Apartment with private courtyard,Maria Stella,Entire home/apt,232.0
A Mezzo Apartment City Center,Camilla,Entire home/apt,135.0
Romantic Terrace Apartment,Lorenzo,Entire home/apt,147.0
Michelangelo's Retreat,Holidu,Entire home/apt,
[San Niccolò Elegance] Design Apartment 5*,Giovanni,Entire home/apt,156.0
Luxury Palazzo Vecchio: Best location & view,Jessica,Entire home/apt,598.0
New! Casa Cosi - Le Murate,Casa Cosi Italy,Entire home/apt,174.0
[DUOMO] Loft Sofia Lauren,Sofia Lauren,Entire home/apt,273.0
Il Magnifico  Apartment Firenze,Esmeralda,Entire home/apt,189.0
Un'oasi di pace vicino al centro storico,Lucia,Entire home/apt,154.0
[Pietra d’Arno] Appartamento in centro,Fiorenza,Entire home/apt,
Duomo Luxury Florence Apartment,Raffaele,Entire home/apt,986.0
Charming flat in Florence,Victoria,Entire home/apt,97.0
Guelfa Luxe Apartment [2 min Duomo],Mois,Entire home/apt,102.0
Hellen Studio Home,Elena,Entire home/apt,123.0
La Corte di Anna,Laura,Entire home/apt,126.0
[brd 41 12] Ponte Vecchio Attico Spazioso centrale,Fausto,Entire home/apt,313.0
Sweet Living Accademia,Mattia,Entire home/apt,
Buchetta dei Palchetti Florence suite,Giuseppe,Entire home/apt,208.0
[brd 41 13] Ponte Vecchio Elegant Central Attic,Fausto,Entire home/apt,234.0
Executive king,The Social Hub Florence Lavagnini,Private room,97.0
Villa dell'Artista - Camere con bagno privato,Niccolo,Private room,135.0
Villa dell'Artista - Camere con bagno privato,Niccolo,Private room,135.0
Villa dell'Artista - Camere con bagno privato,Niccolo,Private room,141.0
Villa dell'Artista - Camere con bagno privato,Niccolo,Private room,135.0
Villa dell'Artista - Camere con bagno privato,Niccolo,Private room,135.0
Villa dell'Artista - Camere con bagno privato,Niccolo,Private room,141.0
Private Room | St. Ambrogio,Edo & Rita,Private room,120.0
4 camere + 5 bagni + Balcony + Lift Luxury,Lorenzo,Entire home/apt,762.0
La Torretta: Duomo View in Cure,Marina Valerievna,Entire home/apt,168.0
Alloggio elegante vicino al centro e alla natura,Studio TOP Lease,Entire home/apt,104.0
Sweet Living Michelangelo,Mattia,Entire home/apt,
Elegant Apartment in the Heart of Florence,Toc Toc,Entire home/apt,165.0
Double Room | Hotiday Firenze Guidoni 3*,Hotiday,Private room,94.0
"Favorite in Florence, near Duomo, two terraces/dou",Commendable,Entire home/apt,415.0
elisabet near center of florence,Elisabetta,Entire home/apt,129.0
YID charming 3 bedroom stay in central Florence,Roberto,Entire home/apt,367.0
"Gorgeous Florence Apartment, near Duomo.",Sergio,Entire home/apt,257.0
Ponte Vecchio Charming Apartment,Alfred Stays,Entire home/apt,230.0
Santa Trinita Place By MMega,MMega Homes And Villas,Entire home/apt,186.0
Zarina Green,Alberto,Entire home/apt,450.0
Sant’Ambrogio 3‑Bedroom Apartment,Giovanni,Entire home/apt,195.0
Villa Anna -  Camera con bagno privato in Villa,Niccolo,Private room,112.0
AMOUR - in the heart of Florence,Elena,Entire home/apt,123.0
Villa Anna -  Camera con bagno privato in Villa,Niccolo,Private room,105.0
Casa Maggio By MMega,MMega Homes And Villas,Entire home/apt,259.0
Villa Anna -  Camera con bagno privato in Villa,Niccolo,Private room,104.0
Villa Anna -  Camera con bagno privato in Villa,Niccolo,Private room,112.0
"Casa ""Il Campanile""",Francesca,Entire home/apt,232.0
La Perla di Firenze,Manfredi,Entire home/apt,120.0
Healthy Home | Dream View,Clarissa,Private room,92.0
[-20%] Florentine Dream Stay- 90m Ponte vecchio,Omar,Entire home/apt,289.0
"Tramvia T1 Apartment, Parking, Garden Relax",Maria Jose,Entire home/apt,145.0
Casa Fiore - Ampio appartamento di charme,Emiliano,Entire home/apt,285.0
Diana 1: Appartamento in Zona Verde Firenze,Erdison,Entire home/apt,177.0
Diana 2: Zona Tranquilla per Famiglie,Erdison,Entire home/apt,233.0
"""La Casa di Luisa"" Firenze",Floriana,Entire home/apt,163.0
Ampio appartamento 6 posti con A/C e balconi,Gianni,Entire home/apt,263.0
UNYCA - Sant'Ambrogio Apartment,UNYCA-Ream,Entire home/apt,228.0
Design apartment with balcony near Duomo,Cristina,Entire home/apt,142.0
Casa Diamante - Come un Fiorentino,Mari E Simo,Entire home/apt,120.0
14th central market square,Raimondo,Entire home/apt,190.0
UNYCA - Elegant 3-bedroom Apartment in Florence,UNYCA-Ream,Entire home/apt,317.0
Stylish Flat in City Centre,Chiara,Entire home/apt,230.0
Lovely portion of property,Chiara,Entire home/apt,191.0
Cozy Flat in Santa Croce,Federico,Entire home/apt,
Queen By MMega,MMega Homes And Villas,Entire home/apt,172.0
King By MMega,MMega Homes And Villas,Entire home/apt,190.0
Suite Magnolia,The Luxor Suites,Entire home/apt,127.0
Elegant 4BR in Historic Santa Croce Palace,Laia,Entire home/apt,614.0
Quiet & indipendent room,Edo & Rita,Private room,113.0
Casa Corso near Duomo,Diana,Entire home/apt,223.0
Appartamento Casa Gaia,Beatrice,Entire home/apt,144.0
Oricellari Apartment by Mamo Florence,Mamo,Entire home/apt,333.0
[Four Seasons] Duomo's Love Nest,Filippo,Entire home/apt,595.0
[Casa Violetta] 10min to airport,Luigi,Entire home/apt,139.0
[Four Seasons] Luxury Apartment 50 m from Duomo,Filippo,Entire home/apt,210.0
Central portion of property,Chiara,Entire home/apt,134.0
[San Donato] Appartamento moderno  ed elegante,Matteo,Entire home/apt,120.0
Casa Dosio,Stefano,Entire home/apt,113.0
Manifattura - Boutique Home in Florence,Pegaso Florence,Entire home/apt,
Numa | Standard Room near Porta San Niccolò,Numa Florence Palazzo San Niccolò,Entire home/apt,139.0
"Apt Florence x4 SMN, 5 min from Duomo, A/C & Wi-Fi",Antonino,Entire home/apt,161.0
Vigna Nuova District Apartment,Lorenzo,Entire home/apt,178.0
Ponte Vecchio Studio,Giovanni,Entire home/apt,120.0
Maggio-Boutique Home in Florence,Pegaso Florence,Entire home/apt,179.0
Firenze via isonzo 24,Tuscan Dream Of Nest,Entire home/apt,331.0
Strozzi Luxury Apartment,Cosimo,Entire home/apt,303.0
Il Nido Di Marta,Nido Verde Di Joshua E Giulia,Entire home/apt,119.0
SMN Apartment with Private Courtyard,Cristina,Entire home/apt,135.0
Pop Tower Florence 1 Santa Croce Uffizi,Pop Tower Florence,Private room,138.0
Monalda Tower Apartment,Lorenzo,Entire home/apt,170.0
Pop Tower Florence 2 Santa Croce Uffizi,Pop Tower Florence,Private room,384.0
Pop Tower Florence 3 Santa Croce Uffizi,Pop Tower Florence,Private room,119.0
Pop Tower Florence 4 Santa Croce Uffizi,Pop Tower Florence,Private room,138.0
The Well Home - Historic Charm & Comfort,Maison Florence,Entire home/apt,251.0
Duomo view apartment - city center & view,Simona,Entire home/apt,320.0
Ponte Vecchio + SPA +Lift,Lorenzo,Entire home/apt,456.0
Historic Center - San Lorenzo house,Marco,Entire home/apt,183.0
Appartamento ampio con 3 camere,Benedetta,Entire home/apt,320.0
"Chic Apartment Carduus, Stylish & Central",Elena,Entire home/apt,156.0
Nina in Boboli,Mauro,Entire home/apt,108.0
Borgo Pinti Suites,Matteo,Entire home/apt,160.0
Ala Grande's House - Florence City Center,Mauro,Entire home/apt,256.0
Borgo Pinti Medieval Apartment,Maison Florence,Entire home/apt,248.0
Super Central Station Apt,Memories,Entire home/apt,
La Luna Suite • 20 min Walk to the Duomo,Julia,Entire home/apt,109.0
Private room with  panoramic view of Florence,Gianmarco,Private room,126.0
Keys of Italy-Barbi16-a unique studio in Florence!,Keys Of Italy,Entire home/apt,171.0
Florence Large Frescoed Apartment,Lorenzo,Entire home/apt,195.0
Keys of Italy-AllegriBig4-Family 2bedr Santa Croce,Keys Of Italy,Entire home/apt,149.0
Pop Tower Florence 5 Santa Croce Uffizi,Pop Tower Florence,Private room,160.0
Pop Tower Florence 6 Santa Croce Uffizi,Pop Tower Florence,Private room,138.0
GuestHost - Modern Apartment with Large Terrace,GuestHost - Welcome To Italy,Entire home/apt,300.0
Pop Tower Florence 7 Santa Croce Uffizi,Pop Tower Florence,Private room,122.0
Pop Tower Florence 8 Santa Croce Uffizi,Pop Tower Florence,Private room,138.0
Old Bridge Exclusive Apartment 2 BDR,Alfred Stays,Entire home/apt,
Appartamento Casa Mary,Beatrice,Entire home/apt,142.0
Casa con Terrazza Privata {10 min dal centro},Mois,Entire home/apt,73.0
Camera singola nel verde,Alessandra,Private room,44.0
Soft Light in Florence Center,Paola,Entire home/apt,147.0
Appartamento Pitti,Tuscan Feeling,Entire home/apt,202.0
"Modestino's B&B, Stanza matrimoniale deluxe",Modestino,Private room,119.0
Centro storico con terrazza,Simona,Entire home/apt,426.0
"Modestino's B&B, Stanza matrimoniale standard",Modestino,Private room,147.0
Rilassante casa fiorentina,Alberto,Entire home/apt,125.0
San Lorenzo apartment 2,Matteo,Entire home/apt,126.0
Camera doppia in appartamento condiviso,Flavia,Private room,69.0
Stylish 6‑Guest Designer Flat | Santa Croce,Elena,Entire home/apt,176.0
"[Duomo 10""a piedi] Wi-fi Veloce- Smart Working",Simone,Entire home/apt,163.0
Caravaggio House • 2 Suite Private nell'Oltrarno,Niccolo,Entire home/apt,176.0
BN loft by the river Downtown,Marcelo Daniel,Entire home/apt,160.0
Camera con bagno privato in dimora d'epoca,Niccolo,Private room,88.0
Camera con bagno privato in dimora d'epoca,Niccolo,Private room,91.0
Moderno e Luminoso Appartamento,Pietro,Entire home/apt,148.0
Appartamento a San frediano,Anna,Entire home/apt,164.0
Chic: Appartamento di charme con terrazza,Lorenzo,Entire home/apt,213.0
Santa Croce Modern Loft,Lorenzo,Entire home/apt,188.0
[Santo Spirito] Casa Fiorentina con Corte Privata,Lorenzo,Entire home/apt,1845.0
Stylish Apartment in Florence's Oltrarno,Cecilia,Entire home/apt,152.0
Villa Caterina,Resul,Entire home/apt,1204.0
[San Frediano] Design moderno ed elegante,Matteo,Entire home/apt,225.0
Eventi e Relax vicino allo stadio e Centro Storico,Niccolo,Entire home/apt,121.0
[San Frediano] Charme con stile contemporaneo,Matteo,Entire home/apt,349.0
Eventi e Relax:  Mandela Forum e Centro Storico,Niccolo,Entire home/apt,
TomHouse - Florence Dolce Vita,Florence Dolce Vita,Entire home/apt,435.0
appartamento Paola Firenze,Paola,Entire home/apt,133.0
Augustus Florence Borgo Pinti | 3 min Duomo,Maison Florence,Entire home/apt,184.0
3.suites - Duomo view - city center & comfort,Marco,Entire home/apt,400.0
Pretty apartment Alfani,White,Entire home/apt,185.0
San Niccolò Loft Suite,Cristina,Entire home/apt,161.0
Healthy Home | Duomo • Jacuzzi & Green Oasis,Healthy Home Di Clarissa & Andrea,Entire home/apt,260.0
[Un Nido di Charme a Firenze]Vicino Centro Careggi,Ale,Entire home/apt,173.0
Careggi apartment,Luca,Entire home/apt,155.0
"Althea Rooms, Deluxe room with ensuite bathroom","Ira, Althea Rooms",Private room,78.0
The PopyLoft,Mauro,Entire home/apt,143.0
Enjoy the Sunset from P. Michelangelo,Matteo,Entire home/apt,100.0
Quiet vintage Escape: Room +Bath,Nada,Private room,113.0
"Verdi Central Rooms, V5 room",Florjan,Private room,102.0
"Pitti Central Rooms , One bed room P2",Florjan,Private room,181.0
"Spacious 2-Bedroom Apt x6 – Santa Croce, A/C Wi-Fi",Antonino,Entire home/apt,268.0
Fienile fra ulivi a 5 minuti da Porta Romana,Costanza,Entire home/apt,203.0
Florence_Swallow_Balcony,Riccardo,Private room,96.0
Il giardino incantato a Firenze con giardino NEW,Alessandra,Entire home/apt,106.0
5 star suite Santa Croce,Gianni,Entire home/apt,202.0
"Casa Centro Duomo Stazione SM Novella, A/C, WiFi",Lucia,Entire home/apt,188.0
Cuore di Firenze,Riccardo,Private room,103.0
The Florence City Loft,Giovanni,Entire home/apt,178.0
"I' Querciolo, nuovo con vista
 sul giardino",Lorenzo E Chiara,Entire home/apt,126.0
Il Guelfo D'Oro - Feel at Home in Florence,Alessio,Entire home/apt,293.0
Stanza matrimoniale bagno privato a Firenze nr.1,Lorenzo,Private room,117.0
Appartamento Giusti 2 - San Firenze Collection,San Firenze Collection,Entire home/apt,290.0
Appartamento Giusti 1 - San Firenze Collection,San Firenze Collection,Entire home/apt,127.0
Florence luxury nest with garden balcony,Lucia,Entire home/apt,
Alloggio vicino al centro con vista sul fiume,Anna Rita,Entire home/apt,214.0
Duomo collection suites B,Roberto,Entire home/apt,211.0
{Dream Florence},Arisa,Entire home/apt,351.0
"B&B Facibeni Rooms, Boboli Room con Bagno Priva...",Susana,Private room,115.0
Due piani vicino Ponte Vecchio,Sarah,Entire home/apt,
Alfani Central Apartment,Giovanni,Entire home/apt,
[brd 43 4] Economic 4Camere 2-bagni Ponte Vecchio,Fausto,Entire home/apt,305.0
GuestHost - Ponte Vecchio Charming Apartment,GuestHost - Welcome To Italy,Entire home/apt,164.0
Stylish Charming Apt by Ponte Vecchio!,Ehsan,Entire home/apt,111.0
Rosa di Maggio-Central Apartment,Riccardo,Entire home/apt,128.0
Cocoplaces Rooms SMN Camera matrimoniale superior,Cocoplaces,Private room,85.0
Attic with Balcony View of the Lungarno,Fausto,Entire home/apt,202.0
Affordable 3-Room 2-Bathroom Lift Ponte Vecchio,Fausto,Entire home/apt,240.0
Ponte Vecchio Bright Spacious Penthouse,Fausto,Entire home/apt,256.0
Cocoplaces Rooms SMN Camera matrimoniale familiare,Cocoplaces,Private room,89.0
Santo Spirito charming studio apartment,Silvia,Entire home/apt,194.0
Buonarroti’s 1881 – The Secret Door to Florence,Maison Florence,Entire home/apt,137.0
Santo Spirito Apartament 100mq in historic center,Cecilia,Entire home/apt,
Casa Falorni Soffiano Firenze PT,Giovanni,Entire home/apt,71.0
[Art of Florence]•NEWCenter Apartment,Gama,Entire home/apt,83.0
"B&B Facibeni Rooms, Pitti Room con 2 letti, Bag...",Susana,Private room,115.0
Libertà 3 bedrooms By MMega,MMega Homes And Villas,Entire home/apt,162.0
Novella Home,Nido Verde Di Joshua E Giulia,Entire home/apt,
Scala Novella 57: Elegante a S. M. Novella,Nido Verde Di Joshua E Giulia,Entire home/apt,
Casone Apartment,Istay,Entire home/apt,251.0
[Duomo] Elegante Loft nel Cuore di Firenze,Beatrice,Entire home/apt,103.0
[10Min Duomo] Cozy Apt Florence,Lottie,Entire home/apt,206.0
Puccinotti's House,Dolce Vita Stays,Entire home/apt,115.0
Cocoplaces Rooms SMN Camera matrimoniale con patio,Cocoplaces,Private room,85.0
Cocoplaces Rooms SMN Camera matrimoniale standard,Cocoplaces,Private room,124.0
Cozy & Bright Flat with Balcony,Erisa,Entire home/apt,507.0
New Luxe Space in Florence,Simone,Entire home/apt,448.0
Tipico & Medioevale Apt nel Cuore di Firenze,Serena,Entire home/apt,188.0
Healthy Home | Giusti,Healthy Home Di Clarissa & Andrea,Entire home/apt,208.0
"Il Giglio Guest House, stanza delux",Elina,Private room,99.0
[Centro Storico/ Vista] 3 Mn Ponte Vecchio,Paolo,Entire home/apt,132.0
"Il Giglio Guest House, economico ed accogliente",Elina,Private room,99.0
Florence Charm Residence,Lorenzo,Entire home/apt,134.0
"Il Giglio Guest House, bello e caloroso",Elina,Private room,99.0
"Casa del Mare 
stanza singola",Marco,Private room,97.0
Florence Touch,Lorenzo,Entire home/apt,127.0
Caravaggio's House,Dolce Vita Stays,Entire home/apt,136.0
"Il Giglio Guest House, luminoso ed accogliente",Elina,Private room,
2BR • Iconic River View • Deluxe Condo • Fast WIFI,Donatella,Entire home/apt,376.0
Pitti View,Lorenzo,Entire home/apt,160.0
Casa accogliente a Firenze,Samantha,Entire home/apt,133.0
Florentine Touch - Orsini 76,Giovanni,Entire home/apt,123.0
Borgo la Croce 1830 Heritage Apartment,Maison Florence,Entire home/apt,128.0
Florence Royal Penthouse with Duomo Skyline,Golden Luxe,Entire home/apt,1800.0
"La Loggia del Porcellino, Suite familiare primo...",Armand,Private room,94.0
Duomo Penthouse in Palazzo Pazzi in Firenze,Palazzo Pazzi Vitali,Entire home/apt,1007.0
a place for you in Florence,Siro,Private room,75.0
Cocoplaces SMN Loft,Cocoplaces,Entire home/apt,189.0
Cocoplaces SMN Loft con una camera da letto,Cocoplaces,Entire home/apt,177.0
Cocoplaces SMN Appartamento con terrazza,Cocoplaces,Entire home/apt,146.0
"La Loggia del Porcellino, Tripla con vista prim...",Armand,Private room,118.0
"La Loggia del Porcellino, Tripla con vista terz...",Armand,Private room,142.0
"La Loggia del Porcellino, Doppia standard primo...",Armand,Private room,118.0
"La Loggia del Porcellino, Doppia standard terzo...",Armand,Private room,94.0
"La Loggia del Porcellino, Stanza singola letto ...",Armand,Private room,94.0
"Il Giglio Guest House, bello spazioso e caloroso",Elina,Private room,
"La Loggia del Porcellino, Stanza singola letto ...",Armand,Private room,94.0
Pure Living,Max,Entire home/apt,148.0
"Suite Cavour, Elegance and Comfort in Florence",Windows In Florence,Entire home/apt,
Suite Terrazza Di Foscolo,Stanislav,Entire home/apt,129.0
Sand Living,Max,Entire home/apt,154.0
Florence Secret Garden Home 5BDR 3BA Near Center,Cristina,Entire home/apt,383.0
Renaissance Apartment by Santo Spirito,Fabrizia,Entire home/apt,80.0
Elegant Duplex in Florence,Toc Toc,Entire home/apt,
Affordable 4-Room 2-Bathroom Lift Ponte Vecchio,Fausto,Entire home/apt,299.0
Affordable 4-Room 2-Bathroom Lift Ponte Vecchio,Fausto,Entire home/apt,316.0
Cocoplaces SMN Appartamento superior,Cocoplaces,Entire home/apt,116.0
Central apartment with terrace/view,Laura Daria,Entire home/apt,155.0
Liberty  SMN Apartment Santa Maria Novella Station,Alessandro,Entire home/apt,355.0
Duomo Giglio Viola,Alberto,Entire home/apt,251.0
Cozy 2 Bedroom in Florence. San Gallo,Genteel Home Italy,Entire home/apt,324.0
Appartamento Toscano Accogliente “il Bassorilievo”,Tommaso,Entire home/apt,169.0
Nuovo! Appartamento di Design Vista Duomo,Silvia,Entire home/apt,187.0
"2br centro storico, perfetto per visitare Firenze",Brunilda,Entire home/apt,195.0
Cosseria Camera Quadrupla,Ermal,Private room,104.0
Cosseria  Doppia,Ermal,Private room,75.0
Desiree  Camera Doppia,Ermal,Private room,75.0
Desiree Doppia Bagno Condiviso,Ermal,Private room,89.0
UNYCA - Grazioso Appartamento sull'Arno,UNYCA-Ream,Entire home/apt,
Esclusivo!10 min. dalla Stazione,Cristina,Entire home/apt,188.0
Camera Emma,Luca,Private room,68.0
Confort in Pieno Centro,Lorenzo,Private room,102.0
Wine Apartments Florence Sagrantino,Wine Apartments Florence,Entire home/apt,159.0
Confort in pieno centro,Lorenzo,Private room,92.0
Charme toscano a San Frediano,Giulia,Entire home/apt,
Suite in pieno centro,Lorenzo,Private room,120.0
Casa di Ludovico,Ludovico Carlo,Entire home/apt,155.0
Casetta del Geco,Silvia,Entire home/apt,27.0
Super views Terrace Central 3Bdr Ponte Vecchio,Alex F,Entire home/apt,1107.0
Cocoplaces Soggiorno Panerai FamiliareSuperior,Cocoplaces,Private room,111.0
La Dolce Vita Heart of Florence,Top Of Tuscany,Entire home/apt,107.0
Cocoplaces Soggiorno Panerai FamiliareDeluxe,Cocoplaces,Private room,99.0
The retreat,ApartmentsFlorence,Entire home/apt,205.0
Olli's corner a Firenze,Olli,Entire home/apt,148.0
Florence  House / Rifredi - Careggi,Giuliana,Entire home/apt,138.0
Dal Pittore Heart of Florence,Top Of Tuscany,Entire home/apt,99.0
Beatrice King Deluxe Room by Locanda Mosconi,Gianni,Private room,197.0
Florence Cozy Apartment,Lorenzo,Entire home/apt,148.0
Rustic-Chic Loft by the Duomo,Gaia Maria Vittorina,Entire home/apt,439.0
Appartamento accanto alla Tramvia Dalmazia,Lorenzo,Entire home/apt,93.0
Deluxe double,The Social Hub Florence Belfiore,Private room,138.0
Deluxe twin,,Private room,131.0
Executive double,,Private room,138.0
Executive queen,The Social Hub Florence Belfiore,Private room,138.0
Standard double,,Private room,138.0
Standard queen,,Private room,138.0
Alfani apartment close Accademia and Duomo wifi,Chiara,Entire home/apt,192.0
"Casa Meoni - Appartamento con balcone, Firenze",Paolo,Entire home/apt,86.0
La casa agli Orti Oricellari,MMega Homes And Villas,Entire home/apt,220.0
Scena Illustrata-Family or Groups apt Redi 51,Monika,Entire home/apt,416.0
Il Nido nel Borgo -  posto auto + vicino aeroporto,Marta,Entire home/apt,128.0
Stanza Rosso Fiorentino,Serhiy,Private room,69.0
Suite Peretola Airport + Park,Karim,Entire home/apt,99.0
Firenze King deluxe,Gianni,Private room,184.0
Lorenzo King Deluxe,Gianni,Private room,230.0
Capponi Classic Apartment,Lorenzo,Entire home/apt,248.0
Tornabuoni Dream,Lorenzo,Entire home/apt,
Cocoplaces Soggiorno Panerai Camera Queen,Cocoplaces,Private room,81.0
Landino Apartment by Mamo Florence,Mamo,Entire home/apt,219.0
Ghibellina Living,Giovanni,Entire home/apt,125.0
Pazzi penthouse luxury apartment in florence,Palazzo Pazzi Vitali,Entire home/apt,1095.0
Albizi penthouse luxury apartment in florence,Palazzo Pazzi Vitali,Entire home/apt,1206.0
marjo's uno apartment,Mario,Entire home/apt,160.0
Palazzo Pazzi Vitali Luxury Apartments In Florence,Palazzo Pazzi Vitali,Entire home/apt,584.0
Tanagli palace apartment,Lorenzo,Entire home/apt,514.0
Family room 4 persons,The Social Hub Florence Lavagnini,Private room,97.0
Accademia Elegant Nest with patio,Deborah Ann,Entire home/apt,209.0
Sunny loft 2 in Santo Spirito,Modestino,Entire home/apt,122.0
Lovely three bedrooms apartment,White,Entire home/apt,146.0
Modern Apartment with Skyline Views,Lorenzo,Entire home/apt,165.0
Akira Apartment by Mamo Florence,Mamo,Entire home/apt,224.0
Vanilla  SUITE - Pitti Place Residence,Annalisa,Entire home/apt,215.0
Camera matrimoniale privata in appartamento,Andrea,Private room,80.0
"Spacious Oltrarno Chic: Apt x6, A/C, Wi-Fi, Summer",Antonino,Entire home/apt,1201.0
"Spacious Oltrarno Apt 10 Pax, 5 Beds, A/C, Wi-Fi",Antonino,Entire home/apt,1255.0
Ponte Vecchio Terrace Suite with Jacuzzi,Lorenzo,Entire home/apt,155.0
YiD Florentine Charm & Comfort,Roberto,Entire home/apt,299.0
Bella Luna,Arturo,Private room,70.0
Suite Libertà appartamento moderno in centro,Federica,Entire home/apt,252.0
Modern Penthouse with Terrace and Parking,Toc Toc,Entire home/apt,211.0
Dulcis Vita [ Local Stay - Le Cure ],Erika,Entire home/apt,123.0
Luxury Apartment in Historic Florence,Toc Toc,Entire home/apt,505.0
Villetta Gualberto con Giardino,Annalisa,Entire home/apt,348.0
marjo's uno apartment,Mario,Entire home/apt,171.0
Dadi Home - Florence Dolce Vita,Florence Dolce Vita,Entire home/apt,269.0
Bijoux Suite near Boboli Gardens,Toc Toc,Entire home/apt,169.0
"""Luminoso e ampio appartamento a Firenze""",Andrea,Entire home/apt,128.0
"Camera ""Dante""",Gazmend,Private room,65.0
Heart of Florence – Elegant New 4BR,Marco,Entire home/apt,271.0
Santo Spirito central cozy flat,Roberto&Elena,Entire home/apt,160.0
The Duomo Terrace – Romantic Florence Stay,Alberto,Entire home/apt,212.0
Romantic Nest in the Heart of Florence,Toc Toc,Entire home/apt,140.0
GuestHost - Giardino Bardini Lovely Flat,GuestHost - Welcome To Italy,Entire home/apt,77.0
SMN–Duomo: Trilocale Moderno,Luigi Dylan,Entire home/apt,
stanza privata luminosa affaccia su corte interna,Andrea,Private room,74.0
Jolie Piccola Maison Firenze- casa  indipendente,Cristina,Entire home/apt,63.0
Chic Mamma Magnifico suite,Sergio,Entire home/apt,251.0
Florence: Cute & easy,Sandra,Entire home/apt,122.0
Scala Apartment | Your Florence Terrace,Giulio & Veronica,Entire home/apt,281.0
santa maria novella apartment,Niccolò,Entire home/apt,120.0
Delightful little apartment in the city center,Sarah,Entire home/apt,99.0
NH Florence - Contemporary House,Next Home Florence,Entire home/apt,160.0
Casa Alessandro,Holidu,Entire home/apt,
Gordigiani Room 4,Pardis,Private room,72.0
Stanza confortevole in casa con spazi condivisi,Andrea,Private room,74.0
Residenza Santa Croce - 4 Apts,FloRentals,Entire home/apt,
Materia Rooms - Sweet Dreams in Florence,Irene,Entire home/apt,713.0
La Loggetta Apartment Di Leonardo,Holidu,Entire home/apt,
"Golden Luxe, Palazzo Belle Arti",Golden Luxe,Entire home/apt,1550.0
The Luxor Suites -  Guelfa,The Luxor Suites,Entire home/apt,181.0
The Luxor Suites - Guelfa,The Luxor Suites,Entire home/apt,134.0
Home Bartolommeo - Firenze,Andrea,Entire home/apt,128.0
200 metri dai Giardini di Boboli,Giulia,Entire home/apt,83.0
"Appartamento Elegante, Borgo Pinti, Duomo, Firenze",Esmeralda,Entire home/apt,84.0
Barnaba Apartment by Mamo Florence,Mamo,Entire home/apt,242.0
Dimora Alighieri,Stanislav,Entire home/apt,96.0
Charming & Spacious Florence Apartment,Lorenzo,Entire home/apt,580.0
Cozy and bright apartment in the city,Sarah,Entire home/apt,103.0
Madame Butterfly Suite - New flat S. M. Novella,Jacopo,Entire home/apt,158.0
Brunelleschi's House,Dolce Vita Stays,Entire home/apt,325.0
Camera Deluxe Matrimoniale,Marco,Private room,110.0
"Giardino, posto auto, Wi-fi e A.C.",Andrea,Entire home/apt,246.0
Stanza Fiorentina,Alessandra,Private room,81.0
Serristori Riverside Apartment,Lorenzo,Entire home/apt,240.0
Clima 2025  camera da 4 posti,Ermal,Private room,148.0
San Frediano Designer Duplex,Lorenzo,Entire home/apt,
Ampia camera vicina al Duomo,Pasquale,Private room,42.0
Newly Refurbished Duomo View Apartment with A/C,Niccolò,Entire home/apt,202.0
Brancacci House 500 m from Ponte Vecchio by Hôtea,Hôtea,Entire home/apt,137.0
Camera Singola,Holidu,Private room,
Florence center Attic room with private Bathroom,Armando,Private room,43.0
GuestHost - San Lorenzo Market Cozy Nest,GuestHost - Welcome To Italy,Entire home/apt,108.0
Appartamento Aurora,Simone,Entire home/apt,110.0
Arnolfo Firenze,Gaia,Private room,81.0
Nido Tornabuoni By MMega,MMega Homes And Villas,Entire home/apt,141.0
Turandot Suite - new flat in Santa Maria Novella,Jacopo,Entire home/apt,166.0
La Casetta Di Firenze,Ilaria,Entire home/apt,98.0
GuestHost - Ponte Vecchio Roomy Apartment,GuestHost - Welcome To Italy,Entire home/apt,155.0
La Dolce Vita in Settignano,Lorenzo,Entire home/apt,
Appartamento Lungarno Ponte Vecchio Florence,Enrico,Entire home/apt,156.0
Spacious Oltrarno Apartment with Private Garden,Giovanni,Entire home/apt,170.0
Casa Vittorio,Pietro,Entire home/apt,95.0
San Frediano Lidia's Home: Cuore di Firenze,Nido Verde Di Joshua E Giulia,Entire home/apt,
Gianna's Home in Florence's Heart,Gianna,Entire home/apt,103.0
Careggi Casa Diamante,Olivier,Entire home/apt,160.0
Conti Apartment,Istay,Entire home/apt,
The Florence Gem: Historic Charm & Terrace,Gaia Maria Vittorina,Entire home/apt,246.0
Heritage Style Meets Modern Comfort in Florence,Gaia Maria Vittorina,Entire home/apt,343.0
Artistic 3-room apartment,Emma,Entire home/apt,240.0
Keys of Italy -  Rustici 3 - Charming 1BR Loft,Keys Of Italy,Entire home/apt,193.0
Florence Rooms -Studio Apartment,Riccardo,Entire home/apt,104.0
Galileico,Patty,Entire home/apt,206.0
Mariemy House - Free parking,Emilio Paolo,Private room,80.0
"Charming Apt x4, 10 min Ponte Vecchio, A/C & Wi-Fi",Antonino,Entire home/apt,147.0
Stylish Penthouse Bargello,Memories,Entire home/apt,
[San frediano] sunset apartament 2 rooms,Giulia,Entire home/apt,196.0
Sant'Orsola Apartament,Istay,Entire home/apt,207.0
Torre medievale del 1200 – appartamento privato,Tommaso,Entire home/apt,217.0
Torre medievale del 1200 – appartamento privato,Tommaso,Entire home/apt,175.0
Firenze: tra Duomo e P. Signoria,Loredana,Entire home/apt,212.0
"Porta Romana, Attico Moderno e Luminoso",Bernardo,Entire home/apt,259.0
Casa Poggio Imperiale - San Firenze Collection,Cristina,Entire home/apt,125.0
Loft the heart of Florence - UNESC0 Heritage area,Fabrice,Entire home/apt,224.0
Pepi Suite 65 • Historical Apartment in Florence,Maison Florence,Entire home/apt,121.0
Patrizia Strategico 4Piano vicino Stazione e Duomo,Florence Charming Apartments,Entire home/apt,224.0
Vintage hidden gem escape with Workspace,Nada,Private room,98.0
"Charming 80sm flat by Santa Croce, longterm stay",Gunn,Entire home/apt,72.0
GuestHost - Florence Nest Steps from Cascine Park,GuestHost - Welcome To Italy,Entire home/apt,147.0
Central and comfortable studio in Florence,Toc Toc,Entire home/apt,129.0
Chalet Superior,Hu Firenze Certosa Camping In Town,Entire home/apt,154.0
Il Giglio Nascosto - San Firenze Collection,San Firenze Collection,Entire home/apt,147.0
"LJ Suites Gioberti, Stanza 6: matrimoniale con ...",Modestino,Private room,122.0
Vetro - Sweet Dreams in Florence,Irene,Private room,449.0
Marmo - Sweet Dreams in Florence,Irene,Private room,449.0
"LJ Suites Gioberti, Stanza 7: ampia matrimonial...",Modestino,Private room,117.0
"LJ Suites Gioberti, Stanza 8: matrimoniale con ...",Modestino,Private room,141.0
Farinata Apartment by Mamo Florence,Mamo,Entire home/apt,290.0
Nerone Apartment by Mamo Florence,Mamo,Entire home/apt,392.0
Moderno appartamento 6 piano-comfort e praticità,Ginevra,Entire home/apt,132.0
"Casa Romitino, modern and spacious apartment",Homeby,Entire home/apt,258.0
Moderno e spazioso appartamento,Silvia,Entire home/apt,
The Great Golden Terrace,Thomas MF,Entire home/apt,365.0
Modern suite in Florence,Anna,Entire home/apt,172.0
""" Parione Palace"" Lux & Design Loft/Apt, with view",Fabrizio,Entire home/apt,679.0
Fortezza Home By MMega,MMega Homes And Villas,Entire home/apt,174.0
Deservi Elegant Apt. Michelangelo,Samantha Geco Vacation Rentals GECO Srl,Entire home/apt,312.0
Deservi Elegant Apt. Giotto,Samantha Geco Vacation Rentals GECO Srl,Entire home/apt,338.0
Deservi Elegant Apt. Vasari,Samantha Geco Vacation Rentals GECO Srl,Entire home/apt,286.0
Deservi Elegant Apt. Brunelleschi,Samantha Geco Vacation Rentals GECO Srl,Entire home/apt,273.0
Deservi Elegant Apt. Leonardo,Samantha Geco Vacation Rentals GECO Srl,Entire home/apt,298.0
Deservi Elegant Apt. Donatello,Samantha Geco Vacation Rentals GECO Srl,Entire home/apt,325.0
Deservi Elegant Apt. Dante,Samantha Geco Vacation Rentals GECO Srl,Entire home/apt,260.0
Deservi Elegant Apt. Boccaccio,Samantha Geco Vacation Rentals GECO Srl,Entire home/apt,247.0
Deservi Elegant Apt. Machiavelli,Samantha Geco Vacation Rentals GECO Srl,Entire home/apt,260.0
Deservi Elegant Apt. Petrarca,Samantha Geco Vacation Rentals GECO Srl,Entire home/apt,325.0
Deservi Elegant Apt. Botticelli,Samantha Geco Vacation Rentals GECO Srl,Entire home/apt,338.0
Lovely one bedroom near Signoria Square,Toc Toc,Entire home/apt,201.0
Agnolo Flat,Stefano,Entire home/apt,177.0
Loft 192 (vicino al Centro),Filippo,Entire home/apt,114.0
Attico con vista,Susanna,Private room,88.0
Garden View Palazzo Caccini,Letizia,Entire home/apt,176.0
Amazing Basement in City Center Tasso,Florjan,Entire home/apt,160.0
Casa L'ART 24 - accogliente e funzionale,Lara,Entire home/apt,119.0
Tramvia home con parcheggio,Elsit,Entire home/apt,229.0
"Strange Uncle, apartment for 7, with lift",Breditz,Entire home/apt,500.0
Luxury Penthouse & Terraces,Gianluca,Entire home/apt,623.0
"Casa Camilla, bright terraced familyhome, - a/c",Adrian Tiziano,Entire home/apt,194.0
Modern Room Ensuite + Private Terrace - A/C&Wi-Fi,Luca,Private room,143.0
Dimora Autentica tra i Monumenti,Lorenzo,Entire home/apt,251.0
Antica Residenza Fiorentina,Lorenzo,Entire home/apt,280.0
Oltrarno Family Apartment in Florence,Toc Toc,Entire home/apt,323.0
Pepi 77,Guidone,Entire home/apt,155.0
La Casa sull’Arno,Martina,Entire home/apt,237.0
Giano - Conventino Modern - Apt con Garage,Florence Charming Apartments,Entire home/apt,135.0
Private Room Ensuite with Terrace A/C Wi-Fi,Luca,Private room,132.0
Stylish Ensuite Room with Private Terrace,Luca,Private room,132.0
La Casina di Benedetta,Barbara,Entire home/apt,149.0
Machiavelli stupendo loft al Duomo e Santa croce,Sibilla Peccerini,Entire home/apt,126.0
Giuggiola In Florence,Andrea,Entire home/apt,183.0
Casa di Ciapa - Centro Storico,Ciapa,Entire home/apt,144.0
Corte Ghibellina in Santa Croce,Barbara,Entire home/apt,175.0
Bilocale Z&I,Marisa,Entire home/apt,585.0
Trilocale Z&I,Marisa,Entire home/apt,612.0
Window on the Cathedral,Apartments_Florence,Entire home/apt,356.0
Αυθεντικό στυλ Τοσκάνης,Alex,Entire home/apt,73.0
Buenaonda Isolotto Apartment,La Buenaonda,Entire home/apt,
Elegante nel cuore dell'Oltrarno,Viola Maria,Entire home/apt,
The Moonlight Room • Private Bath & Free Parking,Virginia,Private room,78.0
Casa Medici Riccardi- 2 camere 2 bagni 50mt Duomo,Sofia,Entire home/apt,170.0
Pitti House,Massimo,Entire home/apt,145.0
Boboli Entire Private Building,Massimo,Entire home/apt,341.0
GuestHost - S. Maria Novella Cinematic Experience,GuestHost - Welcome To Italy,Entire home/apt,133.0
"Appartamento
happy place 
stazione Campo di Marte",Dario,Entire home/apt,137.0
Floral Renaissance,Chenxing,Entire home/apt,87.0
Graziosa casa vacanze monolocale Careggi Dalmazia,Valentina,Entire home/apt,97.0
appartamento Firenze,Xin,Entire home/apt,
Appartamento Pisana - San Firenze Collection,Cristina,Entire home/apt,148.0
Fortini Villa in the city,Giulia,Entire home/apt,
"Alinari 1 Gallery Suites Lusso, silenzio, panorama",Alessio,Entire home/apt,173.0
Eva Sofia By MMega,MMega Homes And Villas,Entire home/apt,220.0
Bright Designer Flat Near Center & Station,Anna,Entire home/apt,126.0
Alinari 2 Gallery suites Eleganza lusso silenzio,Alessio,Entire home/apt,224.0
Alinari 3 Gallery suites Lusso con vista panorama,Alessio,Entire home/apt,196.0
Vita Nova • 2 terrazze • Vista • Tramvia centro,⁨Bonicco S.R.L.⁩,Entire home/apt,132.0
"appartamento in pieno centro, 2 bagni e 2 camere",Lorenzo,Entire home/apt,236.0
La luce di Arnolfo - Signoria,Benedetta,Entire home/apt,134.0
Fortezza Residence,Angelique Santos,Entire home/apt,185.0
[Porta Romana-Boboli]Charm Fiorentino Free-Wifi,Simone,Entire home/apt,201.0
Serristori Palace - Studio Fiesole,Andrea,Entire home/apt,135.0
Serristori Palace - Penthouse Belvedere,Andrea,Entire home/apt,264.0
Serristori Palace - Appartamento Pontevecchio,Andrea,Entire home/apt,283.0
Serristori Palace - Appartamento Deluxe,Andrea,Entire home/apt,244.0
Serristori Palace - Appartamento 1 camera da letto,Andrea,Entire home/apt,179.0
Serristori Palace - Appartamento Standard,Andrea,Entire home/apt,155.0
Charming Loft Corso Italia,Monica,Entire home/apt,143.0
Oltrarno Art House,Lorenzo,Entire home/apt,
Via Fra Bartolomeo,Sveva,Entire home/apt,
San Zanobi panoramic terrace By MMega,MMega Homes And Villas,Entire home/apt,172.0
CASA DI DEBI - Santa Croce luxury apartment,Deborah Ann,Entire home/apt,381.0
Casa Stibbert Secret Garden,Manfredi Conforzi,Entire home/apt,
Guest house Cortese camera 2,Marco,Private room,86.0
spaziosa matrimoniale con studiolo in pieno centro,Lorenzo,Private room,135.0
"bella matrimoniale, bagno A/C, centralissima",Lorenzo,Private room,131.0
Santo Spirito Urban Apartment,Giovanni,Entire home/apt,
~Luxury Oasis~Attico a Firenze Centro,Erik,Entire home/apt,320.0
Dimora43 your home in a quiet residential area,Manuela,Entire home/apt,111.0
Guest house Cortese camera 1,Marco,Private room,14.0
Florence Contemporary Style By MMega,MMega Homes And Villas,Entire home/apt,348.0
Fairy Tale in Florence By MMega,MMega Homes And Villas,Entire home/apt,289.0
Loft Minimal Moderno con Terrazzo e Parcheggio,Sami,Entire home/apt,113.0
Idea! - Sweet Dreams in Florence,Irene,Entire home/apt,261.0
Tina House Florence,Holidu,Entire home/apt,
Executive studio,The Social Hub Florence Belfiore,Private room,
Deluxe studio,The Social Hub Florence Belfiore,Private room,
Standard queen,,Private room,
Standard queen,,Private room,
"Bilocale con giardino ""Corte degli Agrumi"" Firenze",Tommaso,Entire home/apt,111.0
Residential area near city center,Caterina,Private room,
San Niccolò Luxury Retreat,Lorenzo,Entire home/apt,205.0
Canto dei Ciompi Spacious and Prime location,Apartments Florence,Entire home/apt,448.0
bohémian view santa maria novella,Francesco,Private room,160.0
Guest house Cortese camera 3,Marco,Private room,51.0
Family Loft Near the Duomo and Accademia,Cristina,Entire home/apt,155.0
Cozy Ground Floor Retreat with Courtyard,Arianna,Entire home/apt,120.0
Appartamento vicino al centro con servizi olistici,Claudia,Entire home/apt,131.0
Costanza Nest - Hidden retreat near Ponte Vecchio,Flow Traveling,Entire home/apt,179.0
Lilla Suite - Florence Dolce Vita,Florence Dolce Vita,Entire home/apt,153.0
Great view apartment San Marco,Elisabetta,Entire home/apt,470.0
"First floor Accademia, Florence historic center",Elisabetta,Entire home/apt,245.0
BeB da Mena,Francesca,Entire home/apt,147.0
Large double room in central guest house,Paraiso Guest House,Private room,103.0
Florence Duomo Grand Apartment,Lorenzo,Entire home/apt,384.0
Central guest house - large double room,Paraiso Guest House,Private room,103.0
Casa Bettina,Bettina,Entire home/apt,128.0
Appartamento di Lusso con Ascensore,Chiara,Entire home/apt,260.0
Stazione SMN•Attico(2 persone)+Terrace,Gama,Entire home/apt,128.0
~Suite Rosselli~10 minuti dalla Stazione SMN,Erik,Entire home/apt,188.0
Tuscan Top Floor Duplex,Giovanni,Entire home/apt,259.0
T&L appartment,Luigi,Entire home/apt,103.0
Camera della Gloria,Frederik,Private room,149.0
San Lorenzo loft – Comfort & Style,Niccolo,Entire home/apt,296.0
A casa di Veronica,Veronica,Entire home/apt,160.0
[Casa con posto auto]15’ Aeroporto 15’ Stazione,Mattia,Entire home/apt,235.0
[Four Season's] Alfani Apartment,Filippo,Entire home/apt,175.0
Large triple room - private bathroom - guest house,Paraiso Guest House,Private room,115.0
Double bed - kitchenette - private bathroom,Paraiso Guest House,Private room,114.0
Pilastri Lorenz Rooftop with 2 Terraces Duomo View,Florence Charming Apartments,Entire home/apt,133.0
Spirito 21,Linda,Entire home/apt,120.0
residenza viola,Viola,Entire home/apt,169.0
Camera Salvia in B&B - San Firenze Collection,Cristina,Private room,87.0
Camera Paprika in B&B - San Firenze Collection,Cristina,Private room,83.0
Maggio Musicale View by MMega,MMega Homes And Villas,Entire home/apt,7756.0
Camera Curcuma in B&B - San Firenze Collection,Cristina,Private room,108.0
Camera Zenzero in B&B - San Firenze Collection,Cristina,Private room,117.0
Camera Cannella in B&B - San Firenze Collection,Cristina,Private room,102.0
Super Central Apartment in Florence by MMega,MMega Homes And Villas,Entire home/apt,259.0
Modern San Zanobi quiet and cozy,Apartments Florence,Entire home/apt,270.0
Florentine dream,Maria Sol Caterina,Entire home/apt,206.0
Cozy & Quiet 2BR Outside ZTL & 10min from Center,Federico,Entire home/apt,114.0
Il giardino di Michele 2,Ida,Entire home/apt,309.0
Studio in Torre dei Donati,Alessandro,Entire home/apt,97.0
Il Giardino di Michele 3,Ida,Private room,143.0
"Il Palagio, Santi Apostoli Palazzo degli Altoviti.",Vittorio,Entire home/apt,375.0
Piazza del Carmine Apartament by Interhome,Elena - Interhome,Entire home/apt,366.0
Cozy apartment Florence Beccaria/Oberdan,Casa Vacanze Firenze,Entire home/apt,203.0
Studio,Forte16 View & Spa,Private room,197.0
Superior studio,Forte16 View & Spa,Private room,224.0
Junior suite,,Private room,224.0
Balcony superior,Forte16 View & Spa,Private room,197.0
Family suite,Forte16 View & Spa,Private room,224.0
Terrace suite with duomo view,Forte16 View & Spa,Private room,206.0
Loft suite,Forte16 View & Spa,Private room,233.0
Classic room,MyForte Relais De Charme,Private room,163.0
Deluxe room,,Private room,163.0
Superior deluxe room,,Private room,163.0
Suite with garden view,MyForte Relais De Charme,Private room,208.0
Caldaie By MMega,MMega Homes And Villas,Entire home/apt,7631.0
Museum Vibes By MMega,MMega Homes And Villas,Entire home/apt,378.0
La tua casa vicino al Mercato Centrale By MMega,MMega Homes And Villas,Entire home/apt,191.0
Luxury View Terrace Apartment,Living Luxury,Entire home/apt,422.0
Romantic Vibes in Florence By MMega,MMega Homes And Villas,Entire home/apt,257.0
On the banks of Santa Croce,Alessandro,Entire home/apt,173.0
#Macci5#,Housing4you,Entire home/apt,262.0
Appartamento Lumà - Divina,Flavio,Entire home/apt,263.0
1 bed - 1 room - top floor - no elevator,Antonio,Private room,
Experience living the Florentine Renaissance,Donatella,Entire home/apt,142.0
Manifattura Tabacchi Studio 22,Francesco,Private room,96.0
"Careggi - 4 person apt w/AC, WIFI & Outdoor area",Fabio,Entire home/apt,167.0
Appartamento Noelle - San Firenze Collection,San Firenze Collection,Entire home/apt,
Ognissanti Dream Suite,Leonardo,Entire home/apt,173.0
[Duomo] David large quiet & deluxe apartment,Elisa,Entire home/apt,355.0
Hotel Canada - Camera 1,Mercurio Stay,Private room,145.0
"Residenza Villani in oltrarno, Firenze",Lucrezia,Entire home/apt,300.0
Firenze Appartamento Stazione Centrale,J-O-H,Entire home/apt,163.0
San Frediano Novilia Apartment,Giulia,Entire home/apt,
Duomo Art - your retreat few steps from Duomo,Apartments Florence,Entire home/apt,249.0
Santa Croce at your Fingertips PLUS,Tiziano,Entire home/apt,491.0
Hotel Canada - Camera 2,Mercurio Stay,Private room,124.0
Hotel Canada - Camera 10,Mercurio Stay,Private room,186.0
Hotel Canada - Camera 3,Mercurio Stay,Private room,124.0
Hotel Canada - Camera 4,Mercurio Stay,Private room,124.0
Hotel Canada - Camera 5,Mercurio Stay,Private room,115.0
Hotel Canada - Camera 6,Mercurio Stay,Private room,116.0
Hotel Canada - Camera 7,Mercurio Stay,Private room,151.0
Hotel Canada - Camera 9,Mercurio Stay,Private room,179.0
"camere moderne nel cuore di Santo Spirito, Sta...",Modestino,Private room,135.0
"camere moderne nel cuore di Santo Spirito, Sta...",Modestino,Private room,117.0
Casagà - Appartamento centrale.,Giorgia,Entire home/apt,189.0
"[Airport & University] New Suite, A/C, Wifi",Paola,Entire home/apt,170.0
Appartamentino Palazzuolo,Andrea,Entire home/apt,139.0
[Duomo Uffizi] Residence of the Cerchi by Hôtea,Hôtea,Entire home/apt,
[Brunelleschi Signoria] Domus dei Cerchi by Hôtea,Hôtea,Entire home/apt,
4 bedroom -Fortezza Magide Apartment,Alessia Iroro,Entire home/apt,254.0
(Arno View) Ponte Vecchio Charming Home,Gianni,Entire home/apt,157.0
Historic Apartment in Florence City Center,Federico,Entire home/apt,194.0
Luxury Space Michelangelo,David,Entire home/apt,170.0
Il Pozzino Firenze casa tranquilla in città,Serena,Entire home/apt,93.0
Appartamento Lumà - Puccini,Flavio,Entire home/apt,175.0
Magnolia Blu B&B - San Jacopino,Magnolia Blu B&B,Entire home/apt,101.0
Studio San Niccolò,Lorenzo,Entire home/apt,98.0
Michelangelo King Deluxe Suite,Gianni,Private room,173.0
Locanda Mosconi - Venezia King Deluxe Room,Gianni,Private room,223.0
Il Granduca Apartment in Central Florence,Toc Toc,Entire home/apt,207.0
Casa del giardino in centro con posteggio privato,Federica,Entire home/apt,
Olive Garden Loft · Relax tra Ulivi e Gazebo,Sara,Entire home/apt,141.0
Locanda di Mosconi - Maria Vittoria Suite,Gianni,Private room,288.0
Locanda Mosconi - Suite Roma,Gianni,Private room,288.0
Leonardo Suite by Locanda Mosconi,Gianni,Private room,173.0
Near City Center & Train Station • AirConditioning,Andrea,Entire home/apt,139.0
Alice urban lodge - Between Florence & Chianti,Alice,Entire home/apt,121.0
[Finestra sul Duomo] Duomo 2 minuti a piedi,Simone,Entire home/apt,145.0
florence open space,Maria,Entire home/apt,124.0
Il Villino with free private parking and garden,Chiara,Entire home/apt,195.0
Santa Croce Central Apartment,Federico,Entire home/apt,205.0
"Porta san frediano a 
Balcony on the ARNO",Paola,Entire home/apt,
Appartamento Firenze Statuto,Zacarias,Entire home/apt,111.0
Secret garden Florence-Modern apartment near centr,Alice,Entire home/apt,173.0
[Pontevecchio] Prestigioso appartamento di design,Matteo,Entire home/apt,349.0
Casa fiorentina autentica Vista sui tetti e Duomo,Alessandro,Entire home/apt,116.0
Studio Liberty,Giulia,Entire home/apt,148.0
Loft 10’ Stazione Treni SMN 10’ Ospedale Careggi,Mattia,Entire home/apt,170.0
Luxury Apartment Montebello,Richard,Entire home/apt,503.0
Cool Apt in lively area (Le Cure)next to downtown,Cristina&Gianni,Entire home/apt,54.0
"Best Bnb Oriani, Oriani Centrale rooms O1",Florjan,Private room,111.0
Appartamento Andrea Firenze,Andrea,Entire home/apt,91.0
Bright Double Room in Historic Florence Center,Marco,Private room,66.0
Spacious Ensuite Double Opening onto Terrace,Marco,Private room,71.0
Bastioni Number 20 -The Artist's House in Florence,Vera,Entire home/apt,143.0
"Studio Apartment, live like a local",Ilaria,Entire home/apt,
"Studio Apartment, santo spirito",Gabriele,Entire home/apt,218.0
attico claudia,Claudia,Entire home/apt,264.0
Mattonaia,Cristian,Entire home/apt,183.0
Firenze primi '900,Anna,Entire home/apt,
Popeye’s Home [Maggio musicale-Cascine],Erika,Entire home/apt,
The Central Charm Suite,Giulio,Entire home/apt,377.0
Suite 192 (Free Wi-Fi & 4 ospiti),Paola,Entire home/apt,147.0
Crocifisso Deluxe Apartment,Leonardo,Entire home/apt,180.0
S.Maria Novella - cozy apartment,Filippo,Entire home/apt,161.0
(vista Arno) Perla sull’ Arno IX,Gianni,Entire home/apt,99.0
Yd Leone X luxury 4 Bedroom,Roberto,Entire home/apt,633.0
MDR Appartamento San Zanobi,MDR By Ciao Florence Tours,Entire home/apt,199.0
San Marco Appartamento moderno classico vintage,Bullari,Entire home/apt,354.0
Oltrarno Prestige Suite,Rita,Entire home/apt,204.0
Viale Volta Authentic Apartment,Top Of Tuscany,Entire home/apt,100.0
Depandance Corte Degli Agrumi Florence with garden,Tommaso,Entire home/apt,95.0
"Vivere Firenze, Pieno Centro Storico",Andrea,Entire home/apt,234.0
[Carrara Penthouse] Duomo view in City Center,Quality House,Entire home/apt,4678.0
"Elegant, Florence, beside Piazza della Signoria",Lorenzo,Entire home/apt,301.0
"La camera nel verde, un’oasi di relax",Marco,Private room,93.0
"Tonia'sHome
CasaTonia
parcheggio aria condizionata",Giacomo,Entire home/apt,145.0
GuestHost - Peaceful Apartment in Florence,GuestHost - Welcome To Italy,Entire home/apt,92.0
"Dimora Cimabue, Appartamento vicino al Centro",Vito,Entire home/apt,260.0
"Il Giglio e il Mirto, Stanza Mirto",Angela Mercedes,Private room,91.0
Modern Bright Flat • Tram to Center in 10 Min,Michele,Entire home/apt,127.0
App a 10 min dal Centro con parcheggio privato,Mois,Entire home/apt,84.0
Studio 39,Gian Marco,Entire home/apt,143.0
Duomo studio,Gian Marco,Entire home/apt,139.0
"Albizi, Two-bed room a3",Florjan,Private room,141.0
Casa Floréa-Parking privato-Florence city,Casa Florèa,Entire home/apt,97.0
English italiano,Elisabetta,Entire home/apt,135.0
Beautiful Central Apartment SE,Florjan,Entire home/apt,198.0
Design Loft with Tuscan Flair,Federico,Entire home/apt,103.0
Duomo View/5 Min Ponte Vecchio/Tuscan Charm,Simona,Entire home/apt,
"Cherubini Palace Thematic Apartments ""Cinema""",Leonardo,Entire home/apt,530.0
"Cherubini Palace Thematic Apartments ""Travel""",Leonardo,Entire home/apt,365.0
"Cherubini Palace Thematic Apartments ""Relax""",Leonardo,Entire home/apt,650.0
Borgognissanti White,Valerio,Entire home/apt,178.0
Romantico Nido San Niccolò Nel cuore di Firenze,Gabriele,Entire home/apt,103.0
Appartamento Ghibellina - San Firenze Collection,Cristina,Entire home/apt,210.0
Avelli Pia Fourth Floor with 2 Bathrooms,Florence Charming Apartments,Entire home/apt,131.0
Twin room,A&O Firenze Campo Di Marte,Private room,89.0
Bandino – Cozy Apartment in Gavinana (30+ nights),Florence Charming Apartments,Entire home/apt,45.0
Ruote Charlotte,Chiara,Entire home/apt,134.0
"Boutique Hotel - Luxury Private Rooms, Family r...",Florjan,Private room,204.0
"Ghibellina Tower, Stanza verde",Cristina,Private room,95.0
"Ghibellina Tower, Stanza grigia",Cristina,Private room,158.0
"Ghibellina Tower, Stanza bianca",Cristina,Private room,110.0
Boboli Luxury apartment in the Heart of Florence,⁨Lucca Apartments And Villas S.R.L.⁩,Entire home/apt,
Firenze eleganza nel Centro storico,Davide,Entire home/apt,172.0
Filukki Holiday Home,Leonardo,Entire home/apt,108.0
"Partner Professional Srl's B&B, Stanza matrimonia.",Corrado,Private room,89.0
"Boutique Hotel - Luxury Private Rooms, One bed C3",Florjan,Private room,133.0
"Nice Belfiore , Family room b5",Florjan,Private room,168.0
Primavera n.100 – Charm on Lungarno Torrigiani,Gianluca,Entire home/apt,239.0
Rinascimento n.403 – View over Ponte Vecchio,Gianluca,Entire home/apt,339.0
Stairway to Florence,Giuliano,Entire home/apt,186.0
Heart of Florence Apartment,Samantha Geco Vacation Rentals GECO Srl,Entire home/apt,211.0
[Florence Cathedral] Caccini Charming Loft,Matthias,Entire home/apt,140.0
Violetta's Home,Intrho Toscana Srl,Entire home/apt,267.0
"Orchidea Apt centro duomo, a/c, bello e silenzioso",Federico,Entire home/apt,143.0
Neri 1,Maria,Entire home/apt,142.0
Neri 2,Maria,Entire home/apt,142.0
Appartamento SMN - San Firenze Collection,San Firenze Collection,Entire home/apt,234.0
Neri 3,Maria,Entire home/apt,142.0
Neri 4,Maria,Entire home/apt,223.0
Brand new apartament in Novoli area,Federico,Entire home/apt,109.0
zeus apartment monteverdi,Francesca,Entire home/apt,510.0
La casina di Camilla,Holidu,Entire home/apt,
"Nice Belfiore , One-bedroom AT3",Florjan,Private room,181.0
Beccaria Cosy Apartment,Emilio,Entire home/apt,109.0
Rifredi - Modern apt w/wifi near hystoric centre,Fabio,Entire home/apt,138.0
Two-room family suite with private bathroom,Marco,Private room,60.0
Newly Renovated Room in Novoli area,Federico,Private room,26.0
Lovely and brand new room in Novoli area,Federico,Private room,27.0
Renovated room with private bathroom in Novoli,Federico,Private room,28.0
[GingaApartment] 2 Private Bedrooms in City Center,Quality House,Entire home/apt,189.0
Niccolò Apartment-Firenze Centro storico,Federica,Entire home/apt,103.0
"""The Glove"" in the heart of historical center",Giulio & Veronica,Entire home/apt,254.0
New Florence Smart Flat - Parking & Tram Stop,Walter,Entire home/apt,114.0
Cavour Stylish House,Vita SRL,Entire home/apt,216.0
w* | Modern 2BR apartment in Santa Maria Novella,Carlotta,Entire home/apt,178.0
Home For Two - Stazione centrale di Firenze,Mois,Entire home/apt,62.0
Comfort Oasi Double Room,Costel,Private room,126.0
Stanza matrimoniale a Firenze Statuto centro nr.2,Lorenzo,Private room,103.0
"Appartamento Firenze Statuto 10min 
Tramvia centro",Lorenzo,Entire home/apt,200.0
Frescoed Duomo Retreat,Lorenzo,Entire home/apt,170.0
"Cherubini 13, Camera Superior bagno privato ter...",Chiara,Private room,63.0
Florence Cozy Duplex,Giovanni,Entire home/apt,122.0
"Cherubini 13, Camera matrimoniale standard, bal...",Chiara,Private room,71.0
corridoni room 1,Zeus Group Srl,Private room,98.0
"Cherubini 13, Stanza matrimoniale bagno privato...",Chiara,Private room,71.0
"Cherubini 13, Stanza tripla",Chiara,Private room,71.0
"Cherubini 13, Stanza di lusso",Chiara,Private room,63.0
Bilocale moderno e confortevole,Tommaso,Entire home/apt,133.0
Campuccio Life - Appartamento nel cuore di Firenze,Edoardo,Entire home/apt,87.0
La tartaruga con la vela - Home in Florence,Alessio E Paola,Entire home/apt,209.0
White House - camera matrimoniale bagno privato 2,Betty,Private room,80.0
White House - camera matrimoniale bagno privato 1,Betty,Private room,109.0
Urban 36 | Studio with private entrance,Evm Srl,Entire home/apt,99.0
3-Bedroom Flat near Accademia & Duomo,Chiara,Entire home/apt,102.0
Largo Alinari Boutique Adapartments Collection,Tommaso,Entire home/apt,228.0
Cozy apartment near Bellosguardo,Chiara,Entire home/apt,168.0
Stanza Grande e Comoda [con Bagno Privato],Mattia,Private room,
"Zona Fortezza, Bilocale, II piano con ascensore",Lavinia&Arcangelo,Entire home/apt,160.0
Largo Alinari Art Adapartments Collection,Tommaso,Entire home/apt,178.0
Largo Alinari Urban Loft Adapartments Collection,Tommaso,Entire home/apt,331.0
Maison Borgo S.Frediano Always Florence Collection,Patrizia,Entire home/apt,
Duomo collection suites A,Roberto,Private room,211.0
Appartamento in centro storico,Matteo,Entire home/apt,229.0
[Exclusive Penthouse Terrace] Duomo + Uffizi View,Af Maisons,Entire home/apt,640.0
[Luxury Highest Penthouse] Ponte Vecchio & Uffizi,Af Maisons,Entire home/apt,719.0
Monolocale Elegante • 300m Duomo,Carla,Entire home/apt,148.0
Lux Palace Prime,Luana,Entire home/apt,685.0
Countrycore cottage overlooking the hills,Swirl,Entire home/apt,59.0
Dimora AMA - Nido panoramico nel cuore di Firenze,Andrea,Entire home/apt,
Alma Suites - Skyline Penthouse,Giovanni,Entire home/apt,128.0
Pretty studio in a quiet area-2pax,Monia,Entire home/apt,133.0
Alma Suites - Terrace Penthouse,Giovanni,Entire home/apt,128.0
5BR • Iconic Florence Views • Deluxe • Santa Croce,Donatella,Entire home/apt,1446.0
Appartamento Novella,Tuscan Feeling,Entire home/apt,210.0
Evalia's cozy studio,Chiara,Entire home/apt,100.0
"Terrace with a View, Florence is all Around You!",Maria Paola,Entire home/apt,174.0
15' to Duomo • Outside ZTL • Easy parking,Debora,Entire home/apt,116.0
Domus San Frediano with Hot Tub by Hôtea,Hôtea,Entire home/apt,127.0
Pinti Apartment town centre- just fully restored,Laura E Francesco,Entire home/apt,229.0
La Dimora Dipinta,Gabriele,Entire home/apt,364.0
Farina Deluxe,Francesca,Entire home/apt,240.0
Royal Duomo - 3BDR - 2BTH - Amazing Duomo View,Lorenzo,Entire home/apt,548.0
The Loggia of Borgo SS Apostoli,Maison Florence,Entire home/apt,189.0
Casa Pietro e Norma your Contemporary Retreat,ApartmentsFlorence,Entire home/apt,360.0
La Casa di Tommaso,Tommaso,Entire home/apt,151.0
Central Florence Stay | Steps from the Duomo,Gaia Maria Vittorina,Entire home/apt,325.0
Roby Apartment by Mamo Florence,Mamo,Entire home/apt,196.0
Bianca Apartment by Mamo Florence,Mamo,Entire home/apt,198.0
Paolo Apartment by Mamo Florence,Mamo,Entire home/apt,224.0
Florence: peaceful living on the hill,Silvia,Entire home/apt,33.0
Unique Flat - Private Terrace and Gothic Details,John,Entire home/apt,322.0
Palazzo Guelfa Apt,Nahli,Entire home/apt,148.0
2 Suits Uffizi [Centre of Florence],Mois,Entire home/apt,112.0
Casa del Leone,Tuscan Feeling,Entire home/apt,212.0
"Gessjca E Luca's B&B, Stanza doppia 4",Keys Of Italy,Private room,4120.0
"Gessjca E Luca's B&B, Stanza doppia 5",Keys Of Italy,Private room,4120.0
"Partner Professional Srl's B&B, Stanza quadrupla .",Corrado,Private room,64.0
"Partner Professional Srl's B&B, Stanza quadrupla .",Corrado,Private room,64.0
Historic Florence Apartment- Central&Charming,Olfrid,Entire home/apt,
Florence In Focus by Belcanto Villas,Daniele By BelcantoVillas,Entire home/apt,327.0
Bori in Florence - Soggiorno di stile in Firenze,Alberto,Entire home/apt,140.0
Baracchini - Simona and Luca's Bright House,Florence Charming Apartments,Entire home/apt,132.0
1 posto in camera con letto castello,Alessio,Shared room,70.0
"Vittoria Bridge WiFi, A/C, Free Park, late checkin",Emanuele,Entire home/apt,172.0
Uffizi Soul Apartment - Central Florence,Top Of Tuscany,Entire home/apt,127.0
"Gessjca E Luca's B&B, Stanza singola 2",Keys Of Italy,Private room,4120.0
"Gessjca E Luca's B&B, Stanza singola 1",Keys Of Italy,Private room,4120.0
"Gessjca E Luca's B&B, Stanza doppia 1",Keys Of Italy,Private room,4120.0
"Gessjca E Luca's B&B, Stanza doppia 3",Keys Of Italy,Private room,4120.0
"Gessjca E Luca's B&B, Stanza doppia 2",Keys Of Italy,Private room,4120.0
Ponte Vecchio suite | 2 camere Matrimoniali,Gabriele,Entire home/apt,130.0
Appartamento San Lorenzo - San Firenze Collection,Cristina,Entire home/apt,147.0
Vintage Fiesolana | Appartamento Vicino al Duomo,Filippo,Entire home/apt,113.0
Oasi silenziosa con giardino nel cuore di Firenze,Niccolo,Entire home/apt,
studio indipendente,Alessio,Entire home/apt,102.0
"Quiet apartment near Porta Romana, Florence",Guido,Entire home/apt,
studio privato,Alessio,Entire home/apt,115.0
Esther’s room T in Firenze,Esther,Private room,101.0
Joy in Florence Centro Storico,Joy In Florence,Entire home/apt,113.0
Suite King Deluxe in Heart of Florence,Lorenzo,Entire home/apt,302.0
Suite King Deluxe with Private Hammam,Lorenzo,Entire home/apt,263.0
Twin Beds Room In Heart of Florence,Lorenzo,Entire home/apt,250.0
Appartamento Casa Galardi (Firenze),Tommaso,Entire home/apt,108.0
Ponte Vecchio Appartamenti,Enrico,Entire home/apt,159.0
La Casa Di Alberto,Sonia,Entire home/apt,93.0
Appartamento Ricasoli - San Firenze Collection,Cristina,Entire home/apt,163.0
Vigna Luxury Retreat,Daniela,Entire home/apt,597.0
"Celeste Charme, Firenze",Mb Housing,Entire home/apt,136.0
Residenza Conciatori,Sted Immobiliare,Entire home/apt,1164.0
"5 min to Duomo - Lux apt w/ 2bad,2bath AC",Maison Florence,Entire home/apt,221.0
Villa Ridente • Eleganza e vista su Firenze,Sara,Entire home/apt,399.0
[10 Min dal centro] trilocale moderno - 2 camere,Simone,Entire home/apt,119.0
Blumberg in Santo Spirito with view,Apartments_Florence,Entire home/apt,
Wine Apartments Florence Biancone,Wine Apartments Florence,Entire home/apt,469.0
Duomo View Balcony • Casa Barontini • Colombina,Chiara,Entire home/apt,256.0
Studio Duplex,Teatro Luxury Apartments Firenze,Entire home/apt,460.0
Two Bedroom Apartment,Teatro Luxury Apartments Firenze,Entire home/apt,682.0
Noble & Luminous Apartment in a Central Location,Maria Assumpta,Entire home/apt,303.0
"Firenze nel verde
Appartamento in zona tranquilla",Luca,Entire home/apt,74.0
Calzaioli Apartment 2 — Steps from the Duomo,Alessandro,Entire home/apt,206.0
Calzaioli Apartment 1 — Steps from the Duomo,Alessandro,Entire home/apt,137.0
B&B Apartment Redi Near Center/Air • No Ztl • Tram,Livio,Entire home/apt,277.0
Maffia Simple Apartment,Benedetta Amendola,Entire home/apt,253.0
"Lilla Charme, Firenze",Mb Housing,Entire home/apt,160.0
Spacious and cute 2BR apartment by Piazza Pitti,Grandma Wilma,Entire home/apt,138.0
Fortezza Penthouse Retreat,Lorenzo,Entire home/apt,165.0
Il Guelfo,Pietro,Private room,158.0
"La Residenza dell’Orafo, Stanza doppia standard",Oteego Srl,Private room,166.0
Comfort Home Free Parking in Florence,Top Of Tuscany,Entire home/apt,128.0
Comfy San Lorenzo,Amazing Italian Retreats,Entire home/apt,178.0
La Nicchia di San Jacopo,Federico Edgar,Entire home/apt,112.0
A r t s t u d i o florence centre,Carlotta,Entire home/apt,212.0
Nido Serragli by MMega,MMega Homes And Villas,Entire home/apt,7755.0
"La Residenza dell’Orafo, Stanza doppia economy ...",Oteego Srl,Private room,166.0
Florence Slow-Life Flat in Oltrarno,Nicolò,Entire home/apt,232.0
Corridoni room 2,Zeus Group Srl,Private room,169.0
"Camera Deluxe ""Fellini"" con bagno privato esterno",Antonio,Private room,120.0
"La Republica Suites, Stanza con un letto",Cristina,Private room,154.0
Appartamento a Novoli vicino alla tranvia.,Mariagrazia,Private room,153.0
Family Apartment in the Heart of Florence,Toc Toc,Entire home/apt,332.0
"Ampia Camera Deluxe con Balcone""Luciano Pavarotti""",Antonio,Private room,145.0
"Spaziosa Camera Deluxe con Balcone ""Panorama""",Antonio,Private room,170.0
A 100 metri dal Duomo -lift -terrazza - AC -,Laura,Entire home/apt,462.0
"Elegante Camera Junior Suite ""Cristoforo Colombo""",Antonio,Private room,150.0
Luxury historic residence - city center,Simona,Entire home/apt,208.0
La Guelfa,Pietro,Private room,178.0
Historic house for big groups - city center,Simona,Entire home/apt,421.0
"Apartment8,zona Statuto (Seminterrato)",Stefano,Entire home/apt,107.0
cute & cozy room ensuite bathroom ColivingFlorence,Marco,Private room,119.0
Monolocale in Santa Croce,Guia,Entire home/apt,
City Terrace,Caterina,Entire home/apt,
UR-NEST Window on Arno,Rino,Entire home/apt,219.0
La Perla Fiorentina,Leonardo,Entire home/apt,215.0
"La Republica Suites, Stanza familiare",Cristina,Private room,191.0
"La Republica Suites, Stanza con due letti",Cristina,Private room,204.0
Old Bridge super cozy apartment w/elevator,Simone,Entire home/apt,200.0
Apartment Cortile Santa Monaca,Italy Super Host,Entire home/apt,293.0
Santa Croce Heritage,Stanislav,Entire home/apt,93.0
Baracca Cozy Space Apartment,Elena,Entire home/apt,123.0
Heritage Verdi Suite,Stanislav,Entire home/apt,128.0
By the Duomo Apartment,Tommaso,Entire home/apt,
Baracca Suite Space Apartment,Elena,Entire home/apt,113.0
Baracca Superior Space Apartment,Elena,Entire home/apt,122.0
MediciApt - Alfani studio a pochi passi dal Duomo!,Giovanni,Entire home/apt,170.0
home sweet home,Katia,Entire home/apt,116.0
Rose room,Gennaro,Private room,144.0
"Penthouse Lusso, Duomo view, 4 bedrooms, elevators",Flavia,Entire home/apt,1484.0
Iris room,Gennaro,Private room,139.0
Charming Florence Flat San Niccolò 87,Chiara Rosati,Entire home/apt,302.0
Easy home,Gennaro,Private room,241.0
La casa del console Charming Apartment with View,Iacopo,Entire home/apt,383.0
Camere Superior con Bagno Privato - Firenze Centro,Antonio,Private room,145.0
NEW Oltrarno Luxury - 2 King bedroom - Pitti,Lorenzo,Entire home/apt,323.0
Florence&Us - San Frediano - Giotto,Niccolò,Entire home/apt,80.0
Appartamento Oltrarno,Antonio,Entire home/apt,164.0
Mosse Garden Home-San Firenze Collection,Cristina,Entire home/apt,149.0
"La Casa di Sara | Stanza tripla, bagno in camera",Sara,Private room,126.0
Appartamento Rosselli 35 - San Firenze Collection,Cristina,Entire home/apt,121.0
Appartamento San Frediano - San Firenze Collection,Cristina,Entire home/apt,156.0
single room 3 central (Polimoda),Alessandra,Private room,36.0
"Augustus Suite Vw Duomo Apt w/ 3 bad, 3 bat, Ac",Maison Florence,Entire home/apt,407.0
Appartamento luminoso in Oltrarno,Margherita,Entire home/apt,137.0
Serristori Pop Apartment,Giulio & Veronica,Entire home/apt,248.0
Playful twin room ensuit bathroom ColivingFlorence,Marco,Private room,123.0
Florence Santa Maria Apartment,Leonardo,Entire home/apt,194.0
Triple room + ensuite bathroom in ColivingFlorence,Marco,Private room,126.0
cute & cozy room ensuite bathroom ColivingFlorence,Marco,Private room,154.0
Appartamento Vinegia 1 - San Firenze Collection,Cristina,Entire home/apt,162.0
Appartamento Vinegia 2 - San Firenze Collection,Cristina,Entire home/apt,185.0
Trilocale a 15 min dal centro,Davide,Entire home/apt,
[Piazza della Signoria] - Monolocale Storico,Sara,Entire home/apt,115.0
Playful twin room ensuit bathroom ColivingFlorence,Marco,Private room,125.0
Cozy and charming triple room + en suite bathroom,Marco,Private room,139.0
Blue Sky apartment,Chiara,Entire home/apt,300.0
"La Residenza dell’Orafo, Stanza quadrupla superio.",Oteego Srl,Private room,141.0
"La Residenza dell’Orafo, Stanza tripla superiore",Oteego Srl,Private room,98.0
Hotel Canada - Camera 8,Mercurio Stay,Private room,97.0
Cozy and quiet home in Florence!,Federica,Entire home/apt,129.0
Charming terrace apartment,Chiara,Entire home/apt,145.0
Duomo View • Casa Barontini • Arcivescovado,Chiara,Entire home/apt,365.0
Appartamento Bombarde - San Firenze Collection,Cristina,Entire home/apt,132.0
Residenza Uffizi,HouseFlo,Entire home/apt,190.0
Pepi Nest by MMega,MMega Homes And Villas,Entire home/apt,162.0
"""Casa Affreschi""4Beds+BigHouse in Duomo By KeyHost",Adil,Entire home/apt,205.0
UNYCA - Florence Oltrarno Apartment,UNYCA-Ream,Entire home/apt,210.0
Alma Suites – Terraced Penthouses,Giovanni,Entire home/apt,218.0
"DolcevitaFirenze • Wi-fi, TV, 15 mins from Centre",Gabriel,Entire home/apt,167.0
San Marco Camera accogliente con terrazza in,Bullari,Private room,140.0
Casa Mara - Cozy Tuscan House in Florence,Mara,Entire home/apt,
San marco Camera classico vintage,Bullari,Private room,96.0
Camera moderno con bagno privato esterno,Bullari,Private room,92.0
Casa Serena,Nido Verde Di Joshua E Giulia,Entire home/apt,129.0
Florentine Apt Pontevecchio,Chiara,Entire home/apt,121.0
Attico Pasquini con terrazza Vista Duomo + Tramvia,Roberto,Entire home/apt,116.0
Amazing home in Firenze,Novasol,Entire home/apt,806.0
Appartamento Firenze Il Fiorino d'oro - Apartament,Alessandro,Entire home/apt,293.0
"Spada Boutique 

Luxury Frescoed Suite - Elevator",Tam,Entire home/apt,286.0
"Casa Belfiore, sleek modern living in Florence",Homeby,Entire home/apt,280.0
"Monolocale alla cattedrale, DUOMO",Frederik,Entire home/apt,160.0
a casa di eva,Eva,Entire home/apt,93.0
a casa di paolo,Eva,Entire home/apt,108.0
felice soggiorno,Carlo,Entire home/apt,126.0
UNYCA - Uffizi Museum Apartment [Florence],UNYCA-Ream,Entire home/apt,384.0
Amazing Duomo loft with terrace and elevator,Easy BNB,Entire home/apt,213.0
Casa Vit - Sweet Dreams in Florence,Irene,Entire home/apt,76.0
Oltrarno Living Experience,Christina,Entire home/apt,314.0
Duomo View • Casa Barontini • Battistero,Casa Barontini,Entire home/apt,247.0
Duomo View • Casa Barontini • San Giovanni,Casa Barontini,Entire home/apt,366.0
Relais de Ricci - Pozzo Apt Std,Samantha Geco Vacation Rentals GECO Srl,Private room,197.0
Sweet Living Oltrarno,Mattia,Entire home/apt,101.0
[Central apartment] a 8 min da Stazione e Centro,Vittoria E Luca,Entire home/apt,113.0
Da Luigi Pio,Holidu,Entire home/apt,440.0
Vista Cappelle Medicee. Luminoso appartamento,Alberta,Entire home/apt,228.0
The Four Suites - Prestigious 4 bedroom apartment,Apartments_Florence,Entire home/apt,
BatoniGarden Casa grande con giardino a Firenze,Matteo,Entire home/apt,117.0
Ariento A by MMega,MMega Homes And Villas,Entire home/apt,152.0
The Duomo Terrace - Luxury Suite,CasaKey,Entire home/apt,423.0
Ginori Luxury Home - Florence,Sveva,Entire home/apt,258.0
"Nell'appartamento del Principe, Modern and Luxury",Edo & Rita,Entire home/apt,166.0
"Villa Carla – Florence View, Tennis & Hot Tub",Silvia,Entire home/apt,664.0
Serristori con vista!,Giovanpaolo,Entire home/apt,203.0
Casa Ballotta,Stanislav,Entire home/apt,133.0
“Cappelle Medicee” 2 private suites,Matteo,Entire home/apt,280.0
Appartamento Berchet - San Firenze Collection,San Firenze Collection,Entire home/apt,284.0
Atipico Apartment – Florence Old Town Stay,Maison Florence,Entire home/apt,238.0
"romantic house near center of Florence, tramway",Annalaura,Entire home/apt,212.0
Medici's Fresco,Lorenzo,Entire home/apt,115.0
Wine & Garage: La Sosta del Sommelier,Adriano,Entire home/apt,113.0
Vasari Apartment next to Pontevecchio,Toc Toc,Entire home/apt,290.0
Strozzi Terrace View,HouseFlo,Entire home/apt,199.0
Freedom Studio – Bright & New | Tram 150m,Cosimo,Entire home/apt,91.0
Calimaruzza Apartment - by Maison Florence,Maison Florence,Entire home/apt,232.0
"Piccolo sogno in Signoria
Little dream in Signoria",Antonella,Entire home/apt,219.0
Casa di Charm Loft con soppalco e 5 posti letto,Bea,Entire home/apt,179.0
Affordable 4-Room 2-Bathroom Lift Ponte Vecchio,Fausto,Entire home/apt,251.0
Pellicceria Charm Apartment,Stanislav,Entire home/apt,270.0
"BFlorence | No ZTL, Tram T2 e Patio Privato",Davide,Entire home/apt,119.0
Santa Croce 1bd Home in Via Verdi,Apartments Florence,Entire home/apt,289.0
Accogliente appartamento con posto auto – Firenze,Stefania,Entire home/apt,132.0
𝓜agnificent Best Central 170m² 𝓛uxury Apartment,Sandra,Entire home/apt,668.0
Appartamento moderno e luminoso vicino al centro,Masoud,Entire home/apt,126.0
Numa | 2 Bedroom Apartment near Ponte Vecchio,Numa Florence Palazzo Belfiore,Entire home/apt,180.0
Borgo Apartment,Francesco,Entire home/apt,108.0
Elegant and peaceful apartment • Florence Centre,Tommaso,Entire home/apt,162.0
Mdr Appartamento Rondinelli,MDR By Ciao Florence Tours,Entire home/apt,183.0
Mdr Appartamento Antinori,MDR By Ciao Florence Tours,Entire home/apt,194.0
Verdi Suite,Luigi Fabio,Entire home/apt,174.0
GuestHost - Santa Maria Novella Charming Apartment,GuestHost - Welcome To Italy,Entire home/apt,160.0
Cozy florentine house with private patio,Maria,Entire home/apt,105.0
Ampia casa con terrazza - Sant’Ambrogio,Silvia,Entire home/apt,187.0
Historic center apartment with Cathedral view.,Gezabel,Entire home/apt,291.0
Appartamento di Design a Due Passi dal Duomo,CasaKey,Entire home/apt,303.0
"Colors of Florence apt [2 bedrooms, near bus stop]",Edi,Entire home/apt,227.0
Duomo view • Casa Barontini • Tetti di Firenze,Casa Barontini,Entire home/apt,195.0
Duomo square • Casa Barontini • San Lorenzo,Casa Barontini,Entire home/apt,225.0
Appartamento Palazzuolo By San Firenze Collection,Cristina,Entire home/apt,127.0
Florence family suites,Antonio,Entire home/apt,166.0
Comfort & Relax Flat in Florence,Claudio,Entire home/apt,151.0
Borgo San Jacopo Apartment in Florence Center,Luisa Biffi Gentili,Entire home/apt,241.0
"Entire home near city center, family-friendly area",Caterina,Entire home/apt,114.0
Pergola Apartment by Mamo Florence,Mamo,Entire home/apt,355.0
Accogliente casa fiorentina con 2 camere da letto,Alberto,Entire home/apt,
Mdr Marble view Apartment,MDR By Ciao Florence Tours,Entire home/apt,650.0
Private Penthouse on the Arno river,Francesco,Entire home/apt,497.0
Casa Boboli,Amazing Italian Retreats,Entire home/apt,229.0
B&B La Nannina Centro Storico C5,Andrea,Private room,153.0
appartamento con giardino,Monica,Entire home/apt,160.0
Serristori con vista,Holidu,Entire home/apt,479.0
"Lovely and Stylish Room in Santa Croce, for 2",Bob W Florence Santa Croce,Private room,159.0
Cosy & Stylish Single Room in Santa Croce,Bob W Florence Santa Croce,Private room,127.0
InCorte Florence - Lemon Room,InCorte Florence,Private room,96.0
Splendido appartamento a pochi minuti dal duomo,Matteo,Entire home/apt,285.0
"Golden Luxe ""2 suite near Pz.Michelangelo""",Golden Luxe,Entire home/apt,410.0
Firenze Costa APT,Zana,Entire home/apt,143.0
Casa Magata room with view,Matteo,Entire home/apt,187.0
Bright & Spacious Room in Santa Croce for 3,Bob W Florence Santa Croce,Private room,146.0
Affresco dei Macci | Rare Central Find,Stella,Entire home/apt,137.0
"Petrarca Home, Firenze",Mb Housing,Entire home/apt,161.0
Benedetta Minimalist Apartment Near Station,Florence Charming Apartments,Entire home/apt,128.0
Orcagna by MMega,MMega Homes And Villas,Entire home/apt,240.0
InCorte Florence - Olive Room,InCorte Florence,Private room,96.0
InCorte Florence - Rose Room,InCorte Florence,Private room,96.0
NH Florence - Dome View,Next Home Florence,Entire home/apt,110.0
suite busoni 2,Faustino,Private room,97.0
Firenze Loft,Lorella,Entire home/apt,160.0
Casa Mastri – contesto residenziale a Firenze,⁨Immobili Luxury S.R.L.⁩,Entire home/apt,153.0
Mezzo Duomo 15,Margherita,Entire home/apt,376.0
suite busoni 1,Faustino,Private room,97.0
Maison Bronzino - Parcheggio privato gratuito,Domenico,Entire home/apt,178.0
Signature Milton Green Apartment Florence,Top Of Tuscany,Entire home/apt,119.0
spacious and very bright apartment with view,Gaia,Entire home/apt,410.0
Prestige Milton Apartment Florence,Top Of Tuscany,Entire home/apt,150.0
Central apartment Duomo,Ati,Entire home/apt,201.0
Oltrarno Getaway with Historic Center View,Caterina,Entire home/apt,193.0
"Lovely and Quiet Home, in the Heart of Florence",Luca,Entire home/apt,141.0
Appartamento Toselli By San Firenze Collection,Cristina,Entire home/apt,170.0
Appartamento Fornace By San Firenze Collection,Cristina,Entire home/apt,149.0
Modern Design Apartment in Historic Florence,Chiara,Entire home/apt,194.0
Amorino Luxury Stay - Stazione Santa Maria Novella,Lorenzo,Entire home/apt,292.0
San Felice Loft steps from Pitti Palace,Cristiana,Entire home/apt,132.0
"Fully renovated cozy ""Oltrarno"" apartment w/patio",Francesca,Entire home/apt,177.0
Bright 2BR in the Heart of Oltrarno,Chiara,Entire home/apt,169.0
"Valia Florence Pitti 2, accanto a Palazzo Pitti!",Marina,Entire home/apt,100.0
"Valia Florence Pitti 4, accanto a Palazzo Pitti!",Marina,Entire home/apt,102.0
GuestHost - Ponte Vecchio Central Flat,GuestHost - Welcome To Italy,Entire home/apt,182.0
Appartamento Corno Florentine,Matteo,Entire home/apt,179.0
Valia Florence Ponte Vecchio 2,Marina,Entire home/apt,187.0
NH Florence - Tosca's Place,Next Home Florence,Entire home/apt,165.0
busoni 3,Faustino,Private room,97.0
Vin Novo Rooms & Apartments 104,Wine Apartments Florence,Private room,120.0
[Minerva]Appartamento Minimal con Terrazzo+Parking,Sami,Entire home/apt,258.0
Camera con vista sul Bargello,Edo & Rita,Private room,108.0
Stanza con bagno ensuite,Edo & Rita,Private room,74.0
busoni 4,Faustino,Private room,115.0
Agnolo apartment,Stefano,Entire home/apt,122.0
Chieste Room,Chieste Room,Private room,96.0
relax e confort per gruppi e famiglie,Elisa,Entire home/apt,395.0
[Il Fiorino di Ponte Vecchio]3min to Ponte Vecchio,Immobiliare Il Fiorino Di Ivan,Entire home/apt,177.0
1800s Luxurious Hideaway Above Florence,Luca,Entire home/apt,913.0
Pitti Art by MMega,MMega Homes And Villas,Entire home/apt,202.0
Appartamento Cattedrale,Costanza,Entire home/apt,171.0
Camera elegante con balconcino in centro storico,Franca,Private room,149.0
Little Jungle House/courtyard/Netflix/near station,Regina,Entire home/apt,112.0
Casa Albizi True Florence Experience,Patrizia,Entire home/apt,589.0
Vin Novo Rooms & Apartments 108 Flat,Wine Apartments Florence,Entire home/apt,236.0
Attico moderno con Terrazza | San Frediano,Lorenzo,Entire home/apt,266.0
Santa Rosa Stables,Justin,Entire home/apt,201.0
Elegante Appartamento a 3 Minuti dal Duomo,Alberto Bartoli,Entire home/apt,143.0
Mirrors & Parrots - Medici Chapels Cabin,Luigi,Entire home/apt,120.0
Refurbished apartment with love.,Marta Giulia,Entire home/apt,80.0
Certosa Suite Sweet,Gianni,Entire home/apt,131.0
Appartamento Parnaso,Luca,Entire home/apt,121.0
Le Sale di Mozart,Mario,Entire home/apt,209.0
Lotus San Frediano by MMega,MMega Homes And Villas,Entire home/apt,270.0
Tornabuoni Dream Apt4 P1,Francesco,Entire home/apt,170.0
Angelico Firenze,Gaia,Private room,81.0
LOFT 12 Apt in City Center,Laura,Entire home/apt,123.0
Charming historic apartment,Andrea,Entire home/apt,282.0
Casa de Pepi,Corrado,Entire home/apt,133.0
2 Twins| Wyndham Garden Florence| Near Cathedral,Wyndham Hotels And Resorts EUR,Hotel room,106.0
Wyndham Garden Florence| 2 Twins| Fashion Houses,Wyndham Hotels And Resorts EUR,Hotel room,106.0
Wyndham Garden Florence | 1 Twin | Ponte Vecchio,Wyndham Hotels And Resorts EUR,Hotel room,95.0
1 Twin | Wyndham Garden Florence | Visit Uffizi,Wyndham Hotels And Resorts EUR,Hotel room,95.0
Wyndham Garden Florence| Queen | Near Landmarks,Wyndham Hotels And Resorts EUR,Hotel room,106.0
Queen | Wyndham Garden Florence | Central Stay,Wyndham Hotels And Resorts EUR,Hotel room,106.0
Queen+Sofa | Wyndham Garden Florence,Wyndham Hotels And Resorts EUR,Hotel room,128.0
Wyndham Garden Florence |  Queen+Sofa |  Airport,Wyndham Hotels And Resorts EUR,Hotel room,128.0
"""Cozy art studio"" @Florence",Antonella,Entire home/apt,155.0
"Flat in centro storico ""La casa di Luna""",Porzia,Entire home/apt,172.0
Santo Spirito apartment Florence,Marco,Entire home/apt,176.0
Santa Trinita apartment Florence con terrazza,Marco,Entire home/apt,147.0
San Lorenzo Mezzanine,HouseFlo,Entire home/apt,171.0
San Lorenzo Terrace,HouseFlo,Entire home/apt,194.0
"Cherubini 13, Stanza singola con bagno privato ...",Chiara,Private room,71.0
Studio Wohnung Nähe Boboli mit kleiner Terrasse,Desiree,Entire home/apt,115.0
"Boboli nest, in pieno Oltrarno, ottima location!",Sabali,Entire home/apt,132.0
[Nido d'Arno] 15min to Santa Croce,Sonia,Entire home/apt,124.0
"Dimora Milena, your florentine home 2adults+2kids",Giacomo,Entire home/apt,167.0
stylish & cozy,Bernardo,Entire home/apt,93.0
Corte di Borgo Pinti Always Florence Collection,Patrizia,Entire home/apt,324.0
Acacia Firenze • Bambù,Acacia Firenze,Entire home/apt,87.0
Vittoria - Flo Apartments,Flo Apartments,Entire home/apt,344.0
Suite Rose in Florence,Prime Rentals Florence,Entire home/apt,204.0
Posizione top: SMN 5 min e balcone su Ognissanti,Mattia,Entire home/apt,117.0
Artist's House,Giuseppe,Entire home/apt,106.0
[Porta al prato] Appartamento moderno con giardino,Matteo,Entire home/apt,
Benedetta Suite in Florence,Prime Rentals Florence,Entire home/apt,187.0
Galliano in Florence,Prime Rentals Florence,Entire home/apt,153.0
[Zeus]Modern Luxury Apartment+Garage su richiesta,Sami,Entire home/apt,293.0
Santa Maria Novella Skylight Apartment,HouseFlo,Entire home/apt,187.0
Dolce Risveglio Suite,Prime Rentals Florence,Entire home/apt,131.0
NEW [Rooftop Attic] Between Domes and Towers,Le II Colonne SRL,Entire home/apt,197.0
Elegant Loft Steps from the City Center by Hôtea,Hôtea,Entire home/apt,133.0
Casa del Cuore | Cozy Home in Florence By Hôtea,Hôtea,Entire home/apt,123.0
Florence city break,Simone,Entire home/apt,101.0
Boutique Hotel - Luxury Private Room C7,Florjan,Private room,124.0
Oriani Central Rooms - O4,Florjan,Private room,122.0
Gorgeous Space in Super Central Boutique Hotel B9,Florjan,Private room,145.0
San Frediano Triple Room with Private Bath,Marco,Private room,110.0
Design e comfort con giardino privato,Tommaso Torrini,Entire home/apt,195.0
Charming Home and Courtyard [Santa Croce],Andrea,Entire home/apt,179.0
Elegant  Apartment Overlooking Mercato Centrale,Toc Toc,Entire home/apt,185.0
Twin room + en suite bathroom Coolest neighborhood,Marco,Private room,167.0
Enchanting Penthouse with 360° Panoramic View.,Giovanni,Entire home/apt,724.0
Santa Croce dalla finestra(new 2026),Carlotta,Entire home/apt,169.0
Camere e terrazzo con vista su Firenze(new 2026),Carlotta,Entire home/apt,320.0
Santa Croce Apartment,Claudio,Entire home/apt,286.0
Double bedroom en suite bath Coolest Neighborhood,Marco,Private room,144.0
Palazzo Galli Tassi Collection - Loft 1,HouseFlo,Entire home/apt,178.0
Green House Firenze,Giordano,Entire home/apt,83.0
New Florence Amazing Private Pool and Garden Wi-Fi,Simone,Entire home/apt,192.0
Dimora Queen Nella Fortezza,Prime Rentals Florence,Entire home/apt,182.0
Baptistery Window Apartment,Patrizia,Entire home/apt,185.0
Charming Studio Steps from Ponte Vecchio•Florence,Federico,Entire home/apt,106.0
"Duomo view, private terrace 3 bedrooms 3 bathrooms",Francesco,Entire home/apt,464.0
Verdi Central Rooms V3,Florjan,Private room,255.0
"Bright Double Room, Firenze",Daniele,Private room,88.0
Riad Fiorentino – Hidden Garden Retreat,Giulia,Entire home/apt,394.0
Dino Modern & Stylish apartment,Dino,Entire home/apt,601.0
Duomo Modern & Stylish apartment,Marta,Entire home/apt,163.0
Atelier q5 nel verde con parcheggio gratuito,Gerardo,Entire home/apt,100.0
Camera privata favolosa vista Duomo,Gianmarco,Private room,103.0
Luxury Historic Apartment near Duomo & David,Simone,Entire home/apt,240.0
Appartamento Porta Prato Comfort,Cristina,Entire home/apt,160.0
Camera privata comoda per centro e aeroporto,Viola,Private room,54.0
Palazzo Galli Tassi Collection - Loft 2,HouseFlo,Entire home/apt,213.0
Residenza Fiorentina,Viola,Entire home/apt,126.0
Galliano Suite In Florence,Prime Rentals Florence,Entire home/apt,149.0
Duomo Window Apartment,Patrizia,Entire home/apt,197.0
Belfiore Apartment in Florence,Prime Rentals Florence,Entire home/apt,149.0
Podestà Bianco | Street parking | AirCo,Lorenzo,Entire home/apt,90.0
Palazzo Galli Tassi Collection - Loft 3,HouseFlo,Entire home/apt,183.0
[La Limonaia] Casa con Giardino Privato a Firenze,Iacopo,Entire home/apt,267.0
Camera privata comoda per centro e aeroporto,Viola,Private room,51.0
Ponte Vecchio Design Apartment,Gianluca,Entire home/apt,256.0
Delizioso Loft alle porte dell'oltrarno,Francesca,Entire home/apt,155.0
Tornabuoni Dream Apt3 P2,Francesco,Entire home/apt,177.0
Tornabuoni Dream Apt2 P2,Francesco,Entire home/apt,150.0
Tornabuoni Dream Apt5 P2,Francesco,Entire home/apt,162.0
Confortevole nel cuore di Firenze,Alessandro,Entire home/apt,119.0
Santa Reparata's Central Apartment,Dolce Vita Stays,Entire home/apt,160.0
Palazzo Galli Tassi Collection - Loft 2 + Loft 3,HouseFlo,Entire home/apt,382.0
Old City Nest by MMega,MMega Homes And Villas,Entire home/apt,200.0
"Giulia's B&B, 双人房",Giulia,Private room,120.0
"Giulia's B&B, 标准双人房",Giulia,Private room,120.0
"Giulia's B&B, 豪华套房",Giulia,Private room,120.0
Tintori Family home - 2 apartments up to 8 guest,David,Entire home/apt,450.0
Velluti Chic House,Sauro,Entire home/apt,120.0
appartamento di lusso Cittadella 1,Prime Rentals Florence,Entire home/apt,149.0
Cittadella Luxury Apartment 2,Prime Rentals Florence,Entire home/apt,179.0
Designer Apartment near San Lorenzo,Toc Toc,Entire home/apt,123.0
Santa Croce 3 Bedroom,Alessandro,Entire home/apt,292.0
"Panicale, Brand New Designed Apt in a Top Location",Florence Charming Apartments,Entire home/apt,191.0
appartamento di lusso cittadella 3,Prime Rentals Florence,Entire home/apt,149.0
Leonardo House ensuite,Darko,Private room,107.0
A due passi dal Centro,Stefano,Entire home/apt,281.0
Paola – Elegant with elevator near Signoria,Florence Charming Apartments,Entire home/apt,213.0
La Spezieria Fiorentina - San Firenze Collection,Cristina,Entire home/apt,360.0
Chiara – Elegant with elevator near Signoria,Florence Charming Apartments,Entire home/apt,203.0
A77 - Sweet Dreams in Florence,Irene,Entire home/apt,
Appartamento Armonia,Laura,Entire home/apt,162.0
Stazione Family Apartments,David,Entire home/apt,444.0
Rustic Florentine Dimora,Carla,Entire home/apt,160.0
Appartamento Incanto,Laura,Entire home/apt,220.0
Il Duomo di Firenze all'orizzonte,⁨8vf⁩,Entire home/apt,179.0
Golden Jack - Sweet Dreams in Florence,Manuel,Entire home/apt,310.0
Borgo in Color - Sweet Dreams in Florence,Manuel,Entire home/apt,374.0
Suite dei Vanni - Free private parking,Tommaso,Entire home/apt,130.0
Duomo View Penthouse,Alessandro,Entire home/apt,163.0
Borgo San Jacopo Always Florence Collection,Patrizia,Entire home/apt,175.0
Chic Firenze Vagellai !,Giacomo,Entire home/apt,210.0
Geppi Premium Florence,Gaia,Entire home/apt,158.0
borgo allegri suite,Michele,Entire home/apt,179.0
Beautiful apartments in the heart of Florence.,Tina,Entire home/apt,113.0
Private Room with Private Bathroom - Lumi Stays,Daniele,Private room,132.0
Luminoso con balconi e vista colline Firenze,Beatrice,Entire home/apt,104.0
Soggiorno Esclusivo in Bilocale di Prestigio,Stefano,Entire home/apt,143.0
Room Private External Bathroom - Lumi Stays,Daniele,Private room,131.0
Deluxe Room Private External Bathroom - Lumi Stays,Daniele,Private room,135.0
Superior Deluxe Room Private External Bathroom,Daniele,Private room,152.0
Superior Deluxe Room with Private Bathroom,Daniele,Private room,147.0
La Dimora delle Belle Arti e del Silenzio,Sara,Entire home/apt,194.0
"Ca’ Lillá, Cozy Room in Florence",Ilaria,Private room,102.0
"Designer 1BR: A/C, Elevator, Balcony, Top Floor",Rita,Entire home/apt,93.0
Firenze DownTown Apartments,Elisabetta,Entire home/apt,162.0
Velluti Suite in Florence,Marco,Entire home/apt,136.0
Uffizi Romantic Apartment Centro + parking,Edoardo,Entire home/apt,251.0
Uffizi New apartment in centro storico + Garage,Filippo,Entire home/apt,253.0
Aleardi Apartment in Oltrarno,Cinzia,Entire home/apt,92.0
Ghibellina Tower - San Firenze Collection,Cristina,Entire home/apt,335.0
Peaceful 2BR Garden Home · Slow Living in Florence,Federico,Entire home/apt,298.0
Porta Romana Firenze Centro Appartement au calme,Michele,Entire home/apt,142.0
[The Secret Cellar] Historic Center Hideaway,Quality House,Entire home/apt,135.0
Un nido nel verde vicino a Firenze,Donella,Entire home/apt,92.0
[Cozy Apartment] 8min from the Duomo,Chiara,Entire home/apt,
[Florence View Penthouse] Costa San Giorgio,Quality House,Entire home/apt,185.0
Casa Marucelli. Appartamento con giardino.,Annalisa,Entire home/apt,112.0
AD Luxury Apartment Next to Ponte Vecchio,BellaVista Living,Entire home/apt,265.0
Stylish Oltrarno Retreat with Elevator and hot tub,Toc Toc,Entire home/apt,433.0
Dome Suite,Concio,Entire home/apt,137.0
Casa Musa by MMega,MMega Homes And Villas,Entire home/apt,209.0
[Charming Loft] in the Historic City Center,Mattia,Entire home/apt,130.0
Bargelo121,HouseFlo,Entire home/apt,156.0
Egidio Studio Apartment,Concio,Entire home/apt,118.0
Bargello121 Apartment,HouseFlo,Entire home/apt,152.0
UNYCA - San Domenico Florence Apartment,UNYCA-Ream,Entire home/apt,126.0
Villa Clara - Sweet Dreams in Florence,Irene,Entire home/apt,392.0
1 bedroom lovely apartment in Firenze,Novasol,Entire home/apt,
Botticelli by the Duomo by Charming Italy Tour,Cinzia Chiaramonti,Entire home/apt,145.0
Calle 1 - A flower near the city centre,Silvio,Entire home/apt,126.0
Bmi Florence rooms Red,Holidu,Private room,142.0
Camera confortevole con stanza guardaroba,Caterina,Private room,61.0
Appartamento Bixio Firenze - Campo di Marte,Claudio,Entire home/apt,160.0
Suite Centrale [3 min Stazione-10 min Duomo],⁨Niccolo'⁩,Entire home/apt,120.0
Accogliente loft nel cuore di Firenze Santa Croce,Carolina,Entire home/apt,26.0
[Florence House] Steps from Historic Center,Mattia,Entire home/apt,133.0
New! Unique along the river central experience,Maryam,Entire home/apt,245.0
New!spacious modern apartment in heart of Florence,Maryam,Entire home/apt,246.0
Deanna Tasso Apartment In Florence,Leonardo,Entire home/apt,173.0
Eleganza Antica by MMega,MMega Homes And Villas,Entire home/apt,232.0
Appartamento in Santa Croce by Bruno,Brando,Entire home/apt,138.0
NEW [Home Gallery] Live Among Art · Gym & Parking,Le II Colonne SRL,Entire home/apt,395.0
Like a Local Borgo San Jacopo | By Maison Florence,Maison Florence,Entire home/apt,201.0
Sant'Ambrogio Top Floor Studio,Giovanni,Entire home/apt,
"Arte & Piante ""Vintage""",Edoardo,Entire home/apt,210.0
romantico loft in pieno centro,Alessandra,Entire home/apt,172.0
Elegante appartamento con parcheggio gratuito,Matteo,Entire home/apt,238.0
Apt. San Lorenzo Mercato Centrale,Francesca,Entire home/apt,148.0
Relax con balcone Firenze A/C e WI-FI veloce,Annalisa,Entire home/apt,113.0
La Casa sul Mensola - Firenze,Niccolò,Private room,95.0
Suite Eleonora,Benedetta,Entire home/apt,240.0
"Guelfa Central Rooms, Central Quite Rooms-G1",Florjan,Private room,145.0
BB Suite,Benedetta E Francesco,Entire home/apt,137.0
Romantico Balcone in centro,Angela E Leonardo,Entire home/apt,171.0
Calle 2 - Eleganza smart a 5 minuti dal centro,Silvio,Entire home/apt,144.0
Via il Prato Firenze Long Stay: 2 Bedrooms 3 Baths,Top Of Tuscany,Entire home/apt,94.0
Riccardo's home design apartment,Riccardo,Entire home/apt,183.0
Moro Apartment,Victoria,Entire home/apt,108.0
Uffizi enchanting apartment historical center,Federica,Entire home/apt,191.0
Stylish & NEW apt with local vibes near the center,Alessandro,Entire home/apt,128.0
Design Florence Suite with large terrace,Toc Toc,Entire home/apt,713.0
"Residenza d’Epoca Palazzo dei Conti, Stanza sup...",Samuela,Private room,329.0
New Casa Tasso - 2 bedroom flat,Gaddo,Entire home/apt,149.0
Camera 2 posti di letto tra amici,Alessio,Shared room,136.0
Belfiore City Gateway,Luca,Entire home/apt,122.0
Carlo's Apartment Belfiore,Luca,Entire home/apt,112.0
Ognissanti Essential Studio Apartment,Giovanni,Entire home/apt,622.0
L'Angolo delle Torri Apartment - Oasi di Pace.,Giampaolo,Entire home/apt,177.0
Skyline Ghibellina 38,Tuscan Feeling,Entire home/apt,159.0
Mono Romana,Alessandro,Entire home/apt,111.0
Cute One Bedroom Apartment in Florence Outside ZTL,Federico,Entire home/apt,114.0
Torquato - Unique stay from a Renaissance Kitchen,Flow Traveling,Entire home/apt,184.0
[Poggio Imperiale Apt] Hot tub & Private Garden,Andrea,Entire home/apt,345.0
Romantic Apartment Ponte Vecchio,Holidu,Entire home/apt,
"Stanza singola Manifattura Tabacchi, solo donne",Dalida,Private room,47.0
Green House,Alessandra,Entire home/apt,99.0
[Uffizi & Santa Croce] Romantic Suite for Couples,Hôtea,Entire home/apt,123.0
La Maison al Ponte Vecchio,Marie,Entire home/apt,277.0
{Prestige Gallery Residence}-Florence Center,Erik,Entire home/apt,286.0
Homelink De Medici - Single Room,Ginevra,Private room,64.0
San Pierino,Istay,Entire home/apt,138.0
San Pier Maggiore,Istay,Entire home/apt,149.0
San Gallo Suites IV central with balcony,Apartments Florence,Entire home/apt,174.0
Piazza Goldoni Studio Apartment,Sid,Entire home/apt,108.0
Palazzo Capponi,Alberto,Entire home/apt,274.0
Aurora Urban Nest,Intrho Toscana Srl,Entire home/apt,179.0
Zanobi 75,Istay,Entire home/apt,293.0
Giardino segreto nel centro storico,Cosimo,Entire home/apt,165.0
Homelink Charlotte- Classic room,Tomaas,Private room,69.0
New Central Loft!,Alessandro,Entire home/apt,149.0
Remigio studio apt 50 mt from uffizi gallery,Claudio,Entire home/apt,309.0
Leopoldo Apartment • A 8 minuti dal Centro,Lucia,Entire home/apt,500.0
Bargello studio apt 50 mt from Uffizi gallery,Claudio,Entire home/apt,218.0
Le Volte di Borgo Pinti Always Florence Collection,Patrizia,Entire home/apt,207.0
Alloggio vicino a Ponte Vecchio con vista fiume,Studio TOP Lease,Entire home/apt,
Alloggio vicino al centro con vista fiume,Studio TOP Lease,Entire home/apt,91.0
"Isidoro Apartment, Firenze",Moris,Entire home/apt,187.0
Alloggio moderno vicino al centro con vista fiume,Studio TOP Lease,Entire home/apt,112.0
Bright flat in the heart of Florence,Chiara,Entire home/apt,166.0
Industrial House - S. Niccolò Arno,Karim,Entire home/apt,146.0
UNYCA - Florence Central Market Apartment 2,UNYCA-Ream,Entire home/apt,184.0
Casa Samelinda San Frediano,Casa Samelinda,Entire home/apt,126.0
"Firenze a portata di mano 
Comfort e Relax",Claudia,Entire home/apt,125.0
Drago D'oro Suites 203,Policos,Entire home/apt,470.0
"Brand new, Bellosguardo meets San Frediano. Comfy",Mattia,Entire home/apt,138.0
InCorte Guesthouse,InCorte Florence,Entire home/apt,
Keys of Italy -ApoTOT-Deluxe 2Apts by PonteVecchio,Keys Of Italy,Entire home/apt,763.0
Verdi 2BR Santa Croce | Elevator | Walk to Duomo,Elena,Entire home/apt,141.0
Keys of Italy -TornabuoniTOT-3Apts FashionDistrict,Keys Of Italy,Entire home/apt,501.0
Keys of Italy-Benci20- Frescoes 1 BDR Santa Croce,Keys Of Italy,Entire home/apt,226.0
"Belfiore Balcony Loft, near the tram line",Windows In Florence,Entire home/apt,140.0
Casa Margherita – Il tuo giardino vicino a Firenze,Margherita,Entire home/apt,120.0
Appartamento suite 6 posti e parcheggio riservato,Alberto,Entire home/apt,200.0
"Annalisa, Spacious Apartment with Lift",Florence Charming Apartments,Entire home/apt,176.0
Quadruple room,,Private room,89.0
Keys of Italy -Benci Terratetto-2level by S. Croce,Keys Of Italy,Entire home/apt,207.0
Keys of Italy -MonaldaSmall-1BR by Palazzo Strozzi,Keys Of Italy,Entire home/apt,255.0
"Belfiore windows loft, live like a local",Windows In Florence,Entire home/apt,116.0
La Maison Des étoiles,Carlotta,Entire home/apt,176.0
Apartment in central Florence,Toc Toc,Entire home/apt,153.0
COCO SUITE - Pitti Place Residence,Annalisa,Entire home/apt,168.0
"Apartment Aria Florence 
5 min Stazione SMN",Renada,Entire home/apt,295.0
Attico Santo Spirito 2,Morena,Entire home/apt,291.0
Santa Croce Retreat,Marco,Entire home/apt,158.0
Full Home A/C • 5 min walk to Center & Station,Andrea,Entire home/apt,151.0
Signoria Contemporary Living,Paolo,Entire home/apt,340.0
Beccaria apartment,Sofia,Entire home/apt,138.0
Elegant Duomo Loft with Elevator,Toc Toc,Entire home/apt,120.0
Suite romantica alle antiche mura del centro,Alberto,Entire home/apt,
Poggetto Home,Andrea,Entire home/apt,113.0
"Newly renovated old abbey with terrace, Center",Jacopo,Entire home/apt,502.0
Appartamento Boboli,Tuscan Feeling,Entire home/apt,209.0
Fascino d’Epoca e Comfort nel Centro di Firenze,Lorenzo,Entire home/apt,232.0
San Gallo Suites I cozy and central,Apartments Florence,Entire home/apt,
Casa Pavò •Appartamento con terrazzo•,Matteo,Entire home/apt,324.0
[Florence] Your authentic Oltrarno Experience,Alessandra,Entire home/apt,200.0
Queen Studio Apartment,Cristina,Entire home/apt,180.0
Elegant Green Apartment In Via  San Gallo Firenze,Sid,Entire home/apt,142.0
Il cortile segreto,Paola,Entire home/apt,94.0
Benvenuti! A casa dei Nonni 35,Carlotta & Andrea,Entire home/apt,180.0
Ponte Vecchio Suite 29,Laura,Entire home/apt,160.0
Boutique Studio - fst wifi,Egert,Entire home/apt,165.0
Historic residence in the center • 5 min Duomo,Alessia,Entire home/apt,286.0
Il Giardino delle Panche,Cristina,Entire home/apt,121.0
Spectacular Luxury Duplex in the Heart of Oltrarno,Toc Toc,Entire home/apt,352.0
Appartamento elegante nel cuore di Firenze.,Luca,Entire home/apt,66.0
San Gallo Suites V bright and modern,Apartments Florence,Entire home/apt,50.0
Santa Croce Family House,Barbara,Entire home/apt,240.0
Michelangelo: Elegant Home in Santa Croce,Toc Toc,Entire home/apt,328.0
Michelangelo: Elegant Home in Santa Croce,Toc Toc,Entire home/apt,799.0
Appartamento Centralissimo Lungarno alle Grazie,Gabriele,Entire home/apt,110.0
MUSIChouse/CASAbarthel,Elena,Entire home/apt,308.0
SMN Station Apartment by Maison Florence,Maison Florence,Entire home/apt,111.0
Appartamento Family Uffizi,Signoria Luxury Palace,Entire home/apt,184.0
Ponte Vecchio Luxury Apartment with Terrace,Laurence,Entire home/apt,354.0
Appartamento Superior Uffizi,Signoria Luxury Palace,Entire home/apt,325.0
Appartamento Balcony Uffizi,Signoria Luxury Palace,Entire home/apt,212.0
Suite con Spa Privata & Cinema Room [Aereoporto],Ama Collection,Entire home/apt,
"Flat No.4 – Easy Car Access, Center Easily Reached",Lorenzo,Entire home/apt,147.0
Casa Calzolari,Tommaso Torrini,Entire home/apt,167.0
New Apartment - Centro Storico - Uffizi,Filippo,Entire home/apt,70.0
Relax in Via del Corso,Alessandro,Entire home/apt,121.0
Two Bedrooms In The Center of Florence,Stefano,Entire home/apt,160.0
Granduca Prestige 3 Bedrooms Above the Rooftops,ApartmentsFlorence,Entire home/apt,
Stairway to Heaven Apartment,Houseflo,Entire home/apt,420.0
Keys of Italy -T Alpha-Luxury Apt Fashion District,Keys Of Italy,Entire home/apt,221.0
"Residenza d’Epoca Palazzo dei Conti, Stanza deluxe",Samuela,Private room,329.0
spazioso appartamento nel centro di firenze,Sodano,Entire home/apt,162.0
2 BAGNI •NOVITÀ•terrazza•stazione,Domenico,Entire home/apt,210.0
Keys of Italy -Mercato20-1BDR by Mercato Centrale,Keys Of Italy,Entire home/apt,140.0
Keys of Italy-Benci20-Sartoria-St Croce Open Space,Keys Of Italy,Entire home/apt,173.0
Arno Blu,Simone,Entire home/apt,167.0
Keys of Italy -Masai-1Bedroom Flat by TrainStation,Keys Of Italy,Entire home/apt,179.0
Attico in Palazzo antico vista mozzafiato,Francesca,Entire home/apt,320.0
Luxury Apt w PrivateGarden in Historical Center,Preeti,Entire home/apt,291.0
"Art Suite Statuto, Firenze",Angelo Maria,Entire home/apt,90.0
[Pontevecchio] Elegante Appartamento di Design,Matteo,Entire home/apt,116.0
"Boho house, for 5 people. Min. 31 nights.",Nadja Maria,Entire home/apt,78.0
"Dragonfly
Elegante appartamento tra verde e design",Rovena,Entire home/apt,189.0
Geometric Design Suite by Maison Florence,Maison Florence,Entire home/apt,136.0
Liberty Sweet home,Nido Verde Di Joshua E Giulia,Entire home/apt,159.0
"""4Bedroom in Center""200 Mq Penthouse View Florence",Exor Collection Apartments,Entire home/apt,357.0
Vasari Florence Apartment - 2 Bedrooms,Romano,Entire home/apt,192.0
Due camere con bagno ad uso esclusivo,Viola,Private room,166.0
Mariangela’s Apartment,Gabriel,Entire home/apt,123.0
Single room 4 central (Polimoda),Alessandra,Private room,36.0
Suite Verdi Terrace,Ludovica,Entire home/apt,128.0
Accademia Designer studio apartment,Margherita Succi,Entire home/apt,132.0
Dimora SanLorenzo New appartamento. 5min dal duomo,Francesco,Entire home/apt,228.0
GuestHost - Porta Romana & Boboli Suite,GuestHost - Welcome To Italy,Entire home/apt,64.0
"Bright, romantic retreat in central Florence",Gaia Maria Vittorina,Entire home/apt,209.0
Bright Apt with Balcony near Piazzale Michelangelo,Matteo,Entire home/apt,196.0
Cortile Santa Monaca - Charm & Relax,Italy Super Host,Entire home/apt,1550.0
Cleo's House: Urban Chic & Comfort in Florence,Camilla,Entire home/apt,194.0
La Terrazza,Niccolò,Entire home/apt,114.0
Elegant apartment steps from the Duomo.,Beatriz,Entire home/apt,435.0
Ex Studio d'Artista Ampio Design Loft Rose Garden,Daniela,Entire home/apt,269.0
Dimora Donati,Intrho Toscana Srl,Entire home/apt,401.0
Grazioso appartamento a due passi dal centro,Jacopo,Entire home/apt,96.0
Appartamento per gruppi e famiglie con parcheggio,Michele,Entire home/apt,226.0
Cozy Apartment In Borgo Dei Greci Firenze,Sid,Entire home/apt,135.0
Panzani Rustico Vicino Santa Maria Novella,Sid,Entire home/apt,187.0
[Centro] Appartamento a 100 metri da Ponte Vecchio,Lorenzo,Entire home/apt,1818.0
Daniele’s Apartament,Daniele,Entire home/apt,90.0
Luna apartment,Giulio & Veronica,Entire home/apt,119.0
Casa Noemi - New Apartment in Florence,Noemi,Entire home/apt,188.0
[ApexPenthouse] Elevator&Terrace,Quality House,Entire home/apt,129.0
[Vista Arno & Fashion Street] Attico,Quality House,Entire home/apt,203.0
[RomanticCottage] Pet Friendly & Garden,Quality House,Entire home/apt,155.0
Palazzotto Pitti 6,Mercurio Stay,Entire home/apt,160.0
Palazzotto Pitti 4,Mercurio Stay,Entire home/apt,160.0
Palazzotto Pitti 3,Mercurio Stay,Entire home/apt,133.0
Palazzotto Pitti 2,Mercurio Stay,Entire home/apt,160.0
Palazzotto Pitti 5,Mercurio Stay,Entire home/apt,133.0
Palazzotto Pitti 1,Mercurio Stay,Entire home/apt,133.0
Palazzotto Pitti 8,Mercurio Stay,Entire home/apt,175.0
Palazzotto Pitti 7,Mercurio Stay,Entire home/apt,133.0
Giuseppe Verdi 2,Sid,Entire home/apt,123.0
Beatrice Suite Apartment,Stanislav,Entire home/apt,83.0
Camera Brunelleschi - Duomo inside your Penthouse,Camera Brunelleschi,Entire home/apt,657.0
Purgatorio Stanza matrimoniale con bagno in camera,Paolo & Daniele,Private room,98.0
Barba Florence city center Ponte vecchio,Camilla,Entire home/apt,221.0
"YiD Bright 2 Bedrooms, Equipped Kitchen",Roberto,Entire home/apt,178.0
YiD quiet 2br apartment with private garden,Roberto,Entire home/apt,
Dimora della Quiete - Firenze centro Fortezza,Erica,Entire home/apt,177.0
Florence Garden Retreat,Lorenzo,Entire home/apt,163.0
"Santa Croce – 2-Bedroom, Comfort, A/C & Wi-Fi",Antonino,Entire home/apt,257.0
w*| Bright Gem in the Heart of Florence,Carlotta,Entire home/apt,141.0
Palazzo Accademia-Michelangelo-5,Francesco,Entire home/apt,184.0
Palazzo Accademia-Botticelli-3,Francesco,Entire home/apt,296.0
Palazzo Accademia-Giotto-4,Francesco,Entire home/apt,174.0
Palazzo Accademia-Beato Angelico-2,Francesco,Entire home/apt,242.0
"Holiday AD Borgo Santi Apostoli, Firenze",Martina,Entire home/apt,294.0
Elegant Home with Santa Croce Bell Tower View,Annalisa,Entire home/apt,170.0
Firenze - appartamento luminoso,Arianna,Entire home/apt,166.0
Panzani Royal Suite - Duomo Apartment TopOfTuscany,Top Of Tuscany,Entire home/apt,187.0
Guasconi Suite,Sara,Entire home/apt,132.0
la casa di Giorgio,Giorgio,Entire home/apt,130.0
"Holiday AD Suite Beatrice, Firenze",Martina,Private room,147.0
Appartamento Vittoria • Stazione/Centro • 4 ospiti,Vittoria E Francesco,Entire home/apt,144.0
"Holiday AD Casa Caterina, Firenze",Martina,Private room,182.0
Villa in città con piscina e vista sul Duomo,Silvia,Entire home/apt,821.0
La Casa di Jack,Giacomo,Entire home/apt,112.0
Pazzi: Boho Nest & Terrace,Carolina,Entire home/apt,212.0
"Suite ""Prestige""x2, Duomo 2 min walk, Wi-Fi & A/C",Antonino,Entire home/apt,114.0
"Suite ""Cozy"" x2, Duomo 2 min walk, Wi-Fi & A/C",Antonino,Entire home/apt,114.0
Dreaming Florence Apartment,Lira,Entire home/apt,171.0
Tegolino Apartment by Mamo Florence,Mamo,Entire home/apt,235.0
Casa Alessandro il Moro,Sibilla Peccerini,Entire home/apt,364.0
1926 Viale Corsica Free parking,Sandrine,Entire home/apt,105.0
GuestHost - Charming Flat near Duomo in Florence,GuestHost - Welcome To Italy,Entire home/apt,163.0
silenzioso nel centro di Firenze moderno attuale,Giulio,Entire home/apt,116.0
Apt Dolce Vita Firenze - Salento Reservation,Alberto,Entire home/apt,
Porcellana Flower By MMega,MMega Homes And Villas,Entire home/apt,212.0
"BandBFirenze 8cittadella8's B&B, Stanza doppia",⁨BandBFirenze 8cittadella8⁩,Private room,90.0
"BandBFirenze 8cittadella8's B&B, Stanza tripla",⁨BandBFirenze 8cittadella8⁩,Private room,119.0
Ricasoli 19 A,Luca,Entire home/apt,164.0
Da Carlo a Pontevecchio,Intrho Toscana Srl,Entire home/apt,198.0
Large group house + breackfast + parking Florence,Omar,Entire home/apt,196.0
GuestHost - Fortezza Cozy Studio,GuestHost - Welcome To Italy,Entire home/apt,72.0
Stanza con bagno a Peretola,Giacomo,Private room,71.0
Por Santa Maria terrace,Mercurio Stay,Entire home/apt,865.0
Nazionale Florence Flat | Near Station & Duomo,"Simone, Daniele E Paolo",Entire home/apt,147.0
La volta dei Pinti .,Annamaria,Entire home/apt,114.0
Boutique Villa with terrace on green view,Leonardo,Entire home/apt,208.0
Art Apartment Santo Spirito Gallery,David,Entire home/apt,
Santa Maria Novella New Apartment,Leonardo,Entire home/apt,179.0
[Cimabue] Bright Florentine loft near Santa Croce,Lorenzo,Entire home/apt,137.0
"Stradivarious Firenze B&B, Stanza blue",Paolo,Private room,156.0
Leonardo Rondinella,Zeus Group Srl,Private room,122.0
Il Prato 73,Valérie,Entire home/apt,536.0
The Ancient Heart of Santa Croce,Raffaella,Entire home/apt,93.0
"Casa Ceci
Monolocale silenzioso vicino al centro",Serena,Entire home/apt,92.0
Appartamento Firenze semicentro,Federico Giuseppe,Entire home/apt,148.0
NH Florence - Vanni Pink Paradise,Next Home Florence,Entire home/apt,192.0
Casine Apartment by Mamo Florence,Mamo,Entire home/apt,189.0
Tora Florence Apartment - Room Rent Superior,Lorenzo,Private room,57.0
BeB Essevu SanGallo CasaVacanze,BeB Essevu,Entire home/apt,107.0
Modern Living with 2 Terraces in Florence,Francesca,Entire home/apt,151.0
[Tranquillo Luminoso] WiFi 2 Terrazze,Guido,Entire home/apt,94.0
Tora Florence Apartment - Room Rent Standard,Lorenzo,Private room,72.0
Terrazza segreta ad un passo dal David,Giancarlo,Entire home/apt,175.0
Tora Florence Apartment - Room Rent Small,Lorenzo,Private room,53.0
Inferno….,Paolo & Daniele,Private room,88.0
Florence — See It All in 1 Day (Walk Everywhere),Emanuele,Entire home/apt,205.0
La casa della bibliotecaria,Valentina,Private room,114.0
2 camere da letto - Perfetto per visitare Firenze,Brunilda,Entire home/apt,209.0
San Gaggio,Flo Apartments,Entire home/apt,340.0
Florence Skyline Studio – Vista Duomo & Campanile,Claudio,Entire home/apt,200.0
Top Location Centro Storico 4 persone,Maximilian,Entire home/apt,217.0
Bright Stradivari | Smart & Chill | Self 24h,Tommaso,Entire home/apt,132.0
"Maison Le Panche - Careggi-Loft, Parking, Tram",Luigi,Entire home/apt,160.0
Vista Lumina By MMega,MMega Homes And Villas,Entire home/apt,207.0
[Coverciano] Rondinella Flat,Alberto Alfonso,Entire home/apt,123.0
Hilly windows Fiesole,Golden Luxe,Entire home/apt,318.0
Castellaccio Prestige By MMega,MMega Homes And Villas,Entire home/apt,255.0
[Ponte Vecchio] Prestigioso Appartamento con Vista,Matteo,Entire home/apt,178.0
[Noè]Modern Luxury Apartment+Garage su richiesta,Sami,Entire home/apt,325.0
[10 min Airport & 15 min Center] Urban Park View,Andrea,Entire home/apt,115.0
Bright & Cozy Designer Apartment in San Niccolò,Windows In Florence,Entire home/apt,149.0
Historic Apartment in the Heart of Florence,Lorenzo,Entire home/apt,245.0
Masaccio Apartment,Apartments Florence,Entire home/apt,178.0
Futura Ginori Apartment | 31+ Nights,Federico,Entire home/apt,149.0
Apartment with Private Courtyard - Santa Croce,Fede Fattorini,Entire home/apt,111.0
Penthouse in Tower with River View in Florence,Lorenzo,Entire home/apt,116.0
"Aparto Florence Manifattura, 6 beds room",,Private room,169.0
4 beds room,,Private room,145.0
Art & Style Lungarno Apartment,Matteo,Entire home/apt,260.0
Libertà Spacious Retreat,Lorenzo,Entire home/apt,312.0
Corno Suite contemporary apartment,ApartmentsFlorence,Entire home/apt,303.0
Brunelleschi Prestige By MMega,MMega Homes And Villas,Entire home/apt,289.0
GuestHost - Ponte Vecchio Elegant Dream,GuestHost - Welcome To Italy,Entire home/apt,137.0
Palazzo Accademia-Brunelleschi-1,Francesco,Entire home/apt,301.0
Santa Maria Novella Terraced Apartment,Lorenzo,Entire home/apt,152.0
Modern marvellous apartment with free parking,Easy BNB,Entire home/apt,
central and quiet apartment,Tiziana,Entire home/apt,194.0
Ognissanti Prestige By MMega,MMega Homes And Villas,Entire home/apt,242.0
"Florjan's B&B, Brb2",Florjan,Private room,108.0
"Florjan's B&B, BnB Centrale- M1",Florjan,Private room,94.0
"Florjan's B&B, BnB Centrale - M2",Florjan,Private room,94.0
"Florjan's B&B, BnB Centrale - M3",Florjan,Private room,85.0
"Florjan's B&B, BnB Centrale - M4",Florjan,Private room,85.0
"Florjan's B&B, Central Rooms - S1",Florjan,Private room,88.0
"Florjan's B&B, Central Rooms - S2",Florjan,Private room,88.0
[Residenza Brunetti] NEWHome+Exclusive Garden,Gama,Entire home/apt,113.0
Best Aparthotel Alfieri - AL2,Florjan,Entire home/apt,120.0
Duomo suite house,Gabriele,Entire home/apt,108.0
La signoria suite house,Gabriele,Entire home/apt,103.0
NEW Luxury Historic Palazzo Largest in City Center,Erich,Entire home/apt,1282.0
Casa Artemisia,Livia,Entire home/apt,116.0
Romantic Suite Home,Holidu,Entire home/apt,
Casa Ricorboli,Davide,Entire home/apt,334.0
Signoria Design Retreat,Lorenzo,Entire home/apt,280.0
Sweet Apartment in Florence,Holidu,Entire home/apt,
Firenze Neri apartment,The Luxor Suites,Entire home/apt,142.0
Dimora Campanile | 6 Guests | 2 Bedrooms | 2 Baths,Alexey,Entire home/apt,341.0
Serendipity apartment,Windows In Florence,Entire home/apt,
Donatello Rondinella,Zeus Group Srl,Private room,110.0
Heart of Florence - apartment with terrace,Elisa,Entire home/apt,202.0
Piazza Unità New Chic Apartment SMN Station/Duomo,Alessia,Entire home/apt,406.0
Limehome Florence Via Guelfa | Studio + Sofa Bed,Limehome,Entire home/apt,159.0
Florence Via Guelfa | Interior 1-BR Apt + Sofa Bed,Limehome,Entire home/apt,148.0
Yid Agnolo three bedroom apartment in Florence,Roberto,Entire home/apt,248.0
YiD Top-Floor Apartment with Panoramic Terrace in,Roberto,Entire home/apt,214.0
YiD Elegant Renovated Apartment in Central Florenc,Roberto,Entire home/apt,147.0
Sant'Ambrogio prestige apartment,Roberto,Entire home/apt,169.0
YiD Central Studio in the Heart of Florence,Roberto,Entire home/apt,139.0
Limehome Florence Via Guelfa | 1-BR Apt + Sofa Bed,Limehome,Entire home/apt,135.0
YiD charming two-level apt in central Florence,Roberto,Entire home/apt,249.0
YiD charming apartment near main station,Roberto,Entire home/apt,214.0
Limehome Florence Via Guelfa | 2-BR Apt + Sofa Bed,Limehome,Entire home/apt,190.0
The Florentine Heritage Estate - Pool & Jacuzzi,Alfred Stays,Entire home/apt,2670.0
Boutique House whit Balcony,Stanislav,Entire home/apt,128.0
Ponte Vecchio - Fresco Historic Dream House,⁨Andrea P.⁩,Entire home/apt,327.0
"Bright Apt, Terrace • Elevator • Near SMN Station",Elena,Entire home/apt,142.0
Firenze Cozy Terrace Apartment,Federica,Entire home/apt,234.0
Florentine Gem in city centre • 1 Stop from SMN,Federica,Entire home/apt,355.0
Dante's Paradise Firenze,Holidu,Entire home/apt,
Michelangelo Rondinella,Zeus Group Srl,Private room,105.0
Bright Central Loft with Free Private Parking,Lorenzo,Entire home/apt,145.0
Giuliani 81,Sergio,Entire home/apt,140.0
"Historic Central Tower, Duomo View, AC & WIFI",Giuseppe,Entire home/apt,137.0
Private room in historical city center,Miss Welcome- Help Housing,Private room,36.0
Stylish Loft Near Santa Maria Novella,Alvarez,Entire home/apt,151.0
Clarice heart of Florence-4 pax,Giacomo,Entire home/apt,245.0
[Three's Suite] Cozy Flat near SMN,Quality House,Entire home/apt,65.0
Essential Studio - Work Ready Minimalist,Mario,Entire home/apt,89.0
Florence City Centre Prestigious Flat with Garage,Alessandro,Entire home/apt,559.0
"Giglio | Bagno privato + A/C, 5 min da San Marco",Simone,Private room,100.0
"Arno | Elegante camera + A/C, 5 min da San Marco",Simone,Private room,111.0
"Duomo | Camera privata + A/C, 5 min da San Marco",Simone,Private room,104.0
"Iris | Bagno privato + A/C, 5 min da San Marco",Simone,Private room,121.0
Loggia | Charme fiorentino con bagno privato + A/C,Simone,Private room,106.0
PANKI 3 [Deluxe Central Apartment],Laura,Entire home/apt,330.0
Best Location Ponte Vecchio Apartment,Gloria,Entire home/apt,210.0
Student room,Maria,Private room,49.0
Stanza a pochi minuti di tram dal centro,FloRentals,Private room,44.0
Design Loft con Patio Privato vicino Tram e Centro,Irene By TuscanyWeGo,Entire home/apt,232.0
3 bedrooms house in Gavinana,Miss Welcome- Help Housing,Entire home/apt,85.0
"Stradivarious Firenze B&B, Stanza pink",Paolo,Private room,120.0
Tintori rooftop retreat,Houseflo,Entire home/apt,124.0
"Stradivarious Firenze B&B, Stanza green",Paolo,Private room,76.0
The Workspace Loft,Mario,Entire home/apt,119.0
ARNO 16 [3 Bedrooms-2 Bathrooms],Laura,Entire home/apt,434.0
La Residenza,Mario,Entire home/apt,115.0
Close to michelangelo,Vanessa,Entire home/apt,411.0
GULFI 55 [3 bedrooms - 3 Bathrooms],Laura,Entire home/apt,404.0
Lo Spaho Suite Florence,Anila,Entire home/apt,163.0
Florence Secret Stays - Brand new quiet Apartment,Regina,Entire home/apt,
Casa Chiara Retreat,Aurora,Entire home/apt,129.0
Appartement dans le centre historique de Florence,Hilaire,Entire home/apt,222.0
Renaissance Fresco Suite in Historic Palace,Nora,Entire home/apt,199.0
Charming Loft Near Florence Central Market,Chiara,Entire home/apt,164.0
Stunning Apartment in Santa Croce Historic Area,White,Entire home/apt,164.0
Incanto 22,Alessandra,Entire home/apt,86.0
Agnese Apartment by Mamo Florence,Mamo,Entire home/apt,566.0
[The Urban Nest] Design Studio Santa Novella,Quality House,Entire home/apt,53.0
"Florentine charm and comfort 
near Ponte Vecchio",Filippo,Entire home/apt,133.0
Spacious & Comfortable Stay in Florence • 4 Guests,Andrea,Entire home/apt,174.0
Central Cherry Appartamento,Stanislav,Entire home/apt,138.0
Maison Il Magnifico - Parcheggio privato gratuito,Marilisa,Entire home/apt,480.0
Casa dei Leoni - Dolcevita Holiday,Dolcevita Holiday,Entire home/apt,210.0
Santa Croce Junior APT,Dolcevita Holiday,Entire home/apt,150.0
Luxury Loft rinascimentale nel cuore di Firenze,Niccoló,Entire home/apt,
Acciaiuoli Luxury Suite by MMega,MMega Homes And Villas,Entire home/apt,950.0
[Scala's Heritage] Florentine Classic Home,Quality House,Entire home/apt,165.0
B&B Essevu Loft Borgo Pinti,BeB Essevu,Entire home/apt,107.0
Prestige Historic Dimora near Brunelleschi Dome(v),Golden Luxe,Entire home/apt,690.0
San Frediano Loft,Giovanni,Entire home/apt,169.0
Lo studio del poeta 2,Irene,Entire home/apt,112.0
Daria Apartment by Mamo Florence,Mamo,Entire home/apt,153.0
Saverio Apartment by Mamo Florence,Mamo,Entire home/apt,174.0
Central Florence Gem,Valente Living,Entire home/apt,173.0
Romantic Penthouse Jacuzzi · Florence,Houzly,Entire home/apt,216.0
Accogliente appartamento vicino Via Gioberti,Filippo,Entire home/apt,125.0
Appartamento At Home Santa Croce Firenze,Alberto,Entire home/apt,390.0
Pitti Residence - Toscanella Charm & Relax,Italy Super Host,Entire home/apt,1700.0
Heart of Florence • Elegant & Spacious 2 Bedroom,Aris,Entire home/apt,291.0
"Elegant and full of history, with a nice terrace",Jacopo,Entire home/apt,547.0
Bilocale in centro,Chiara,Entire home/apt,52.0
Rosina by MMega,MMega Homes And Villas,Entire home/apt,200.0
[Valori] Minimal Apartment con Terrazzo+Parcheggio,Sami,Entire home/apt,240.0
[10 Min Beccaria] Ampio apt con idromassaggio,Simone,Entire home/apt,157.0
appartamento con due camere a soli 2 km dal centro,Stefania,Entire home/apt,165.0
Art Apartment Porta Romana Suite,David,Entire home/apt,167.0
Loft well connected to Florence center,Lore,Entire home/apt,47.0
Una finestra sul centro di Firenze,Davide,Entire home/apt,131.0
Madame Mikli,Giusi,Entire home/apt,109.0
Quiet A/C flat in Florence center,Annamaria,Entire home/apt,131.0
Penthouse in Duomo view of Brunelleschi's dome,Golden Luxe,Entire home/apt,250.0
Piccola residenza di charme,Riccardo,Entire home/apt,70.0
Room at SMN,Xuexin,Private room,75.0
Titina Apartment Firenze Novoli Center & Airport,Matteo,Entire home/apt,125.0
Casa nel cuore di Firenze con corte interna,Giacomo,Entire home/apt,206.0
Fontana Apartment • Bright & cozy near tram,Purplelaw,Entire home/apt,240.0
Stanza privata accogliente sul Lungarno,Rosanna,Private room,29.0
2BR • *New* • Central Location Florence • Deluxe,Donatella,Entire home/apt,799.0
Il Giglio Rosso Appartamento in corte silenziosa,Vincenzo,Entire home/apt,115.0
Puccinotti Hideaway,Stanislav,Entire home/apt,194.0
Appartamento di due piani con terrazza privata,Jonida,Entire home/apt,149.0
Santa Croce Penthouse| 2 Camere con vista basilica,Golden Luxe,Entire home/apt,553.0
"l'Orto chic di Giulia, Florence apartment",Alberto,Entire home/apt,98.0
Camera Open Space in apt. condiviso Centro Storico,Alessandro,Private room,145.0
Lunghi soggiorni a Firenze,Luciana,Entire home/apt,63.0
Sant’Ambrogio Design Retreat,Lorenzo,Entire home/apt,220.0
Residenza Sonia,Diletta,Entire home/apt,189.0
Keys of Italy - Proconsolo-Chic Loft by the Duomo,Keys Of Italy,Entire home/apt,155.0
Le Piazzole Collection - Limonaia,Lorenzo,Entire home/apt,119.0
Appartamento Statuto,Tuscan Feeling,Entire home/apt,243.0
Le Piazzole Collection - Solatio,Lorenzo,Entire home/apt,113.0
Romito 38 - Florence Hub for 6,B&B,Entire home/apt,314.0
l’acqua cheta per un soggiorno a Firenze,Lavinia,Entire home/apt,134.0
Anettas house、Annettas house 2,Ping,Private room,115.0
Anettas house、Annettas house 3,Ping,Private room,115.0
Ponte Vecchio Loft,Alberto,Entire home/apt,179.0
Casa con due camere da letto campo di Marte,Miss Welcome- Help Housing,Entire home/apt,48.0
Romantic Hideaway 5 min Walk from Central Station!,Stefano,Entire home/apt,199.0
Intero Appartamento Centro Ponte Vecchio Firenze,Alex Campos,Entire home/apt,100.0
Stufa Apartment by Mamo Florence,Mamo,Entire home/apt,174.0
Luxury Bargello Stay | 6 people | Duomo (NEW),Lorenzo,Entire home/apt,369.0
Rifugio elegante in Piazza d’Azeglio,Katja,Entire home/apt,189.0
Loggetta 109 - Sweet Dreams in Florence,Irene,Entire home/apt,216.0
Healthy Home | Central Atelier Loft with Terrace,Healthy Home Di Clarissa & Andrea,Entire home/apt,285.0
Ponte Vecchio flat with lift,Maria Paola,Entire home/apt,101.0
Contemporary Vintage Loft Firenze - Home&Work,Christine,Entire home/apt,130.0
"Stadio Mandela, A/C, Parking, Bus 6, Nuovo, WiFi",Leonardo,Entire home/apt,184.0
Ghibellina Loft in the Heart of Florence,Modestino,Entire home/apt,145.0
Brunelleschi Elegant by MMega,MMega Homes And Villas,Entire home/apt,348.0
Ponte all'Asse 8,Giuseppe,Private room,75.0
Doni House,Matteo,Entire home/apt,132.0
Borgo Pinti 49,Holidu,Entire home/apt,411.0
Atelier Nigra: Apartment de Charme in Florence,Barbara,Entire home/apt,
Giorgia's Home - Quiet Studio • 10min from Center,Luce,Entire home/apt,111.0
"Gordi 3, Bright, Cozy, BIG BED",Pardis,Private room,68.0
Artemisia Apartment,Alessia,Entire home/apt,120.0
Charme a Santa Croce | Centro Firenze,Francesca,Entire home/apt,188.0
Nido guelfa Firenze,Ivan,Entire home/apt,59.0
Bianca Firenze - Appartamento Piazza della Libertà,Federico Orlando,Entire home/apt,103.0
"Unique penthouse with terrace, steps to S. Lorenzo",Carlotta,Entire home/apt,163.0
Cozy Flat Historic Center | Comfortable - WiFi,Lizzi,Entire home/apt,201.0
Lusso nel centro di Firenze via dell'Agnolo,Agnolo,Entire home/apt,156.0
Bright Private Room & Private Bathroom near Duomo,Irene,Private room,149.0
Elegant room • walk to Duomo & San Marco |A Modino,Irene,Private room,210.0
Charming bright room • walk to Duomo | A Modino,Irene,Private room,210.0
The Green Gallery in Florence • Air Conditioning,Andrea,Entire home/apt,167.0
The Heart of Florence,Wilma,Entire home/apt,217.0
Casa Aligi by FlorenceHospitality,Gabriel,Entire home/apt,192.0
wonderful luxury apartment in the best area. duomo,M,Entire home/apt,558.0
Santa Croce Luxury Home - Esclusivo-,Roberta,Entire home/apt,480.0
"Cuore di Firenze, A 2 passi dal Duomo",Eleutheria,Entire home/apt,152.0
"Via dei Servi – Vista Duomo, centro di Firenze",Eleutheria,Entire home/apt,157.0
Santa Croce Historic Apartment by Maison Florence,Maison Florence,Entire home/apt,139.0
5 Minuti Stazione Luxury - Modern Apartment,⁨Immobili Luxury S.R.L.⁩,Entire home/apt,147.0
Venovela Luxury Retreat - Private Free Parking,⁨Immobili Luxury S.R.L.⁩,Entire home/apt,171.0
Tramvia Royale Suites - Private Free Parking,⁨Immobili Luxury S.R.L.⁩,Entire home/apt,175.0
Residenza Novoli Prestige - Private Free Parking,⁨Immobili Luxury S.R.L.⁩,Entire home/apt,148.0
Granny House - Sweet Dreams in Florence,Irene,Entire home/apt,274.0
Casa Cavour Beige,Giancarlo,Entire home/apt,187.0
"Dimora Trinità Vecchia
Centro - ottima posizione",Costanza,Entire home/apt,165.0
"La Casa di Piero, La Casa di Piero Pesce Povero...",Holidu,Private room,149.0
"La Casa di Piero, La Casa di Piero Pesce Ricco ...",Holidu,Private room,
"La Casa di Piero, La Casa di Piero Cucco room",Holidu,Private room,149.0
Elegant & Bright Studio in Florence Center,Elisa,Entire home/apt,119.0
Campuccio Apartment in Santo Spirito,Top Of Tuscany,Entire home/apt,89.0
Camere matrimoniali più salottino e terrazza,Giusy,Private room,157.0
Historic Renaissance Apartament,Tommaso Torrini,Entire home/apt,320.0
Garbo Market Flat,Amazing Italian Retreats,Entire home/apt,197.0
Maggio Suite,Giovanni,Entire home/apt,197.0
New Modern Apt w Balcony/lift in city center,Preeti,Entire home/apt,263.0
Masaccio Guest House: Vivi la Magia di Firenze,Diana,Entire home/apt,186.0
sonia,Sonia,Entire home/apt,100.0
Portrait Firenze - Portrait Studio,,Private room,1793.0
GuestHost - Coverciano Comfortable Apartment,GuestHost - Welcome To Italy,Entire home/apt,116.0
Hotel Lungarno - Lungarno Double,,Private room,993.0
Da mamma Grazia in Oltrarno by MMega,MMega Homes And Villas,Entire home/apt,217.0
Palazzo Garzia Florence,Alessandro,Entire home/apt,4192.0
Suites del Fabbro - Firenze - 2/4 ospiti,Suites Del Fabbro,Entire home/apt,234.0
Suites del Fabbro - Firenze - 2 ospiti,Suites Del Fabbro,Entire home/apt,179.0
Anettas house、双人间 豪华,Ping,Private room,115.0
Anettas house、四人间独立卫生间,Ping,Private room,150.0
Urban Zen Garden- entire house with 5 suites,Nadja Maria,Entire home/apt,472.0
Gorgeous Space in Super Central Boutique Hotel- B8,Florjan,Private room,181.0
Quite Central Rooms - G2,Florjan,Private room,823.0
Servi Central Apartment - Srv,Florjan,Entire home/apt,831.0
Great Central Rooms - SL2,Florjan,Private room,99.0
Great Central Rooms - SL3,Florjan,Private room,88.0
Great Central Rooms - SL4,Florjan,Private room,99.0
Gabrielle | Luxury Florence Stay | Duomo District,J14 Collection,Entire home/apt,146.0
Alloggio ampio e luminoso con parcheggio gratuito,Studio TOP Lease,Entire home/apt,210.0
NEW | Comfortable Apartment Near Station,Giovanni,Entire home/apt,128.0
camera tripla con bagno,Weidan,Private room,124.0
Lenny | Luxury Florence Stay | Duomo District,J14 Collection,Entire home/apt,219.0
Noa | Luxury Florence Stay | Duomo District,J14 Collection,Entire home/apt,188.0
Ava | Luxury Florence Stay | Duomo District,J14 Collection,Entire home/apt,188.0
Perfect quiet spot in Cure area district,Simona,Entire home/apt,96.0
Happy feelings in Florence,Samuele,Entire home/apt,143.0
[Pazzi House] Heart of Duomo By Hôtea,Hôtea,Entire home/apt,178.0
Ocean Art Room-City Centre-1 stop to train station,Federica,Entire home/apt,170.0
Love Nest | 5 Min Walk from Central Rail Station!,Stefano,Entire home/apt,142.0
Cupola del Brunelleschi-La finestra su Santa Maria,Villa Le Baste,Private room,350.0
Fossi Panoramic Terrace by MMega,MMega Homes And Villas,Entire home/apt,180.0
Galleria degli Uffizi-La finestra su Santa Maria,Villa Le Baste,Private room,330.0
Palazzo Pitti-La finestra su Santa Maria,Villa Le Baste,Private room,330.0
"Gallery Art Hotel, Gallery Home",,Private room,384.0
Piazza della Signoria-La finestra su Santa Maria,Villa Le Baste,Private room,240.0
Ponte Vecchio - La finestra su Santa Maria,Villa Le Baste,Private room,350.0
•Leopolda Suite • Modern Flat with AC & Terrace,Tommaso,Entire home/apt,111.0
Bandinelli 34 Apt - Near San Frediano District,Paola,Entire home/apt,162.0
Tornabuoni Luxury Apartment,Cosimo,Entire home/apt,212.0
Casa vacanze Francesco 3,Francesco,Entire home/apt,177.0
Relax Art Apartment in Florence,Vincenzo,Entire home/apt,117.0
GuestHost - Santa Maria Novella Modern Flat,GuestHost - Welcome To Italy,Entire home/apt,230.0
"Serendipity, Home Around a Private Courtyard",Serena,Entire home/apt,160.0
Residenza Claudia - two minutes from the Tramway,Sarah,Entire home/apt,113.0
Palazzo Bruciato Residence 6 Guests •3BR• 2 Bath,Giovanni,Entire home/apt,201.0
New! heart of city stunning central square view,Lorenzo,Entire home/apt,250.0
downtown big flat in florence city,Fabiola,Entire home/apt,213.0
Vivi il rinascimento: attico nel cuore di Firenze.,Silvia,Entire home/apt,154.0
YellowSquare Florence - Triple private room,YellowSquare Florence,Private room,500.0
YellowSquare Florence - Sextuple private room,YellowSquare Florence,Private room,500.0
YellowSquare Florence - Quadruple private room,YellowSquare Florence,Private room,500.0
YellowSquare Florence - Double private room,YellowSquare Florence,Private room,500.0
San Giorgio - Foscolo,Roberto,Entire home/apt,140.0
San Giorgio - Manzoni,Roberto,Entire home/apt,124.0
San Giorgio - Dante,Roberto,Entire home/apt,187.0
San Giorgio - Leopardi,Roberto,Entire home/apt,149.0
San Giorgio - D'Annunzio,Roberto,Entire home/apt,246.0
San Giorgio - Stendhal,Roberto,Entire home/apt,318.0
San Giorgio - Petrarca,Roberto,Entire home/apt,209.0
San Giorgio - Boccaccio,Roberto,Entire home/apt,156.0
Dimora Bardi Firenze,Federico,Entire home/apt,165.0
Ponte Vecchio Oro,Giovanni,Entire home/apt,164.0
"Anny's Roof Garden, terrace, elevator next T2 line",Mattia,Entire home/apt,142.0
Penthouse Raffaello con splendida vista cupola,Golden Luxe,Entire home/apt,330.0
Comodo appartamento in Santa Croce,Daniela,Entire home/apt,240.0
Sunny Nest Florence - Near city center,Federica,Entire home/apt,122.0
MSM - Maison Sweet Maison | New in Florence,Msm,Entire home/apt,102.0
Libertà Heritage Residence Firenze by MMega,MMega Homes And Villas,Entire home/apt,260.0
Anguillara Comfort Always Florence Collection,Patrizia,Entire home/apt,125.0
Elegant Apt Balcony • Elevator • Santa Croce/Duomo,Elena,Entire home/apt,142.0
Arno Dream by MMega,MMega Homes And Villas,Entire home/apt,207.0
Double Room,Giacomo,Private room,71.0
Stanza pochi minuti dall'aeroporto e dal centro,Manuel,Private room,58.0
Romantic Medici Chapels Retreat for Two,Lorenzo,Entire home/apt,135.0
Cozy Studio for Couples near Pitti Palace,Mohamed Amin,Entire home/apt,194.0
GuestHost - Ponte Vecchio Superior Apartment,GuestHost - Welcome To Italy,Entire home/apt,418.0
"Dalmazia22's B&B, Stanza tripla",⁨Dalmazia22⁩,Private room,125.0
"Dalmazia22's B&B, Stanza matrimoniale deluxe",⁨Dalmazia22⁩,Private room,140.0
"Dalmazia22's B&B, Stanza familiare",⁨Dalmazia22⁩,Private room,140.0
"Dalmazia22's B&B, Stanza queen",⁨Dalmazia22⁩,Private room,140.0
Anguillara Suite Always Florence Collection,Patrizia,Entire home/apt,117.0
Mdr Number Six Comfort,Marco,Entire home/apt,170.0
Firenze Dream Homes - Medusa (Free EV Charging),Firenze Dream Homes,Entire home/apt,257.0
Mezzo Boutique Vista central retreat,ApartmentsFlorence,Entire home/apt,395.0
spazio beccaria 19,Marco,Entire home/apt,167.0
Dimora dei Bardi,Anna Clementina,Entire home/apt,517.0
Luxury Apartment/Jacuzzi & Duomo View,Bai Boutique Apartments Firenze,Entire home/apt,360.0
Casa Gioia by MMega,MMega Homes And Villas,Entire home/apt,207.0
2BDR | Private Patio | Bright & Elegant,Giada,Entire home/apt,162.0
Numa | Small Room with Single Bed,Numa Florence Della Robbia,Entire home/apt,154.0
Comodo bilocale con Garage privato Firenze Novoli,Andrea,Entire home/apt,100.0
Santa Croce Maison,Adalisa,Entire home/apt,81.0
Apt Fortezza alla Fiera,Nahli,Entire home/apt,125.0
Exclusive Private courtyard by San Lorenzo,Lorenzo,Entire home/apt,280.0
Wine Apartments Florence Malvasia,Wine Apartments Florence,Entire home/apt,296.0
YiD Florentine retreat with garage,Roberto,Entire home/apt,169.0
Casa Sara,Sara,Entire home/apt,115.0
The Angelico Hillview,Beatrice,Entire home/apt,120.0
Carmine Apt. in San Frediano - Florence,Daria,Entire home/apt,151.0
Stylish & Cozy Apartment in the Center,Bai Boutique Apartments Firenze,Entire home/apt,309.0
Alba's House - Vista Duomo Mercato Centrale,Alida,Entire home/apt,223.0
Casa Marano,Emilio,Entire home/apt,200.0
Elegant Loft of a perfumer in the historic center,Melanie,Entire home/apt,203.0
Prestigious Apartment in Santo Spirito,Marella,Entire home/apt,205.0
(NEW) Piazza della Signoria View Luxury Apartment,Lorenzo,Entire home/apt,533.0
La Casa di Gabri by Interhome,Alessandra - Interhome,Entire home/apt,
Light-Filled Duomo 2BR/2BA Top-Floor Flat,Lorenzo,Entire home/apt,196.0
Bright High-Floor Apt with Terrace & Views,Ombretta,Entire home/apt,172.0
Confortevole e ben collegato con il centro,Adamo,Entire home/apt,131.0
San Frediano guest house,Filippo,Entire home/apt,266.0
"Apartment for 8, A/C, garden and elevator",Gianmichele,Entire home/apt,362.0
Vieri Home in Florence,Milco,Entire home/apt,205.0
Perosi Nest Moderno Loft a Novoli,Simone,Entire home/apt,115.0
Erta Flat,Leonardo,Entire home/apt,148.0
Toc Toc – Boutique Apartment Santa Croce,Toc Toc,Entire home/apt,426.0
Ognissanti Corner,Amazing Italian Retreats,Entire home/apt,229.0
[Secrets Vittoria] 16 min to Santa Maria Novella,Immobiliare Il Fiorino Di Ivan,Entire home/apt,108.0
Florence Light Apartment,Shirin,Entire home/apt,117.0
La Casa di Giuseppe,Cristina,Entire home/apt,118.0
Camera Nicole,Gazmend,Private room,90.0
Appartamento centrale Firenze,Federico,Entire home/apt,103.0
Joyful Lungarno Apartment,HouseFlo,Entire home/apt,272.0
NiKKO 119 [Loft Deluxe With Garden City Center],Laura,Entire home/apt,365.0
Executive double,The Social Hub Florence Belfiore,Private room,
Charming apartment Dante Alighieri,Brunetto,Entire home/apt,147.0
Florence Urban Apartment,Mattia,Entire home/apt,192.0
La Casita de El Malo - Sweet Dreams in Florence,Irene,Entire home/apt,287.0
Taddeo Apartment by Mamo Florence,Mamo,Entire home/apt,249.0
Italian Experience- Maison D'Alice,Michela,Entire home/apt,247.0
San Niccolò Design Apartment,Lorenzo,Entire home/apt,170.0
Guerrazzi TOP bello A/C  next stazione ferroviaria,Federico,Entire home/apt,199.0
Elegante appartamento centralissimo,Davide,Entire home/apt,240.0
Agnolo - Easy Access Apartment,Lucilla,Entire home/apt,127.0
Ponte Vecchio - Appartamento Arno Sky,Chiara,Entire home/apt,239.0
Suite king,Matteo,Entire home/apt,107.0
[S. Croce apartment] 8 min from Duomo and S. Croce,Vittoria E Luca,Entire home/apt,214.0
The Renaissance Chapel by Maison Florence,Maison Florence,Entire home/apt,222.0
Butterfly house - appartamento in zona centrale,Giulia,Private room,97.0
"Suite Pratellino - Centro a piedi, Comfort e Relax",Mattia,Entire home/apt,119.0
ca' patrizia,Lorella,Entire home/apt,214.0
50MT Tramvia[Florence Boutique Apt],Gama,Entire home/apt,66.0
Appartamento centrale e strategico: SMN & Fortezza,Irene,Entire home/apt,153.0
w* | Charming Tuscan Tower with Private Pool,Carlotta,Entire home/apt,216.0
Luxury apartment in Piazza Pitti,Michelle & Barry,Entire home/apt,830.0
Home Willy,Agnieszka Justyna,Private room,126.0
Newly renovated Loft in Raphael's designed Palace,Jacopo,Entire home/apt,65.0
Dream Boutique Studio,Neda,Entire home/apt,157.0
NEW 2rooms-2bathrooms apartment - city center,Rossella,Entire home/apt,
Appartamento Firenze,Lulie,Entire home/apt,217.0
"La Leopoldina
Terrazza, Ascensore e Wi-Fi Veloce",Giacomina,Entire home/apt,143.0
BAMO Florence - Garage privato gratuito,Giuseppe,Entire home/apt,157.0
Florence Sun Apartment,Abdoulaye Guibanin,Entire home/apt,302.0
Leopoldo Urban Loft | Balcony | 2 min Tram,Francesca,Entire home/apt,106.0
Boutique Apartment – Desk & Kitchen,Egert,Entire home/apt,115.0
Camera indipendente,Stefano,Private room,86.0
Firenze Suite Santa Croce,J-O-H,Entire home/apt,143.0
Dimora di design nel cuore autentico di Firenze,Katja,Entire home/apt,189.0
Sweet Living Lorenzo de' Medici,Mattia,Entire home/apt,137.0
The Light House,Giulio & Veronica,Entire home/apt,186.0
Stanza Michelangelo,FL Srl,Private room,121.0
Penthouse ~ Santa Maria Novella,Cosimo,Entire home/apt,115.0
[Modern Apartment] Stadium- Florence,Raffaele,Entire home/apt,231.0
Stanza Caravaggio,FL Srl,Private room,87.0
Stanza Boticelli,FL Srl,Private room,97.0
Vettori Hideaway by MMega,MMega Homes And Villas,Entire home/apt,184.0
Gorgeous Florence Apt with Private Terrace,Oriane,Entire home/apt,280.0
"camera grande, a uso singolo, con bagno a comune",Enrico,Private room,74.0
Firenze Centro TOP! Monolocale romantico per 2,Ginevra,Entire home/apt,112.0
Appartamento Firenze centro no ztl,Simona E Nicola,Entire home/apt,141.0
Bilocale Stazione Rifredi - Vicino Centro Firenze,Pierpaolo,Entire home/apt,108.0
Appartamento Raffaello,Cosimo,Entire home/apt,193.0
Modern Oasis in town,Alessandra,Entire home/apt,278.0
Golden Roof 4 by MMega,MMega Homes And Villas,Entire home/apt,186.0
NEW Borgo San Jacopo 33 - Exlusive Florence Living,Lucrezia Bassi,Entire home/apt,867.0
"House: 7 Guests, 3 Bedrooms, 2 Bathrooms, Parking",Irene By TuscanyWeGo,Entire home/apt,254.0
Serragli Apartment by Mamo Florence,Mamo,Entire home/apt,115.0
"Otomo, Garden Home with Private Parking",Houseflo,Entire home/apt,188.0
Junior suite,,Private room,182.0
Deluxe court view,,Private room,182.0
Great Central Rooms - SL1,Florjan,Private room,99.0
Suite Eleonora,DolceBot,Entire home/apt,167.0
Artists' House,DolceBot,Entire home/apt,181.0
Suite Garden appartamento con piscina e posto auto,Martina,Entire home/apt,197.0
New Tozzetti Skyline Suite!,Gabriella,Entire home/apt,233.0
Santo Stefano Penthouse al Ponte Vecchio,Elena,Entire home/apt,354.0
San Frediano Living,Giovanni,Entire home/apt,138.0
Le Piazzole Collection - Stella,Lorenzo,Entire home/apt,131.0
"Boutique 5-Bedroom Apartment, Florence City Center",Filippo,Entire home/apt,351.0
San Niccolò x7 | 10 min Ponte Vecchio | A/C & WiFi,Antonino,Entire home/apt,171.0
Egidio Apartment,Francesco,Entire home/apt,61.0
[Mercato di San Lorenzo] Monolocale il Fiorino,Giovanni,Entire home/apt,165.0
"Stradivarious Firenze B&B, Stanza beige",Paolo,Private room,100.0
Appartamento con divano letto francese,Oleksandra,Entire home/apt,92.0
Elena's Apt with Lodge near Centre - unit E,Elena,Entire home/apt,130.0
Trilocale con cortile privato Firenze centro,Enzo,Entire home/apt,61.0
Numa | Medium Room,Numa Florence Della Robbia,Entire home/apt,161.0
Numa | Large Room with Sofa Bed,Numa Florence Della Robbia,Entire home/apt,111.0
Numa | Large Room with Sofa Bed and Balcony,Numa Florence Della Robbia,Entire home/apt,149.0
UNYCA - Minimalist 3 bedroom Apartment in Florence,UNYCA-Ream,Entire home/apt,249.0
Standard double or twin room,,Private room,158.0
Matrimonial room for single use,,Private room,158.0
Suite Orange Appartamento con piscina e posto auto,Martina,Entire home/apt,192.0
[3 Min da Boboli] 3 Camere • Parking Gratuito,Simone,Entire home/apt,153.0
"Cozy NEST in the Buontalenti palace, near PITTI",Giulia,Entire home/apt,118.0
Luxury Ciompi 15,Margherita,Entire home/apt,183.0
Fine Elite Duplex Executive Florence Hub,Micha,Entire home/apt,480.0
"Nel cuore di Firenze, come a casa !",Kristiana,Entire home/apt,203.0
Appartamento attico,Hotel,Entire home/apt,183.0
A due passi dal rinascimento,Graziella,Private room,112.0
Elegant and bright apartment Laura I,Housing4you,Entire home/apt,200.0
Elegant and bright apartment Laura II,Housing4you,Entire home/apt,207.0
Florence Central Bright Stay - Close to the Duomo,Housing4you,Entire home/apt,190.0
La Piazzole Collection - Frantoio,Lorenzo,Entire home/apt,127.0
Le Piazzole Collection - Sala,Lorenzo,Entire home/apt,127.0
Stanza privata in stile caratteristico toscano,Rosanna,Private room,22.0
Junior Suite Appartamento con piscina e posto auto,Martina,Entire home/apt,
Terme Prime Apartment,Lorenzo,Entire home/apt,175.0
Le Piazzole Collection - Tinaia,Lorenzo,Entire home/apt,127.0
Alinari Apartment & Private Parking,Martina,Entire home/apt,200.0
Spacest - Apartment in Volta della Vecch - 197933,Spacest.Com,Entire home/apt,143.0
Spacest - Apartment in Via Francesco Bar - 199391,Spacest.Com,Entire home/apt,112.0
Spacest - Apartment in Via Silvestro Leg - 199618,Spacest.Com,Entire home/apt,99.0
Spacest - Apartment in Via Pietro Collet - 202736,Spacest.Com,Entire home/apt,97.0
Suite view appartamento con piscina e posto auto,Martina,Entire home/apt,287.0
Double Economy Room,Giacomo,Private room,74.0
Triple Room,Giacomo,Private room,80.0
Beautiful apartment in Firenze,Novasol,Entire home/apt,79.0
Quadruple Room,Giacomo,Private room,112.0
Accademia Suite by FillYourHomeWithLove,Margherita Succi,Entire home/apt,145.0
Firenze Bright Terrace - Modern Spacious Flat,Niccolo,Entire home/apt,131.0
Keys of Italy - Pepi - Elegant 1bdr in Florence,Keys Of Italy,Entire home/apt,156.0
Appartamento Bellariva,Tuscan Feeling,Entire home/apt,185.0
Borgo Allegri Family Retreat,HouseFlo,Entire home/apt,168.0
Firenze Center | 4' to Duomo - Station + AC + Wifi,HomeGo Srls,Entire home/apt,243.0
Royal Residence San Martino | Santo Spirito,J14 Collection,Entire home/apt,1265.0
"Spacious Central Florence: 3BR, 2Bath, Parking",Chiara,Entire home/apt,225.0
Elegant & Spacious 3BR with Terrace in city center,Lorenzo,Entire home/apt,457.0
Historic Apartment in Center Florence near station,Armando,Entire home/apt,99.0
Luxury suite in San Frediano,Andrea,Entire home/apt,143.0
Rosa Apartment • Heart of Florence near Duomo,Elena,Entire home/apt,138.0
[Duomo-Station 2 Minutes away] The mirror suite,Leonardo,Entire home/apt,274.0
Firenze Modern Stay Apartment 605,Carolina,Entire home/apt,181.0
La Divina Commedia - Paradiso,Paolo & Daniele,Private room,112.0
Quiet Design Apartment in Historic Borgo Albizi,Bernardo Filippo,Entire home/apt,199.0
Da Vinci - Flo Apartments,Flo Apartments,Entire home/apt,378.0
Fiammetta by MMega,MMega Homes And Villas,Entire home/apt,232.0
Suite with garage and garden in San Frediano,Mattias,Private room,120.0
[Luxury Apartment] 6 Minutes Walk From Duomo,LVX Group,Entire home/apt,325.0
[Elegant Suite] 6 Minutes Walk From Duomo,LVX Group,Entire home/apt,254.0
[Elegant Suite] 6 Minutes Walk From Station,LVX Group,Entire home/apt,1082.0
[Elegant Suite] 6 Minutes Walk From Duomo,LVX Group,Entire home/apt,232.0
Capponi - Arched Ceiling Apt,Silvia,Entire home/apt,213.0
Albero Urban Retreat near SMN Station,Golden Luxe,Entire home/apt,243.0
YiD Buonvicini Design apt in Florence out of Ztl,Roberto,Entire home/apt,223.0
Lovely Nest by MMega,MMega Homes And Villas,Entire home/apt,172.0
King Apartment,Bela Apartments,Entire home/apt,396.0
Chic Apartment Daucus – Romantic Loft,Elena,Entire home/apt,127.0
Golden House Belfiore,Martha,Entire home/apt,254.0
big room to rent,Miss Welcome- Help Housing,Private room,26.0
Toc-Toc: Cozy Florence Apartment for Four,Toc Toc,Entire home/apt,129.0
[Florence Cozy Suite] with Wi-Fi and SmartTV,BRP Management And Services SRLS,Private room,81.0
NEW 3Suite Dome view – Central & Comfort,Sandra,Entire home/apt,378.0
Florence Apartment - Da Elda e Dolfo,Monia,Entire home/apt,141.0
"San Frediano, pool and jacuzzi, terrace and patio",Giacomo,Entire home/apt,249.0
Modern and Comfortable flat - Florence Center,Housing4you,Entire home/apt,196.0
"[Ponte Vecchio] Fascino, design e vista mozzafiato",Matteo,Entire home/apt,1626.0
Albero Apartment by Maison Florence,Maison Florence,Entire home/apt,207.0
Angelico apt with terrace and lift,Lorenzo,Entire home/apt,172.0
Licia Home Florence,Felicia,Entire home/apt,138.0
Stanza Azzurra by Bed and Dreams in Florence,Barbara,Private room,116.0
Minisuite by Bed and Dreams,Barbara,Private room,190.0
Boboli Apartment • Luminoso Bilocale Porta Romana,Alessandro,Entire home/apt,239.0
Spacest - Uffizi gallery two rooms / Bil - 120546,Spacest.Com,Entire home/apt,46.0
Spacest - Apartment in Via Santa Reparat - 185711,Spacest.Com,Entire home/apt,74.0
"Spacest - Apartment in Via San Zanobi, F - 178159",Spacest.Com,Entire home/apt,85.0
Spacest - Apartment in Via Sallustio Ban - 229101,Spacest.Com,Entire home/apt,54.0
Loft in Santo Spirito,Francesco,Entire home/apt,1084.0
Renaissance Garden Oasis – Pool & Private Parking,Golden Luxe,Entire home/apt,555.0
Spada Apartment by Maison Florence,Maison Florence,Entire home/apt,211.0
Casa Mupu by Hôtea,Hôtea,Entire home/apt,151.0
Signoria Lofted Apartment,Francesca,Entire home/apt,152.0
La casa di Wenqing,Jingwenqing,Entire home/apt,96.0
Il Campanile by Hôtea,Hôtea,Entire home/apt,250.0
"House 20S, 43N",Saimir,Entire home/apt,125.0
Adriana's holiday house,Adriana,Entire home/apt,82.0
Vespucci Suite Home rifugio di charme sul Lungarno,Cristina,Entire home/apt,440.0
Ardiglione Central Living,Giovanni,Entire home/apt,134.0
Ponte Vecchio Modern Retreat - Petite,Lorenzo,Entire home/apt,163.0
Ponte Vecchio Modern Retreat - Grande,Lorenzo,Entire home/apt,155.0
Benvenuti nella nostra splendida villa gialla,Resi,Entire home/apt,779.0
Bri&Bri Apartment,Giancarlo,Entire home/apt,88.0
Nigra - Sweet Dreams in Florence,Irene,Entire home/apt,905.0
Comfy double with view,,Private room,100.0
Single,,Private room,130.0
UNYCA - Florence Terrace Apartment,UNYCA-Ream,Entire home/apt,219.0
Modern loft next to Piazza del Duomo,Chiara,Entire home/apt,111.0
[Casa R&R]Relax 15'min piedi dal Centro 5min Tram,Riccardo,Entire home/apt,173.0
Sweet Florence 2,Nik,Entire home/apt,125.0
UNYCA- Bright apartment with balcony (Florence),UNYCA-Ream,Entire home/apt,185.0
Casa 99 | Monolocale,Neri,Entire home/apt,137.0
Romana Apartment by Mamo Florence,Mamo,Entire home/apt,175.0
Il ghibellino,Pietro,Entire home/apt,140.0
Stanza Rosa by Bed and Dreams,Barbara,Private room,120.0
Del Greco House Careggi,Vincenzo,Entire home/apt,120.0
florence sky,Maria,Private room,124.0
La casa della Pergola  with View,Iacopo,Entire home/apt,354.0
[10 Min Duomo] • Family Stay • 2 Baths & A/C,Simone,Entire home/apt,137.0
Casa Julia,Julia,Entire home/apt,400.0
"Il Pianoforte, authentic with balcony",Homeby,Entire home/apt,177.0
florence sunshine,Maria,Private room,155.0
Noble Palace Loft | Florence Center,Willem,Entire home/apt,101.0
Casa dello Scrittore,Samantha Geco Vacation Rentals GECO Srl,Entire home/apt,166.0
LuxePortinari·HistoricSuite·DuomoView·Terraza,Marco,Entire home/apt,616.0
Room 1: terrace and bathroom at Ponte Vecchio,Gianmichele,Private room,217.0
Room 2: balcony and bath near Ponte Vecchio,Gianmichele,Private room,185.0
Room 3: bath and balcony near Ponte Vecchio,Gianmichele,Private room,172.0
Room 4: two single with balcony and bathroom,Gianmichele,Private room,183.0
La casa di Anna,Lorenzo,Private room,74.0
La casa di Pinocchio,Ramon,Entire home/apt,133.0
Il Nido Segreto Firenze,Sara,Entire home/apt,152.0
Dimora Donatello,Ida,Entire home/apt,117.0
La Limonaia di Villa Lia,Barbara,Entire home/apt,139.0
Cosimo Apartment near Duomo,David,Entire home/apt,172.0
Uffizi Apartment in the heart of Florence,Toc Toc,Entire home/apt,257.0
Appartamento,Maria,Private room,43.0
"Entire Floor, 3 Luxury Apt, Sleeps 12, 100m Duomo",Antonino,Entire home/apt,
Charming Loft in Authentic Florence,Caterina,Entire home/apt,157.0
Piccolo monolocale nel centro di Firenze,Fiorella,Entire home/apt,743.0
San Jacopo 27,Roberto,Entire home/apt,261.0
Appartamento Ponte alla Vittoria,Barbara E Giacomo,Entire home/apt,107.0
Brunelleschi Central Apartment,Florjan,Entire home/apt,211.0
Taddea Suite- Italian Nights Collection,Italian Nights,Entire home/apt,183.0
YiD Bright Garden Apartment • Easy Tram Access,Roberto,Entire home/apt,155.0
Appartamento Artisti Always Florence Collection,Patrizia,Entire home/apt,
Sweet Strozzi with elevator,Alessandro,Entire home/apt,147.0
Drago D'oro Suites - 201,Policos,Entire home/apt,429.0
GuestHost - Florence Modern & Quiet Nest,GuestHost - Welcome To Italy,Entire home/apt,91.0
The central Gem | Renovated 2 Bedroom apartment,⁨Niccolo'⁩,Entire home/apt,240.0
The Central Twin Suites: 2 Apartments Together,⁨Niccolo'⁩,Entire home/apt,245.0
Olimpia’s Florence by Maison Florence,Maison Florence,Entire home/apt,145.0
Brand-New Luxury Flat in Central Florence,⁨Niccolo'⁩,Entire home/apt,516.0
"[White Suite] Eleganza Moderna, Cuore di Firenze",Quality House,Entire home/apt,128.0
Emma by MMega,MMega Homes And Villas,Entire home/apt,200.0
Santa Croce Cozy Studio,Barbara,Entire home/apt,188.0
Belfiore Chic Apartment,Gabriella,Entire home/apt,101.0
Reinassance palace with terrace,Lucrezia,Entire home/apt,428.0
Lungarno34 - Bright Modern Flat Private Park View,Federico,Entire home/apt,414.0
The most Unique Penthouse on Ponte Vecchio,Golden Luxe,Entire home/apt,3096.0
Loft Rustico Familiare,Giovanni,Entire home/apt,92.0
Stunning Historic Palazzo Room in Central Florence,Anna,Private room,121.0
[14 min Santa Croce] • Relax • Idromassaggio,Simone,Entire home/apt,112.0
Where art and memories live-elegant retreat,Casa Sansoni,Entire home/apt,165.0
Leopoldo Oltrarno apartment-2 bdr-4pax,Chiara,Entire home/apt,120.0
Secret Garden Apartment,David,Entire home/apt,104.0
Edònico | Urban retreat,Lorenzo,Entire home/apt,115.0
Florence Dream,Andrea,Entire home/apt,143.0
silenzioso e centrale appartamento,Federica,Entire home/apt,105.0
Nuovo nel cuore di Firenze a 5' dalla stazione SMN,Nathalie,Entire home/apt,148.0
(Palazzo Strozzi) 200 Mq+4 Bedroom Center Florence,Altus,Entire home/apt,638.0
RomAntica Garden Firenze Central Market & Dome,Teresa,Entire home/apt,156.0
"Exclusive Luxury Apt x4, 100m Duomo, A/C & Wi-Fi",Antonino,Entire home/apt,210.0
Guelfa 14,Roberto,Entire home/apt,154.0
S.Ambrogio Courtyard in Florence,Toc Toc,Entire home/apt,224.0
Sant'Ambrogio View,Luca,Entire home/apt,211.0
[Big & Bright] 10' Santa Croce 20' Mandela,Alberto,Entire home/apt,185.0
Classic Florence C by MMega,MMega Homes And Villas,Entire home/apt,174.0
Classic Florence D by MMega,MMega Homes And Villas,Entire home/apt,174.0
Mami Haus DBL Ensuite · Airport/T2 Free Parking AC,Lidia,Private room,137.0
"Pitti Place APT
in Santo Spirito Oltrarno",Samuele,Entire home/apt,214.0
Campo di Marte Guest House,Filippo,Entire home/apt,180.0
Capo di Mondo Living,Giovanni,Entire home/apt,66.0
Mami Haus DBL Ensuite Hill View AC Parking Airport,Lidia,Private room,137.0
Armonia e Stile,Andrea,Entire home/apt,213.0
Ponte Vecchio Apartment,Sid,Entire home/apt,409.0
Appartamento Luxury,Matteo,Entire home/apt,230.0
Eden Suite,Alessandro,Entire home/apt,174.0
Orcagna 10 Elegante Appartamento,Francesca,Entire home/apt,173.0
[The Phoenix Renaissance] 1 min to Signoria square,Phoenix Rental Solution,Entire home/apt,145.0
[Medici's Phoenix] 1 min to Signoria Square,Phoenix Rental Solution,Entire home/apt,135.0
Florentine Charm,Giulia,Entire home/apt,153.0
Locazione Casa(+30 giorni)Zona Social HUB Belfiore,Leonardo,Entire home/apt,113.0
paoletti apartment firenze,Francesco,Entire home/apt,151.0
Aeroport Florence,Nataliia,Entire home/apt,148.0
The Doni Suite | Boutique stay in Florence,Porfidio,Entire home/apt,118.0
Camera accogliente con piccolo terrazzo.,Fabio,Private room,21.0
Elegante appartamento 2Bed + 2Min da Ponte Vecchio,Alberto Tabarretti,Entire home/apt,198.0
Luxury Serragli Family,Matteo,Entire home/apt,446.0
[Casa Ponte Vecchio] in the Heart of Florence,Quality House,Entire home/apt,192.0
Accademia Cozy Apartment,Italy Super Host,Entire home/apt,107.0
Breathtaking Florence Views · Private Room & Bath,Nicole Bruce,Private room,100.0
Stanza singola accogliente a Firenze,Laura,Private room,53.0
Villa with jacuzzi in the heart of Florence,Livia,Entire home/apt,526.0
La casa di Ele a due passi da Firenze,Eleonora,Entire home/apt,111.0
Caldaie 32,Roberto,Entire home/apt,122.0
GuestHost - San Lorenzo Escape in Florence,GuestHost - Welcome To Italy,Entire home/apt,166.0
Almea Florence - Suite 1,Almea Florence Suites,Private room,92.0
[Duomo] Appartamento storico e affrescato,Matteo,Entire home/apt,369.0
Almea Florence - Suite 2,Almea Florence Suites,Private room,68.0
Almea Florence - Suite 3,Almea Florence Suites,Private room,90.0
Almea Florence - Suite 4,Almea Florence Suites,Private room,84.0
Bmi Florence rooms Orange,Holidu,Private room,
Smart double,,Private room,147.0
Smart double with view,,Private room,135.0
Single room,,Private room,161.0
Comfy double,,Private room,107.0
Smart double,,Private room,139.0
Single,,Private room,139.0
Classic room,,Private room,107.0
Classic room,,Private room,109.0
Comfy double,,Private room,147.0
Classic room,,Private room,103.0
Singola,,Private room,115.0
Smart double,,Private room,115.0
Classic with balcony room,,Private room,115.0
Comfy double with balcony,,Private room,115.0
Exclusive Tuscan Retreat in the Florence Hills,Tommaso,Entire home/apt,
Suite Torre Elvira,Daniela,Entire home/apt,155.0
Giaggiolo,Samantha Geco Vacation Rentals GECO Srl,Entire home/apt,183.0
[Firenze] Casa con corte privata vicino al centro,Iacopo,Entire home/apt,738.0
Green Terrace in the Center,Fresco De Bardi,Entire home/apt,162.0
C5 Duomo Deluxe bilocale con ascensore,Luca,Entire home/apt,261.0
Ponte Vecchio Studio,Alessandro,Entire home/apt,118.0
San Marco Suite Seven,Apartments Florence,Entire home/apt,198.0
Almea Florence - Suite 5,Almea Florence Suites,Private room,100.0
Stunning apartment in Santo Spirito,Chiara,Entire home/apt,208.0
Spacest - Spacious studio apartment at t - 120545,Spacest.Com,Entire home/apt,45.0
Spacest - Casa Lares - San Donato Firenz - 164962,Spacest.Com,Entire home/apt,92.0
GuestHost - Florence Sant'Ambrogio Cozy Nest,GuestHost - Welcome To Italy,Entire home/apt,160.0
"Spacest - Apartment in Viale Belfiore, F - 177273",Spacest.Com,Entire home/apt,128.0
"Spacest - Apartment in Via della Scala,  - 217529",Spacest.Com,Entire home/apt,258.0
"Spacest - volta della vecchia, Firenze - 189338",Spacest.Com,Entire home/apt,134.0
Spacest - Appartamento in Via Giovan Bat - 188122,Spacest.Com,Entire home/apt,79.0
"Spacest - Apartment in Via di Ricorboli, - 211581",Spacest.Com,Entire home/apt,79.0
Urban Oasis • Local Vibes & Direct Tram,Nicola,Entire home/apt,90.0
CasadiA Suite,Stanislav,Entire home/apt,115.0
Romantic Suite con vasca in camera,Gianluca,Entire home/apt,122.0
Indipendenza 13,Martina,Entire home/apt,395.0
Florence Old Town Gem,Niccolò,Entire home/apt,100.0
[Maison Ariento] Elegant Design - 4 Suites Rooms,Sami,Entire home/apt,612.0
Bright 3‑Bedroom Apt. in the heart of Florence,Italica,Entire home/apt,116.0
Hidden Gem near train Station,Stefano,Entire home/apt,84.0
App.VdR55,Antonio,Entire home/apt,223.0
Duca’s home,Leonardo,Entire home/apt,140.0
Elegant Apartment in the Heart of Florence,Edoardo,Entire home/apt,593.0
La Maisonette | Boutique Studio in Florence,Bernardo Filippo,Entire home/apt,150.0
Blue Shade over Florence - original rooftop view,ApartmentsFlorence,Entire home/apt,176.0
The White Terrace by Maison Florence,Maison Florence,Entire home/apt,159.0
The Lily of Florence Suite,David,Entire home/apt,137.0
View of the Vasari Corridor | Ponte Vecchio 1 Min.,Valore Casa,Entire home/apt,146.0
Cozy LOFT piazza del Cestello,Giulia,Entire home/apt,119.0
Sant’Ambrogio Apartment,Cosimo,Entire home/apt,300.0
Casa Donatella: where tranquility meets the city,Andrea,Entire home/apt,106.0
2 br nel cuore di firenze,Nicholas,Entire home/apt,290.0
Santa Caterina Apartment,Federico,Entire home/apt,232.0
"Bright 2-bath flat near Accademia, Toc-Toc",Toc Toc,Entire home/apt,254.0
"Cozy 1-bed flat near Accademia, Toc-Toc",Toc Toc,Entire home/apt,166.0
Healthy Home | David Secret Gallery,Healthy Home Di Clarissa & Andrea,Entire home/apt,252.0
Peruzzi Royal Suite,Holidu,Entire home/apt,
Passera Royal Suite,Holidu,Entire home/apt,
Albia Suites - Appartaments for 4 Guests,Irene,Entire home/apt,331.0
Albia Suites - Appartament for 3 Guests,Irene,Entire home/apt,296.0
Albia Suites - Appartaments for 2 Guests,Irene,Entire home/apt,226.0
Historic Fresco Apartment,Alfred Stays,Entire home/apt,680.0
B&B Cosy House - Double private room,Giada,Private room,84.0
NEW Central & Cozy Apartment - city center,Tommaso,Entire home/apt,142.0
casa tranquilla,Sodano,Entire home/apt,101.0
Toscanella Royal Suite,Holidu,Entire home/apt,321.0
"Appartamento ""Casa Vèra""",Veronica,Entire home/apt,165.0
Alina Apartment by Mamo Florence,Mamo,Entire home/apt,163.0
Villino degli Ulivi vicino al centro Careggi Meyer,Silvia,Entire home/apt,183.0
Over the Rooftops of Florence – Historic Center,Sandra,Entire home/apt,159.0
Stanza privata con bagno privato vicino al centro,Rosanna,Private room,28.0
Stanza privata accogliente e caratteristica,Rosanna,Private room,27.0
Santa Maria Novella Huge Apartment,Giovanni,Entire home/apt,295.0
Country Resort on the hills of Florence,Marco,Entire home/apt,198.0
Bright Double Room near Florence Airport & Tram,Nataliia,Private room,75.0
Studio romantico | A due passi dal Ponte Vecchio,Paola,Entire home/apt,161.0
Appartamento con camera matrimoniale e due bagni,Teseo,Entire home/apt,53.0
Ampia e luminosa stanza privata con balcone,Rosanna,Private room,22.0
Nuova accogliente stanza privata in centro,Rosanna,Private room,25.0
casa relax centro storico vicinissimo al Duomo,Claudio,Entire home/apt,176.0
"Firenze, nel quartiere storico di Campo di Marte",Eva,Entire home/apt,104.0
Appartamento Zannoni 1,Viktoria Messori,Entire home/apt,164.0
Appartamento Zannoni 2,Viktoria Messori,Entire home/apt,256.0
The Locksmith's house by Maison Florence,Maison Florence,Entire home/apt,120.0
Romantico,Alessandro,Entire home/apt,214.0
"Viola Apartment | House with Terrace, Firenze",Rosso Fiorentino,Entire home/apt,126.0
Fossi centro tra stazione SMN e Duomo A/C silent,Federico,Entire home/apt,188.0
Casa Zazzà,Lazzaro,Private room,93.0
"Tornabuoni 3 bedroom, Thinah",Thinah,Entire home/apt,189.0
"La Stanzina a Casa
del Fotografo",Luca,Private room,63.0
Gioberti 45 - Spacious 5 minutes from the center,Stefania,Entire home/apt,195.0
Camera singola con terrazza,Miss Welcome- Help Housing,Private room,34.0
Posto letto in camera condivisa maschile,Miss Welcome- Help Housing,Private room,24.0
Central single room,Miss Welcome- Help Housing,Entire home/apt,32.0
Elegante camera singola con AC,Miss Welcome- Help Housing,Private room,35.0
Camera doppia per due persone in casa condivisa,Miss Welcome- Help Housing,Private room,41.0
Apartment in St Ambrosio area,Maureen,Entire home/apt,2853.0
Spacious Florence Retreat,Federico,Entire home/apt,166.0
Stylish Urban Oasis • AC • Wi-Fi • City Living,Artur,Entire home/apt,251.0
Romantic Apartment,Holidu,Entire home/apt,
Reserva Home Florence Duomo,Domus Italica,Entire home/apt,411.0
Stylish Florence Retreat | 2 Min to Campo di Marte,⁨Immobili Luxury S.R.L.⁩,Entire home/apt,119.0
Paradaise florence,Gregorio,Entire home/apt,340.0
Santa Croce Charming Studio,Alessandro,Entire home/apt,112.0
nuovissimo bilocale porta a prato/Leopolda,Debora,Entire home/apt,108.0
Viale Corsica 29,Sandrine,Entire home/apt,82.0
Airport Comfort Room,Nataliia,Private room,75.0
King En-Suite Room in Shared Apartment,Daniele,Private room,84.0
King Room with Private Bath in Shared Apartment,Daniele,Private room,84.0
Olivuzzo 22,Alessandro,Private room,65.0
Appartamento Cottage Bobolino 3,Luisa Augusta,Entire home/apt,129.0
Elegante appartamento vicino al centro (3-4 pers),Paola,Entire home/apt,168.0
Reserva Home Florence Guelfa,Domus Italica,Entire home/apt,208.0
Stunning Apartment in Santo Spirito,Chiara,Entire home/apt,52.0
B&B Cosy House - Triple private room,Giada,Private room,110.0
Stanza privata ampia con balcone vicino al centro,Rosanna,Private room,22.0
Stanza privata ampia con balcone vicino al centro,Rosanna,Private room,22.0
Easy Loft Firenze,Holidu,Entire home/apt,
Bellariva Cozy House with Terrace,Simone,Entire home/apt,103.0
Central Station Bright Boutique Room With Ensuite,Lorenzo,Private room,130.0
Central Station Cozy Boutique Room With Ensuite,Lorenzo,Private room,120.0
Appartamento Firenze centrale,Federico,Entire home/apt,122.0
Boboli Elegant Suite,Marina,Entire home/apt,97.0
Firenze da fiaba • Terrazza privata e tramvia,Sara,Entire home/apt,261.0
Central Station Elegant Boutique Room With Ensuite,Lorenzo,Private room,130.0
Central Station Grand Boutique Room With Ensuite,Lorenzo,Private room,130.0
Central Station Modern Boutique Room With Ensuite,Lorenzo,Private room,130.0
Ognissanti Blue House by Maison Florence,Maison Florence,Entire home/apt,675.0
Stanza privata con bagno privato e AC in centro,Rosanna,Private room,28.0
