name,host_profile_id,neighbourhood_group,latitude,room_type,minimum_nights,last_review,calculated_host_listings_count,number_of_reviews_ltm
Residenza Martin  Classic room,1.4625115071325087e+18,,43.77709,Private room,1.0,2026-06-22,22.0,48
Central Double Shared Bathroom,1.4625101807612744e+18,,43.77525,Private room,2.0,2026-06-01,11.0,6
Apartment Santa Monaca Oltrarno old town,1.462511132423486e+18,,43.76742,Entire home/apt,4.0,2026-03-27,3.0,3
Stylish Terrace on Boboli Gardens,1.462507205373765e+18,,43.76417541503906,Entire home/apt,3.0,2026-06-24,1.0,35
Residenza Martin:  Single room,1.4625115071325087e+18,,43.77704,Private room,1.0,2026-06-14,22.0,37
Leonardo House,1.4625128786383788e+18,,43.77386,Private room,2.0,2026-06-08,4.0,41
love Florence?love Florentin house,1.4625108813274396e+18,,43.77236,Entire home/apt,3.0,2026-05-31,15.0,13
Toscanella Apartment,1.462514433548783e+18,,43.76728,Entire home/apt,2.0,2026-05-20,7.0,23
Home Sweet Home away from home  Extended Stay,1.4625110048048154e+18,,43.77263,Entire home/apt,31.0,2026-05-23,1.0,4
apartment in the center of Florence,1.4625112258878164e+18,,43.77591,Entire home/apt,5.0,2026-06-21,1.0,3
Regal Apartment in 16th Century Florentine Palazzo,1.4625160662689748e+18,,43.77931,Entire home/apt,1.0,2026-06-04,1.0,24
Florence Central Double Private Bathroom,1.4625101807612744e+18,,43.77525,Private room,2.0,2025-11-07,11.0,1
Large Studio in Ognissanti Palace,1.4625171385488689e+18,,43.77243,Entire home/apt,1.0,2026-06-21,1.0,85
Alfani Suite by GALLERIA ACCADEMIA,1.4625339288517727e+18,,43.77556,Entire home/apt,3.0,2017-05-21,103.0,0
Alfani 2b VIEW OF DUOMO,1.4625339288517727e+18,,43.77556,Entire home/apt,3.0,2023-07-06,103.0,0
"MASSIMO: A CHARMING  LOFT for TWO, BY THE DUOMO",1.462511809477664e+18,,43.77551,Entire home/apt,31.0,2026-06-21,3.0,4
Florence Central Twin Shared Bathroom,1.4625101807612744e+18,,43.77525,Private room,2.0,2024-07-04,11.0,0
★ Cozy Studio - Piazza della Signoria,1.4625119292836434e+18,,43.76947,Entire home/apt,2.0,2026-06-07,1.0,61
La Terrazza al Duomo in Firenze,1.4625190520580833e+18,,43.77382,Entire home/apt,3.0,2026-05-16,1.0,16
Magic Florence,1.4625121724909125e+18,,43.77017,Entire home/apt,1.0,2026-06-19,1.0,16
"Villa with great view over Florence, pool, Wi-Fi",1.4625130060712983e+18,,43.809939105084545,Entire home/apt,5.0,2026-05-30,2.0,7
"Firenze centro storico:  ""Leonardo""",1.4625132853392737e+18,,43.76987838745117,Entire home/apt,2.0,2026-06-20,1.0,69
Beautiful private room Center of Florence,1.4625250919187428e+18,,43.78213,Private room,2.0,2026-06-25,1.0,56
VVMONO - ROOM in the HEART of FLR,1.4625134161785362e+18,,43.77111,Entire home/apt,6.0,2026-06-11,2.0,5
Rosa Loft near SANTA CROCE,1.4625339288517727e+18,,43.7702,Entire home/apt,3.0,2024-01-02,103.0,0
The smallest hostel of Florence - Moonshine Avenue,1.4625137997083553e+18,,43.77522,Private room,1.0,2026-06-22,9.0,44
Florence Holiday Homes - Santa Maria Novella,1.4625288047684283e+18,,43.77427,Entire home/apt,1.0,2026-06-21,2.0,32
New Appartment River Front,1.4625155730912392e+18,,43.77278,Entire home/apt,31.0,2022-06-14,1.0,0
BRIGHT & COZY APT IN MOST AUTHENTIC NEIGHBOURHOOD,1.4625133836490378e+18,,43.76506,Entire home/apt,31.0,2026-05-03,1.0,6
Florence Gioberti Suite.,1.462533159987671e+18,,43.77069,Entire home/apt,5.0,2025-10-30,2.0,1
romantic apt in San Frediano,1.4625338063430963e+18,,43.76778,Entire home/apt,1.0,2026-06-20,1.0,34
"LOVELY,GARDEN,3MINS TO CENTER VIATRAMVIA",1.4625155462426847e+18,,43.78437938421835,Entire home/apt,2.0,2023-05-19,2.0,0
Bright Apartment on 2 levels,1.4625363619589635e+18,,43.77318,Entire home/apt,2.0,2026-06-22,2.0,32
Raffaello stanza privata con AC,1.462513658428019e+18,,43.76545333862305,Private room,3.0,2024-07-18,8.0,0
CORTE D'ARNOLFO AMBRA APARTMENT,1.4625387682362373e+18,,43.76796,Entire home/apt,2.0,2026-06-12,3.0,21
Room with  View,1.4625396696091284e+18,,43.77296447753906,Private room,2.0,2026-06-24,1.0,34
Ancient Fiesolana 2 bedroom Dome 5 min+Clima+WIFI,1.4625422129389053e+18,,43.7723,Entire home/apt,2.0,2026-06-24,1.0,18
"""al parco della musica"" with covered car place",1.462517257340608e+18,,43.78118,Entire home/apt,3.0,2026-06-15,1.0,18
The Swallows' Lodge,1.462543210706501e+18,,43.76813583209722,Entire home/apt,2.0,2026-06-01,2.0,4
"The smallest hostel of Florence, Nemoland",1.4625137997083553e+18,,43.77531,Private room,1.0,2026-06-15,9.0,22
Your cosy home in Florence,1.4625608865401206e+18,,43.76908,Private room,3.0,2026-06-01,1.0,8
Studio P.zza del Carmine2 S.Spirito,1.462511132423486e+18,,43.7689,Entire home/apt,3.0,2025-09-22,3.0,3
Florence Centrally Located Loft,1.4625101807612744e+18,,43.77525,Entire home/apt,2.0,2026-03-28,11.0,1
"Magic Terrace on  Ponte Vecchio, amazing view!",1.4625655535557366e+18,,43.76752,Entire home/apt,3.0,2026-06-07,7.0,28
Nice Quiet in the Heart of Florence,1.4625770401556552e+18,,43.76957,Entire home/apt,2.0,2019-11-30,1.0,0
Apartment with garden and view,1.4625775682216207e+18,,43.81893,Entire home/apt,31.0,2016-06-11,1.0,0
Apartment in historical Villa in Florence country,1.462520159438513e+18,,43.77119,Entire home/apt,3.0,2026-06-21,5.0,2
Residenza Oltrarno Guest House,1.4625776981759772e+18,,43.77217,Entire home/apt,1.0,2026-05-12,1.0,4
"Lodges le Mura 'Palazzo Vecchio' wifi, ac, terrace",1.4625785470611535e+18,,43.76196,Entire home/apt,2.0,2025-05-20,5.0,0
"Fantastic apartment, Dome view, wifi, ac, terrace",1.4625785470611535e+18,,43.76196,Entire home/apt,2.0,2023-06-11,5.0,0
"Lodges le Mura 'Uffizi' wifi, ac, terrace",1.4625785470611535e+18,,43.76196,Entire home/apt,2.0,2023-06-19,5.0,0
Best spot: Florence historic center walk distance,1.4625803530256975e+18,,43.76399,Entire home/apt,2.0,2026-06-17,1.0,13
La Stanza24 (Indipendent Studio),1.4625812757899046e+18,,43.77224696926287,Entire home/apt,1.0,2026-01-05,1.0,18
Residenza Strozzi The Stables: pool garden parking,1.462520305963261e+18,,43.77696,Entire home/apt,5.0,2025-08-09,2.0,1
"Soggiorno Fortezza Fiorentina, Stanza doppia sh...",1.4625356933221187e+18,,43.78049,Private room,1.0,2026-06-09,3.0,83
"Il B&B Casa dei Tintori, Camera Azzurra",1.4625286177973742e+18,,43.76781,Private room,1.0,2026-02-14,10.0,1
"""Piccolo Pepi"" - superior flat with all comforts",1.4625262499779604e+18,,43.77291,Entire home/apt,1.0,2026-05-03,4.0,3
Central apt amazing view!500m from SMN,1.4625864950884104e+18,,43.77345,Entire home/apt,2.0,2023-06-26,1.0,0
APARTMENT BETWEEN DUOMO AND OLD BRIDGE,1.4625169728039964e+18,,43.77109,Entire home/apt,2.0,2023-11-18,4.0,0
Florence Ponte Vecchio Apartment,1.462589138118499e+18,,43.76804,Entire home/apt,2.0,2024-09-17,1.0,0
Florentine Heart/Italian Soul/Quad,1.462564785492714e+18,,43.78323,Private room,45.0,2014-09-23,2.0,0
G - Old Town Guest House,1.4625367315751258e+18,,43.76936,Private room,1.0,2026-06-25,10.0,75
"Casa Schlatter, Stanza atelier d'artista n° 3",1.462523241960617e+18,,43.78144,Private room,3.0,2025-05-26,4.0,0
"2 bedrooms, 2 bathrooms, in the heart of Florence",1.4625921843636936e+18,,43.77023,Entire home/apt,2.0,2026-05-24,1.0,6
Firenze flat with garden&free parking groundfloor,1.4625236946175432e+18,,43.76797,Entire home/apt,3.0,2025-05-08,2.0,0
typicol florentin studio,1.4625239061034324e+18,,43.76999,Entire home/apt,31.0,,1.0,0
Nice apt in Santo Spirito,1.4625944701094024e+18,,43.76461,Entire home/apt,2.0,2025-12-31,1.0,11
Panoramic apartment in the center of Florence!,1.4625956103716508e+18,,43.7684,Entire home/apt,2.0,2026-06-21,1.0,21
Breathtaking City View Bright Apt-Elevator-Wifi-AC,1.4625186203444782e+18,,43.77398,Entire home/apt,2.0,2026-06-03,1.0,12
Art appartment Santo Spirito Matteo,1.4625194391757798e+18,,43.76619,Entire home/apt,2.0,2026-06-24,26.0,37
MARIA - Apartment facing large terrace,1.4625934527891853e+18,,43.75932,Entire home/apt,3.0,,9.0,0
"Studio Flat Ponte Vecchio, WiFi-AC",1.462599147138649e+18,,43.7678,Entire home/apt,31.0,2026-06-20,3.0,27
Proconsolo Donatello Apartment by Mamo Florence,1.4626390518884895e+18,,43.77079,Entire home/apt,1.0,2026-06-08,197.0,45
Apartment 1 min. from Ponte Vecchio,1.462604855211853e+18,,43.76678,Entire home/apt,4.0,2026-06-11,1.0,9
Marignolle relais & charme Florence,1.4626065160424192e+18,,43.74434,Hotel room,1.0,2017-10-01,5.0,0
Silent Oltrarno,1.462609865284659e+18,,43.76781,Entire home/apt,2.0,2026-06-23,1.0,50
Happy Florence Santa Croce 1 - Historic center,1.4626106617401096e+18,,43.7704,Entire home/apt,2.0,2026-06-08,7.0,14
"Small Studio in S. Spirito, Oltrarno",1.4626115768530755e+18,,43.76659,Entire home/apt,3.0,2026-06-16,1.0,14
Centro Firenze Bellissimo Appartamento del 500,1.4625276350390228e+18,,43.77911,Entire home/apt,3.0,2026-06-18,1.0,17
Santa Croce cosy apt with a view,1.4626162916840724e+18,,43.76905,Entire home/apt,1.0,2026-06-13,1.0,12
Bellosguardo/San Francesco di Paola,1.4625279019200622e+18,,43.76713,Entire home/apt,2.0,2026-06-26,1.0,33
Elegant Apartment with Private Garden,1.4626223049623455e+18,,43.77971,Entire home/apt,2.0,2026-05-31,4.0,20
The Heart's Cradle,1.462529251395667e+18,,43.7734,Entire home/apt,3.0,2018-05-21,1.0,0
CondottaSuite14♥Piazza Signoria♥,1.4625193476238922e+18,,43.770243184337794,Entire home/apt,2.0,2026-06-19,4.0,13
The gateway to Florence and Tuscany,1.462627058366034e+18,,43.79349,Entire home/apt,31.0,2023-08-10,1.0,0
Acacia Firenze - Peonia,1.4625121549969098e+18,,43.76918,Entire home/apt,1.0,2025-10-09,29.0,1
Monolocale Centralissimo A/C Duomo Piazza Signoria,1.4625169728039964e+18,,43.77109,Entire home/apt,2.0,2025-10-24,4.0,3
Elegant apartment in Florence,1.462630002989678e+18,,43.77502,Entire home/apt,3.0,2024-10-12,1.0,0
Bellavista Apartment in the heart of Florence,1.462532123628717e+18,,43.77669,Entire home/apt,2.0,2026-06-14,2.0,19
Art gallery and charming home in San Frediano,1.4626422014758036e+18,,43.76776,Entire home/apt,27.0,2025-12-30,1.0,8
Magnolia - Large and comfortable studio flat,1.4626430258603653e+18,,43.77826,Entire home/apt,2.0,2026-06-14,1.0,31
San  Marco Patio - Cathedral view,1.4626437611521738e+18,,43.77763,Entire home/apt,2.0,2026-06-12,2.0,7
"NICE house, CLOSE central (5min BUS, 20m on foot)",1.4625332584576814e+18,,43.76133,Entire home/apt,1.0,2026-04-12,1.0,5
Palazzo Della Nave - AP 10,1.462516394842093e+18,,43.77317,Entire home/apt,1.0,2026-04-20,10.0,3
Charming Apartment close to centre,1.4626490631611802e+18,,43.77611,Entire home/apt,1.0,2026-05-08,3.0,5
"Soggiorno Venere, Stanza familiare",1.4626487020710792e+18,,43.77749,Private room,2.0,2025-11-09,5.0,3
"Soggiorno Venere, Family room",1.4626487020710792e+18,,43.77839660644531,Private room,2.0,2024-06-18,5.0,0
Suite panoramic terrace Florence,1.462650633659225e+18,,43.76615,Entire home/apt,3.0,2026-06-22,1.0,36
Top Luxury Apartment with terrace in Ponte Vecchio,1.4626521792381673e+18,,43.76811,Entire home/apt,2.0,2026-06-20,7.0,21
Loft for 4 person wifi and parking,1.462518670672152e+18,,43.7516,Entire home/apt,365.0,2015-05-24,6.0,0
"Corte dei Carobbi, in the heart of Florence!",1.4625847559313183e+18,,43.77423,Entire home/apt,4.0,2026-01-03,1.0,6
Very Nice Room near the Dome of Florence,1.462657635770174e+18,,43.77335,Private room,1.0,2026-06-08,3.0,57
Pandolfini Street 1b near SANTA CROCE,1.4625339288517727e+18,,43.77089,Entire home/apt,3.0,2017-08-19,103.0,0
Loft in down town also for smart co/working,1.4625294930544479e+18,,43.76598,Entire home/apt,31.0,2023-08-09,23.0,0
"Ponte Vecchio view to sun, Florence",1.4626622774240776e+18,,43.76838,Entire home/apt,2.0,2026-06-03,1.0,35
"Blue Sky Suite, 1 bedroom, front Medici Chapel",1.462661312531639e+18,,43.77482,Entire home/apt,2.0,2026-06-25,12.0,16
a romantic apartment in san Niccolò,1.4626685830782733e+18,,43.7639,Entire home/apt,4.0,2026-06-21,2.0,8
"At M&C, where locals live! En-suite bathroom",1.4626637630363684e+18,,43.77467,Private room,3.0,2026-06-14,2.0,30
Apartment in the heart of Firenze,1.462629906668747e+18,,43.77175,Entire home/apt,31.0,2026-04-25,1.0,1
Lussuoso attico con vista,1.4625181781634074e+18,,43.76838,Entire home/apt,2.0,2026-05-25,1.0,22
A Florentine  Renaissance (Santa Croce),1.4625371763780483e+18,,43.76953,Entire home/apt,3.0,2024-06-03,1.0,0
UFFIZI-PONTE VECCHIO apartment,1.4626660687815496e+18,,43.76798,Entire home/apt,3.0,2026-03-27,3.0,12
Central historic flat in Florence,1.4625377127964265e+18,,43.77309,Entire home/apt,3.0,2022-08-07,1.0,0
Modernity in Florence-relax near the center,1.4625371277254502e+18,,43.77475,Entire home/apt,1.0,2026-03-10,1.0,9
Aunt Lena's apartment,1.462670760442164e+18,,43.7724,Entire home/apt,31.0,2026-05-18,1.0,4
"Charming Apartment, Palazzo Valori",1.462536754760914e+18,,43.77146788002116,Entire home/apt,2.0,2026-05-17,1.0,10
"San Lorenzo Terrace, suggestiva vista del Duomo",1.4626493437665912e+18,,43.77883,Private room,2.0,2025-10-13,4.0,2
"Charming house in Florence, Iris",1.4625386079625987e+18,,43.78016,Entire home/apt,31.0,2025-10-19,3.0,2
Elegant Apt Facing Bargello,1.4625242084430188e+18,,43.77020441508799,Entire home/apt,1.0,2026-06-12,12.0,12
Real charme near the Uffizi gallery,1.4626724827495168e+18,,43.76841735839844,Entire home/apt,3.0,2026-06-17,2.0,38
Venus - On the roofs of Florence,1.4626707000350031e+18,,43.77191,Entire home/apt,1.0,2026-06-23,2.0,57
Central Florence Merville House,1.462674804554016e+18,,43.76767,Entire home/apt,2.0,2026-04-21,1.0,8
Firenze Rentals Suite Corso 12,1.4625391424295846e+18,,43.7716,Entire home/apt,1.0,2025-12-27,18.0,9
Loft a Pontevecchio,1.462539598542042e+18,,43.76555,Entire home/apt,1.0,2026-06-20,3.0,46
Yome - Panoramic Loft - terrace Duomo view,1.4626710073191992e+18,,43.77147,Entire home/apt,1.0,2026-06-09,6.0,23
QUIET ROOM IN CENTRAL LOFT,1.4626531278947735e+18,,43.76855,Private room,2.0,2025-06-07,2.0,0
Appartamento  COLOMBO  ( 2+2 ),1.4626778277367176e+18,,43.77443,Entire home/apt,30.0,2013-07-04,3.0,0
Appartamento MAGELLANO (4+2+2 ),1.4626778277367176e+18,,43.7734,Entire home/apt,31.0,2013-06-26,3.0,0
Top Location New Apartment Piazza Signoria Uffizi,1.4626521792381673e+18,,43.76941,Entire home/apt,1.0,2026-05-27,7.0,22
Prime Location: Your Florence City Center Home!,1.4625402378774108e+18,,43.76556,Entire home/apt,2.0,2026-06-11,2.0,15
Explore Via Tornabuoni from a Lavish Serviced Suite,1.4626806517689257e+18,,43.77014,Entire home/apt,1.0,2023-06-02,7.0,0
"Bright comfortable "" mini-loft""",1.4626820314375834e+18,,43.79022,Entire home/apt,31.0,2014-09-21,1.0,0
Florence Holiday 313,1.4626840330065997e+18,,43.77292,Entire home/apt,2.0,2022-08-02,15.0,0
MODERN AND COMFORTABLE LOFT.,1.4626858947573632e+18,,43.769047,Entire home/apt,1.0,2026-06-21,1.0,43
"Galantino, confortevole appartamento in centro",1.4626406057288302e+18,,43.775276,Entire home/apt,2.0,2026-06-17,2.0,55
Apartment CasaInFlorence,1.4626877835891187e+18,,43.76435,Entire home/apt,3.0,2026-06-01,1.0,3
Allegri Loft - Classic Italian Charme in S.Croce,1.4626910939431606e+18,,43.76876898260668,Entire home/apt,4.0,2026-06-13,3.0,16
Ponte Vecchio Unique,1.462625585543148e+18,,43.7664,Entire home/apt,2.0,2025-12-29,37.0,3
Work from home in Florence near the Train Station!,1.4626934430697615e+18,,43.77363,Entire home/apt,31.0,2022-09-13,1.0,0
Elegant apartment in the earth of Florence,1.4625399156435556e+18,,43.77453,Entire home/apt,2.0,2026-06-11,2.0,35
Comfortable apartment in San Niccolo area,1.4625433622244055e+18,,43.76365,Entire home/apt,7.0,2026-05-16,1.0,5
Characteristic Artist's Apartment,1.4625421588353224e+18,,43.77196,Entire home/apt,2.0,2026-06-26,2.0,26
Central bedroom near Duomo. Best location (lift),1.4625169728039964e+18,,43.77093446768164,Private room,2.0,2026-06-21,4.0,2
"Boboli, flat with private courtyard",1.4627016522112156e+18,,43.76296,Entire home/apt,3.0,2026-06-04,1.0,5
Sunlight Fortezza,1.4655779424609697e+18,,43.78415,Entire home/apt,3.0,2026-04-09,36.0,1
"Santo Spirito, Pitti - 3BR in Oltrarno",1.4626428772754447e+18,,43.76718,Entire home/apt,1.0,2026-01-03,1.0,1
Florence Superior Duomo Apt 316,1.4626840330065997e+18,,43.77494,Entire home/apt,1.0,2026-06-13,15.0,57
The Most Beautiful District in Florence,1.4625455578516854e+18,,43.76374,Entire home/apt,1.0,2026-06-03,1.0,68
Palazzo Della Nave - AP 11,1.462516394842093e+18,,43.77327,Entire home/apt,1.0,2026-05-28,10.0,10
Flat in the heart of Borgo San Frediano Florence,1.4627093852452795e+18,,43.768379,Entire home/apt,3.0,2023-06-18,1.0,0
Azeglio,1.4627104065023839e+18,,43.77463,Entire home/apt,3.0,2026-05-28,11.0,11
Studio Suite - near Piazza Signoria,1.4627113266727393e+18,,43.77137,Entire home/apt,1.0,2026-06-09,1.0,7
VENERE: ARTISTIC FLAT WITH TERRACE,1.4625108813274396e+18,,43.76504,Entire home/apt,1.0,2025-01-09,15.0,0
"Bright Red Suite, Medici chapel",1.462661312531639e+18,,43.77482,Entire home/apt,2.0,2026-06-22,12.0,17
Cosimo Lovely Apt - Piazza Signoria,1.4625469352441219e+18,,43.77078,Entire home/apt,1.0,2026-06-09,3.0,31
Flat in Villa Firenze sight Fiesole,1.4627164616525268e+18,,43.79402,Entire home/apt,5.0,2024-05-24,1.0,0
Piazza Ciompi With Graden,1.4625114121213542e+18,,43.77089,Entire home/apt,1.0,2026-06-04,26.0,14
Characteristic apartment in the heart of Florence,1.4625164202177434e+18,,43.76609,Entire home/apt,3.0,2026-06-03,1.0,11
Contemporary loft in Florence,1.4627105158758792e+18,,43.7882,Private room,1.0,2026-06-19,1.0,24
A very nice flat in Florence,1.4625384190651075e+18,,43.76178,Entire home/apt,1.0,2026-06-19,1.0,13
Sunny & quiet at Porta San Frediano,1.4625479532860142e+18,,43.77137,Entire home/apt,1.0,2026-01-04,2.0,4
Luxury villa in Florence,1.462558920428975e+18,,43.74403300023946,Entire home/apt,1.0,2026-06-22,1.0,20
Stylish Duplex • 2 Bathrooms • Walk to Duomo & SMN,1.4625363619589635e+18,,43.77373,Entire home/apt,2.0,2026-06-16,2.0,42
Apartment  Orchid San Zanobi,1.4627235636936758e+18,,43.77845764160156,Entire home/apt,2.0,2026-05-22,5.0,3
"Florence Rive Gauche San Damiano 
Dine Overlooking Rooftops",1.462724677380453e+18,,43.76913,Entire home/apt,2.0,2026-06-04,3.0,23
L'Aranceto Guest House - Old Mosaic room,1.4625597088338816e+18,,43.784889221191406,Private room,1.0,2026-06-10,8.0,33
L'Aranceto Guest House - Orange Kiss room,1.4625597088338816e+18,,43.784889221191406,Private room,1.0,2026-05-27,8.0,10
L'Aranceto Guest House - Old Basin room,1.4625597088338816e+18,,43.784889,Private room,1.0,2026-05-30,8.0,21
"Piccola  ""dimora la Petraia""",1.4627264900254584e+18,,43.81579,Entire home/apt,3.0,2019-06-30,1.0,0
F- Your Lovely Nest In Oltrarno,1.4625367315751258e+18,,43.76756,Private room,1.0,2026-06-05,10.0,53
DESIGN APARTMENTS FLORENCE ALAIN FREE WI-FI,1.4627273867383706e+18,,43.77352,Entire home/apt,1.0,2026-06-07,2.0,10
"Room "" Watercolour"" Casa Rosati",1.4627288369355062e+18,,43.78351,Private room,2.0,2026-06-01,2.0,30
Ippolito comfort e stile nel cuore di  Firenze,1.4626406057288302e+18,,43.77656173706055,Entire home/apt,2.0,2026-06-17,2.0,56
special room yellow florence....,1.4626433917568794e+18,,43.78758,Private room,1.0,2026-06-21,3.0,45
L'Aranceto Guest House - Light Flower room,1.4625597088338816e+18,,43.784889221191406,Private room,1.0,2026-05-24,8.0,11
Delightful flat in front of Santa Croce,1.46254436602986e+18,,43.76956,Entire home/apt,3.0,2026-06-16,1.0,5
My Florence Home Santa Croce,1.4627322119171863e+18,,43.77148,Entire home/apt,3.0,2025-11-28,1.0,5
Duomo Classic Apartment,1.4625434135559145e+18,,43.77563,Entire home/apt,2.0,2026-06-18,2.0,3
Your romantic paradise,1.4625134161785362e+18,,43.7705,Entire home/apt,7.0,2026-06-16,2.0,10
Florence 360°,1.462744884137588e+18,,43.76739,Entire home/apt,2.0,2026-06-16,1.0,36
GIOVANNI - Studio facing large terrace,1.4625934527891853e+18,,43.75815,Entire home/apt,3.0,2023-02-27,9.0,0
DEL BOLOGNA - Romantic apt. with Sleeping Loft,1.4625934527891853e+18,,43.7591,Entire home/apt,3.0,2022-10-14,9.0,0
GUIDO - Studio facing large terrace,1.4625934527891853e+18,,43.76003,Entire home/apt,3.0,2023-09-24,9.0,0
san zanobi Florence center 7,1.4625254523407373e+18,,43.77895,Entire home/apt,1.0,2026-06-24,2.0,11
Ponte Vecchio Tower,1.462625585543148e+18,,43.76724,Entire home/apt,2.0,2026-05-17,37.0,18
Sweet house in Florence!,1.4627401330212956e+18,,43.77157,Entire home/apt,31.0,2023-10-18,1.0,0
Lilium elegant Suite,1.4625108813274396e+18,,43.776516,Entire home/apt,3.0,2026-05-16,15.0,13
"Newly Renovated, Charming one bedroom apartment",1.4625637761816827e+18,,43.78281,Entire home/apt,31.0,2023-01-02,15.0,0
Affittacamere Il Fico - Stare d'Incanto,1.4627659450964122e+18,,43.78139,Private room,2.0,2026-06-23,1.0,74
FARMERShouse/casaBARTHEL 15' from the City Center,1.4625397940220408e+18,,43.73206,Entire home/apt,3.0,2025-09-16,9.0,5
OASI IN THE HEART OF FLORENCE,1.4625655768509256e+18,,43.768414,Entire home/apt,1.0,2026-06-17,3.0,42
Pitti House,1.4627730351103647e+18,,43.76628,Entire home/apt,1.0,2024-09-21,2.0,0
Appartamento in centro a Firenze,1.4627753703882793e+18,,43.77891,Entire home/apt,31.0,2014-09-07,1.0,0
Apartment in Historical Center,1.462547273713293e+18,,43.76924,Entire home/apt,4.0,2026-06-19,1.0,20
"A romantic ""Casa Torre 'del 300""",1.462539598542042e+18,,43.76403,Entire home/apt,2.0,2023-12-05,3.0,0
Via Panzani Apartment Near The train station,1.4625114121213542e+18,,43.77381,Entire home/apt,1.0,2026-06-25,26.0,7
Ancient building near Pont Vecchio,1.4625683413205637e+18,,43.76489,Entire home/apt,3.0,2026-01-02,3.0,11
"Mike's Home Tornabuoni - With 2 Bikes, Wi-Fi & AC!",1.4627281008641257e+18,,43.77056,Entire home/apt,2.0,2026-06-25,1.0,82
Facibeni Room with Private Living & Parking,1.462809833511425e+18,,43.80186,Entire home/apt,2.0,2026-05-17,4.0,16
Camera luminosa ben arredata.,1.462810751613697e+18,,43.76716,Private room,7.0,2026-05-30,2.0,6
Rooftop with duomo view from the huge terrace!,1.462520574737281e+18,,43.77825,Entire home/apt,31.0,2024-10-13,1.0,0
Studio flat X 2 - Central Florence,1.4625128537307284e+18,,43.77197,Private room,1.0,2026-06-16,2.0,13
Romantic Medieval Tower Loft,1.4625697185275095e+18,,43.76698,Entire home/apt,2.0,2026-06-26,2.0,63
Suite in Santa Croce Florence,1.4628173065541606e+18,,43.77013,Entire home/apt,1.0,2026-06-25,1.0,23
Florence Art Apartment,1.4625463668236928e+18,,43.7755687,Entire home/apt,1.0,2024-10-14,1.0,0
Duomo 2 steps away Pz Signoria 3 steps away,1.4628183740146043e+18,,43.7756,Entire home/apt,1.0,2026-01-02,3.0,1
great flat with terrace in the heart of florence,1.4625108813274396e+18,,43.76609,Entire home/apt,2.0,2026-05-15,15.0,6
Alessandro - Romantic apartment in 1860 Villa,1.4625934527891853e+18,,43.75885,Entire home/apt,3.0,,9.0,0
Florence&Us - Piazza Santa Croce - Michelangelo,1.462514195534614e+18,,43.76927,Entire home/apt,2.0,2026-04-30,3.0,10
Room In central Florence,1.4625128537307284e+18,,43.77062,Private room,2.0,2026-06-19,2.0,15
Quiet and Comfy Flat in the Historical Center,1.462560825590479e+18,,43.76716,Entire home/apt,2.0,2026-05-22,5.0,29
Nice & Artistic Studio Flat Near Ponte Vecchio,1.462560825590479e+18,,43.76853,Entire home/apt,2.0,2026-06-20,5.0,34
Luxury design silence santo spirito florence,1.4628211491238275e+18,,43.76542,Entire home/apt,1.0,2026-05-29,1.0,28
Bonifacio 15,1.462832227745455e+18,,43.78143,Entire home/apt,31.0,2022-06-24,1.0,0
"Primaluce - luxury retreat, great view of Florence",1.4625733691491835e+18,,43.78131,Entire home/apt,2.0,2025-09-28,3.0,5
very quite 10 min to San Frediano,1.4628377601388086e+18,,43.7708,Entire home/apt,31.0,2023-06-06,1.0,0
Tornabuoni Apartment in Florence,1.462687244144813e+18,,43.7717,Entire home/apt,2.0,2026-06-23,50.0,8
Casa Annita_ cozy apartment near the center,1.4625752160616553e+18,,43.78823,Entire home/apt,1.0,2026-06-22,1.0,12
Delicious Apartment Near City Centre,1.4628477155692838e+18,,43.78062,Entire home/apt,2.0,2026-06-13,1.0,7
Maison Orange Street View,1.4626177485378803e+18,,43.76902,Entire home/apt,1.0,2025-01-22,3.0,0
Apartment elegant and charming,1.4628529233473603e+18,,43.76702,Entire home/apt,3.0,2026-06-03,12.0,16
What a view in Florence heart!,1.4626749912180227e+18,,43.76822,Entire home/apt,2.0,2026-06-16,2.0,34
VILLA 1 MILE FROM DOWNTOWN FLORENCE W/ HEATED POOL,1.462698656364543e+18,,43.744815826416016,Entire home/apt,1.0,2026-05-23,2.0,3
Tornabuoni - Central Florence,1.4625769940706327e+18,,43.77603,Entire home/apt,3.0,2026-06-10,1.0,40
Luxury Apartment - Sleeps 4+2 - Walk to Duomo,1.4628562069398625e+18,,43.77974,Entire home/apt,1.0,2026-06-23,1.0,19
House with garden and unique view of the Duomo,1.4627241545916257e+18,,43.81006,Entire home/apt,3.0,2026-06-14,1.0,20
"Wi-Fi CITY CENTER, 2 SINGLE BEDS STANDARD ROOM",1.4627109388554634e+18,,43.77193,Private room,31.0,2024-07-31,4.0,0
"loft PINO centrale, A/C wifi",1.462517609990547e+18,,43.7848,Entire home/apt,3.0,2026-05-27,9.0,4
Cosy apartment in San Niccolo,1.4628529233473603e+18,,43.76529,Entire home/apt,3.0,2026-05-30,12.0,15
Cozy flat with courtyard,1.4628632428820186e+18,,43.77167,Entire home/apt,2.0,2025-06-30,1.0,2
Apartment with terrace facing Duomo,1.4627517951896125e+18,,43.77019,Entire home/apt,3.0,2025-05-31,3.0,0
Luxury Apartment,1.4628651743149875e+18,,43.77985,Entire home/apt,31.0,2020-03-10,1.0,0
Charming apartment with garden,1.4628529233473603e+18,,43.76083,Entire home/apt,3.0,2026-06-08,12.0,9
Triple with Private Bathroom in Florence's heart,1.4625704520402783e+18,,43.77863,Private room,2.0,2026-05-19,6.0,1
"loft OLMO centrale, A/C wifi",1.462517609990547e+18,,43.78436,Entire home/apt,3.0,2026-02-01,9.0,2
Gorgeous studio by Ponte Vecchio,1.4625260380648177e+18,,43.76773,Entire home/apt,150.0,2019-12-12,1.0,0
Between the roof of Florence,1.4625804819570345e+18,,43.77274,Entire home/apt,1.0,2026-06-25,4.0,25
Charming Florentine Hideout,1.4655779424609697e+18,,43.75496673583984,Entire home/apt,2.0,2026-05-22,36.0,6
Casa vacanze Francesco 5,1.4628818035760758e+18,,43.784721,Entire home/apt,1.0,2026-05-31,3.0,5
Nice renovated apartment on the hills of Florence,1.4628841301993252e+18,,43.78042,Entire home/apt,31.0,2025-11-03,1.0,2
Panoramic loft with lift in the heart of Florence,1.46288510526233e+18,,43.7755,Entire home/apt,2.0,2026-06-11,2.0,37
Central and elegant,1.4628872589552617e+18,,43.77045,Entire home/apt,3.0,2026-06-25,1.0,32
Bardi Apartment,1.4628877517266204e+18,,43.76761,Entire home/apt,3.0,2026-06-09,2.0,4
Portinari Apartment (4+2 pax),1.4628877517266204e+18,,43.77302,Entire home/apt,3.0,2020-01-05,2.0,0
Flat in Santa Maria Novella Square,1.4628908194378522e+18,,43.77308,Entire home/apt,1.0,2026-04-09,1.0,9
Modern Loft with Fantastic View,1.4628920061970724e+18,,43.76993,Entire home/apt,31.0,2022-07-12,1.0,0
Visitflorentiapartment - Borgo La Croce Suite,1.4625834875970762e+18,,43.77121,Entire home/apt,1.0,2026-06-17,5.0,61
TERRAZZA+BELVEDERE 4 BDR 2LVR 2BTH,1.4625689048445268e+18,,43.76738,Entire home/apt,2.0,2026-05-13,12.0,2
Residenza Falorni  Room Contessa,1.4628867808148575e+18,,43.75169,Private room,31.0,2019-06-03,1.0,0
Gorgeous Villa with Postcard Views in Historical Florence,1.4626697925329564e+18,,43.76053,Entire home/apt,3.0,2026-05-31,2.0,33
LOFT⭐️⭐️⭐️⭐️⭐️,1.4629023451610819e+18,,43.77618,Entire home/apt,1.0,2026-06-21,6.0,67
Elegance flat close to old bridge 9,1.462536279481611e+18,,43.76574,Entire home/apt,2.0,2026-05-25,3.0,4
Il Presto di San Martino,1.4655779424609697e+18,,43.76698,Entire home/apt,1.0,2026-06-05,36.0,26
Brilliant Start in the ♥ of ℱlorence,1.4627517219446433e+18,,43.776641845703125,Entire home/apt,1.0,2026-06-12,1.0,17
"Cozy Loft near Main Station, lift-for long period",1.46288510526233e+18,,43.77728,Entire home/apt,3.0,2026-05-30,2.0,28
ROMANTIC APARTMENT,1.4629023451610819e+18,,43.77618,Entire home/apt,1.0,2026-06-18,6.0,72
Your nest in Florence/town Just for one guest.,1.4625864998678692e+18,,43.76939,Private room,3.0,2026-06-18,1.0,14
Appartamento nel cuore di Firenze,1.462893501079575e+18,,43.776,Entire home/apt,1.0,2026-06-25,1.0,59
Stunning view of the Cathedral - Duomo of Florence,1.462583016559853e+18,,43.773467,Entire home/apt,2.0,2026-06-15,3.0,19
Cosy artful flat in central Florence,1.462917276868941e+18,,43.7736,Entire home/apt,1.0,2026-06-11,2.0,37
Caterina Luxury apt -Uffizi Museum,1.4625469352441219e+18,,43.7701,Entire home/apt,2.0,2026-05-28,3.0,24
loving apartment,1.4629300371592072e+18,,43.80878,Entire home/apt,3.0,2025-07-20,1.0,1
micro studio apartment santo spirito,1.4626914155267955e+18,,43.76493,Entire home/apt,2.0,2026-06-22,1.0,55
Guelfa Apartment,1.4629383812682555e+18,,43.77703,Entire home/apt,3.0,2024-10-19,1.0,0
DANTE spacious apartment,1.4625906777414868e+18,,43.76989,Entire home/apt,2.0,2024-10-07,10.0,0
"Near the Cathedral,   nice room with bathroom",1.462835998167812e+18,,43.77659,Private room,31.0,2021-02-12,4.0,0
Nice room + bathroom few steps from the center,1.4629038259881313e+18,,43.77328,Private room,31.0,2025-07-15,1.0,1
Federica's town cottage,1.462764874355429e+18,,43.75908,Entire home/apt,31.0,2025-10-30,1.0,1
appartamento in palazzo storico,1.4627678177638423e+18,,43.76788,Entire home/apt,31.0,2023-01-03,2.0,0
Zeus B&B il GIGLIO,1.4629461147400246e+18,,43.78763,Private room,2.0,2026-04-25,6.0,13
Violet's House,1.4629502563109356e+18,,43.77878,Entire home/apt,3.0,2026-06-17,1.0,2
Charming apt in Santo Spirito,1.46295291896642e+18,,43.76821,Entire home/apt,1.0,2026-06-19,1.0,40
Comfort&Relax-Apt.50mq-Terrace-Garage-Wifi-A/C,1.4625932511092751e+18,,43.78324508666992,Entire home/apt,1.0,2026-06-25,1.0,9
Double room sunny house in Florence,1.462593579426082e+18,,43.79008865356445,Private room,31.0,2024-05-18,1.0,0
"Garden Apartment, 15 minutes from Duomo",1.4629628536501066e+18,,43.79188,Entire home/apt,5.0,2019-06-16,4.0,0
"Historical mansion in Firenze, sala rossa",1.462531980344865e+18,,43.77362,Entire home/apt,6.0,2025-11-29,3.0,2
Renascentia Apartment One,1.4625284300310994e+18,,43.77078,Entire home/apt,1.0,2026-06-09,11.0,9
Appartamento nuovo in centro Firenze vicino Uffizi,1.462909533239037e+18,,43.76640319824219,Entire home/apt,2.0,2018-09-24,2.0,0
Fully renovated in central Florence,1.4625624639605325e+18,,43.77469,Entire home/apt,7.0,2024-12-19,1.0,0
appartamento nel cuore di Firenze,1.4629704337841457e+18,,43.77432,Entire home/apt,3.0,2026-05-27,1.0,6
appartamento tra duomo e stazione,1.4629665921919365e+18,,43.77842,Entire home/apt,1.0,2026-05-18,1.0,6
Cozy home with two bathrooms in San Frediano,1.462977984763468e+18,,43.76969,Entire home/apt,5.0,2026-05-13,1.0,1
A single room in city center,1.4629822912504456e+18,,43.77048,Private room,31.0,2026-05-09,2.0,3
Spaziosa ex Cappella con Affreschi,1.4629838490240458e+18,,43.79648,Private room,3.0,2026-06-11,2.0,12
Room with private bathroom,1.462535913962452e+18,,43.78329,Private room,5.0,2024-09-09,4.0,0
Nice 2 bdr near Accademy,1.4625103500673539e+18,,43.77626,Entire home/apt,3.0,2026-06-01,11.0,15
"Big, confy, quiet room in S.Croce",1.462854443720842e+18,,43.76906,Private room,2.0,2026-06-24,4.0,14
Nice bedroom with balcony S.Croce,1.462854443720842e+18,,43.76906,Private room,2.0,2026-06-17,4.0,18
Cascine 2BD retreat w Large Terrace,1.4625981422865318e+18,,43.79204,Entire home/apt,2.0,2026-06-17,1.0,6
Experience the Real Florence!,1.4629829870270413e+18,,43.76613,Entire home/apt,2.0,2026-06-10,1.0,8
A room with a view!,1.4629898518692237e+18,,43.7726704,Private room,2.0,2026-06-09,1.0,35
La torretta su Firenze,1.4628393824573565e+18,,43.7722,Entire home/apt,2.0,2026-06-21,1.0,29
Ponte Vecchio pressi,1.462906902405513e+18,,43.76179,Entire home/apt,31.0,2025-05-11,5.0,0
LA BARRIERA AFFITTACAMERE,1.4626329055090289e+18,,43.74899,Entire home/apt,2.0,2023-07-15,1.0,0
Alloggio Casa Tua,1.462997529716067e+18,,43.78521,Entire home/apt,2.0,2022-06-05,1.0,0
Spada Wood 1b near Ponte Vecchio,1.4625339288517727e+18,,43.77198,Entire home/apt,31.0,2019-06-03,103.0,0
Single/2beds  Room in Old Florence,1.4629981164212357e+18,,43.76973,Private room,2.0,2021-08-31,2.0,0
Cousy Studio in a green area,1.463000878497842e+18,,43.79169,Entire home/apt,1.0,2026-06-26,2.0,32
Cozy apartment with a roof terrace,1.462987466623567e+18,,43.77287,Entire home/apt,2.0,2021-09-19,1.0,0
Design apartment in the center,1.4656158640650918e+18,,43.77304,Entire home/apt,2.0,2025-10-25,2.0,9
"FRANCI  apartment,  Cathedral square",1.4625995343143747e+18,,43.7736,Entire home/apt,1.0,2026-06-26,6.0,96
"Luminoso bilocale, con terrazza e garage privato",1.4630108059891226e+18,,43.78036771505511,Entire home/apt,1.0,2026-06-15,1.0,24
"Florence downtown, amazing flat",1.4630106610184983e+18,,43.775127,Entire home/apt,3.0,2026-06-25,2.0,29
Firenze rinascimentale,1.4630138515835617e+18,,43.76785,Entire home/apt,1.0,2026-06-18,1.0,13
Guelfa wth Florentine Balcony 1 Step to Everything,1.4627363452164447e+18,,43.77802276611328,Entire home/apt,1.0,2025-06-20,1.0,0
GardenHouseFirenze 10 min to citycenter-50m metro,1.462603469965408e+18,,43.79363,Entire home/apt,1.0,2026-06-15,1.0,6
Camera Magnolia,1.4629822912504456e+18,,43.77184,Private room,31.0,2026-06-21,2.0,1
Florence Lovely Apartment,1.4626855080690463e+18,,43.77027836065488,Entire home/apt,2.0,2026-06-22,1.0,21
APRITISESAMO Double(+2) Room YELLOW,1.4625989472279094e+18,,43.79033,Private room,7.0,2026-06-12,2.0,7
Fabio and Maria Cesira's apartment,1.4630521176410296e+18,,43.7687,Entire home/apt,2.0,2026-05-22,1.0,14
La Casina on Via May Silvia and Giacomo,1.462607448668702e+18,,43.765881,Entire home/apt,1.0,2026-06-22,1.0,76
"Charming Studio with View, Center",1.4625637761816827e+18,,43.78187,Entire home/apt,1.0,2026-06-26,15.0,55
Amore per Firenze,1.4625224290579643e+18,,43.77233,Entire home/apt,3.0,2026-05-31,1.0,11
Florence Old Style near Duomo 317,1.4626840330065997e+18,,43.773895263671875,Entire home/apt,2.0,2026-05-20,15.0,6
C - dreamer's room,1.4625367315751258e+18,,43.76932,Private room,1.0,2026-06-15,10.0,76
D - contemporary room in ancient palace,1.4625367315751258e+18,,43.76917,Private room,1.0,2026-06-16,10.0,85
Hearth of the town- Vajo,1.4625705006811412e+18,,43.77045,Entire home/apt,2.0,2026-06-12,6.0,59
"home away from home, to make you feel at home",1.4630715119383818e+18,,43.76832,Entire home/apt,3.0,2026-06-17,1.0,21
San Lorenzo Church,1.463074375670983e+18,,43.77605,Entire home/apt,1.0,2026-06-08,1.0,45
LIVE THE FLORENCE HISTORIC CENTRE AT BEST !,1.4625985247527153e+18,,43.76834,Entire home/apt,2.0,2026-05-09,1.0,6
Almost center far to noise: San Frediano is cool,1.462593507278321e+18,,43.77201,Entire home/apt,2.0,2026-06-23,1.0,31
La Casa di Greta,1.462788453231625e+18,,43.76935,Entire home/apt,1.0,2026-06-17,7.0,25
Lovely apartment in Santa Croce,1.462562612262009e+18,,43.76996,Entire home/apt,1.0,2026-06-18,1.0,44
"""Slow Time"" in Florence: location, personal touch",1.4630654554382287e+18,,43.7737,Entire home/apt,3.0,2024-03-21,1.0,0
Uffizi Gallery apartment -Nicchio,1.4625705006811412e+18,,43.76792,Entire home/apt,2.0,2026-06-06,6.0,64
Single room with kitchenette  close to city centre,1.4625267287541952e+18,,43.78496,Private room,2.0,2025-12-30,2.0,4
Stanza singola in centro a Firenze,1.4631079262675996e+18,,43.78739,Private room,30.0,,2.0,0
"San Firenze, silenzioso",1.462906902405513e+18,,43.76801,Entire home/apt,7.0,2026-06-06,5.0,2
Piazza Pitti View,1.4631359810465303e+18,,43.765347,Entire home/apt,2.0,2025-05-24,4.0,0
Mariella in Sanniccolò,1.4626071161314573e+18,,43.76428,Entire home/apt,1.0,2026-06-07,1.0,19
Easy Firenze Historic Centre,1.4631389967572567e+18,,43.77346,Entire home/apt,31.0,2016-09-19,1.0,0
Alfani 3b near GALLERIA ACCADEMIA,1.4625339288517727e+18,,43.77464,Entire home/apt,180.0,2024-09-14,103.0,0
Views & pool 1mile from city center,1.462855626518975e+18,,43.81013,Entire home/apt,7.0,2025-07-01,1.0,1
Charming at the Duomo,1.46261485236495e+18,,43.77184,Entire home/apt,1.0,2025-10-22,19.0,4
"Centrally Located, Authentic & Historic Stay",1.4631461572442644e+18,,43.76905059814453,Entire home/apt,2.0,2026-06-11,2.0,17
Vintage studio apt heart Florence,1.4625906777414868e+18,,43.76802,Entire home/apt,2.0,2026-06-04,10.0,6
"Firenze Suite Art, zona Duomo",1.4629419194619064e+18,,43.77144,Entire home/apt,2.0,2025-11-12,3.0,1
SAN LORENZO,1.4631519791533926e+18,,43.77537,Entire home/apt,2.0,2026-06-17,5.0,67
Apartment overlooking the Duomo,1.4631532626067779e+18,,43.77839,Entire home/apt,2.0,2026-06-03,3.0,37
"""Magnifico Apartment"" with private parking",1.4626169437348285e+18,,43.78446,Entire home/apt,1.0,2026-05-31,3.0,35
Ghibellina 96 2b,1.4625339288517727e+18,,43.77016,Entire home/apt,3.0,2020-01-02,103.0,0
Piazza della Signoria very small studio,1.463154443379379e+18,,43.76922,Entire home/apt,1.0,2026-06-16,1.0,45
Signoria Art Gallery,1.4627104065023839e+18,,43.76959,Entire home/apt,3.0,2026-06-08,11.0,31
"Chiasso, Historic Center, Florence",1.4626187361203113e+18,,43.7702,Entire home/apt,2.0,2026-06-21,1.0,36
beautiful apartment with terrace in,1.463167713610167e+18,,43.76797,Entire home/apt,365.0,2015-08-01,1.0,0
MONOLOCALE in pieno centro FIRENZE,1.4626192894484372e+18,,43.76955,Entire home/apt,31.0,2026-04-20,1.0,1
Two steps from the Uffizi.,1.463169169567017e+18,,43.77026,Entire home/apt,2.0,2026-06-14,1.0,10
Amazing attic heart Florence,1.4625906777414868e+18,,43.76961,Entire home/apt,2.0,2024-05-26,10.0,0
Spacious room close to City centre,1.4629308135041252e+18,,43.79108,Private room,3.0,2026-01-04,4.0,7
Sunny Spacious 1BR Loft... Ponte Vecchio Prime,1.4631771820314074e+18,,43.77031,Entire home/apt,2.0,2026-05-23,4.0,16
casa carducci - il nido,1.4631781107216863e+18,,43.7704882,Entire home/apt,2.0,2026-06-18,1.0,51
Open space central Tourism-Business,1.462589533738491e+18,,43.78765,Entire home/apt,2.0,2024-06-30,1.0,0
Lovenest with terrace Duomo view,1.4631826871878682e+18,,43.77602,Entire home/apt,1.0,2026-06-17,2.0,48
Bronzino 53 | Flat with Parking,1.4626127515296602e+18,,43.77338,Entire home/apt,2.0,2026-06-25,1.0,22
Welcoming open space Duomo,1.4628739258577188e+18,,43.77473,Entire home/apt,2.0,2026-06-21,2.0,13
Love The Loft | Glass Bridge - Stone & Design,1.462621352246067e+18,,43.77061,Entire home/apt,1.0,2026-06-10,10.0,38
Comfort nel cuore di Firenze,1.4631908315187e+18,,43.78659,Private room,5.0,2025-10-24,4.0,5
Arlecchino charming apartment,1.4628529233473603e+18,,43.76697196001383,Entire home/apt,2.0,2026-06-13,12.0,34
Flò appartamento a Firenze ... con vista..,1.4626236061039626e+18,,43.76456,Entire home/apt,6.0,2026-05-11,6.0,9
Room with 2 3 beds near the center,1.4630696918748132e+18,,43.79234,Private room,3.0,2026-06-21,1.0,8
Very Exclusive Apartment inFlorence,1.4626580077405245e+18,,43.77565,Entire home/apt,2.0,2025-09-17,1.0,2
Casa Margherita CentroStoricoKm0,1.4626238835866806e+18,,43.77113,Entire home/apt,3.0,2026-06-20,1.0,30
Wide house in Florence City Center,1.4652700480137943e+18,,43.78253,Entire home/apt,3.0,2025-01-02,1.0,0
Live Florence just like Florentines,1.4629808308407222e+18,,43.77896,Entire home/apt,2.0,2026-06-20,1.0,4
Apartment Class,1.4627203073989578e+18,,43.772,Entire home/apt,1.0,2023-10-26,7.0,0
Romantic apartment with Duomo view,1.4625399156435556e+18,,43.77403,Entire home/apt,2.0,2026-06-11,2.0,27
Appartamento Efeso,1.4626615498171295e+18,,43.77084,Entire home/apt,1.0,2026-03-07,13.0,4
Nice APT 200m from S.croce square (sleeps 5),1.4626615498171295e+18,,43.77027,Entire home/apt,3.0,,13.0,0
San Niccolò Top Floor,1.4630371969566804e+18,,43.76385,Entire home/apt,31.0,2024-12-31,1.0,0
Attico centralissimo area DUOMO - A/C Porta Rossa,1.462624047109911e+18,,43.7701416015625,Entire home/apt,2.0,2026-06-06,18.0,20
Zeus B&B il DUOMO,1.4629461147400246e+18,,43.78573,Private room,1.0,2026-03-14,6.0,19
Attico super Panoramico Attrazioni in Stazione SMN,1.462624047109911e+18,,43.78422164916992,Entire home/apt,2.0,2026-06-08,18.0,28
"Il Melograno, Florence hills & pool & olive oil",1.465282124790341e+18,,43.75217,Entire home/apt,3.0,2026-06-12,1.0,22
nuovo appartamento in centro città,1.4652836360988063e+18,,43.76845,Entire home/apt,31.0,2026-01-06,2.0,2
Large room with a wonderful view!,1.4652841687803274e+18,,43.77945,Private room,1.0,2026-06-09,3.0,49
L'Aranceto Guest House -Sweet Balcony room,1.4625597088338816e+18,,43.7849235534668,Private room,1.0,2026-05-25,8.0,12
Heart of Florence apartment,1.462683758403911e+18,,43.77475,Entire home/apt,3.0,2026-06-21,3.0,13
Santa Trinita apartment,1.4625103500673539e+18,,43.77045,Entire home/apt,3.0,2026-06-24,11.0,26
Stufa Apartment in the heart of Florence,1.4653001633634918e+18,,43.77597,Entire home/apt,2.0,2026-05-25,3.0,1
A  Wonderful central flat,1.4625367315751258e+18,,43.76729,Entire home/apt,1.0,2026-06-20,10.0,5
Zannoni Loft - Historic center close train station,1.4625318729699343e+18,,43.77669,Entire home/apt,1.0,2026-06-22,1.0,43
Loft studio nel cuore di Firenze - l'Arte di Lilia,1.4626300533879626e+18,,43.76882,Entire home/apt,2.0,2026-06-14,3.0,17
NEW ! Apartment View- San Marco -  WI-FI  Free,1.462630868748479e+18,,43.77748186945761,Entire home/apt,2.0,2026-05-26,1.0,22
Bedandview Suite with a view Florence centre.,1.462597366679543e+18,,43.77128,Entire home/apt,1.0,2026-06-04,3.0,40
NEW* ARTIST'S STUDIO DUOMO,1.4653218534535798e+18,,43.77134,Entire home/apt,1.0,2026-06-10,1.0,80
APARTMENT IN THE HISTORIC CENTER OF FLORENCE,1.462570995249702e+18,,43.76426,Entire home/apt,1.0,2026-06-05,5.0,23
FIRENZE PONTE VECCHIO LUNGARNO,1.462570995249702e+18,,43.76416,Entire home/apt,1.0,2026-05-30,5.0,37
"☆Central Market Square ""Panicale""☆",1.4627014553233318e+18,,43.77762,Entire home/apt,1.0,2026-05-28,5.0,2
Apartment near station and Duomo,1.462857716589888e+18,,43.77738,Entire home/apt,1.0,2026-01-01,1.0,1
Marte suite & Venere suite!,1.4626010176656381e+18,,43.77605,Entire home/apt,3.0,2022-07-01,3.0,0
Ampia Camera Centro Storico,1.4625837616500838e+18,,43.78079,Private room,31.0,2023-06-30,5.0,0
Ampia Camera Centro Storico,1.4625837616500838e+18,,43.78058,Private room,31.0,2022-11-06,5.0,0
Romantic Oltrarno garden apartment,1.465345291011789e+18,,43.7642,Entire home/apt,2.0,2026-06-16,1.0,21
panoramic room and private bathroom,1.4652841687803274e+18,,43.77958,Private room,1.0,2026-06-12,3.0,49
san frediano studio flat,1.4625987795456061e+18,,43.77004,Entire home/apt,1.0,2026-06-05,5.0,8
Orsanmichele,1.4653486033011732e+18,,43.77018,Entire home/apt,31.0,2026-06-12,1.0,3
"""Marte Suite"" *Centrally located! A/C - WiFi!*",1.4626010176656381e+18,,43.77728,Entire home/apt,3.0,2026-06-16,3.0,23
your home in Florence,1.4626352465544404e+18,,43.77262,Entire home/apt,3.0,2026-06-01,2.0,34
"Camera ampia, bella e ben arredata.",1.462810751613697e+18,,43.76616,Private room,7.0,2026-06-08,2.0,7
Florentine Cavour upper-level suite near Duomo,1.4628899024020398e+18,,43.77534,Entire home/apt,2.0,2026-06-14,18.0,19
"Flat w.courtyard, heart of Florence",1.4652869246393277e+18,,43.77953,Entire home/apt,3.0,2026-06-25,2.0,29
Apritisesamo Double Room Blue,1.4625989472279094e+18,,43.79009,Private room,15.0,2025-10-15,2.0,1
Bilocale in centro a Firenze,1.4629110335049482e+18,,43.78099,Entire home/apt,7.0,2026-05-31,2.0,3
CARLA'S FLAT,1.4626350774266227e+18,,43.77378,Entire home/apt,4.0,2026-06-17,1.0,16
Accogliente e confortevole!Ora+vicino con linea T2,1.465356388258026e+18,,43.79152,Private room,3.0,2026-06-20,1.0,32
New! Quiet apartment with terrace.,1.4701494609655775e+18,,43.76913833618164,Entire home/apt,2.0,2026-06-22,2.0,27
Dimora San Giovanni,1.4625987795456061e+18,,43.76975,Entire home/apt,2.0,2025-03-31,5.0,0
Appartamento  Indipendenza,1.4653708964922975e+18,,43.77975,Entire home/apt,3.0,2026-06-07,3.0,15
DUOMO APARTMENT - city center,1.465382466114489e+18,,43.77562,Entire home/apt,31.0,2026-06-13,1.0,2
San Miniato Guelfo,1.4625339288517727e+18,,43.76373,Entire home/apt,3.0,,103.0,0
Vigna Nuova 3b near ARNO RIVER,1.4625339288517727e+18,,43.77111,Entire home/apt,3.0,2023-09-02,103.0,0
Appartamento Botticelli,1.4626388129137106e+18,,43.77108,Entire home/apt,1.0,2026-05-23,7.0,3
Casa Pepi - Great location near Duomo and St Croce,1.4625330946857976e+18,,43.77316,Entire home/apt,2.0,2025-04-23,1.0,0
nice room in a very cosy apartment,1.4626685830782733e+18,,43.78143,Private room,5.0,2026-06-19,2.0,11
Pepi Loft 2b in SANTA CROCE,1.4625339288517727e+18,,43.77253,Entire home/apt,2.0,2018-06-22,103.0,0
Palazzo Della Nave - AP 04,1.462516394842093e+18,,43.77342,Entire home/apt,1.0,2026-06-09,10.0,38
Bright Spacious Oltrarno Home,1.4654060104584796e+18,,43.77144,Entire home/apt,60.0,2023-10-26,1.0,0
Ponte Vecchio Luxury II,1.462625585543148e+18,,43.76656,Entire home/apt,2.0,2026-05-29,37.0,5
"""IL GUELFO"" bilocale  PONTE VECCHIO",1.4625995343143747e+18,,43.7674446105957,Entire home/apt,1.0,2026-06-19,6.0,67
"Signoria Apartment Florence, 2 Bedrooms, 3 Baths",1.4631826871878682e+18,,43.77014,Entire home/apt,1.0,2026-06-20,2.0,41
Old barn The Nepitella Firenze,1.4626428152212096e+18,,43.73655,Entire home/apt,2.0,2026-06-16,2.0,18
New! The location is well-served with railway connections,1.4626376524055923e+18,,43.7789,Entire home/apt,2.0,2026-06-03,1.0,41
"Casallegria, SM Novella station",1.4626408100747052e+18,,43.77774,Entire home/apt,4.0,2026-06-14,1.0,36
Casa dell'artista con giardino,1.465416021846723e+18,,43.77765,Entire home/apt,3.0,2026-06-17,1.0,7
Lovely Apartament in the heart of florence,1.4626439744436475e+18,,43.7687873840332,Entire home/apt,1.0,2026-05-21,1.0,4
Moderno fantastico design di fronte a Santa Croce.,1.462644225183241e+18,,43.76946258544922,Entire home/apt,1.0,2026-06-10,2.0,26
Unique apartment on the Arno river,1.4654208630876485e+18,,43.77313,Entire home/apt,31.0,2024-10-24,1.0,0
Mara's Nest,1.4654181092023378e+18,,43.77395,Entire home/apt,31.0,2025-04-09,1.0,0
Lrg apt & terrace 15' walking distance to the Dome,1.4625905235289935e+18,,43.78492,Entire home/apt,6.0,2026-06-05,1.0,9
Quiet townhouse in the city center,1.465424657159185e+18,,43.77771,Entire home/apt,2.0,2026-06-18,1.0,65
JR HOME firenze,1.465426058809981e+18,,43.77278,Entire home/apt,2.0,2025-10-06,1.0,2
In the heart of the historical center,1.4654268701990904e+18,,43.76858139038086,Entire home/apt,1.0,2026-06-14,1.0,20
Apartment Indipendenza Garden,1.4653708964922975e+18,,43.78097,Entire home/apt,3.0,2026-06-12,3.0,12
Single room with private bathroom,1.4628086435046152e+18,,43.78363,Private room,2.0,2026-06-19,1.0,5
The Tiny Pinti,1.4658067990691116e+18,,43.77093,Entire home/apt,2.0,2026-06-23,58.0,41
Il Mandorlo b&b,1.4628638231251151e+18,,43.78704,Private room,1.0,2024-10-07,1.0,0
New apartment with swimming pool,1.4629552390701952e+18,,43.81512069702149,Entire home/apt,1.0,2025-08-24,1.0,2
La Casa del Giullare,1.462624426373459e+18,,43.77576,Entire home/apt,2.0,2026-06-19,1.0,14
FANTASTIC APARTMENT NORTH FLORENCE !,1.4628735332596352e+18,,43.79782,Entire home/apt,1.0,2026-06-26,1.0,24
M&B HOUSE 4 - Center of Firenze,1.4625893908048433e+18,,43.7811,Private room,1.0,2026-06-07,7.0,49
M&B HOUSE 1 - Santa Maria Novella,1.4625893908048433e+18,,43.78116,Private room,2.0,2026-06-22,7.0,63
Apartment in Central Market Square,1.4654342975919631e+18,,43.77692,Entire home/apt,3.0,2026-06-10,3.0,48
Castellani Apartment,1.462687244144813e+18,,43.76917,Entire home/apt,2.0,2026-06-02,50.0,20
M&B HOUSE 3 - Center of Florence,1.4625893908048433e+18,,43.78136,Private room,1.0,2026-06-11,7.0,65
A nest in the heart of Firenze,1.4629332088516672e+18,,43.76954,Entire home/apt,2.0,2026-06-22,1.0,5
100m. piazza Signoria apartment,1.4626493739370637e+18,,43.768618,Entire home/apt,3.0,2026-01-01,1.0,1
Horti Annalenae,1.46543986184284e+18,,43.76311,Entire home/apt,2.0,2026-06-20,1.0,36
Deliziosa Casina Ponte Vecchio,1.4654400779342794e+18,,43.76531,Entire home/apt,365.0,2017-10-19,1.0,0
Serragli TERRACE with 360' views!,1.4625339288517727e+18,,43.76785,Entire home/apt,3.0,2021-08-27,103.0,0
ANGUILLARA - Huge flat in the heart of Florence,1.4626615498171295e+18,,43.76889,Entire home/apt,1.0,2024-08-23,13.0,0
Keys of Italy -Pilastri-Central Studio with Patio,1.4632560235621256e+18,,43.772159576416016,Entire home/apt,1.0,2026-06-03,64.0,21
[DUOMO★★★★★] Elegant Apartment with Balcony,1.462826619506432e+18,,43.7737,Entire home/apt,2.0,2026-06-14,2.0,50
Cozy Room With Balcony Steps From Santa Croce,1.4625868468343946e+18,,43.76901,Private room,1.0,2024-02-04,4.0,0
"Beautiful,comfortable in the center",1.465445650644512e+18,,43.75992,Entire home/apt,3.0,2018-12-06,1.0,0
AM Collection Florence,1.4654455258427512e+18,,43.7723,Hotel room,1.0,2026-06-08,8.0,26
AM Collection Florence,1.4654455258427512e+18,,43.77239,Hotel room,1.0,2026-05-16,8.0,10
Modern home in downtown Florence,1.4654485050202268e+18,,43.76626,Entire home/apt,3.0,2026-06-23,1.0,14
LA CASA DI SCARLETT - NEW LOOK,1.4626522499858993e+18,,43.77249,Private room,2.0,2026-06-16,1.0,4
Exclusive Guicciardini Suite,1.462625585543148e+18,,43.76746,Entire home/apt,31.0,2024-11-05,37.0,0
via dell'Ariento room bathroom privat+1csppuccino,1.4625792238818107e+18,,43.77618,Private room,3.0,2026-06-06,5.0,2
Renaissance Palace in Santa Croce,1.4626098726758182e+18,,43.76767,Entire home/apt,3.0,2026-05-25,1.0,2
Bright flat in Florence Oltrarno. Self check-in.,1.4625652935994025e+18,,43.76899,Entire home/apt,3.0,2026-06-04,1.0,23
Cozy and modern open space,1.462640561340414e+18,,43.76345,Entire home/apt,2.0,2026-06-19,1.0,22
Peaceful Oltrarno Flat with Balcony,1.4631496757615985e+18,,43.76398,Entire home/apt,2.0,2026-06-30,1.0,23
Exclusive Loft in Florence 5 min from Cathedral,1.465464245407337e+18,,43.77652,Entire home/apt,2.0,2026-05-23,9.0,7
LA CUPOLA 2BR 1LVR 2BTH Apartament,1.4625689048445268e+18,,43.77307,Entire home/apt,2.0,2026-03-19,12.0,2
Vittoria Apartment,1.4654523179266742e+18,,43.78572,Entire home/apt,4.0,2025-09-27,2.0,2
Boutique Style Charming Apartment !  ( Sanitized ),1.4625598132032143e+18,,43.76907,Entire home/apt,1.0,2026-06-15,5.0,20
florence pitti loft,1.4626506110184228e+18,,43.766277,Entire home/apt,1.0,2026-06-24,1.0,3
Ponte Vecchio Uffizi Charming Flat,1.4625796631586245e+18,,43.76811,Entire home/apt,1.0,2022-09-09,1.0,0
Stanza dei fiori - Borgo Ponte,1.4625175418314307e+18,,43.7414,Private room,3.0,2022-04-14,2.0,0
Lovely apartment+ location = THE perfect getaway!,1.4654766939418342e+18,,43.77694,Entire home/apt,31.0,2026-05-23,1.0,1
Free Parking - Superb Apartment Hystorical center,1.4654779467452618e+18,,43.77015686035156,Entire home/apt,2.0,2025-10-17,2.0,3
Firenze spaziosa e tranquilla,1.4654788541384074e+18,,43.78918,Private room,3.0,2026-06-13,1.0,14
A casa di Anto accoglienza e charme,1.465414905394223e+18,,43.78278,Entire home/apt,15.0,2026-03-31,1.0,1
Via della Chiesa Apartment,1.465480195111113e+18,,43.76486,Entire home/apt,1.0,2026-06-21,2.0,29
Diladdarno Guest House,1.465483844069011e+18,,43.7691,Entire home/apt,2.0,2026-06-15,1.0,30
Authentic Charm with Secret Patio near the Duomo,1.4626520232277112e+18,,43.7798478,Entire home/apt,1.0,2026-06-16,4.0,66
Dimezzo Apartment by Mamo Florence,1.4626390518884895e+18,,43.77542,Entire home/apt,1.0,2026-04-15,197.0,15
Lacorte Apartment by Mamo Florence,1.4626390518884895e+18,,43.77513,Entire home/apt,1.0,2026-06-11,197.0,39
La Magnifica– A Vogue-featured exclusive penthouse,1.4626404112134385e+18,,43.78392,Entire home/apt,2.0,2026-06-13,11.0,12
Monolocale storico in oltrarno,1.4654890986675584e+18,,43.76517,Entire home/apt,2.0,2026-05-14,1.0,6
CASARMONIA,1.465490278300815e+18,,43.77177,Entire home/apt,2.0,2026-03-01,1.0,11
In the Heart of Florence with Style,1.4626488195649262e+18,,43.77287,Entire home/apt,1.0,2026-06-14,1.0,65
Piazza dei Ciompi near the Duomo,1.4654934545144184e+18,,43.77086,Entire home/apt,4.0,2026-06-02,2.0,24
PEPI HOME in the heart of Florence,1.465278006936938e+18,,43.77089,Entire home/apt,31.0,2026-04-05,1.0,4
Appartamento (AC) nel cuore di Firenze,1.4654531216486848e+18,,43.77154,Entire home/apt,1.0,2025-09-01,5.0,1
Room by greenery in Florence,1.4625646595752625e+18,,43.77334,Private room,31.0,2024-04-01,1.0,0
Studio Flat/Apartment in the Historic Centre,1.465507307770076e+18,,43.77322,Entire home/apt,31.0,2026-04-26,1.0,3
Firenze - camera zaffiro,1.4655074614999537e+18,,43.775421142578125,Private room,1.0,2026-06-14,12.0,16
Keys of Italy -Speziali1-2Bdr Flat PiazzRepubblica,1.4632560235621256e+18,,43.77145004272461,Entire home/apt,1.0,2026-04-21,64.0,12
Maggio private house next to Santo Spirito,1.4625284300310994e+18,,43.76626,Entire home/apt,2.0,2026-06-07,11.0,13
Vigna Vecchia Apartment,1.4629222267188165e+18,,43.77023,Entire home/apt,2.0,2026-06-11,2.0,40
"SMN Station, City Center, Family Home, 3 bedroom",1.462519346194401e+18,,43.77723,Entire home/apt,1.0,2026-06-07,1.0,46
Mascagni Rooms V camera privata,1.4654062559013722e+18,,43.794532775878906,Private room,1.0,2026-06-25,3.0,48
Oche fra Calzaiuoli ed il Duomo,1.4625932556494725e+18,,43.77135,Entire home/apt,1.0,2026-06-17,7.0,34
Attico con vista in Piazza Santa Croce,1.4655055169505085e+18,,43.77,Entire home/apt,2.0,2021-08-12,1.0,0
Apartment Aurora at Rifredi / Careggi,1.4626673671350764e+18,,43.79435,Entire home/apt,2.0,2026-06-07,2.0,28
B&B CASA ALDA 1,1.462544405915703e+18,,43.78969,Private room,3.0,2026-06-19,3.0,38
Comfort nel cuore di Firenze 2,1.4631908315187e+18,,43.78522,Private room,20.0,2026-06-10,4.0,2
"La Nannina Centro Storico, B&B La Nannina Centr...",1.4625201893058076e+18,,43.77763366699219,Private room,1.0,2023-03-10,5.0,0
"La Nannina Centro Storico, B&B La Nannina Centr...",1.4625201893058076e+18,,43.7768872434213,Private room,1.0,2018-05-26,5.0,0
"Corso dei Tintori, 23",1.4626695845168497e+18,,43.76669,Entire home/apt,1.0,2026-06-26,2.0,49
Real and Upstanding Firenze Experience,1.4655288073643884e+18,,43.76766,Entire home/apt,2.0,2026-05-27,1.0,25
Boboli Balcony – Rooftop View,1.4625339288517727e+18,,43.76227188110352,Entire home/apt,3.0,2026-04-06,103.0,1
Michelangelo Suite,1.4629350984402135e+18,,43.77001,Entire home/apt,1.0,2026-06-17,1.0,36
Confortevole  e luminoso appartamento residenziale,1.4655395016312312e+18,,43.77622,Entire home/apt,5.0,2025-06-26,1.0,0
Ronco Giardino near BOBOLI GARDENS,1.4625339288517727e+18,,43.76275,Entire home/apt,31.0,2023-09-16,103.0,0
loft gavinana 2,1.462517609990547e+18,,43.76264,Entire home/apt,3.0,2026-04-10,9.0,5
Friendly room with two bicycles,1.4655473843015273e+18,,43.79075,Private room,31.0,2024-10-20,1.0,0
Lovethecomfort SantaMariaNovella,1.4654304739409167e+18,,43.77327,Entire home/apt,2.0,2025-12-29,1.0,39
A spacious studio loft,1.4625367315751258e+18,,43.76911,Private room,1.0,2026-06-12,10.0,97
Maison Alighieri Apartment,1.462862042106407e+18,,43.76769,Entire home/apt,3.0,2026-05-30,2.0,3
San Lorenzo room con private bathroom+1cappuccino,1.4625792238818107e+18,,43.77535,Private room,3.0,2026-05-25,5.0,3
PONTE VECCHIO SUITE,1.4626375065591299e+18,,43.76743,Entire home/apt,19.0,2025-11-08,1.0,2
Palazzo Capponi- Il Torrino,1.4626216959405757e+18,,43.76606,Entire home/apt,1.0,2026-05-19,9.0,2
Signoria Terrace overlooking PALAZZO VECCHIO,1.4625339288517727e+18,,43.76995,Entire home/apt,2.0,2026-05-27,103.0,1
Brunelleschi 1b near DUOMO,1.4625339288517727e+18,,43.77209,Entire home/apt,3.0,2022-08-15,103.0,0
Firenze - camera topazio,1.4655074614999537e+18,,43.7753791809082,Private room,1.0,2026-06-24,12.0,18
"Piazza Signoria n.1, Apartment",1.4627914983260628e+18,,43.76939,Entire home/apt,1.0,2026-05-27,1.0,14
Freelance House Florence - Single Bright BedRoom,1.4625598437293443e+18,,43.78286361694336,Entire home/apt,7.0,2026-05-31,1.0,1
Elegant Apartment With Frescoes 209,1.4626840330065997e+18,,43.7739143371582,Entire home/apt,1.0,2026-06-10,15.0,55
Your Florence Retreat! Long term discount.,1.4655665421922714e+18,,43.77253,Entire home/apt,5.0,2025-09-24,1.0,2
Love House - Piazza Signoria,1.4655719716483167e+18,,43.77119,Entire home/apt,2.0,2026-06-11,2.0,28
Double Room with Santa Croce Views – Florence,1.4627958618739446e+18,,43.76834,Private room,2.0,2026-06-07,13.0,23
Nice apartment in central Florence,1.4629408304750587e+18,,43.76833,Entire home/apt,33.0,2020-03-02,1.0,0
Amicasa,1.4626186683515064e+18,,43.76350784301758,Entire home/apt,2.0,2026-06-11,1.0,35
Florence Apartment Ponte Vecchio,1.4655812248425853e+18,,43.76711,Entire home/apt,2.0,2026-06-22,1.0,52
"Canto degli Scali, Camera di charme di lusso",1.4626809891005453e+18,,43.7697,Private room,1.0,2023-10-01,7.0,0
"Walk to Ponte Vecchio from a Hip, Colorful Apartment",1.4626809891005453e+18,,43.7697,Entire home/apt,1.0,2025-10-05,7.0,2
Elegant Flat with Frescos Near Ponte Vecchio,1.4626809891005453e+18,,43.7697,Entire home/apt,1.0,2025-01-25,7.0,0
Elegant and luxury loft steps from Ponte Vecchio,1.4626809891005453e+18,,43.7697,Entire home/apt,1.0,2026-06-08,7.0,5
Medici Chapels brand new apartment,1.4626738878356104e+18,,43.77543,Entire home/apt,2.0,2026-04-23,1.0,1
Camera doppia A/C  con bagno privato,1.4654531216486848e+18,,43.7715,Private room,1.0,2026-06-06,5.0,4
Comfy unit suitable for work- street level w/patio,1.462583016559853e+18,,43.78416,Entire home/apt,2.0,2026-05-17,3.0,14
Romantic flat near Florence city center,1.4626823302857167e+18,,43.78291,Entire home/apt,2.0,2024-09-08,2.0,0
Appartamento panoramico vista Duomo,1.4655941583605025e+18,,43.77234,Entire home/apt,3.0,2026-06-12,2.0,15
Cozy hidden gem flat (Beccaria/Sant'Ambrogio),1.462547416040478e+18,,43.77119,Entire home/apt,3.0,2025-10-26,2.0,4
Minerva - A gem next to Arno river,1.4626707000350031e+18,,43.76948,Entire home/apt,1.0,2026-06-12,2.0,51
Lovely and quiet flat in S.Spirito with courtyard,1.4655970828854956e+18,,43.767803,Entire home/apt,3.0,2026-06-21,1.0,47
Appartamento Polimoda San Frediano Luna,1.4625848556245765e+18,,43.77302,Entire home/apt,3.0,2026-05-22,4.0,7
1st fl Arno & Galileo museum view,1.4625705006811412e+18,,43.7682,Entire home/apt,1.0,2026-05-27,6.0,46
"Renovate studio ""heart of Florence""",1.4626669457217684e+18,,43.77267,Entire home/apt,2.0,2026-06-04,1.0,31
Leopolda Dream Home,1.4625717451629466e+18,,43.77536,Entire home/apt,3.0,2026-06-20,2.0,5
Camera tipo loft A/C con bagno privato,1.4654531216486848e+18,,43.77291,Private room,1.0,2024-10-19,5.0,0
Elegant Liberty Flat in Florence + Parking,1.4656253035473503e+18,,43.77485,Entire home/apt,1.0,2025-05-31,1.0,0
Residenza Albizi - Giotto,1.4656250180639414e+18,,43.77113,Private room,1.0,2026-02-09,12.0,5
Le porte nuove,1.4629894048367265e+18,,43.781228885870554,Entire home/apt,2.0,2026-06-15,1.0,8
[Florence] house near the center,1.4626908148811866e+18,,43.76986,Entire home/apt,3.0,2026-05-19,1.0,5
"Florence center NEW ""La Guelfa""",1.4626729035257462e+18,,43.77809,Private room,1.0,2026-06-21,3.0,79
Appartamento Brunelleschi,1.4626388129137106e+18,,43.77137,Entire home/apt,1.0,2025-03-20,7.0,0
"BandBFirenze 8cittadella8's B&B, Stanza doppia su.",1.46563639997186e+18,,43.78096,Private room,1.0,2015-09-27,3.0,0
"Florence Center NEW""La Ghibellina""",1.4626729035257462e+18,,43.777339935302734,Private room,1.0,2026-06-22,3.0,76
Unique Original Charm 2 Bath Ponte Vecchio,1.4631771820314074e+18,,43.76867,Entire home/apt,2.0,2026-06-10,4.0,23
La Sosta del Granduca,1.462681682570042e+18,,43.77428,Entire home/apt,1.0,2026-06-26,1.0,45
Residenza Guelfa NEWFlorence Center,1.4626729035257462e+18,,43.7762,Entire home/apt,1.0,2025-10-28,3.0,5
Quiet & Modern Two Bedroom Apartment With Elevator,1.4654254084877501e+18,,43.76476,Entire home/apt,1.0,2026-06-14,1.0,59
6.0 ART FACTORY FLORENCE,1.4626971614318397e+18,,43.76214,Entire home/apt,1.0,2026-06-03,1.0,13
GIOTTO 3BR 1 LVR 2BTH apartment,1.4625689048445268e+18,,43.76724,Entire home/apt,2.0,2026-06-10,12.0,15
GIOTTO E MICHELANGELO 5BR 2LVR 4BTH,1.4625689048445268e+18,,43.76698,Entire home/apt,2.0,2026-04-02,12.0,3
"Cozy flat in Oltrarno, in the city centre",1.4626305096615235e+18,,43.76431,Entire home/apt,2.0,2026-06-21,1.0,54
Florence Duomo Central House,1.462698207295696e+18,,43.772,Entire home/apt,2.0,2026-06-10,1.0,5
Big room in Florence center,1.465670315731061e+18,,43.77692,Private room,1.0,2026-06-20,8.0,59
Florence Liberty Flat with Terrace,1.4627354669621028e+18,,43.78057,Entire home/apt,4.0,2026-05-03,1.0,6
Cozy Loft in Florence / Independent apartment,1.4655261569607767e+18,,43.80907,Entire home/apt,1.0,2026-06-21,2.0,60
Oriental Suite in San Frediano,1.4627900686999672e+18,,43.76646,Entire home/apt,6.0,2026-06-09,1.0,13
Florence Rooftop Apartment Attic,1.4654873025193708e+18,,43.78603,Entire home/apt,5.0,2026-04-13,5.0,3
10-min from historical city center,1.4656839390316838e+18,,43.7809,Entire home/apt,2.0,2026-06-14,1.0,21
Appt.Terrazzo con vista /Zona (S.Croce/Uffizzi),1.4626970343135086e+18,,43.76928,Entire home/apt,2.0,2026-06-15,1.0,11
Cozy Apartment with a beautiful panoramic view,1.465672206193521e+18,,43.76562,Entire home/apt,2.0,2026-06-19,1.0,23
Fortezza Apartment with parking,1.4625982818073874e+18,,43.779892,Entire home/apt,1.0,2026-06-15,2.0,17
"Center, private room and bathroom",1.4656918751680673e+18,,43.78059,Private room,1.0,2026-06-14,1.0,17
Apartment The Lily on the Myrtle,1.4628804634777262e+18,,43.782527139698345,Entire home/apt,1.0,2026-01-04,3.0,13
Yome - 3 bedrooms apartment,1.4626710073191992e+18,,43.77137,Entire home/apt,2.0,2026-06-16,6.0,51
Marignolle relais & charme - Firenze - family room,1.4626065160424192e+18,,43.7444,Hotel room,1.0,2019-10-12,5.0,0
"20 min a piedi dal centro, parcheggio e  giardino",1.4625760112489068e+18,,43.76816,Entire home/apt,1.0,2026-06-22,1.0,80
Panorama Stunning Loft 360° Vista of Historic Gems,1.4626404112134385e+18,,43.77,Entire home/apt,2.0,2026-06-16,11.0,24
"Strategic location,cozy&modern flat",1.465714716114982e+18,,43.78076,Entire home/apt,2.0,2025-10-20,1.0,1
Cozy Nest by Savonarola,1.4625746489768113e+18,,43.781476434441494,Entire home/apt,2.0,2026-06-02,1.0,21
S.Spirito Studio Flat,1.4653568228425833e+18,,43.766510009765625,Entire home/apt,3.0,2025-10-08,2.0,2
.2 La Casa sui Tetti dell'Oltrarno,1.462707363614162e+18,,43.76664,Entire home/apt,1.0,2026-05-28,2.0,76
Benci Oasis • Central Santa Croce Walk Everywhere,1.4630105424258353e+18,,43.76795,Entire home/apt,1.0,2026-06-26,1.0,33
Ghibellina Balcony -1 Bedroom with Outside Space,1.4625339288517727e+18,,43.76942,Entire home/apt,3.0,,103.0,0
Casa Le Rondini: la vostra casa nel mondo!,1.4657258062488415e+18,,43.82183,Entire home/apt,3.0,2025-10-25,1.0,12
Nadja's Home with hot tub - perfect for couples,1.4625137997083553e+18,,43.77819,Entire home/apt,1.0,2026-06-09,9.0,37
ELEGANT FLAT FLORENCE CITY CENTER,1.465626540859039e+18,,43.7802,Entire home/apt,1.0,2026-06-20,1.0,35
La Stanza di Marco,1.4625307471687537e+18,,43.78292,Private room,2.0,2026-06-23,2.0,15
LOFT in the heart of florence,1.46266460406293e+18,,43.77611,Entire home/apt,2.0,2025-05-17,1.0,0
Artist's chic and cozy flat in Oltrarno,1.4627909730565074e+18,,43.76997,Entire home/apt,5.0,2023-09-23,1.0,0
Boboli Suite: Your romantic design home,1.4625777373890665e+18,,43.76426,Entire home/apt,2.0,2026-06-20,2.0,24
Pretty room in B&B L'Argentiere,1.462518670672152e+18,,43.75134,Private room,31.0,2017-10-01,6.0,0
Il Gigliolo Apartment,1.462615403375709e+18,,43.77496,Entire home/apt,1.0,2024-06-16,15.0,0
"Casa Pinti, a Renaissance home in Florence center",1.4627131018168694e+18,,43.77386,Entire home/apt,1.0,2026-06-23,1.0,91
Pegaso Apartment,1.4626995495990162e+18,,43.77631378173828,Entire home/apt,1.0,2026-06-11,159.0,3
Charming Loft with Terrace in Santo Spirito,1.4625294930544479e+18,,43.76609,Entire home/apt,1.0,2026-06-12,23.0,51
San Marco Suite - Center of Florence,1.4625247002845143e+18,,43.78027,Entire home/apt,1.0,2026-06-25,5.0,28
Moderno appartamento nel cuore di Firenze,1.4627153479701235e+18,,43.77241,Entire home/apt,2.0,2026-06-14,2.0,46
Atmosfere Rinascimentali,1.4626240373871084e+18,,43.78138,Entire home/apt,1.0,2025-10-31,1.0,1
"Soggiorno Pezzati, Stanza deluxe",1.4627235636936758e+18,,43.77817,Hotel room,2.0,2026-05-13,5.0,6
Gioberti's terrace,1.4630956251384125e+18,,43.76789,Entire home/apt,31.0,2017-10-17,1.0,0
Mona Lisa Loft un emozione abitarvi,1.4627132135531914e+18,,43.77706,Entire home/apt,3.0,2026-06-15,2.0,27
Raffaello flat excellent location,1.4652679834154844e+18,,43.78599,Entire home/apt,31.0,2019-08-14,3.0,0
Camera King Super,1.4657784018704847e+18,,43.78551,Private room,1.0,2024-02-22,3.0,0
STILNOVO HOUSE - Piazza Santa Croce,1.4657810979314644e+18,,43.76941,Entire home/apt,2.0,2026-06-17,1.0,16
San Gallo Suite - Romantic Studio,1.4626950710038356e+18,,43.77744,Entire home/apt,2.0,2026-06-21,1.0,67
"Lovely room breathtaking view Duomo, Firenze",1.462639119661898e+18,,43.77089,Private room,1.0,2026-06-24,1.0,51
Spazioso centralissimo wi-fi free !,1.4626092224627794e+18,,43.77068,Entire home/apt,6.0,2017-10-21,3.0,0
The Place for Travelers-Yellow 1 P Occupancy Room,1.4627193643032573e+18,,43.77194,Private room,1.0,2026-06-07,4.0,66
Room in Casa Dani - Next to the city centre,1.462719675877944e+18,,43.78224,Private room,1.0,2026-06-16,3.0,28
Oltrarno Star,1.4658067990691116e+18,,43.76844,Entire home/apt,2.0,2026-06-18,58.0,17
Aloe by Acacia®,1.4625121549969098e+18,,43.77403,Entire home/apt,1.0,2024-10-16,29.0,0
LITTLE COZY LOFT,1.4629023451610819e+18,,43.77656,Entire home/apt,1.0,2026-06-20,6.0,52
Chic Florence-CACCINI,1.465538901912344e+18,,43.77338,Entire home/apt,2.0,2026-06-08,2.0,24
Casina B.P.- historic centre,1.4627212103996324e+18,,43.77453,Entire home/apt,5.0,2026-06-12,1.0,20
La terrazza di Zisa,1.4654880046681743e+18,,43.7753426577294,Entire home/apt,2.0,2026-06-20,1.0,67
La Casetta in Campo di Marte.,1.4658196245466442e+18,,43.77518,Entire home/apt,31.0,2020-02-22,1.0,0
"Camera d’arte, vicino agli Uffizi",1.465743762979523e+18,,43.76807,Private room,2.0,2026-06-10,2.0,20
Romantic Florentine House near S. Maria Novella!,1.4630107262685908e+18,,43.77301,Entire home/apt,1.0,2026-06-21,2.0,66
Domus Lucrezia,1.4629611090946593e+18,,43.7653498,Entire home/apt,1.0,2026-06-15,8.0,33
MyFlorenceHoliday Gold Bridge DLX3 with balcony,1.462722103152012e+18,,43.76801,Entire home/apt,1.0,2026-05-21,4.0,5
GIOTTO E BELVEDERE 5BR 2LVR 3BTH,1.4625689048445268e+18,,43.76699,Entire home/apt,2.0,2026-05-31,12.0,1
Modernità & charme nel centro storico,1.4626520232277112e+18,,43.7798478,Entire home/apt,2.0,2026-06-22,4.0,63
"NEW: Romantic Apartment in Oltrarno, San Frediano",1.4658571505232568e+18,,43.768364,Entire home/apt,3.0,2026-06-16,1.0,30
Room below Piazzale Michelangelo,1.4627245341633759e+18,,43.76348,Entire home/apt,2.0,2024-04-28,1.0,0
Signoria Suite 24,1.4655617257687383e+18,,43.77138,Entire home/apt,1.0,2026-06-07,1.0,7
Orchidea Studio - camera matrimoniale,1.4626454705551048e+18,,43.77916,Private room,1.0,2026-06-22,2.0,19
Single Room in Casa Dani - Next to the city centre,1.462719675877944e+18,,43.78422,Private room,1.0,2026-06-22,3.0,29
"Ginestra, appartamento gestito dall' host privato",1.4658714260791293e+18,,43.77092742919922,Entire home/apt,4.0,2026-06-13,2.0,10
Apartment Zarina,1.4627203073989578e+18,,43.78213,Entire home/apt,1.0,2023-03-18,7.0,0
A View To The Heart Of Florence,1.4658739627027425e+18,,43.77565,Entire home/apt,1.0,2026-04-06,1.0,2
Close to everything! Renovated!,1.465337038407647e+18,,43.7762,Entire home/apt,1.0,2026-06-11,2.0,33
Alloggio fino a 35p in pieno centro,1.4625689048445268e+18,,43.76879,Entire home/apt,2.0,2025-04-11,12.0,0
"La CorteSUITE. *15 mins from center, easy parking.",1.46589015533703e+18,,43.73419,Entire home/apt,1.0,2026-05-24,1.0,3
"""Pergola  Loft"" -   Duomo Cathedral",1.4626261176979323e+18,,43.77368,Entire home/apt,31.0,2025-10-25,1.0,2
Alle porte di Firenze e del Chianti,1.4659055059319908e+18,,43.75859,Entire home/apt,31.0,2017-08-19,1.0,0
Cozy flat in lovely family house,1.465907572102408e+18,,43.77529,Entire home/apt,3.0,2026-06-04,1.0,1
Nico's place in Sant'Ambrogio (free city tour),1.462708903460718e+18,,43.77254,Entire home/apt,2.0,2026-06-26,2.0,52
"Centrale, vicino al tram, 24/7 check in",1.4626235551694382e+18,,43.78184,Entire home/apt,1.0,2026-06-02,3.0,48
La Luna charming apartment,1.465537521912025e+18,,43.77204,Entire home/apt,3.0,2026-05-29,1.0,9
ROMANTIC NEST FLORENCE,1.4659128835163766e+18,,43.77099,Entire home/apt,2.0,2026-06-02,2.0,24
Apartment next to the center and the train station,1.4659183470725501e+18,,43.77607727050781,Entire home/apt,2.0,2026-06-17,2.0,23
"Maison Orange Florence [2 Bedrooms, 2 Bathrooms]",1.4626177485378803e+18,,43.76907,Entire home/apt,1.0,2026-06-18,3.0,42
Apartment in Florence with free car park,1.4658057024845353e+18,,43.77473,Entire home/apt,2.0,2026-05-31,16.0,6
La Filarocca apartment.,1.4659262175633254e+18,,43.77501678466797,Entire home/apt,2.0,2024-10-11,1.0,0
Art Lovers' Historic Palazzo on Via Calzaiuoli,1.4659295908908739e+18,,43.77042,Entire home/apt,2.0,2026-06-21,1.0,23
Cittadella 5,1.465931538478687e+18,,43.77908,Entire home/apt,1.0,2026-06-10,1.0,28
VIA ROMA 4 HOME - your home just 50mt from Duomo,1.4627006767695956e+18,,43.77238,Entire home/apt,2.0,2026-06-15,2.0,35
THE QUARTIERINO D'OLTRARNO,1.4666906346461916e+18,,43.76435,Entire home/apt,3.0,2025-06-05,2.0,0
"Flat il Prato, Florence",1.4666910766827113e+18,,43.77636,Entire home/apt,1.0,2026-06-04,2.0,18
Space Art Loft,1.4626994593283674e+18,,43.76411,Entire home/apt,1.0,2026-04-25,1.0,1
Art Apartment Velluti,1.4625194391757798e+18,,43.76675,Entire home/apt,2.0,2026-06-03,26.0,39
Piazza Liberta 2b,1.4625339288517727e+18,,43.78565,Entire home/apt,3.0,,103.0,0
Feel at Home at Lorenzo & Virginia's apartment,1.4652866270386173e+18,,43.76761,Entire home/apt,2.0,2026-06-19,1.0,36
"Apartment in Florence, Italy",1.4627409139611917e+18,,43.78021,Entire home/apt,2.0,2026-05-30,3.0,43
GLAMOROUS  banana leafs apartment,1.466709209903551e+18,,43.78647,Entire home/apt,1.0,2026-06-10,2.0,41
Soffitti affrescati e bagno privato,1.4628958982585539e+18,,43.78020477294922,Private room,2.0,2026-06-21,1.0,29
"On the hill, close to the center",1.4658876057276457e+18,,43.75092,Private room,2.0,2026-06-15,3.0,10
San Niccolò Flat-01 Modern flat with parking,1.4667152846733228e+18,,43.76786,Entire home/apt,1.0,2026-05-14,8.0,1
MONNA LISA for  up to 7 people,1.4625466424266642e+18,,43.77734,Entire home/apt,1.0,2026-06-18,2.0,7
"Fortezza da Basso Apartments, ""Room One""",1.4667396378129393e+18,,43.781280517578125,Entire home/apt,1.0,2025-05-16,2.0,0
Apartment with garden and   parking,1.4658590589212178e+18,,43.77052,Entire home/apt,2.0,2026-06-24,1.0,24
Il Pianerottolo,1.46531159237027e+18,,43.78124,Entire home/apt,2.0,2025-06-14,1.0,0
Modern Bohemian Penthouse in Santa Croce,1.4625130060712983e+18,,43.76955,Entire home/apt,1.0,2026-06-21,2.0,48
Corno Superior Apartment by 360 Rentals,1.4625115071325087e+18,,43.76908,Entire home/apt,2.0,2026-06-19,22.0,27
Orsanmichele View in a Fantastic Location,1.4625339288517727e+18,,43.77084,Entire home/apt,2.0,2026-05-31,103.0,5
"Studio in Piazza della Passera, Florence",1.4625899485099284e+18,,43.76579,Entire home/apt,1.0,2026-06-11,2.0,58
200-Year-Old Historic Grain Depot Designer Loft,1.4625898305141028e+18,,43.77332,Entire home/apt,1.0,2026-06-08,1.0,26
Cosy florentine house in the heart of downton,1.4667539880627118e+18,,43.77611,Entire home/apt,1.0,2026-06-17,1.0,53
SCALA GARDEN entire house,1.4626466692207634e+18,,43.775379,Entire home/apt,1.0,2026-06-09,4.0,24
Medicean Florence Apartment,1.4627484391214915e+18,,43.77098,Entire home/apt,2.0,2026-06-23,1.0,18
Camera Cielo  luminosa,1.4667119743515666e+18,,43.77448,Private room,1.0,2026-05-27,5.0,25
Timeless Elegance in the Heart of Florence | A/C,1.4667607229930972e+18,,43.77236,Entire home/apt,2.0,2026-06-24,1.0,45
VILLA LE PERGOLE  - Florence,1.4627493462764657e+18,,43.80606,Entire home/apt,2.0,2026-06-25,1.0,6
Villa Belvedere,1.462974767500359e+18,,43.74767,Entire home/apt,5.0,2026-06-13,2.0,5
Old Florence Apartment- Near DUOMO!,1.4879041898588585e+18,,43.77406,Entire home/apt,2.0,2026-06-25,1.0,72
Camera Sole luminosa,1.4667119743515666e+18,,43.77639,Private room,1.0,2026-05-24,5.0,5
camera luminosa azzurra,1.4667119743515666e+18,,43.77517,Private room,1.0,2026-06-08,5.0,38
La Divina Dimora 'Beatrice' - Romantic Flat,1.4627510913054385e+18,,43.77321243286133,Entire home/apt,2.0,2026-06-22,3.0,7
Santa Reparata,1.4667744545516524e+18,,43.779579,Entire home/apt,1.0,2026-06-10,1.0,12
Palazzetto dei Nobili Apartment,1.468438952911923e+18,,43.76966,Entire home/apt,2.0,2026-06-17,2.0,2
Florence House opposite the Duomo (20 m (~65ft) away),1.4667769596300296e+18,,43.77469,Entire home/apt,1.0,2026-06-19,1.0,43
Big Loft with free parking and free wi-fi,1.466779187173578e+18,,43.76939,Entire home/apt,3.0,2026-05-26,1.0,2
Florence Rive Gauche San Cosma Sun-Dappled Terrace,1.462724677380453e+18,,43.76934,Entire home/apt,3.0,2026-06-01,3.0,15
firenze from the top,1.4667714293509432e+18,,43.76669,Entire home/apt,3.0,2025-10-28,1.0,2
Apt in San Niccolò a pochi passi da Ponte Vecchio,1.462764521992158e+18,,43.76425,Entire home/apt,2.0,2026-06-24,35.0,10
Charming Pitti Apartment,1.466778026748791e+18,,43.77026,Entire home/apt,2.0,2026-06-12,1.0,66
Santa Croce Paradiso,1.4654946997060846e+18,,43.77024,Entire home/apt,2.0,2026-06-08,6.0,42
Wine Apartments Florence Ciliegiolo,1.4627648749364001e+18,,43.76753,Entire home/apt,1.0,2024-02-17,44.0,0
SAN NICCOLO' 99 - A BIG APARTMENT WITH A VIEW,1.465855492746031e+18,,43.76452,Entire home/apt,3.0,2026-06-22,2.0,12
Acacia Firenze - SALVIA,1.4625121549969098e+18,,43.76973,Entire home/apt,1.0,2024-09-22,29.0,0
"On the hill, close to the center",1.4658876057276457e+18,,43.75187,Hotel room,2.0,2026-05-21,3.0,12
Old town in the heart of Florence,1.4631458441239273e+18,,43.76968,Entire home/apt,2.0,2026-06-14,1.0,30
Mascagni Rooms T camera privata con balcone,1.4654062559013722e+18,,43.794471740722656,Private room,1.0,2026-06-26,3.0,59
Exclusive 2BR/2BA flat Walk to Duomo Quiet Area,1.4668008488800205e+18,,43.772538804765226,Entire home/apt,2.0,2026-06-20,1.0,38
Beautiful duomo suite,1.462517609990547e+18,,43.77238,Private room,3.0,2026-05-05,9.0,6
Appartamenti Costa San Giorgio -FI-,1.4626823779259994e+18,,43.76522,Entire home/apt,31.0,,1.0,0
Bell Tower studio apartment,1.4626552063233009e+18,,43.77046,Entire home/apt,1.0,2026-06-07,2.0,36
The House of Mirrors,1.4668123360464591e+18,,43.78038,Entire home/apt,1.0,2026-04-28,1.0,1
Da Chiara - La tua campagna in città,1.466815236455424e+18,,43.80856,Entire home/apt,3.0,2026-06-09,1.0,11
PINOCCHIO HOUSE,1.4625136732182167e+18,,43.77638,Entire home/apt,1.0,2026-05-25,18.0,9
Appartamento in centro - La Contessina,1.4627711200339008e+18,,43.77767181396485,Entire home/apt,1.0,2026-06-16,3.0,16
Residenza Historia - Donatello,1.4656250180639414e+18,,43.76967,Private room,1.0,2026-04-01,12.0,15
Residenza Historia - Botticelli,1.4656250180639414e+18,,43.76952,Private room,1.0,2025-10-17,12.0,4
DUOMO FLAT,1.4626855170462106e+18,,43.77544,Entire home/apt,3.0,2026-06-08,1.0,25
❤️.... Anima e Cuore di Firenze,1.466819908841446e+18,,43.77044,Entire home/apt,3.0,2026-06-24,1.0,12
Towards Florence,1.462716202942704e+18,,43.76252746582031,Private room,2.0,2026-06-18,1.0,22
Artemisia · with private courtyard | by Acacia®,1.4625121549969098e+18,,43.77596,Entire home/apt,1.0,2026-05-25,29.0,5
"Nel cuore di Firenze, Melograno",1.4667780335311939e+18,,43.77638,Entire home/apt,2.0,2026-06-10,3.0,46
"G2- Piazza Beccaria, on the skirt of the old town",1.4657563353837105e+18,,43.76917,Private room,1.0,2026-05-18,6.0,41
Appartamento centro storico San Zanobi holidayhome,1.4668247809453268e+18,,43.77979,Entire home/apt,3.0,2026-06-01,1.0,5
Newly renovated apartment + garden,1.4668301800962947e+18,,43.77745,Entire home/apt,2.0,2026-05-23,1.0,11
Buonarroti Apartment,1.4626995495990162e+18,,43.770924,Entire home/apt,31.0,2025-07-07,159.0,1
Apartment with River view - Florence city center,1.462578722505535e+18,,43.76328,Entire home/apt,5.0,,2.0,0
LUMINOUS WITH BELLAVISTA,1.466778811435128e+18,,43.7641,Private room,2.0,2026-04-06,1.0,3
Marzia's apartment in the Oltrarno,1.462630048357932e+18,,43.76703,Entire home/apt,2.0,2026-06-19,1.0,55
PorteNuove  Apartment 2Suite,1.4654552448896676e+18,,43.780669560285375,Entire home/apt,1.0,2026-06-18,3.0,28
Stanza accogliente a due passi dal ponte,1.4625673509891346e+18,,43.76763916015625,Private room,2.0,2026-06-20,2.0,41
"Affittacamere Belfiore , Camera matrimoniale",1.4668392321316826e+18,,43.78081,Private room,1.0,2026-06-04,7.0,3
"Affittacamere Belfiore , Camera per 2 persone c...",1.4668392321316826e+18,,43.78081,Private room,1.0,2026-06-08,7.0,41
Ex convento del '500,1.4652872739298831e+18,,43.77261,Entire home/apt,2.0,2026-06-22,1.0,44
Quiet AC Studio in Historic Convent • Oltrarno,1.4668222289296538e+18,,43.76706,Entire home/apt,1.0,2026-06-24,2.0,92
Art design with parking facilities,1.4668530973772288e+18,,43.7807,Entire home/apt,2.0,2026-05-28,2.0,30
Appartamento in Centro dal Sapore Rinascimentale,1.4626003777879734e+18,,43.76729,Entire home/apt,31.0,2023-10-04,2.0,0
Spectacular view on Ponte Vecchio,1.4667752819597942e+18,,43.76865,Entire home/apt,3.0,2026-06-02,7.0,5
"Oliver Flat, silent & charming",1.4654311243934927e+18,,43.79147,Entire home/apt,2.0,2026-06-15,1.0,16
Sotto il tetto di Sofia,1.4666938199526804e+18,,43.77971,Entire home/apt,2.0,2026-05-18,2.0,4
Casina del Sole,1.4625921729408328e+18,,43.79697,Entire home/apt,2.0,2026-06-18,1.0,20
Charming and Cozy Maggio,1.462625585543148e+18,,43.76717,Entire home/apt,2.0,2026-05-27,37.0,11
Ponte Vecchio Balcony - Once in a Lifetime Views,1.4627685989414874e+18,,43.76652,Entire home/apt,2.0,2026-05-03,46.0,3
Cavour 28,1.4626995495990162e+18,,43.775505,Entire home/apt,1.0,2026-06-05,159.0,2
A bird eye view over Florence,1.4668798513593014e+18,,43.76328,Entire home/apt,4.0,2026-06-22,1.0,17
Susy apartment quiet and gardenview,1.4668851807133683e+18,,43.78089,Entire home/apt,31.0,2020-02-28,2.0,0
CONTE CANACCI,1.4668873699374377e+18,,43.77421,Entire home/apt,2.0,2022-09-22,1.0,0
Elegant Dome Apartment in the Heart of Florence,1.4668909453643236e+18,,43.77282,Entire home/apt,3.0,2026-05-25,2.0,24
Relais Duomo Adelaide,1.4655833122398897e+18,,43.77327,Entire home/apt,1.0,2026-06-23,6.0,15
Fortezza Second floor,1.4626995495990162e+18,,43.779598,Entire home/apt,31.0,2023-08-16,159.0,0
Nel Cuore di Firenze - a 150 metri dal Duomo,1.4668954141151327e+18,,43.77412,Entire home/apt,1.0,2026-06-14,1.0,6
La Divina Dimora 'Dante' - Passion Flat,1.4627510913054385e+18,,43.773284912109375,Entire home/apt,1.0,2026-04-13,3.0,2
Proconsolo,1.4626995495990162e+18,,43.772045,Entire home/apt,1.0,2023-08-08,159.0,0
Pitti Three,1.4626995495990162e+18,,43.76527786254883,Entire home/apt,1.0,2025-10-12,159.0,1
Loft Ortensia garden WiFi air conditioning,1.462517609990547e+18,,43.76229,Entire home/apt,3.0,2025-01-22,9.0,0
Ponte Vecchio Terrace,1.4667752819597942e+18,,43.76864,Entire home/apt,3.0,2026-06-20,7.0,37
Uffizi Apartment,1.4654612439295265e+18,,43.76885,Entire home/apt,1.0,2026-01-04,1.0,3
Camera con Vista 2,1.462809876912156e+18,,43.76024,Private room,3.0,2026-06-23,2.0,37
Greci Panoramic Terrace By MMega,1.4626271213019407e+18,,43.76916,Entire home/apt,1.0,2026-05-27,259.0,23
SS. Apostoli apartment,1.4669067505156518e+18,,43.7693666,Entire home/apt,1.0,2026-06-14,1.0,22
Barbara's Place,1.462810778674492e+18,,43.77225,Entire home/apt,2.0,2026-05-29,1.0,17
Home Boutique Piazza della Repubblica,1.462747667719643e+18,,43.77169,Entire home/apt,1.0,2026-06-18,1.0,27
Camera Con vista Loft 360° Vista of Iconic Gems,1.4626404112134385e+18,,43.77,Entire home/apt,2.0,2026-06-20,11.0,25
Delicious next to the Duomo,1.4628118012960973e+18,,43.77267,Entire home/apt,1.0,2026-06-17,1.0,76
SUITE DAMA,1.4654670154329e+18,,43.76667,Entire home/apt,1.0,2026-06-21,4.0,56
Le Rose di Leonardo - Historical apartment,1.4659181616891305e+18,,43.77106,Entire home/apt,2.0,2026-06-04,2.0,7
Flat Firenze 43,1.462813245548629e+18,,43.7697196,Entire home/apt,1.0,2026-06-22,1.0,32
SCALA GARDEN-Classic double room in SMN Station.,1.4626466692207634e+18,,43.77507,Private room,1.0,2026-05-15,4.0,2
Campidoglio F,1.4626995495990162e+18,,43.77227,Entire home/apt,31.0,2023-08-17,159.0,0
Little Red Door: Design Studio in Oltrarno,1.462625499345565e+18,,43.76489,Entire home/apt,2.0,2026-06-16,1.0,47
Sdrucciolo dei Pitti Second floor,1.4626995495990162e+18,,43.76695,Entire home/apt,1.0,2024-12-30,159.0,0
Novella Goldoni Suite-M1,1.4625136732182167e+18,,43.7716,Entire home/apt,1.0,2026-06-12,18.0,19
Apt. Brunelleschi Suite,1.465464245407337e+18,,43.77418,Entire home/apt,2.0,2026-06-18,9.0,7
The Heart of Florence walking everywhere,1.4626848769579425e+18,,43.77659,Entire home/apt,1.0,2026-06-23,1.0,65
Lovely apartment with splendid marble bathroom,1.4629878056242007e+18,,43.77621,Entire home/apt,4.0,2026-05-13,1.0,1
SantaCroce Flat-02 Stylish and Spacious experience,1.4667152846733228e+18,,43.76828,Entire home/apt,1.0,2026-04-08,8.0,1
Route26 - Florence,1.466935887600604e+18,,43.78028,Entire home/apt,3.0,2025-12-08,1.0,23
Cosy apartment - Only 1 minute to Ponte Vecchio,1.4669428981961725e+18,,43.76747,Entire home/apt,1.0,2026-06-11,1.0,89
Fresco room near Sta Croce. Superb Location.,1.4627958618739446e+18,,43.77051,Private room,2.0,2026-06-08,13.0,23
Loft Caput Mundi.,1.462684779321746e+18,,43.7704799,Entire home/apt,1.0,2026-06-12,1.0,31
Margherita's Suite,1.4628180353494674e+18,,43.7786,Entire home/apt,2.0,2026-06-10,1.0,39
Incantevole appartamento in oltrarno,1.4628796052059958e+18,,43.76597,Entire home/apt,2.0,2026-06-19,1.0,9
cozy penthouse,1.4625117222139197e+18,,43.7721,Entire home/apt,90.0,2024-06-30,4.0,0
"Il Bronzino apartment, near Historical centre.",1.4669147591368353e+18,,43.77375038809639,Entire home/apt,1.0,2026-06-21,3.0,37
Pinti Loft,1.4658067990691116e+18,,43.77092,Entire home/apt,2.0,2026-06-22,58.0,41
Tower inn,1.4628246715810153e+18,,43.770824,Entire home/apt,1.0,2026-06-02,2.0,17
Wine Apartments Florence Colorino,1.4627648749364001e+18,,43.76979,Entire home/apt,1.0,2026-02-15,44.0,3
FIorence Concierge-Deluxe apartment,1.4625136732182167e+18,,43.77605819702149,Entire home/apt,1.0,2026-02-21,18.0,8
Camera Tripla/ Triple Room In Florence City Center,1.46542137576493e+18,,43.78778,Private room,1.0,2017-10-15,3.0,0
Uffizi View,1.466792073604604e+18,,43.76943,Entire home/apt,3.0,2026-06-08,2.0,36
Paintings apartament a Careggi,1.4669438491940268e+18,,43.803,Entire home/apt,7.0,2023-08-18,1.0,0
Lovely ATTIC! Dreamlike Stunning Terrace view,1.462719975803592e+18,,43.77438,Entire home/apt,1.0,2026-06-24,5.0,89
Casa Maron 2,1.4655539425938586e+18,,43.77831,Entire home/apt,2.0,2023-06-02,3.0,0
"Grande casa accogliente, comoda, luminosa...",1.4628277021692378e+18,,43.79393768310547,Entire home/apt,1.0,2026-06-15,1.0,11
Location Location Location,1.4626120225273884e+18,,43.77018,Entire home/apt,2.0,2026-06-24,2.0,29
Frediano's Nest Studio,1.4629110811565978e+18,,43.77063,Entire home/apt,2.0,2026-06-19,1.0,53
GUESTS ATTIC SINGLE ROOM BATH KITCHEN USE SHARING,1.4668398968673928e+18,,43.77352,Private room,31.0,2023-10-07,8.0,0
MDR Duomo Blue Apartment,1.462764521992158e+18,,43.77416,Entire home/apt,1.0,2026-06-12,35.0,57
"Il B&B Casa dei Tintori, Camera Gialla",1.4625286177973742e+18,,43.76681,Hotel room,1.0,2026-05-10,10.0,3
"Gold Suite, faboulus apartment!",1.462661312531639e+18,,43.7728,Entire home/apt,3.0,2026-06-20,12.0,20
Ciardo-Cozy house in the heart of Florence,1.462640985572326e+18,,43.77612,Entire home/apt,2.0,2026-06-25,4.0,39
Big Badroom with Terrace,1.4657606932554977e+18,,43.78787,Private room,2.0,2026-06-01,5.0,27
"Cosy, confy and quiet  in the hearth of Florence.",1.462854443720842e+18,,43.76907,Entire home/apt,2.0,2025-09-30,4.0,1
David and the Cathedral,1.4670055787164296e+18,,43.77611,Entire home/apt,2.0,2026-06-22,1.0,45
A window over Florence,1.4669981665585592e+18,,43.77641,Entire home/apt,1.0,2026-06-15,1.0,21
CasaDaria - 3bd apartment station walking distance,1.4628331106204567e+18,,43.77858,Entire home/apt,1.0,2026-05-30,1.0,16
Oltrarno Florence Home,1.4670154476913905e+18,,43.76269,Entire home/apt,3.0,2022-10-01,1.0,0
Stanza Azzurra Firenze LGBTQ+ Frendly,1.4669762067060168e+18,,43.77804,Private room,2.0,2026-06-08,3.0,25
Cozy Appartment in traditional Villa,1.462520159438513e+18,,43.7714462,Entire home/apt,2.0,2026-04-05,5.0,6
TOUCHING WITH A FINGER THE BEAUTIFUL PONTE VECCHIO,1.4670006069790868e+18,,43.7696,Entire home/apt,2.0,2025-05-18,5.0,0
Palazzo Alfani - Superior Apartment garden view,1.4625232439819238e+18,,43.77673,Entire home/apt,2.0,2023-10-05,5.0,0
Fantasia Charming Apartment Unparalleled Location,1.4626404112134385e+18,,43.77,Entire home/apt,2.0,2023-07-31,11.0,0
Studio in Santo Spirito/Borgo San Frediano,1.4667595327489746e+18,,43.76708,Entire home/apt,3.0,2026-05-28,2.0,8
Best  Location Ponte Vecchio,1.4625619523095447e+18,,43.76614,Entire home/apt,1.0,2026-06-10,3.0,35
Lovely downtown house with private garden,1.463184188750267e+18,,43.75865,Entire home/apt,2.0,2026-06-19,1.0,26
Artist's house b&B with a view of Florence.,1.4670386188748193e+18,,43.75600795725897,Private room,2.0,2025-06-10,1.0,0
Elegant double (single use too) room in Florence,1.467045693598961e+18,,43.76728,Private room,31.0,2025-10-10,1.0,3
Cozy room in Florence,1.4670491573669678e+18,,43.78805,Private room,31.0,2020-08-19,1.0,0
New Studio in Porta Romana,1.462592731569701e+18,,43.75981,Entire home/apt,2.0,2026-06-24,1.0,43
A few step from Duomo and SMN train station,1.4626232748775122e+18,,43.77353,Entire home/apt,3.0,2026-05-30,2.0,10
At Home Firenze: near Station and Fortezza,1.4670586682437934e+18,,43.77542495727539,Entire home/apt,2.0,2026-06-15,2.0,26
Wine Apartments Florence Trebbiano,1.4627648749364001e+18,,43.76761,Entire home/apt,1.0,2024-09-29,44.0,0
Novella Goldoni Suite - B2,1.4625136732182167e+18,,43.77153,Entire home/apt,1.0,2026-05-08,18.0,19
Renaissance Apartment Touch the Dome,1.467078203581715e+18,,43.77366,Entire home/apt,2.0,2026-06-17,2.0,59
White Corso 2,1.4627104065023839e+18,,43.77167,Entire home/apt,3.0,2026-06-11,11.0,32
Gold Corso,1.4627104065023839e+18,,43.77155,Entire home/apt,3.0,2026-06-04,11.0,24
Amazing in Santa Croce,1.4629324777037112e+18,,43.76775,Entire home/apt,2.0,2026-06-18,1.0,41
Leoni B · Una dimora da Leoni/Parcheggio gratuito,1.462706031679236e+18,,43.76899,Entire home/apt,1.0,2026-06-21,5.0,64
B&B Al Consolato,1.4670940174252488e+18,,43.775639,Private room,1.0,2026-06-12,5.0,34
Luminous flat 2nd floor - Beato Angelico Firenze,1.4625684272100004e+18,,43.76814651489258,Entire home/apt,1.0,2026-06-20,2.0,28
Bright & Romantic Room Steps From Santa Croce,1.4625868468343946e+18,,43.76902,Private room,1.0,2026-05-03,4.0,1
SERVI - VERY CENTRAL LOVELY APARTMENT A/C WI-FI,1.4625329933670454e+18,,43.77539,Entire home/apt,31.0,2022-05-12,4.0,0
Small Central Market loft near main train station,1.4670586682437934e+18,,43.77639,Entire home/apt,2.0,2026-06-15,2.0,17
Suite with private large bathroom city center,1.462623591328832e+18,,43.77488,Private room,2.0,2026-06-18,4.0,35
Keys of Italy -Palazzuolo112-2Bedr Flat by Station,1.4632560235621256e+18,,43.77472305297851,Entire home/apt,1.0,2026-06-08,64.0,8
Sweet stay in Florence,1.4669580862772652e+18,,43.75906753540039,Entire home/apt,3.0,2026-06-06,2.0,22
Incantevole appartamento in Santo Spirito,1.465685844137418e+18,,43.766653,Entire home/apt,2.0,2026-06-20,1.0,37
Room with private entrance & unique view,1.4654845780506657e+18,,43.80867,Private room,1.0,2026-06-25,1.0,13
Vale & Sabry - Apartment in Porta Romana,1.4628498322548782e+18,,43.74873,Entire home/apt,2.0,2026-05-22,1.0,10
Old Tower Ponte Vecchio Suite B,1.462687244144813e+18,,43.76989,Entire home/apt,2.0,2026-05-29,50.0,21
Santa Maria Terrace,1.4627685989414874e+18,,43.768677,Entire home/apt,2.0,2023-11-26,46.0,0
my little cosy house,1.462627783860293e+18,,43.7760234,Entire home/apt,2.0,2026-05-17,1.0,12
Diana Florence,1.463077657115513e+18,,43.77659,Entire home/apt,3.0,2026-06-15,1.0,19
MediciApt - Noble Floor in ancient Medici Palace,1.4625410791378368e+18,,43.76762,Entire home/apt,2.0,2026-06-07,4.0,3
Spacious Oltrarno Oasis in Heart of Santo Spirito,1.467154189154735e+18,,43.765342712402344,Entire home/apt,3.0,2026-04-17,1.0,6
Experience the authentic Florence!,1.462629036514774e+18,,43.77098,Entire home/apt,2.0,2026-06-11,1.0,34
Gemütliche Einzimmerwohnung in Florenz,1.462965058148309e+18,,43.74946,Entire home/apt,2.0,2026-06-03,1.0,10
Studio flat in XVI century building in the center,1.467166115448834e+18,,43.77454,Entire home/apt,2.0,2026-06-24,1.0,70
Exclusive house of Artist with balcony in Old Town,1.4625421588353224e+18,,43.77166,Entire home/apt,2.0,2026-06-23,2.0,28
"lovely room downtown, Beccaria",1.4657563353837105e+18,,43.76911,Private room,1.0,2025-10-13,6.0,3
Lucy house,1.4658497092110423e+18,,43.787113189697266,Entire home/apt,2.0,2026-06-14,1.0,33
Nice cozy flat in Florence,1.462581215459013e+18,,43.781593322753906,Entire home/apt,1.0,2026-06-01,5.0,35
Santacroce 52,1.4671790534657472e+18,,43.7696533203125,Entire home/apt,2.0,2026-06-20,1.0,19
Luxury apartment in Ponte Vecchio,1.4627474006687683e+18,,43.76916,Entire home/apt,1.0,2026-06-22,2.0,10
Light-filled Florentine Retreat with Style & Charm,1.4631580809431263e+18,,43.77946,Entire home/apt,1.0,2026-06-22,2.0,3
A home away from home in Florence city centre,1.462855050327127e+18,,43.78113960645999,Entire home/apt,31.0,2024-01-09,1.0,0
GREAT APARTMENT IN THE HEART OF FLORENCE,1.462536279481611e+18,,43.7658,Entire home/apt,1.0,2026-06-20,3.0,11
Wonderful and centrally located in historic build,1.46286849829443e+18,,43.77363,Entire home/apt,3.0,2026-06-21,1.0,8
Nice and cosy flat in the heart of Florence,1.465462410859937e+18,,43.77311,Entire home/apt,2.0,2026-06-21,1.0,39
Casa del Tango tra Forte Belvedere e Villa Bardini,1.4626586475289613e+18,,43.76375,Entire home/apt,2.0,2026-06-15,1.0,21
Sant'Ambrogio Flat-04 GoodOption for family&groups,1.4667152846733228e+18,,43.76929,Entire home/apt,1.0,2026-05-29,8.0,4
Piazza Signoria SUITE,1.4627339692091272e+18,,43.77022,Entire home/apt,1.0,2026-05-06,2.0,7
San Lorenzo-Romantic suite in Florence,1.462640985572326e+18,,43.77583,Entire home/apt,2.0,2026-06-05,4.0,25
DUOMO,1.4631519791533926e+18,,43.77529,Entire home/apt,2.0,2026-06-18,5.0,71
MEDICI RICCARDI,1.4631519791533926e+18,,43.77529,Entire home/apt,2.0,2026-06-18,5.0,55
Faenza 73,1.4626995495990162e+18,,43.777683,Entire home/apt,1.0,2025-08-20,159.0,2
PORTE NUOVE SUITE FLORENCE,1.4625865987768963e+18,,43.78,Entire home/apt,1.0,2025-10-05,2.0,11
The perfect place for your stay in Florence,1.4672193809760108e+18,,43.76846,Entire home/apt,1.0,2025-09-28,2.0,1
"Duallook ""industrial"", super suite 5 rooms 80 mt",1.4672112137410995e+18,,43.77961,Entire home/apt,2.0,2017-04-30,1.0,0
"Il B&B Casa dei Tintori, Camera Indaco",1.4625286177973742e+18,,43.76678,Private room,1.0,2026-03-28,10.0,1
Taddea 2b with TERRACE,1.4625339288517727e+18,,43.7766,Entire home/apt,3.0,2024-05-27,103.0,0
Casa Laura *centro storico*,1.4626155751537418e+18,,43.7668,Entire home/apt,1.0,2026-06-08,19.0,42
Charming Renaissance Apartment,1.4625695792777016e+18,,43.78163,Entire home/apt,5.0,2026-06-19,1.0,9
"Il B&B Casa dei Tintori, Camera Verde",1.4625286177973742e+18,,43.76812,Private room,1.0,2026-02-06,10.0,2
La piccola maison Firenze intera casa indipendente,1.467238402077958e+18,,43.78797,Entire home/apt,1.0,2026-06-23,2.0,53
Nido Al Duomo: dreamy retreat for couples at Duomo,1.4879126204215752e+18,,43.77444,Entire home/apt,1.0,2026-06-17,1.0,56
Santa Croce apartment,1.4654255384334106e+18,,43.769314,Entire home/apt,1.0,2026-06-04,6.0,31
"""San Lorenzo"" Apartment Deluxe",1.4629946619522153e+18,,43.77651,Entire home/apt,2.0,2026-06-13,3.0,9
Appartamento di Minimal Design vicino Santa Croce,1.4672497654494351e+18,,43.77031,Entire home/apt,2.0,2026-05-29,2.0,23
Cosy room in center - Stanza privata centralissima,1.4628812905706447e+18,,43.77717590332031,Private room,31.0,2024-10-27,1.0,0
Boboli Garden Terrace,1.462625585543148e+18,,43.76705,Entire home/apt,2.0,2026-06-11,37.0,15
Piazzetta de' Giuochi,1.4672594028513976e+18,,43.77111053466797,Entire home/apt,3.0,2026-06-13,1.0,38
I SLEEP B&B - Superior Double/Twin Room - Terrace,1.4659187034196598e+18,,43.77666,Private room,1.0,2022-09-04,5.0,0
I SLEEP B&B - Superior Double Room with Terrace,1.4659187034196598e+18,,43.77712,Private room,1.0,,5.0,0
I Medici Apartment is a house exclusively for you,1.4629946619522153e+18,,43.77656,Entire home/apt,2.0,2026-06-24,3.0,19
Orange Room -The Place for travelers in Florence,1.4627193643032573e+18,,43.77365,Private room,1.0,2026-06-11,4.0,91
Fiammetta's house in Florence,1.4628848842186808e+18,,43.77034,Entire home/apt,1.0,2026-06-20,1.0,72
Luxury apartment - Dimore d'Oro App 2,1.4625103500673539e+18,,43.76947021484375,Entire home/apt,3.0,2026-06-06,11.0,5
Comfortable & quiet flat close to central station,1.465407612215788e+18,,43.78209,Private room,1.0,2026-06-14,2.0,28
Casa Santa Croce,1.4672938756414024e+18,,43.76897,Entire home/apt,1.0,2025-09-28,1.0,1
Sweet little florentine house,1.4653132113850575e+18,,43.76811,Entire home/apt,3.0,2026-06-20,1.0,12
Design Apartment on Piazza Santissima Annunziata,1.4667752819597942e+18,,43.77815,Entire home/apt,3.0,2026-02-09,7.0,1
Piazza Pitti 2 Bedroom,1.462625585543148e+18,,43.76636,Entire home/apt,2.0,2026-01-05,37.0,1
"Santa Maria View, Elegant 1b at PONTE VECCHIO",1.4625339288517727e+18,,43.76861,Entire home/apt,3.0,2017-07-26,103.0,0
"Maison@ldo: 4 double bedrooms with AC, 2 bathrooms",1.4672710733656517e+18,,43.7865606,Entire home/apt,1.0,2026-04-08,1.0,2
Appartamento Loft Piazza Dei Ciompi - Santa Croce,1.4671226133582666e+18,,43.7706425,Entire home/apt,2.0,2026-06-19,1.0,28
La Perla della Signoria-1 min. to Palazzo Vecchio,1.4673054599236465e+18,,43.76956,Entire home/apt,2.0,2026-06-20,1.0,25
Love at first sight in Florence,1.4626939953439045e+18,,43.77427,Entire home/apt,3.0,2026-05-28,2.0,20
Proconsolo Superior apartment,1.4673087858052675e+18,,43.77035,Entire home/apt,2.0,2026-06-07,1.0,29
Marisa | Design apartment in a 1930 building,1.4658412320159224e+18,,43.78109359741211,Entire home/apt,2.0,2026-06-05,2.0,14
Santo Spirito Apartment,1.4673165439639857e+18,,43.76553,Entire home/apt,2.0,2026-06-19,1.0,22
Renaissance Beauty,1.4630105292418552e+18,,43.76957,Entire home/apt,3.0,2026-06-20,1.0,19
Elegant apartment in the heart of Florence,1.4673199720128724e+18,,43.76932,Entire home/apt,1.0,2026-06-22,1.0,32
InnOltre:design apartment with a view in S.Spirito,1.4625274043164114e+18,,43.76618,Entire home/apt,1.0,2026-06-08,1.0,30
L' Attichino Loft with lift - Near train Station,1.4625931173914688e+18,,43.78763,Entire home/apt,2.0,2025-09-01,1.0,5
Mini loft - Florence Skyline view,1.467318140947187e+18,,43.77224,Entire home/apt,3.0,2026-06-21,1.0,24
Convenient and quiet Florence - Superhost,1.4626184905067894e+18,,43.75527341773369,Entire home/apt,1.0,2026-06-20,1.0,35
Ponte Vecchio Charming Suite,1.4627523633522555e+18,,43.7667,Entire home/apt,31.0,2020-02-25,2.0,0
Il più bel Lungarno di Firenze,1.4673390752319544e+18,,43.76766,Entire home/apt,2.0,2026-06-22,1.0,20
"A cocoon at the heart of Florence, private garage",1.4628976955288463e+18,,43.76375,Entire home/apt,1.0,2026-06-18,2.0,49
Heart of Florence,1.4673427107642545e+18,,43.76873,Entire home/apt,1.0,2025-11-16,1.0,3
Novella White Daisy Apartment,1.462615403375709e+18,,43.773,Entire home/apt,1.0,2026-02-20,15.0,3
"Asso's Place, Luxury Apartment with stunning view",1.4628983857647478e+18,,43.77134,Entire home/apt,4.0,2026-06-15,1.0,24
"Trebbio Uno Suite, Santa Maria Novella",1.462661312531639e+18,,43.77289,Entire home/apt,3.0,2026-06-21,12.0,24
Charming view over Florence! ( Sanitized ),1.4625598132032143e+18,,43.7711,Entire home/apt,1.0,2026-06-15,5.0,22
Borgo Stella Apartment,1.467358261096794e+18,,43.763203,Entire home/apt,2.0,2023-05-15,5.0,0
Modern flat,1.4673598355708485e+18,,43.77063,Private room,1.0,2026-06-20,1.0,47
Ponte Vecchio apartment with stunning view,1.4626602964786826e+18,,43.76631,Entire home/apt,31.0,2025-11-02,2.0,1
Central Florence King Room,1.4629021438105144e+18,,43.77966,Private room,1.0,2025-10-07,4.0,5
TERRAZZA + MICHELANGELO APARTMENTS,1.4625689048445268e+18,,43.76842,Entire home/apt,2.0,2026-06-04,12.0,1
Dimora Le Grazie,1.4629756175521393e+18,,43.76731,Entire home/apt,1.0,2026-06-28,1.0,1
Apartment in the old town of Florence,1.4627013152487493e+18,,43.77422,Entire home/apt,2.0,2026-06-19,1.0,18
bedroom/private bathhroom close to historical park,1.4626335964463332e+18,,43.786,Private room,1.0,2026-06-17,1.0,48
Gallery Flat - S. Maria Novella,1.4681778452459203e+18,,43.779,Entire home/apt,1.0,2026-06-13,46.0,20
"A Casa Signoria, in the city heart",1.4681778452459203e+18,,43.76903,Entire home/apt,1.0,2026-06-07,46.0,22
San Lorenzo with private terrace,1.4681778452459203e+18,,43.77655,Entire home/apt,1.0,2026-06-09,46.0,25
Authentic flat in the city centre,1.4681778452459203e+18,,43.76901,Entire home/apt,2.0,2026-05-17,46.0,28
Santa Croce Terrace - Holiday Home,1.4668399328689147e+18,,43.7696,Entire home/apt,1.0,2026-06-13,1.0,26
Appartamento con ampio giardino e portico,1.462906016928585e+18,,43.79365,Entire home/apt,3.0,2026-06-17,1.0,20
MORE THAN THIS ... cozy three-room apartment,1.4652683892300662e+18,,43.76689,Entire home/apt,1.0,2026-06-18,1.0,42
Angiolo’s tower Cimatori: amazing monumental view,1.4627104065023839e+18,,43.77072,Entire home/apt,3.0,2026-06-10,11.0,24
"Il B&B Casa dei Tintori, Il B&B tutto per te",1.4625286177973742e+18,,43.76741790771485,Private room,1.0,2024-01-04,10.0,0
Florence Santa Croce Via Ghibellina Wi-Fi and fre,1.4629074773813146e+18,,43.76896,Entire home/apt,1.0,2025-05-07,2.0,0
B&B mòsì -double room,1.462595322030737e+18,,43.76165,Hotel room,1.0,2024-05-27,4.0,0
DoubleBedRoom in a FancyApartment 10min to center,1.4627105048297498e+18,,43.77171,Entire home/apt,1.0,2025-06-18,1.0,0
CHARMING CONTI LOFT,1.4681882155581804e+18,,43.773551705560635,Entire home/apt,1.0,2026-06-24,1.0,78
"Casina Guelfa,  10 minute walk to Il Duomo",1.4626709930106286e+18,,43.77875,Entire home/apt,3.0,2026-04-11,1.0,11
"Firenze, ""A casa di Bibe"" - Zona Bellariva",1.4672033678836347e+18,,43.76756,Entire home/apt,2.0,2026-06-07,1.0,41
TOSCA romantic cathedral apt,1.4625995343143747e+18,,43.7752,Entire home/apt,1.0,2026-06-25,6.0,73
Barbi Loft [Fairy Alley – Florentine Charm],1.4638363993318505e+18,,43.787,Entire home/apt,1.0,2026-06-05,21.0,31
Riverside Apartment,1.462687244144813e+18,,43.76928,Entire home/apt,1.0,2025-09-28,50.0,5
SANTA CROCE BRIGHT STUDIO,1.462788669666425e+18,,43.76935,Entire home/apt,1.0,2026-06-08,5.0,49
Halfway Suite Charming Flat in a Noble Palace near Duomo,1.4626910939431606e+18,,43.77277,Entire home/apt,3.0,2026-06-08,3.0,12
Amelie’s Nest,1.468196829470655e+18,,43.76629,Entire home/apt,1.0,2026-06-20,1.0,41
"Bello, near Uffizi, appartamento Canto Rivolto",1.4681854913461524e+18,,43.76755,Entire home/apt,3.0,2026-06-22,1.0,21
Comfortable & quiet flat close to central station,1.465407612215788e+18,,43.78409,Private room,1.0,2025-06-16,2.0,0
Carmine's Nest,1.462818129387715e+18,,43.76677,Entire home/apt,2.0,2026-01-17,1.0,2
Florence house: my unforgettable Duomo view,1.4668933816295406e+18,,43.77714,Entire home/apt,2.0,2026-06-24,1.0,48
Fabulous 200sqm bright apartment San Francesco,1.4673518400168548e+18,,43.77764,Entire home/apt,3.0,2026-06-05,1.0,16
San Lorenzo Palace,1.462687244144813e+18,,43.77361,Entire home/apt,1.0,2026-06-15,50.0,5
Nonna Lina rooms,1.4625260577687652e+18,,43.76852,Private room,1.0,2025-11-11,1.0,19
best location!Florence Duomo,1.462914520694624e+18,,43.7753,Entire home/apt,4.0,2025-06-19,2.0,0
Curated 70s Design Apartment | Heart of Oltrarno,1.4682128258736602e+18,,43.764625549316406,Entire home/apt,3.0,2026-06-18,1.0,16
Dreamy Brunelleschi,1.462508712738516e+18,,43.7742,Entire home/apt,1.0,2026-05-31,1.0,15
Apartment San Pietro,1.4672100247325422e+18,,43.77688,Entire home/apt,1.0,2026-05-27,1.0,3
Wonderful Room overlooking the Dome of Florence,1.462657635770174e+18,,43.77322,Private room,1.0,2026-06-09,3.0,61
Numeroventi Loft 3,1.4625428045399593e+18,,43.770914,Entire home/apt,1.0,2019-10-05,5.0,0
Corte degli Agrumi Camera 1 Firenze con giardino,1.4626790817997683e+18,,43.78448,Private room,2.0,2026-06-03,4.0,19
"In the Beating Heart of Florence, Santo Spirito",1.4672294198742088e+18,,43.76688,Entire home/apt,1.0,2026-06-22,1.0,18
"Rovezzano B&B con piscina, a Firenze, Stanza matr.",1.462665254790761e+18,,43.76689,Private room,1.0,2026-06-25,3.0,25
Apartment historic center Florence  Laura e Marco,1.4682226377635894e+18,,43.77714,Entire home/apt,2.0,2026-06-17,1.0,58
Spacious apartment in the heart of Florence,1.462764521992158e+18,,43.76762,Entire home/apt,2.0,2026-06-09,35.0,10
FORTEZZA DA BASSO CHARMING HOUSE,1.4629182948844895e+18,,43.78891,Entire home/apt,31.0,2020-07-14,2.0,0
Super Central Single Room,1.4626143312775265e+18,,43.778778,Private room,1.0,2026-06-16,4.0,65
Super Central Vinyl Room,1.4626143312775265e+18,,43.7787811,Private room,2.0,2026-06-18,4.0,83
"Apartment Ala, experience Florence history",1.4682274259962135e+18,,43.77466,Entire home/apt,3.0,2026-06-09,1.0,31
Big Historical House Florence Old Town,1.4629190655458314e+18,,43.78542,Entire home/apt,3.0,2020-01-04,1.0,0
I due cipressi,1.4681900234825774e+18,,43.77897,Entire home/apt,2.0,2026-05-16,1.0,11
Giglio Verde By MMega,1.4626271213019407e+18,,43.78848,Entire home/apt,1.0,2024-08-03,259.0,0
Giglio Azzurro By MMega,1.4626271213019407e+18,,43.787,Entire home/apt,1.0,2026-06-14,259.0,5
Giglio Bianco By MMega,1.4626271213019407e+18,,43.78728,Entire home/apt,1.0,2026-06-13,259.0,4
Stone’s throw from Uffizi amazing view,1.4628130563181693e+18,,43.76755,Entire home/apt,1.0,2025-12-01,1.0,4
Casa Orange garden retreat - Free private parking,1.4667463637628782e+18,,43.76854,Entire home/apt,1.0,2026-05-24,1.0,20
Casa con parcheggio,1.462723046316104e+18,,43.7380874,Entire home/apt,3.0,,1.0,0
Ophelia,1.4682330007846932e+18,,43.77094268798828,Entire home/apt,2.0,2026-06-21,1.0,36
Appartamento luminoso 10 min dal centro,1.4626319155633795e+18,,43.73503,Entire home/apt,3.0,,2.0,0
Apartment Deluxe ZEUS,1.4629461147400246e+18,,43.77409,Entire home/apt,2.0,2026-05-10,6.0,2
Apartment with terrace historic center,1.4681805160894528e+18,,43.7779,Entire home/apt,1.0,2026-05-28,19.0,3
Apartment with balcony historic center,1.4681805160894528e+18,,43.7776,Entire home/apt,1.0,2026-04-18,19.0,1
Beccaria Suite,1.462687244144813e+18,,43.77078,Entire home/apt,1.0,2026-06-15,50.0,15
IL SAN LORENZO,1.4682379269091658e+18,,43.777199,Entire home/apt,2.0,2026-06-17,1.0,12
La casa di Fiorenza,1.4682396473504801e+18,,43.77364,Entire home/apt,2.0,2026-06-22,1.0,29
Cupolone Apartment by Mamo Florence,1.4626390518884895e+18,,43.77473,Entire home/apt,1.0,2026-01-29,197.0,3
Red Palestrina 1 bd.,1.4667276950298348e+18,,43.78073,Entire home/apt,1.0,2026-06-14,1.0,4
Florence central loft with rooftop view,1.4655980875438904e+18,,43.77369,Entire home/apt,2.0,2026-06-07,1.0,28
Top Floor Charme in the beating heart of Florence,1.468241569400449e+18,,43.76548,Entire home/apt,2.0,2026-06-24,2.0,43
Faenza double,1.4626995495990162e+18,,43.775768,Entire home/apt,1.0,2025-11-02,159.0,6
New Comfortable Studio in Oltrarno,1.4631405132795917e+18,,43.77054,Entire home/apt,7.0,2018-07-04,1.0,0
Appartamento La Guelfa,1.4682474208287107e+18,,43.77808,Entire home/apt,3.0,2026-06-17,4.0,24
2 Tornabuoni Boutique,1.4631341344536904e+18,,43.77339172363281,Hotel room,1.0,2026-06-04,2.0,10
4TORNABUONI OPERA,1.468246927708786e+18,,43.77339,Hotel room,1.0,2026-05-06,15.0,24
3 TORNABUONI BOUTIQUE GALLERY,1.468246927708786e+18,,43.772617,Hotel room,1.0,2026-06-12,15.0,52
Dream with the view Ponte Vecchio,1.4667639292627566e+18,,43.76754,Entire home/apt,1.0,2026-06-19,14.0,52
Ponte Vecchio Liberty,1.4684963756550584e+18,,43.76934,Entire home/apt,2.0,2026-06-14,2.0,11
Signoria Elegant Apartment By MMega,1.4626271213019407e+18,,43.77097,Entire home/apt,1.0,2026-03-04,259.0,18
Antonino Terrazza next SMN Station,1.468254435418435e+18,,43.77605,Entire home/apt,1.0,2026-06-19,6.0,8
Pied-a-terre Pitti,1.4655163105937551e+18,,43.76607,Entire home/apt,4.0,2025-08-27,3.0,6
Matrimoniale con bagno privato vicino alla tramvia,1.4625704520402783e+18,,43.77451,Private room,2.0,2024-09-15,6.0,0
Keys of Italy -Pergola19-Flat with inner courtyard,1.4632560235621256e+18,,43.77387619018555,Entire home/apt,1.0,2025-08-18,64.0,1
"Apartment Il Cestello degli Angeli, Florence",1.468252597008054e+18,,43.76997,Entire home/apt,2.0,2026-06-11,2.0,26
Monolocale Smart a un passo da Ponte Vecchio,1.4682583897987638e+18,,43.76621,Entire home/apt,31.0,2025-12-01,1.0,1
Visitflorentiapartment - The DAVID Apt,1.4625834875970762e+18,,43.78059,Entire home/apt,1.0,2026-06-13,5.0,79
THE FLORENCE NEST,1.468239523315555e+18,,43.783687591552734,Entire home/apt,1.0,2026-05-31,3.0,46
Soggiorno Luciani-Double Room with Shared Bathroom,1.4628926240526193e+18,,43.76227,Private room,2.0,2026-06-21,4.0,13
Flat studio Il Cestello degli Angeli Florence,1.468252597008054e+18,,43.76991,Entire home/apt,2.0,2026-06-05,2.0,29
Dave-Large Beautiful Private Attic Room & Batroom.,1.4682395456174943e+18,,43.7716,Private room,2.0,2026-06-01,3.0,38
casa del pellegrino home in florence,1.4629264283271923e+18,,43.78777313232422,Entire home/apt,2.0,2026-05-26,1.0,2
Attico di Sant'Ambrogio - Sweet Dreams in Florence,1.465579628809493e+18,,43.7728,Entire home/apt,1.0,2026-06-01,86.0,11
"Apt in the city center, connected to the airport",1.4625775547659177e+18,,43.77692,Entire home/apt,1.0,2026-06-19,3.0,11
Piccolo Iris Florence Historic Center,1.4629305766698816e+18,,43.77014,Entire home/apt,1.0,2026-01-07,2.0,5
"Mamma Orsa-Private Attic Room-AirCon, WiFi,Parquet",1.4682395456174943e+18,,43.77175,Private room,2.0,2026-06-03,3.0,27
Appartamento in zona centrale a Firenze,1.468172551986697e+18,,43.76995,Entire home/apt,1.0,2026-06-24,1.0,26
Secret Garden Florence by FlorenceHospitality,1.4673009396028552e+18,,43.77268,Entire home/apt,1.0,2026-05-30,16.0,6
"Superb Views of Duomo, silent penthouse, center!",1.4625284263273966e+18,,43.76722,Entire home/apt,2.0,2026-06-14,1.0,2
Very bright and wide room! 🌈,1.466973253559232e+18,,43.7757,Private room,1.0,2020-02-24,1.0,0
Chiarina's cozy studio,1.4625878619703516e+18,,43.77782,Entire home/apt,2.0,2026-06-23,2.0,31
Santo Spirito apartment,1.4654255384334106e+18,,43.767952,Entire home/apt,1.0,2026-06-12,6.0,43
Pergola Fiorentina - Terrace - Historical Center,1.4682904302903416e+18,,43.77421,Entire home/apt,1.0,2026-06-04,2.0,42
San Frediano 2 bedrooms + 2 bathrooms,1.4682942105381522e+18,,43.77088,Entire home/apt,4.0,2024-08-31,1.0,0
San Lorenzo Dome Apartment,1.4682891442215726e+18,,43.77496909383144,Entire home/apt,2.0,2026-05-29,1.0,27
San Giovanni lovely apartment in Oltrarno,1.4625255738086377e+18,,43.76977,Entire home/apt,31.0,2026-06-18,4.0,21
Duomo suite,1.4682952891972104e+18,,43.77417,Entire home/apt,2.0,2026-06-16,1.0,50
montebello street,1.4670620997960968e+18,,43.77638,Entire home/apt,1.0,2026-06-07,1.0,3
Appartamento ampio in zona centrale,1.467200665684914e+18,,43.78645,Entire home/apt,31.0,,1.0,0
Casa Pergola,1.4683003098935657e+18,,43.77599,Entire home/apt,1.0,2026-06-10,1.0,91
In the real heart of Florence!,1.467215592681054e+18,,43.77177,Private room,6.0,2026-03-03,2.0,5
Luxury Petra San Frediano By MMega,1.4626271213019407e+18,,43.76767,Entire home/apt,1.0,2026-06-14,259.0,9
Lory Bedroom Apartment,1.4668946516118198e+18,,43.77702,Private room,1.0,2026-06-06,1.0,11
La Casa Rosa del Galluzzo,1.4683054357734382e+18,,43.73493,Entire home/apt,3.0,2019-10-21,1.0,0
Ponte Vecchio Paradiso,1.4654946997060846e+18,,43.76809,Entire home/apt,2.0,2026-06-11,6.0,51
B&B Lorenzo&Lorenzo vol.2,1.4625464745370685e+18,,43.76363,Private room,1.0,2026-05-28,13.0,7
Cozy double room with private bathroom,1.4626959669862894e+18,,43.78774,Private room,2.0,2026-06-08,1.0,35
Fiume 1 Apartment by 360 Rentals,1.4625115071325087e+18,,43.77666,Entire home/apt,1.0,2026-06-12,22.0,13
"""Il Ponte"" Apartment in Florence",1.5293363909757678e+18,,43.78533,Entire home/apt,1.0,2026-06-25,1.0,33
Cozy  and chic apartment in the heart of Florence,1.4629611090946593e+18,,43.77236,Entire home/apt,1.0,2026-06-17,8.0,71
La casa dei libri,1.4625649821112381e+18,,43.77762,Entire home/apt,3.0,2026-06-18,1.0,19
Lambertesca  · The house of Secret in Ponte Vecchi,1.462706031679236e+18,,43.76882,Entire home/apt,1.0,2026-06-22,5.0,91
Appartamento Centrale per gruppo di ragazzi,1.462624047109911e+18,,43.7673,Entire home/apt,2.0,2023-08-13,18.0,0
Residenza Historia - Venere,1.4656250180639414e+18,,43.7695,Private room,1.0,2026-05-12,12.0,6
Appartamento a 7 minuti dalla stazione centrale,1.4668817419320397e+18,,43.78662,Entire home/apt,1.0,2026-05-17,3.0,12
The cozy painted house in Florence,1.4629433063128888e+18,,43.761219,Entire home/apt,2.0,2026-06-12,3.0,31
Fantastico appartamento,1.4683171029597548e+18,,43.73721,Private room,31.0,,1.0,0
"Pepi Studio, brand new cozy staying in Florence",1.4627717970122373e+18,,43.77349,Entire home/apt,31.0,2023-10-07,1.0,0
"Capitelli Suite,  few steps from the Duomo!",1.462661312531639e+18,,43.77154,Entire home/apt,3.0,2026-06-11,12.0,28
last minute room!,1.4629450690490112e+18,,43.78010244931243,Private room,2.0,2026-06-04,1.0,34
Bright room in Florence,1.4683279718106412e+18,,43.79203,Private room,1.0,2026-06-22,2.0,82
Casa Chiantigiana 131/B,1.4683293472430164e+18,,43.74581,Private room,1.0,2020-02-09,1.0,0
Rustic Charm in Santa Croce,1.4683305260202563e+18,,43.76942,Entire home/apt,10.0,2026-05-09,1.0,10
Cozy Central Nest near Santa Croce,1.4629472023647327e+18,,43.76683,Entire home/apt,1.0,2026-06-22,1.0,51
"Country House ""Il Sabatino"" on Florence's hills.",1.468327956340674e+18,,43.72964,Entire home/apt,1.0,2026-06-15,1.0,30
Meadow Forty-Five - Sweet Dreams in Florence,1.465579628809493e+18,,43.77556,Entire home/apt,1.0,2026-06-11,86.0,2
Rosmarino · long stay downtown | by Acacia®,1.4625121549969098e+18,,43.76974,Entire home/apt,1.0,2024-06-30,29.0,0
"Florence, spacious room 3km from central station Z",1.4625132235860086e+18,,43.79775,Private room,1.0,2024-09-18,6.0,0
Ponte Vecchio Corner - San Jacopo,1.4625339288517727e+18,,43.76755,Entire home/apt,31.0,2023-07-01,103.0,0
Corte dei Passi - Triple Room,1.4683433240722363e+18,,43.7816,Private room,1.0,2024-03-30,3.0,0
"Oltrarno, Santo Spirito stylish e silenzioso flat",1.4629502557681234e+18,,43.76477,Entire home/apt,2.0,2026-06-26,1.0,39
Giotto apartment in S.Maria Novella square,1.462587995810395e+18,,43.77385,Entire home/apt,3.0,2026-06-11,2.0,48
.1 Casa Natura in Oltrarno,1.462707363614162e+18,,43.76614,Entire home/apt,1.0,2026-06-12,2.0,76
Cozy & Sunny Big room near city center,1.4656943579693673e+18,,43.77522,Private room,2.0,2026-04-26,3.0,16
Maggio Terrace - 360° views,1.4627685989414874e+18,,43.76632308959961,Entire home/apt,3.0,2018-08-31,46.0,0
"Bright, Modern, and Spacious  in Piazza Repubblica",1.4627685989414874e+18,,43.77136993408203,Entire home/apt,3.0,2022-08-16,46.0,0
Lucy's Apartment in Santo Spirito,1.468254435418435e+18,,43.766689,Entire home/apt,3.0,2026-06-13,6.0,17
Appartamento nel cuore di Firenze,1.4625906777414868e+18,,43.7685,Entire home/apt,3.0,,10.0,0
FABULOUS 3BD-3BA APARTMENT IN TOP  LOCATION!,1.4683636604959462e+18,,43.76926,Entire home/apt,2.0,2025-12-31,2.0,2
"Lovely apartment, close to Arno River",1.4655320604416005e+18,,43.76631,Entire home/apt,3.0,2026-06-02,1.0,5
C3 Duomo Deluxe 2 bedrooms apartment with elevator,1.4657563353837105e+18,,43.775719,Entire home/apt,1.0,2026-04-06,6.0,22
Prestige Signoria By MMega,1.4626271213019407e+18,,43.76862,Entire home/apt,1.0,2026-04-19,259.0,17
Lovely apartment in the heart of Florence,1.4629611090946593e+18,,43.76537322998047,Entire home/apt,1.0,2026-06-20,8.0,9
Pier Capponi Apartment,1.4683779802812657e+18,,43.77968,Entire home/apt,2.0,2022-07-31,1.0,0
MDR Duomo Red Apartment,1.462764521992158e+18,,43.77426,Entire home/apt,1.0,2026-06-13,35.0,43
Quiet Modern House in Walking distance from Center,1.4626200432765325e+18,,43.76659,Entire home/apt,2.0,2026-06-16,3.0,24
Terrace Overlooking Florence - Santa Croce,1.4627685989414874e+18,,43.77208,Entire home/apt,2.0,2025-04-15,46.0,0
Quiet & independent at the Duomo,1.46261485236495e+18,,43.7719,Entire home/apt,1.0,2026-06-18,19.0,13
Elisa Apartment,1.4626995495990162e+18,,43.78126,Entire home/apt,1.0,2026-06-01,159.0,2
"CHARMING SUITE CAVOUR, A FEW STEPS FROM THE DUOMO",1.4625247002845143e+18,,43.77611,Entire home/apt,2.0,2026-03-24,5.0,1
"MiniAppartamento luminoso, pochi minuti dal centro",1.462659422396396e+18,,43.77991,Entire home/apt,31.0,2020-08-16,1.0,0
Charming Apt Les Borges - in the heart of Florence,1.4654955735767754e+18,,43.77134,Entire home/apt,2.0,2026-06-26,1.0,21
Home in Florence with pool and garden,1.462665254790761e+18,,43.76872,Entire home/apt,7.0,2025-08-30,3.0,6
Florence View Amazing Panorama - Fibra,1.4654170333275756e+18,,43.78577,Entire home/apt,3.0,2026-04-30,1.0,6
MDR Central Luxury Attic With Private TOP Terrace,1.462764521992158e+18,,43.77422,Entire home/apt,1.0,2026-06-10,35.0,39
Green Room The Place for Travelers in Florence,1.4627193643032573e+18,,43.77248,Private room,1.0,2026-06-10,4.0,54
Ricasoli Penthouse - Best view of the cathedral,1.4684106423393992e+18,,43.77516,Entire home/apt,2.0,2026-06-14,1.0,35
Santa Croce Luxury 6 Bedroom - Panoramic Terrace,1.4627685989414874e+18,,43.77074,Entire home/apt,1.0,2026-06-11,46.0,13
Luxury historic apartment with Terrace • Oltrarno,1.4628810298252296e+18,,43.7674996853146,Entire home/apt,1.0,2026-06-09,1.0,6
B - Appartamenti CORSO 3 - Nel cuore di Firenze,1.4629500061314596e+18,,43.7716,Entire home/apt,1.0,2026-06-21,4.0,61
Sleep Florence Suite Presto,1.4672217561035249e+18,,43.77132,Entire home/apt,1.0,2026-06-14,1.0,51
"Central Cottage, garden and private parking",1.462637292138699e+18,,43.77535,Entire home/apt,1.0,2026-06-13,2.0,63
"Duomo  0,14 mi away, 750 sqft, wifi and AC!",1.46261594027769e+18,,43.77162,Entire home/apt,4.0,2026-01-01,2.0,2
"B&B di Luigi a Firenze, Stanza singola",1.4625595337510776e+18,,43.772422790527344,Private room,1.0,2026-06-11,6.0,47
Botticelli's loft,1.4626953669606548e+18,,43.77247,Entire home/apt,1.0,2026-06-20,1.0,32
Casetta Rosina,1.4681778452459203e+18,,43.77667,Entire home/apt,1.0,2026-06-08,46.0,24
Sognando Michelangelo - apt.&garage in Florence,1.4683720555737352e+18,,43.75857,Entire home/apt,2.0,2026-06-08,1.0,45
Appartamento Sant’Ambrogio Centro Storico,1.4684495671010422e+18,,43.76995086669922,Entire home/apt,2.0,2026-06-06,1.0,18
Typical Florentine Apartment,1.462687244144813e+18,,43.77244,Entire home/apt,1.0,2026-06-22,50.0,37
Palazzo Capponi-Apt Alvaro,1.4626216959405757e+18,,43.76669,Entire home/apt,1.0,2024-11-25,9.0,0
"The nest on the roof
Il nido sul tetto",1.462671883611142e+18,,43.75764,Private room,1.0,2026-05-17,1.0,2
"B&B di DuomoviewBb, Smart room",1.462957445594734e+18,,43.77438,Private room,3.0,2019-09-27,2.0,0
"Cosy room in Center ""La Stanza di Frida"" Firenze",1.46302725664347e+18,,43.78054225833469,Private room,1.0,2026-05-31,1.0,18
Santa Maria Novella Studio,1.468456191421208e+18,,43.77577,Entire home/apt,1.0,2026-05-04,1.0,3
Cavour attic,1.4684565720073224e+18,,43.77652,Entire home/apt,1.0,2026-06-23,1.0,39
LAURA COZY NEST in a garden court by the David,1.4626910939431606e+18,,43.77579,Entire home/apt,4.0,2026-06-15,3.0,27
Berardi Palace Apartments,1.4626388129137106e+18,,43.77137,Entire home/apt,1.0,2026-06-13,7.0,8
San marco design Apartment near San Lorenzo,1.4625339288517727e+18,,43.77899,Entire home/apt,1.0,,103.0,0
Central Florence Prince Room,1.4629021438105144e+18,,43.77966,Private room,1.0,2025-10-08,4.0,9
"B&B di Luigi a Firenze, Stanza matrimoniale 1",1.4625595337510776e+18,,43.772422790527344,Private room,1.0,2026-04-22,6.0,3
Appartamento Centro Storico  Terrazzo Panoramico,1.4684783359751744e+18,,43.76942,Entire home/apt,1.0,2026-06-18,1.0,24
"Rovezzano B&B con piscina, a Firenze, Stanza dopp.",1.462665254790761e+18,,43.76689,Private room,1.0,2026-06-27,3.0,11
Velvet Loft - Firenze,1.4670404792621414e+18,,43.76709,Entire home/apt,3.0,2026-04-24,1.0,5
Palazzo Della Nave - AP 05,1.462516394842093e+18,,43.7732,Entire home/apt,1.0,2026-06-05,10.0,32
Piazzale Michelangelo among the olive trees,1.4684856776588972e+18,,43.76013,Entire home/apt,1.0,2026-06-21,2.0,41
Oasi di Relax nel cuore di Firenze,1.4684892523267052e+18,,43.772552490234375,Entire home/apt,3.0,2023-08-29,1.0,0
Double room w private bathroom at Gigetti's home,1.465306161076481e+18,,43.76951,Private room,2.0,2026-06-25,1.0,23
Casa Lilia - Florence,1.4625177794353467e+18,,43.77211,Entire home/apt,1.0,2026-05-29,1.0,22
"** CENTRAL ** Comfy
Artist’s Home",1.4668504157027663e+18,,43.76995,Entire home/apt,1.0,2026-05-30,1.0,44
Central louisa apartment,1.4629886731058783e+18,,43.78005,Entire home/apt,1.0,2026-06-16,19.0,25
San Domenico 18,1.4681908606039665e+18,,43.78928,Entire home/apt,3.0,2026-06-01,1.0,8
SUITE MEDICEA***** - CENTRO STORICO,1.4684973225260782e+18,,43.7755,Entire home/apt,2.0,2026-06-16,2.0,2
Wine Apartments Florence Ansonica,1.4627648749364001e+18,,43.77093,Entire home/apt,1.0,2022-07-01,44.0,0
Appartamento nuovo Firenze Torregalli_Nuvola Viola,1.4685005140351534e+18,,43.75975,Entire home/apt,2.0,,2.0,0
la chiave di sol camera matrimoniale con bagno,1.4628399110768701e+18,,43.77117,Entire home/apt,2.0,2020-07-01,3.0,0
The Tower of San Niccolò,1.4685042002805804e+18,,43.76444,Entire home/apt,1.0,2026-06-13,1.0,17
Revisit the Past Under Antique Ceilings in Historic Downtown,1.4670787214781212e+18,,43.7706,Entire home/apt,2.0,2024-05-12,9.0,0
Nordic style central apartment,1.4654017461965092e+18,,43.77556,Entire home/apt,31.0,2025-06-30,2.0,1
Beautiful apartment nera the city center,1.462983843700477e+18,,43.79236,Entire home/apt,2.0,2025-08-19,1.0,1
Feel like a Florentine!!!,1.4625432045201917e+18,,43.7665,Entire home/apt,2.0,2026-06-18,1.0,18
Taddea Loft - Italian Nights Collection,1.4627054192253555e+18,,43.77708,Entire home/apt,2.0,2026-06-10,9.0,22
Il cotto,1.4685145974669187e+18,,43.7679,Entire home/apt,21.0,2025-12-03,1.0,3
Tornabuoni Suites Collection-Palazzo Vecchio Suite,1.4626806517689257e+18,,43.7702,Private room,1.0,2022-10-10,7.0,0
Shop on Via Tornabuoni from a Stunning Apartment in Florence,1.4626806517689257e+18,,43.7707,Entire home/apt,1.0,2026-05-20,7.0,1
Tornabuoni Suites Collection  - Gherardi Uguccioni,1.4626806517689257e+18,,43.7704,Private room,1.0,2024-09-09,7.0,0
Centralissimo appartamento a  Firenze,1.4627153479701235e+18,,43.77236,Entire home/apt,2.0,2026-06-21,2.0,40
RENAISSANCE APARTMENT IN FRONT OF PITTI PALACE,1.4685180313264266e+18,,43.7659,Entire home/apt,3.0,2026-05-31,1.0,16
Independent bedroom with private bathroom,1.4626169437348285e+18,,43.78602,Private room,1.0,2026-06-12,3.0,30
Quiet & Beautiful Loft with Garden,1.4671497110863634e+18,,43.78457,Entire home/apt,2.0,2018-11-03,1.0,0
"Florence, Duomo, “Dante” with Unique Terrace",1.465423829837483e+18,,43.77033,Entire home/apt,1.0,2026-06-26,10.0,58
Central Florence “Michelangelo” with Patio,1.465423829837483e+18,,43.77033,Entire home/apt,1.0,2026-06-22,10.0,42
"1BR Modern Charm Hideaway, Ponte Vecchio",1.4631771820314074e+18,,43.77058,Entire home/apt,2.0,2026-06-24,4.0,22
Private Terrace •Panoramic Duomo View • 5 min walk,1.4685220646885215e+18,,43.7726,Entire home/apt,1.0,2026-01-17,16.0,4
CLOSE TO DUOMO APARTMENT,1.468522796811492e+18,,43.77461,Entire home/apt,1.0,2026-06-16,1.0,15
Bellissimo Studio a Ponte Vecchio con Balcone,1.462624047109911e+18,,43.766876220703125,Entire home/apt,2.0,2026-06-11,18.0,22
Huge apartment 200m from Signoria Square 6+1,1.4685220646885215e+18,,43.77005,Entire home/apt,1.0,2026-01-01,16.0,9
“Elegant Flat with Large Terrace”,1.4653867392018e+18,,43.79035,Entire home/apt,3.0,2026-06-03,1.0,5
"•Stanza, 200mt stazione Rifredi, bagno privato•",1.468528202621548e+18,,43.80311,Private room,2.0,2026-06-03,1.0,19
STYLISH APARTMENT ♥,1.4685290321440468e+18,,43.77657,Entire home/apt,1.0,2026-06-15,1.0,55
Little Old Campuccio,1.468529515195135e+18,,43.76466,Private room,2.0,2026-06-09,1.0,23
Mimi Suite - Brand new flat Santa Maria Novella,1.466779274109451e+18,,43.77539,Entire home/apt,1.0,2026-06-05,10.0,35
"Dimora Pieri- Corsini Apartment, San Frediano",1.4654679367524454e+18,,43.76619,Private room,2.0,2023-03-26,7.0,0
"Dimora Pieri- Ricasoli Apartment, San Frediano",1.4654679367524454e+18,,43.76619,Private room,2.0,,7.0,0
Dimora Pieri- Pitti Apartment with living room,1.4654679367524454e+18,,43.76619,Private room,2.0,,7.0,0
CozyandChich Private Room Long stay in Florence,1.468251278075048e+18,,43.79071,Private room,31.0,,3.0,0
Rodolfo Suite - Brand new flat Santa Maria Novella,1.466779274109451e+18,,43.77539,Entire home/apt,1.0,2026-06-12,10.0,25
FIRENZE FORTEZZA - Appartamento Ausonia 2,1.4685292265334812e+18,,43.78532,Entire home/apt,1.0,2026-06-22,2.0,36
Central Strozzi By MMega,1.4626271213019407e+18,,43.76916,Entire home/apt,1.0,2026-06-17,259.0,40
La Piccola Large,1.4652684136738527e+18,,43.7958986,Entire home/apt,2.0,2018-04-02,2.0,0
Romantic spring in the secret garden,1.4628226487880525e+18,,43.76246,Entire home/apt,1.0,2026-06-01,1.0,53
Cupola View,1.4685418846054625e+18,,43.7771,Entire home/apt,1.0,2024-10-06,2.0,0
Zanobino,1.466976263448691e+18,,43.7793,Entire home/apt,2.0,2025-11-03,2.0,12
🔑 The Smile Apartment 😃,1.465521086821284e+18,,43.77368,Entire home/apt,3.0,2026-06-08,1.0,5
Santa Croce apartment,1.4681778452459203e+18,,43.7683,Entire home/apt,1.0,2026-06-05,46.0,14
Florence Sunset Luxury Duomo View Penthouse,1.4625817364913495e+18,,43.77089,Entire home/apt,1.0,2026-06-25,4.0,32
Lo Studiolo - QK Costa58 Home Tower,1.4630041441268134e+18,,43.76505,Entire home/apt,2.0,2026-06-08,8.0,11
Just renovated chill out on the roof,1.4654174383606543e+18,,43.76929,Entire home/apt,2.0,2026-06-06,2.0,28
Bilocale nel cuore di S.Lorenzo- Central apartment,1.4626614325878395e+18,,43.7776,Entire home/apt,2.0,2025-10-30,2.0,3
Casa Fiorentina- Michelangelo room,1.4685480525221842e+18,,43.77851,Private room,1.0,2026-06-07,12.0,38
[Duomo] Appartamento storico nel cuore di Firenze,1.4685571234497172e+18,,43.77377700805664,Entire home/apt,2.0,2026-06-22,2.0,29
VELLUTI LOFT in San Frediano,1.4685578575401298e+18,,43.76596,Entire home/apt,31.0,2018-06-09,1.0,0
Enjoy a Boutique Penthouse Near the Duomo,1.4685583531961864e+18,,43.77364,Entire home/apt,1.0,2026-06-05,2.0,38
Elegant and independent flat in Florence,1.4685220646885215e+18,,43.77013,Entire home/apt,1.0,2022-07-07,16.0,0
My Flat in Florence Rosso Fiorentino,1.4685540227191e+18,,43.76695,Entire home/apt,1.0,2026-06-21,2.0,18
Adelaide House Via dello Studio,1.4655833122398897e+18,,43.77259,Private room,1.0,2026-06-01,6.0,9
Tre Lune Camera Matrimoniale nel cuore di Firenze,1.4685631114438042e+18,,43.77243,Hotel room,1.0,2026-03-17,8.0,3
Affacci Sulla Via - QK Costa58 Home Tower,1.4630041441268134e+18,,43.76654,Entire home/apt,2.0,2026-05-02,8.0,1
Il Camino - QK Costa58 Home Tower,1.4630041441268134e+18,,43.76699,Entire home/apt,2.0,2026-06-20,8.0,26
Casa Fiorentina- Galileo room,1.4685480525221842e+18,,43.77845,Private room,1.0,2026-06-06,12.0,35
Remigio View～ Lovely Terrace & cls Santa Croce,1.4628731598951841e+18,,43.76815,Entire home/apt,2.0,2026-05-25,32.0,40
Loft Elisa a due passi dal centro storico,1.4684088803929838e+18,,43.78258,Entire home/apt,2.0,2026-05-25,1.0,5
Firenze Piazza Libertà Sole,1.4685618345968778e+18,,43.78335,Private room,2.0,2026-05-18,4.0,15
MUSICA tres chic free wi fi   lift A/C,1.4630020306954388e+18,,43.77971,Entire home/apt,4.0,2020-01-01,15.0,0
CaseMaggi Florence Historic City Center Apartment,1.4685760519770307e+18,,43.77227,Entire home/apt,3.0,2026-06-15,1.0,13
CASA AMELIE - APARTAMENT IN FLORENCE,1.4630124403797417e+18,,43.77245,Entire home/apt,2.0,2026-06-23,1.0,9
Apt downtown Oltrano first floor wifi,1.4626644310848968e+18,,43.76629,Entire home/apt,2.0,2026-06-07,1.0,24
"Coderooms Firenze, la tua camera in centro!",1.4685741196778148e+18,,43.77035,Private room,1.0,,5.0,0
"Coderooms Firenze, la tua camera in centro!",1.4685741196778148e+18,,43.77035,Private room,1.0,,5.0,0
"Coderooms Firenze, la tua camera in centro!",1.4685741196778148e+18,,43.77134,Private room,1.0,2018-01-02,5.0,0
Flat in the historic center of Florence,1.468580464573614e+18,,43.7755,Entire home/apt,3.0,2026-06-14,2.0,8
Rooftop with Breathtaking Views. Short Walk to The Duomo.,1.4685843734122235e+18,,43.78322,Entire home/apt,2.0,2026-06-11,1.0,45
Campuccio 21 By MMega,1.4626271213019407e+18,,43.76445,Entire home/apt,1.0,2026-05-24,259.0,2
Casa Fiorentina - Dante room,1.4685480525221842e+18,,43.77844,Private room,1.0,2026-06-04,12.0,33
Tabata apartment in the heart of Florence,1.4685936361633856e+18,,43.77576,Entire home/apt,2.0,2026-06-15,1.0,41
Via dei Fossi apartment,1.4682275448687304e+18,,43.7711,Entire home/apt,2.0,2026-06-11,10.0,39
Apartment in Renaissance Palace.,1.4628487279018657e+18,,43.77478,Entire home/apt,1.0,2026-06-19,8.0,43
Nel cuore di Firenze con corte privata,1.468594740080771e+18,,43.77519,Entire home/apt,2.0,2026-06-14,1.0,36
Home Magè Florence with private garage and balcony,1.4669934665831337e+18,,43.77943,Entire home/apt,2.0,2026-04-05,2.0,12
"""Annunziata Suite 2"" - Center of Florence.",1.4685913362098207e+18,,43.77724,Entire home/apt,2.0,2026-06-20,2.0,39
A due passi dal centro e lontano dal caos,1.463027299081854e+18,,43.75235,Entire home/apt,3.0,2026-06-20,1.0,28
Living in the history of Firenze,1.4627109388554634e+18,,43.76987,Entire home/apt,31.0,,4.0,0
Il salotto del Maestro,1.4630310422781235e+18,,43.77896,Entire home/apt,1.0,2026-06-24,1.0,67
Bufalini 3 - Michelangelo by Interhome,1.4685723327229443e+18,,43.77368,Entire home/apt,1.0,2023-06-05,9.0,0
"2 floors apt: 2 beds, 2 bathrooms next to Stadium",1.4626065578819223e+18,,43.77691828325165,Entire home/apt,1.0,2026-05-01,1.0,8
Il calore di un nido a due passi da Ponte Vecchio,1.4655825425473416e+18,,43.76764,Entire home/apt,2.0,2026-06-24,1.0,45
Sophisticated Ponte Vecchio Apartment with Rooftop Views,1.4686181332065818e+18,,43.76719,Entire home/apt,2.0,2026-06-18,1.0,37
Amazing old bridge Florence - Mannelli Suite,1.4686192429072335e+18,,43.76713,Entire home/apt,2.0,2021-08-23,2.0,0
Matthew’s House,1.462518970562841e+18,,43.76617,Private room,2.0,2026-06-06,1.0,16
Luxury Blue River By MMega,1.4626271213019407e+18,,43.76646,Entire home/apt,1.0,2026-06-20,259.0,17
Chic Loft in a Restored Couch House,1.463037513534358e+18,,43.76887,Entire home/apt,2.0,2026-05-11,2.0,32
"Flat in the heart of Florence, Santa Croce area",1.468630745012039e+18,,43.77328,Entire home/apt,2.0,2026-06-21,1.0,31
"""Annunziata Suite 1"" - Center of Florence.",1.4685913362098207e+18,,43.77699,Entire home/apt,2.0,2026-06-14,2.0,37
CASA AMELIE,1.462767203347116e+18,,43.76584,Entire home/apt,31.0,2022-10-28,6.0,0
Tre Lune Camera Singola nel Cuore di Firenze,1.4685631114438042e+18,,43.7725,Hotel room,1.0,2026-05-16,8.0,2
Lovely nest near Florence city centre,1.4626823302857167e+18,,43.78613,Entire home/apt,2.0,2026-05-25,2.0,18
DiladdArno Holiday Home,1.4686374656939694e+18,,43.75871276855469,Entire home/apt,2.0,2025-07-22,1.0,1
Casa Cecilia sopra il Duomo,1.4686396174682394e+18,,43.770607708941675,Entire home/apt,3.0,2026-06-12,1.0,16
Geppi Superior al Ponte Vecchio,1.4628316320401782e+18,,43.76908,Entire home/apt,1.0,2026-05-18,2.0,11
GuestHost - Dimora Fiorentina in Florence's Heart,1.4671577548808717e+18,,43.77582,Entire home/apt,1.0,2026-06-25,102.0,34
La Clara,1.466877377347227e+18,,43.79614,Entire home/apt,190.0,2019-08-22,4.0,0
"Leo's place, cozy city centre appartment",1.4667629659778747e+18,,43.77315,Entire home/apt,1.0,2026-06-16,1.0,27
Allegri4 il Loft dell'armonia,1.4686276914276035e+18,,43.76942,Entire home/apt,1.0,2026-06-21,1.0,25
Santa Croce appartamento wi-fi aria condizionata,1.4686630432664684e+18,,43.76974,Entire home/apt,3.0,2024-03-11,1.0,0
Beautiful  terrace in Florence,1.4671781833648397e+18,,43.76826,Entire home/apt,1.0,2026-06-19,2.0,50
Looking for the perfect stay  Florence? Here it is,1.4655939125256924e+18,,43.77307,Entire home/apt,2.0,2026-06-25,1.0,24
La Piccola Corte Fiorentina nearby Duomo,1.468485766527899e+18,,43.77633,Entire home/apt,3.0,2026-06-01,2.0,31
MELARANCIO 2 IN THE HEART OF FLORENCE,1.4626929635672686e+18,,43.7755,Entire home/apt,3.0,2026-05-29,13.0,4
Acacia Firenze - Verbena,1.4625121549969098e+18,,43.76956,Entire home/apt,1.0,2026-06-22,29.0,18
Palazzo Della Nave - AP 09,1.462516394842093e+18,,43.77309,Entire home/apt,1.0,2026-06-15,10.0,33
"Pitti - Flo Apartments, charme su Piazza Pitti",1.4652865101990093e+18,,43.7654,Entire home/apt,1.0,2026-06-19,26.0,13
La Casa di Cosimo,1.4630579197758464e+18,,43.76886,Entire home/apt,2.0,2026-06-23,1.0,31
Arno House- Modern riverfront 1 bedroom 1 bath,1.468681455006394e+18,,43.77444,Entire home/apt,1.0,2026-06-12,2.0,60
GREENHOUSE 1 APARTMENT QUIET AND ELEGANT,1.4626929635672686e+18,,43.75944,Entire home/apt,3.0,2026-06-19,13.0,5
RORI APARTMENT WITH OUTDOOR SPACE,1.4686894264295176e+18,,43.786816,Entire home/apt,1.0,2026-04-19,2.0,1
Appartamento centro con terrazzo Amorino,1.4625848556245765e+18,,43.77509,Entire home/apt,1.0,2026-06-16,4.0,32
ME- aparrment,1.4625318817205164e+18,,43.76973,Entire home/apt,2.0,2025-10-23,3.0,1
Il Moro Apartment by Mamo Florence,1.4626390518884895e+18,,43.77312,Entire home/apt,1.0,2026-05-18,197.0,9
Clara Domus Florentine House,1.4686947766987592e+18,,43.77106,Entire home/apt,3.0,2025-10-11,1.0,1
Casa Sani little apartment close to Ponte Vecchio,1.4626236061039626e+18,,43.76741,Entire home/apt,15.0,2026-05-23,6.0,10
Signoria Room between art and romance in Florence,1.4668482261449165e+18,,43.76888,Private room,1.0,2026-06-12,3.0,58
Pepi Garden Loft with Jacuzzi Pool,1.4628899024020398e+18,,43.77242,Entire home/apt,2.0,2026-06-10,18.0,28
Welcome in Florence Cozy Room,1.4671822002451904e+18,,43.75730722001073,Private room,1.0,2026-06-15,1.0,14
San Lorenzo's Shelter.,1.4687024158956877e+18,,43.77749,Entire home/apt,2.0,2026-06-20,1.0,22
Historic Comfort- Renovated 2 bedroom 1 bath,1.468681455006394e+18,,43.77444,Entire home/apt,1.0,2026-06-12,2.0,29
Capponi Suite,1.462687244144813e+18,,43.77905,Entire home/apt,1.0,2026-06-02,50.0,27
Palazzo Alfani Residence  - Deluxe apartment,1.4625232439819238e+18,,43.7776,Entire home/apt,2.0,2023-09-23,5.0,0
A&G - Modern penthouse with a magnificent view,1.4629465489584914e+18,,43.77792,Entire home/apt,2.0,2026-05-22,5.0,18
Central cozy flat w/ elevator. 2' Duomo & Station,1.4654054461244785e+18,,43.77781,Entire home/apt,2.0,2026-06-23,1.0,50
Angeli in Costa San Giorgio,1.4626054943123735e+18,,43.76675,Entire home/apt,3.0,2026-05-27,1.0,10
"Pitti Penthouse, 2 terraces with view!",1.462999696892506e+18,,43.76683,Entire home/apt,3.0,2026-05-09,2.0,5
Flower Cathedral Orchid Room 2 - Duomo View!,1.4656458684271526e+18,,43.77346,Private room,1.0,2026-06-10,4.0,12
Duomo Breathtaking View,1.4626840330065997e+18,,43.77378845214844,Entire home/apt,1.0,2026-06-07,15.0,41
Andrea's House. Cls to all amenities.,1.4686703766569528e+18,,43.77961,Entire home/apt,4.0,2026-06-13,1.0,4
Flower Cathedral Rose Room 1 - Duomo View,1.4656458684271526e+18,,43.77449,Private room,1.0,2026-04-24,4.0,2
Borgo Pinti Apartment,1.4681778452459203e+18,,43.77363,Entire home/apt,1.0,2026-06-03,46.0,14
"Ponte Vecchio charming apartment ""Red""",1.4625116067746196e+18,,43.7703,Entire home/apt,2.0,2026-06-12,16.0,35
"Camera con terrazzo( solo terrazzo,zona fumatori)",1.4628934105347679e+18,,43.78186,Private room,3.0,2026-06-18,4.0,13
Iris 2 apartment By MMega,1.4626271213019407e+18,,43.77017,Entire home/apt,1.0,2026-06-18,259.0,13
Bilocale a 150 metri dal Duomo di Firenze (Rosso),1.463057953327111e+18,,43.7757,Entire home/apt,2.0,2026-05-25,2.0,13
Room close to city center (green room),1.4629466549997952e+18,,43.78117,Private room,1.0,2026-06-09,2.0,107
Stylish & Charming suite next to Il Duomo,1.4630546590197005e+18,,43.77113342285156,Entire home/apt,1.0,2026-05-23,11.0,25
Residenza Covoni - Spacious Apartment Duomo View,1.4683828846424164e+18,,43.770485,Entire home/apt,1.0,2026-06-18,6.0,8
La Porziuncola,1.4687220169269844e+18,,43.78277,Entire home/apt,2.0,2025-11-01,1.0,1
Old Tower Ponte Vecchio Suite A,1.462687244144813e+18,,43.77021,Entire home/apt,2.0,2026-06-11,50.0,7
Cozy Macci flat 4 people near Santa Croce Square,1.4670787214781212e+18,,43.77091,Entire home/apt,1.0,2025-12-01,9.0,14
d Accademia Suite,1.468441318767874e+18,,43.77707,Private room,1.0,2026-06-09,4.0,38
Flower Cathedral Giglio Room 3 - Courtyard View!,1.4656458684271526e+18,,43.77382,Private room,1.0,2022-10-01,4.0,0
TwelveHolly apartment,1.4687293736976036e+18,,43.77719,Entire home/apt,1.0,2026-06-26,1.0,26
Maggio View,1.4687308103427505e+18,,43.76575,Entire home/apt,2.0,2026-05-04,2.0,19
"Spacious, characterful home near to the Uffizi",1.4628564814992796e+18,,43.76893,Entire home/apt,2.0,2026-06-20,35.0,26
Ariento Suite 3 minutes walk from the Duomo......,1.468733652546705e+18,,43.77567,Entire home/apt,3.0,2026-06-20,1.0,27
La Fortezza - 3 Bedroom 2 Bathroom with Balcony,1.4627685989414874e+18,,43.77829,Entire home/apt,3.0,2019-08-02,46.0,0
"Sant’Ambrogio charm! Full AC, Sunny & Quiet",1.4625427391059533e+18,,43.77279,Entire home/apt,1.0,2026-06-16,2.0,45
Shabby chic studio in the heart of  Florence,1.4630733896383176e+18,,43.77094,Entire home/apt,1.0,2026-06-06,2.0,54
LUCIA'S HOME,1.4687336130770335e+18,,43.78801,Entire home/apt,2.0,2023-06-27,2.0,0
"Ponte Vecchio charming apartment ""Blue""",1.4625116067746196e+18,,43.76892,Entire home/apt,2.0,2026-06-12,16.0,42
"Corte Brunelleschi Apartment, Piazza Duomo, WI-FI",1.4687408469448737e+18,,43.77228,Entire home/apt,2.0,2026-06-11,3.0,27
Gaya: Authentic and welcoming apartment,1.4630575714546957e+18,,43.7688,Entire home/apt,1.0,2026-06-25,1.0,40
Mansarda con affacci su Santa Maria Novella,1.4686243007359324e+18,,43.77374,Entire home/apt,2.0,2026-06-22,1.0,26
Art Apartment Luxury Family suite,1.4625194391757798e+18,,43.767542,Entire home/apt,2.0,2026-06-24,26.0,28
Anna's place - Camera doppia Firenze,1.4625212829552497e+18,,43.79413,Private room,1.0,2026-06-15,1.0,13
Terme private house next to Uffizi gallery,1.4625284300310994e+18,,43.76996,Entire home/apt,2.0,2026-01-04,11.0,13
Cozy double room in Firenze,1.4684919529023887e+18,,43.76144,Private room,3.0,2026-06-06,2.0,17
"Appartamento GreenLeaf 
in centro a Firenze",1.465314206329766e+18,,43.78075,Entire home/apt,1.0,2026-06-24,1.0,66
The Music Hall near the Duomo of Florence,1.4625932556494725e+18,,43.77524,Entire home/apt,1.0,2026-06-11,7.0,34
Eleonora loft at Central Market,1.4625932556494725e+18,,43.7773,Entire home/apt,2.0,2026-06-14,7.0,25
"Camera luminosa ,20 min.da Polimoda.",1.4628934105347679e+18,,43.7816,Private room,3.0,2026-06-20,4.0,15
You In Florence Design Apartment,1.4630731076753935e+18,,43.799858906993954,Entire home/apt,1.0,2026-06-26,1.0,58
NEW! CHARMING LOFT IN THE HEART OF FLORENCE,1.4630776124120476e+18,,43.78169,Entire home/apt,2.0,2026-06-12,1.0,51
Oltrarno 4BR Apt | Walk to Center | A/C,1.4625367315751258e+18,,43.769,Entire home/apt,1.0,2025-06-26,10.0,0
Appartamento di lusso con giardino verticale in storico palazzo del centro,1.4626390518884895e+18,,43.77286,Entire home/apt,1.0,2026-04-30,197.0,5
"La Querce Terrace 
Romantic aptm with amazing view",1.462683229135484e+18,,43.78609,Entire home/apt,4.0,2026-06-21,1.0,1
Window on the Dome - Via Portinari,1.4625982011204908e+18,,43.77258,Entire home/apt,2.0,2026-06-25,2.0,22
Single room w/balcon and view on the hills,1.4684919529023887e+18,,43.76174,Private room,3.0,2025-11-01,2.0,10
Rooms by Anna Camera Lilla,1.468948446188187e+18,,43.78995,Private room,13.0,2026-04-01,4.0,1
Beautiful apartment close to Duomo and S.Croce,1.4628357470672512e+18,,43.77264,Entire home/apt,7.0,2026-06-14,1.0,2
Brunelleschi Apartment by Firenze Prestige,1.4686817989197148e+18,,43.77722,Entire home/apt,1.0,2019-06-24,1.0,0
camera matrimoniale careggi peretola rifredi,1.4653990145277476e+18,,43.80947,Private room,2.0,2026-03-06,3.0,2
Elena' s room  with private bathroom,1.46261485236495e+18,,43.77312,Private room,1.0,2025-10-13,19.0,3
Master bedroom with private bathroom,1.46261485236495e+18,,43.773,Private room,1.0,2026-06-18,19.0,7
Florence Rooms - Camera Standard,1.4627151781953329e+18,,43.771949768066406,Private room,1.0,2026-05-27,4.0,18
Santaelisabettafirenze,1.4630353070061012e+18,,43.77189,Entire home/apt,2.0,2025-10-13,5.0,2
Rooms by Anna Camera Glicine,1.468948446188187e+18,,43.79159,Private room,30.0,2026-06-02,4.0,2
Florence Rooms - Camera Standard,1.4627151781953329e+18,,43.771949768066406,Private room,1.0,2026-06-23,4.0,28
Rooms by Anna,1.468948446188187e+18,,43.78987,Entire home/apt,30.0,2025-11-26,4.0,4
"B&B di Luigi a Firenze, Stanza matrimoniale 3",1.4625595337510776e+18,,43.77143,Private room,1.0,2026-06-11,6.0,9
The Charming Historic House in Santa Croce,1.4630861677154514e+18,,43.7694,Entire home/apt,2.0,2026-06-15,1.0,18
Wonderful View Carmine,1.466903068467361e+18,,43.76946,Entire home/apt,1.0,2025-12-29,1.0,1
ATTICO FIRENZE,1.468961124738877e+18,,43.74756,Entire home/apt,4.0,2026-01-01,1.0,7
The Green Terrace Apartment I,1.46272927945943e+18,,43.770481,Entire home/apt,2.0,2026-06-08,2.0,40
La Rosa Blu - Apartment Historical Center,1.4682904302903416e+18,,43.77471,Entire home/apt,1.0,2026-06-12,2.0,55
Comfort Suite Apartment 65 sqm terrace -SantaCroce,1.4626111687767596e+18,,43.7681,Entire home/apt,1.0,2024-09-11,5.0,0
Le Ruote Apartment in Florence - 2 bedrooms 2 bath,1.4626111687767596e+18,,43.76832,Entire home/apt,1.0,2024-10-09,5.0,0
Casa Angelina in Florence,1.4627432290483494e+18,,43.77688,Entire home/apt,2.0,2026-06-25,1.0,40
In the Heart of Florence steps from Duomo Signoria,1.4625797137944758e+18,,43.77071,Entire home/apt,1.0,2026-06-23,1.0,23
Signoria Suite Elegant - Daily Cleaning Available!,1.468966752681124e+18,,43.77006,Entire home/apt,2.0,2025-09-21,3.0,1
Cozy 2 Bed+KIT few steps from station w/parking,1.4686447174925663e+18,,43.77647,Entire home/apt,2.0,2026-06-26,4.0,64
Cozy Pitti Apartment - 70mq w/FREE PRIVATE PARKING,1.4629403427947436e+18,,43.76028,Entire home/apt,2.0,2026-05-30,8.0,37
House Tram Tram,1.4630800284776847e+18,,43.77418,Entire home/apt,30.0,2019-02-24,1.0,0
Borgo Tegolaio Terrace,1.4689695375044244e+18,,43.76474,Entire home/apt,2.0,2026-06-05,2.0,11
Baldovini Apartment 2 bedrooms 2 bathrooms,1.4628626779207183e+18,,43.76283,Entire home/apt,2.0,2018-07-23,7.0,0
Alloggio Caccini (centro di Firenze),1.468971298599745e+18,,43.7723,Entire home/apt,1.0,2026-06-26,1.0,37
Cosy appartment on two levels,1.4656460094017428e+18,,43.77467,Entire home/apt,31.0,2025-10-25,1.0,2
Zannetti 102 Klee,1.4626995495990162e+18,,43.77356,Entire home/apt,1.0,2025-08-20,159.0,1
IL VIOLINO  LOFT NUOVO  CENTRALE  4 POSTI  LETTO,1.4628399110768701e+18,,43.78081,Entire home/apt,1.0,2025-05-04,3.0,0
Zannetti 203 Roof View,1.4626995495990162e+18,,43.77356,Entire home/apt,1.0,2024-08-09,159.0,0
iRoom center/Rail st SMN-Airport FLR-UniFi-Visarno,1.468973880509327e+18,,43.78823,Private room,1.0,2020-01-17,1.0,0
Zannetti 302 White,1.4626995495990162e+18,,43.77356,Entire home/apt,1.0,2023-08-12,159.0,0
Zannetti 303 Medici,1.4626995495990162e+18,,43.77356,Entire home/apt,1.0,2025-08-20,159.0,1
Charming 2BR in Santa Croce - Walk Everywhere,1.4630926542842908e+18,,43.77053,Entire home/apt,2.0,2026-06-24,1.0,26
Keys of Italy -Mudiva-1Bedr Flat by Train Station,1.4632560235621256e+18,,43.77421951293945,Entire home/apt,1.0,2026-05-29,64.0,11
Love nest  in Florence,1.4683451309539653e+18,,43.73634,Entire home/apt,2.0,2026-06-01,2.0,4
San Lorenzo Central Market View,1.4668284688364073e+18,,43.77721,Entire home/apt,2.0,2026-06-01,3.0,5
Petrarca's Terrace,1.462792621778454e+18,,43.76492,Entire home/apt,1.0,2018-06-28,2.0,0
"Posizione prestigiosa, per gruppi o famiglie",1.462539685451023e+18,,43.7714096,Entire home/apt,1.0,2026-06-04,9.0,72
Corte degli Agrumi Camera 3 Firenze con giardino,1.4626790817997683e+18,,43.78622,Private room,2.0,2026-06-12,4.0,19
Benedetto Duomo View,1.4625339288517727e+18,,43.7723274230957,Entire home/apt,3.0,2023-06-05,103.0,0
Magic Florence,1.4689856102423805e+18,,43.77738,Entire home/apt,2.0,2026-06-20,1.0,1
Wide room in front of Pitti Palace,1.4689864331681795e+18,,43.76598,Private room,3.0,2026-05-30,1.0,22
Berardi Palace - Vigna Nuova apartment,1.4626137704159654e+18,,43.77023,Entire home/apt,1.0,2026-06-07,3.0,7
Central Suite GIOTTO - Santo Spirito,1.4625902708552763e+18,,43.76906,Entire home/apt,2.0,2024-05-16,3.0,0
Nido del Condor,1.4625137997083553e+18,,43.7691,Entire home/apt,1.0,2026-06-22,9.0,76
Your Happy Nest in Florence,1.4627470656409037e+18,,43.77067,Entire home/apt,1.0,2026-06-16,1.0,44
Appartamento porcellana centro storico,1.4687424664693873e+18,,43.77258,Entire home/apt,2.0,2026-06-21,1.0,28
viola house,1.4689893212131425e+18,,43.77132,Entire home/apt,1.0,2026-06-17,1.0,74
Limone Room - Florence #kakoperokiwi,1.4656171007119764e+18,,43.76252,Private room,2.0,2026-06-21,2.0,22
Pinocchio#33 in Santa Maria Novella,1.463102154487209e+18,,43.77729,Entire home/apt,1.0,2026-06-24,1.0,94
Marignolle relais & charme Firenze - Camera Doppia,1.4626065160424192e+18,,43.74352,Hotel room,1.0,2022-08-18,5.0,0
Villa with pool near the center of Florence,1.4631025023529254e+18,,43.7458,Entire home/apt,1.0,2026-06-11,4.0,16
Duomo indipendent apartment in the centre,1.465660893528825e+18,,43.77162,Entire home/apt,4.0,2026-06-16,1.0,3
Mansard with a view,1.462962771989149e+18,,43.77491,Entire home/apt,2.0,2026-05-31,5.0,7
Florence Shabby Chic Home - S.Maria Novella,1.4626154014360246e+18,,43.79408,Private room,1.0,2026-06-15,3.0,3
Bright apartment  San Lorenzo Mkt : La Casa di Lo,1.4658577899632453e+18,,43.7813,Entire home/apt,2.0,2021-11-29,2.0,0
House Florence vicino all'aeroport/centro,1.4690052345303634e+18,,43.79742,Entire home/apt,3.0,2023-01-20,1.0,0
Apartment Giulio&Teresa con giardino interno. Via LeoneX Silenzioso Romantico,1.4625406488461391e+18,,43.78318,Entire home/apt,1.0,2026-06-22,1.0,58
La Galerie Luxury Apartment  by Mamo Florence,1.4626390518884895e+18,,43.77584,Entire home/apt,1.0,2026-05-24,197.0,16
"Stylish double room, 15min to Florence city centre",1.4656312694995287e+18,,43.79135,Private room,1.0,2026-06-09,2.0,28
Executive Apartment City Center,1.4690104397243057e+18,,43.77165,Entire home/apt,2.0,2026-05-27,2.0,10
Casa Veronica - Near Florence City Center,1.4690115479155039e+18,,43.7818,Entire home/apt,2.0,2026-06-18,1.0,16
For LARGE groups/families at 100m from the DUOMO,1.4657542847432696e+18,,43.77502,Entire home/apt,2.0,2026-06-04,1.0,33
Pier Capponi b&b(breakfast included),1.4690144737626657e+18,,43.78167,Private room,31.0,2019-05-08,1.0,0
"Real Taste of Tuscany Top - Oltrarno, 3 people",1.4627922278182646e+18,,43.76717,Entire home/apt,1.0,2026-04-11,2.0,5
Cavourotto Terrace By MMega,1.4626271213019407e+18,,43.77596,Entire home/apt,1.0,2026-06-14,259.0,3
Pitti Luxury Terrace By MMega,1.4626271213019407e+18,,43.76581,Entire home/apt,1.0,2026-03-25,259.0,7
New Apt Florence with Love,1.4625966106606853e+18,,43.77277,Entire home/apt,1.0,2026-06-13,1.0,16
Santa Maria 10,1.4686982020396887e+18,,43.7642,Entire home/apt,1.0,2024-08-11,64.0,0
Baggio's Home Luxury and Gym,1.467343585914134e+18,,43.77564,Entire home/apt,1.0,2026-06-19,2.0,57
NUOVO. LUMINOSISSIMO. VICINO AD OGNI COMODITÀ !!!,1.469027742094747e+18,,43.8001656,Entire home/apt,1.0,2025-08-07,1.0,1
Badesse apartment,1.4690283325803753e+18,,43.77093,Entire home/apt,2.0,2026-06-11,1.0,39
Rondinelli Charme Prestige,1.4690284742474414e+18,,43.77339,Entire home/apt,1.0,2026-05-27,1.0,18
"Centro storico, vicino Duomo e stazione centrale.",1.469030186565627e+18,,43.77759,Entire home/apt,6.0,2026-06-21,1.0,29
Atmosphere of Home in Florence: Cathedral View,1.4690310768496448e+18,,43.77177,Entire home/apt,2.0,2026-06-24,2.0,21
Casa d'artista,1.529324469997701e+18,,43.774044036865234,Entire home/apt,2.0,2026-06-16,2.0,14
Luxury Loft Alfani,1.4626549547868298e+18,,43.77483,Entire home/apt,2.0,2026-05-27,2.0,6
monolocale standard,1.4685682739931932e+18,,43.78026,Entire home/apt,1.0,2025-08-31,9.0,1
appartamento superior,1.4685682739931932e+18,,43.78051,Entire home/apt,1.0,2026-03-11,9.0,4
appartamento con una camera da letto,1.4685682739931932e+18,,43.78214,Entire home/apt,1.0,2026-02-04,9.0,2
Nice apartment a few step away from Santa Croce,1.4626615498171295e+18,,43.77066,Entire home/apt,1.0,2025-01-02,13.0,0
Santo Spirito Dream By MMega,1.4626271213019407e+18,,43.76588,Entire home/apt,1.0,2026-05-30,259.0,6
Family Room 5 people Liberty Style and private bat,1.4690195199623552e+18,,43.77703,Private room,1.0,2022-09-01,3.0,0
Chalet,1.4690394560706506e+18,,43.76634,Entire home/apt,1.0,2026-05-12,4.0,14
Bellini House,1.463162343287123e+18,,43.78599,Entire home/apt,2.0,2026-04-08,1.0,9
Tuscany style central apartment beside SMN & AC-欢迎,1.468517064759802e+18,,43.77499,Entire home/apt,1.0,2026-06-18,9.0,22
Central flat at ground floor with terrace & AC 欢迎,1.468517064759802e+18,,43.77187,Entire home/apt,1.0,2026-06-20,9.0,40
Florentine style in center with terrace and AC  欢迎,1.468517064759802e+18,,43.77208,Entire home/apt,1.0,2026-06-12,9.0,8
I tre cipressi,1.4629317499862725e+18,,43.77277,Entire home/apt,2.0,2026-06-24,1.0,36
Attitude Of Soul,1.4668465864178194e+18,,43.78546524047851,Entire home/apt,2.0,2026-05-15,1.0,14
Florence Fortezza Apartment,1.4630734184928212e+18,,43.78068,Entire home/apt,2.0,2026-05-08,3.0,2
Il mezzanino dell’architetto,1.4690505615776714e+18,,43.76213,Entire home/apt,2.0,2026-06-22,1.0,18
Maffia's Luxury in Santo Spirito～Baby Friendly,1.4628731598951841e+18,,43.76851,Entire home/apt,2.0,2026-05-16,32.0,26
Pietrapiana flat & local market,1.4681778452459203e+18,,43.77097,Entire home/apt,2.0,2026-06-05,46.0,13
Appartamento con il dipinto dei colli fiorentini,1.4625906777414868e+18,,43.77061,Entire home/apt,31.0,2022-09-17,10.0,0
Scarlab 409 Firenze,1.4631461012528855e+18,,43.79931,Entire home/apt,2.0,2026-06-16,2.0,11
Double or Twin Room with Balcony and private Bath,1.4690195199623552e+18,,43.77719,Private room,1.0,,3.0,0
Cosy Borgo de Greci,1.4625339288517727e+18,,43.76859,Entire home/apt,1.0,2025-09-18,103.0,3
Florence San Marco Monolocale,1.4630734184928212e+18,,43.77789,Entire home/apt,2.0,2024-11-28,3.0,0
Butterfly Attic,1.4670472629149097e+18,,43.77325,Entire home/apt,2.0,2026-06-19,1.0,6
"Porta Alla Croce Guest House, Matrimoniale/dopp...",1.4690668376916954e+18,,43.771236419677734,Private room,2.0,2026-05-13,4.0,8
My Private Terrace in San Frediano ~ quiet journey,1.4687546647727155e+18,,43.77054,Entire home/apt,2.0,2026-06-12,1.0,48
Ramaglianti suite a due passi da ponte vecchio,1.4626216821946908e+18,,43.76668,Entire home/apt,3.0,2024-05-03,2.0,0
"Courtyard Suite, 1 minute from S. Croce square",1.462661312531639e+18,,43.76818,Entire home/apt,4.0,2026-03-30,12.0,8
"Stunning exclusive Estate,3km to Uffizi,12bdr,pool",1.4625298802710126e+18,,43.75518,Entire home/apt,1.0,2026-05-29,4.0,3
Room for two on the bottom floor,1.462932371330636e+18,,43.7825,Private room,2.0,2026-06-10,3.0,47
In the heart of Florence,1.4668145662834337e+18,,43.77459,Entire home/apt,2.0,2026-06-13,1.0,17
"C1 Duomo,Pool table,frescoes ceilings and elevator",1.4690391247347397e+18,,43.77575,Entire home/apt,1.0,2026-06-19,1.0,40
CASA SAN LORENZO 1 Japanese Guest room,1.4690756147982213e+18,,43.77406,Private room,2.0,2024-10-17,2.0,0
Casa di Dante tra i segreti di Costa S. Giorgio,1.4631541000239762e+18,,43.76652,Entire home/apt,1.0,2025-10-07,6.0,2
Venezia Terrace,1.4626271213019407e+18,,43.77994,Entire home/apt,1.0,2026-06-05,259.0,13
Unique terrace in the heart of Florence,1.4654017461965092e+18,,43.77337,Entire home/apt,3.0,2026-05-30,2.0,5
Santa Apartment,1.4631341344536904e+18,,43.77165,Entire home/apt,1.0,2026-06-12,2.0,108
Drom Serumido Apartment,1.467358261096794e+18,,43.763206,Entire home/apt,2.0,2019-07-23,5.0,0
Firenze hospitality  & relax.,1.4690824801958098e+18,,43.77668,Private room,1.0,2026-06-26,1.0,82
MyFlorenceHoliday Gold Bridge SUITE 1,1.462722103152012e+18,,43.76669,Entire home/apt,1.0,2025-01-13,4.0,0
Camera super centrale!,1.4654561512093622e+18,,43.77284,Private room,31.0,2021-07-04,4.0,0
Large room close to the downtown,1.4627922711112722e+18,,43.78308868408203,Private room,1.0,2026-06-04,2.0,45
Lovely apartment in San Jacopino,1.4654173567286428e+18,,43.78451369728417,Entire home/apt,2.0,2026-06-14,1.0,15
Historical house with Florentine atmosphere,1.4627231511967703e+18,,43.77077,Entire home/apt,2.0,2026-06-22,5.0,43
Baobab• Authentic city stay | by Acacia®,1.4625121549969098e+18,,43.76956,Entire home/apt,1.0,2026-05-09,29.0,5
Peaceful White Gem with patio near Train Station,1.469093884900719e+18,,43.7740478515625,Entire home/apt,2.0,2026-06-04,1.0,18
"La Musa Dante St, stunning view heart of Florence",1.469094931014813e+18,,43.76995,Entire home/apt,2.0,2026-06-22,1.0,7
Florence Private Apartment Near City Center,1.466799630153358e+18,,43.75014,Entire home/apt,2.0,2025-11-01,3.0,13
The Shell of Monica,1.465575755157158e+18,,43.7621,Entire home/apt,6.0,2026-01-02,1.0,1
Condominio a Firenze appartamento Viola,1.4631556255890076e+18,,43.77322,Private room,1.0,2026-05-31,5.0,5
Condominio a Firenze appartamento Violal,1.4631556255890076e+18,,43.77586,Private room,1.0,2026-06-03,5.0,6
Casa del Guanto,1.463187909478503e+18,,43.76762,Entire home/apt,2.0,2026-06-22,1.0,36
"Unique, views on Maze Garden, shared pool, parking",1.4625298802710126e+18,,43.75519,Entire home/apt,2.0,2026-04-17,4.0,3
Florence 55mq Central Flat,1.4682018078930499e+18,,43.76844,Entire home/apt,2.0,2026-06-18,1.0,84
Fortezza Third floor,1.4626995495990162e+18,,43.779633,Entire home/apt,1.0,2022-08-18,159.0,0
Santa Cruz Air - Historic Apartment,1.4629742530287058e+18,,43.768494430786056,Entire home/apt,1.0,2026-06-20,1.0,86
Duomo View 2 BR Apt - Steps to Top City Sights,1.4626893889323098e+18,,43.77191673045257,Entire home/apt,2.0,2026-06-18,1.0,24
Casa Mihaela e Alessandro,1.4691130217366298e+18,,43.78037,Entire home/apt,3.0,2026-06-14,1.0,12
Mercuryhouse_Room1 ensuite private bathroom,1.4631899754626563e+18,,43.77934,Private room,1.0,2026-06-05,2.0,5
La camera bianca,1.4631556255890076e+18,,43.775319863259554,Private room,1.0,,5.0,0
Studio in the center of Florence,1.4667721768640115e+18,,43.77562,Entire home/apt,2.0,2026-06-14,2.0,3
Bargello Apartment,1.4631929972049088e+18,,43.76933,Entire home/apt,2.0,2026-06-18,1.0,20
"""Appartamento Piccardi ""nel centro storico",1.4690445112168602e+18,,43.76837,Entire home/apt,2.0,2026-05-26,1.0,7
Numa | Large 1 Bedroom Apartment with Sofa Bed,1.4631861448550292e+18,,43.78576,Entire home/apt,1.0,2026-02-23,7.0,2
Numa | 1 Bedroom Apartment with Terrace,1.4631861448550292e+18,,43.78576,Entire home/apt,1.0,2026-05-21,7.0,1
Numa | 1 Bedroom Apartment w/ Terrace & Sofa Bed,1.4631861448550292e+18,,43.78576,Entire home/apt,1.0,2024-08-16,7.0,0
Penthouse delle Stelle,1.469124172353359e+18,,43.77184,Entire home/apt,2.0,2026-06-18,2.0,40
Il Novello - Gray Room,1.469121303680369e+18,,43.78672,Private room,1.0,2026-06-05,4.0,69
BENVENUTI IN CASA MIA!,1.4654967449105444e+18,,43.79492,Private room,2.0,2026-06-15,2.0,8
Frescoed Dreamlike Central Stylish Cozy Stylish,1.4672549020802227e+18,,43.774414,Entire home/apt,1.0,2026-06-24,2.0,73
"Attico 19～Pvt Garage, Pvt Terrace, close tram stop",1.4625787674903795e+18,,43.78628,Entire home/apt,2.0,2026-06-20,12.0,36
I Fragoli a Santa Croce Apartments Florence,1.4629675966027333e+18,,43.76995,Entire home/apt,1.0,2026-04-26,3.0,13
"Cherubini Palace Thematic Apartments ""TIME""",1.4654634667477914e+18,,43.78045,Entire home/apt,1.0,2026-06-16,9.0,22
Gemma: Convenient & Quiet in Ponte Vecchio area,1.469134503291572e+18,,43.76658,Entire home/apt,2.0,2026-06-09,1.0,24
Cynthia’s garden - Apartment with private garden,1.4691357779823762e+18,,43.76961135864258,Entire home/apt,2.0,2026-05-03,2.0,2
Apartment in Santa Croce: Casa da Verrazzano for 2,1.4626739771033736e+18,,43.769982519379674,Entire home/apt,2.0,2026-05-15,1.0,1
"Cherubini Palace Thematic Apartments ""MUSIC""",1.4654634667477914e+18,,43.78067,Entire home/apt,1.0,2026-05-08,9.0,9
"""La mi casa""",1.4654957841758574e+18,,43.75842,Private room,3.0,,1.0,0
"Camera ""Fiordaliso"" - Tripla con due letti unibili",1.4631954977241477e+18,,43.77864,Private room,2.0,2026-05-31,3.0,31
Mirabilia-Storico appartamento in edificio medioevale a due passi dal Duomo,1.4683385621212114e+18,,43.77286,Entire home/apt,2.0,2026-06-08,3.0,54
Two Bedrooms Apartment Near The Duomo Firenze,1.4625114121213542e+18,,43.77658,Entire home/apt,1.0,2026-06-02,26.0,2
Irene's Home Belvedere Boutique Design Apartment,1.4626479030930483e+18,,43.76418,Entire home/apt,3.0,2026-06-10,3.0,18
Artist's home in the heart of Florence,1.4631868819347333e+18,,43.77777,Entire home/apt,3.0,2026-06-07,1.0,27
Casa Cosi - Beccaria,1.4696287348319027e+18,,43.77098,Entire home/apt,2.0,2026-06-10,6.0,20
MDR Duomo Green Apartment,1.462764521992158e+18,,43.77535,Entire home/apt,1.0,2026-06-18,35.0,49
La Cupolina Rosa,1.4627207789689723e+18,,43.7959155,Entire home/apt,1.0,2023-09-29,1.0,0
Two steps from DUOMO,1.4627919342162122e+18,,43.77216339111328,Entire home/apt,1.0,2026-06-19,15.0,48
Camera ampia matrimoniale,1.4690252290083597e+18,,43.77576,Private room,1.0,2025-09-28,1.0,6
Happy Florence San Niccolò 1 Centro storico,1.4626106617401096e+18,,43.76513,Entire home/apt,2.0,2026-04-21,7.0,13
Lussuoso loft  nel quartiere San Lorenzo,1.4686997477300086e+18,,43.77987,Entire home/apt,1.0,2026-06-12,3.0,20
Casa Gori - Palazzo Vecchio - p.Za della Signoria,1.4691599611578473e+18,,43.76872,Entire home/apt,2.0,2026-06-26,1.0,79
Bright & Quiet Apt | WiFi & AC | Near Duomo,1.4626422174522547e+18,,43.77938,Entire home/apt,3.0,2026-06-15,9.0,13
Tornabuoni Loft Luxury apartment,1.4627381960031613e+18,,43.77,Entire home/apt,1.0,2026-06-23,1.0,47
Vasari - Cavour Suites 34 by 360 Rentals,1.4625115071325087e+18,,43.7782,Entire home/apt,1.0,2026-05-15,22.0,13
In the street of antiquarians,1.4625410267924582e+18,,43.76702,Entire home/apt,1.0,2026-06-26,3.0,61
Exclusive flat with garden and panoramic terrace.,1.4626615498171295e+18,,43.76513,Entire home/apt,1.0,2024-07-13,13.0,0
Appartamento Caffe Letterario,1.4626615498171295e+18,,43.76921,Entire home/apt,3.0,2025-10-07,13.0,2
In the center of Florence Luna 36 Apartment,1.4691660412886904e+18,,43.76996,Entire home/apt,3.0,2026-06-13,1.0,1
Guelfa's  room4,1.4691414361612667e+18,,43.77827,Private room,1.0,2026-06-24,4.0,34
Guelfa's  Room1,1.4691414361612667e+18,,43.77827,Private room,1.0,2026-06-18,4.0,23
Relax&Discover Florence! Flat in Cure district,1.4690406904505935e+18,,43.78889,Entire home/apt,1.0,2026-06-22,2.0,41
La casa in giardino FULL STERILIZED,1.469169174629218e+18,,43.76844,Entire home/apt,2.0,2026-06-10,2.0,39
CampoMarte Apartment,1.4691711459317e+18,,43.77547,Entire home/apt,3.0,2026-06-15,1.0,16
Cappuccini Florence Your Easy Tuscan Escape,1.463189301532459e+18,,43.79303,Entire home/apt,2.0,2026-05-03,1.0,3
Flamingo Luxury - 2 Bedroom 2 Bath with Balcony,1.4627685989414874e+18,,43.7692,Entire home/apt,1.0,2024-08-06,46.0,0
Centro storico San Niccolo incantevole,1.4627352886567186e+18,,43.76424,Entire home/apt,5.0,2026-06-01,1.0,9
Suite Charming San Marco 4 posti letto,1.4654598845384223e+18,,43.77771,Entire home/apt,2.0,,2.0,0
"Pergola 35-""GIADA"" A cozy design nest",1.4691669798846717e+18,,43.77427,Entire home/apt,2.0,2023-10-01,7.0,0
Camera Bianca,1.4657606932554977e+18,,43.78973,Private room,1.0,2026-06-11,5.0,29
Suite La Casella,1.463213335719804e+18,,43.77277,Entire home/apt,2.0,2026-05-11,1.0,14
"Relais & Maison
Grand Tour, Mirror Jr suite",1.4687253604546348e+18,,43.77821,Hotel room,1.0,2024-04-28,6.0,0
"Relais & Maison
Grand Tour, Diva Jr suite",1.4687253604546348e+18,,43.77821,Hotel room,1.0,2019-04-17,6.0,0
Pergola 35 - A true Florentine home in Santa Croce,1.4691669798846717e+18,,43.77427,Entire home/apt,2.0,,7.0,0
Pergola 35 - A cozy apt in the heart of Florence,1.4691669798846717e+18,,43.77427,Entire home/apt,2.0,2019-06-24,7.0,0
Pergola 35 - Charm and design in the heart of city,1.4691669798846717e+18,,43.77427,Entire home/apt,2.0,2022-04-14,7.0,0
Fortezza Fourth Floor 6 Pax,1.4626995495990162e+18,,43.779633,Entire home/apt,1.0,2023-07-15,159.0,0
Appartamento nuovissimo Firenze 7min daStazioneSMN,1.463147349056398e+18,,43.78783,Entire home/apt,1.0,2026-06-20,1.0,46
Charming apartment in Santo Spirito,1.469190321741557e+18,,43.76792,Entire home/apt,45.0,2019-07-01,1.0,0
AirCo | Street Parking| Bus 4 min| Medici Podestà,1.4632113221398108e+18,,43.74683,Entire home/apt,2.0,2026-06-15,2.0,17
Florence vacation rental,1.4691344759776911e+18,,43.77118,Entire home/apt,3.0,2023-04-10,2.0,0
Camera con bagno esterno vicino alla tramvia,1.4625704520402783e+18,,43.77362,Private room,2.0,2026-04-30,6.0,2
casadicavour - Florence 200mt from the Duomo,1.4626251144710129e+18,,43.77616,Entire home/apt,2.0,2026-06-11,2.0,10
Emma Home -In  City Centre-,1.4626155751537418e+18,,43.77238,Entire home/apt,1.0,2026-06-17,19.0,13
MAISON CHARLOTTE,1.4691959900106153e+18,,43.76899,Entire home/apt,1.0,2026-06-22,2.0,68
"San Marco, Firenze By Short Holidays",1.4628819466000916e+18,,43.77711,Entire home/apt,1.0,2026-06-12,2.0,14
Nice Apartment a few step away from Pontevecchio,1.4626615498171295e+18,,43.76995,Private room,1.0,2024-12-26,13.0,0
Suite Libertà Square,1.4685279354289116e+18,,43.78673553466797,Entire home/apt,1.0,2025-07-17,3.0,1
Frími Boutique Rooms-bohemian room,1.4632214283971113e+18,,43.78034,Private room,1.0,2026-06-16,5.0,15
Casa Manzoni in storico palazzo a Ponte Vecchio,1.4631541000239762e+18,,43.76601,Entire home/apt,2.0,2025-06-26,6.0,0
Frími Boutique Rooms- Eclectic room,1.4632214283971113e+18,,43.78034,Private room,1.0,2026-02-14,5.0,10
The Painter's house in Florence,1.4691348079819794e+18,,43.77482,Entire home/apt,1.0,2026-06-25,4.0,34
Casa Falorni Soffiano Firenze P1,1.4656760696403482e+18,,43.76231,Entire home/apt,3.0,2026-06-13,3.0,16
Santa Croce Spectacular Terrace,1.4667639292627566e+18,,43.7686,Entire home/apt,1.0,2026-06-14,14.0,67
Santa Croce RED,1.4667639292627566e+18,,43.7686,Entire home/apt,1.0,2026-06-09,14.0,50
House Angela - Appartamento,1.4632247583109983e+18,,43.76836,Private room,2.0,2024-04-29,3.0,0
Finardi Apartment in the heart of Florence,1.4692090386077146e+18,,43.76923,Entire home/apt,2.0,2026-05-10,1.0,23
Il quartierino in San Frediano,1.4686044385298058e+18,,43.77003860473633,Entire home/apt,5.0,2026-05-31,1.0,15
3 bedrooms luxury flat with TERRACE ON THE DUOMO,1.4626710073191992e+18,,43.77152,Entire home/apt,1.0,2026-06-18,6.0,57
NOCE- 1 camera 10 minuti dal centro di Firenze,1.4692071834503631e+18,,43.79203,Entire home/apt,1.0,2025-12-29,4.0,19
QUERCIA-1 camera 2 pax-nel verde-10 min dal centro,1.4692071834503631e+18,,43.79219,Entire home/apt,1.0,2025-09-27,4.0,4
Deluxe apartment in the centre of Florence,1.468631555339447e+18,,43.77127,Entire home/apt,1.0,2026-01-04,1.0,5
Oltrarno 9Apartments,1.4691839286124826e+18,,43.76549,Hotel room,31.0,2023-10-11,1.0,0
San Frediano 56,1.4692144223152796e+18,,43.77042,Entire home/apt,3.0,2026-05-18,1.0,1
Luxury Views aircon Shared Pool parking cooking,1.4625298802710126e+18,,43.75518,Entire home/apt,1.0,2024-06-21,4.0,0
Appartamento con due camere da letto e terrazzo,1.466839631221932e+18,,43.76521,Entire home/apt,1.0,2026-06-02,1.0,15
Double room 4 minutes from Florence SMN Station,1.468686554271747e+18,,43.78897,Private room,1.0,2026-03-24,10.0,3
"Home ""Le Cascine"", comfortable apartment...",1.4692175631225034e+18,,43.78422546386719,Entire home/apt,1.0,2026-05-17,1.0,20
Attico a Ponte Vecchio,1.4654749427245015e+18,,43.76757,Entire home/apt,2.0,2026-05-31,1.0,19
Palma · Private Garden | by Acacia®,1.4625121549969098e+18,,43.76804,Entire home/apt,1.0,2025-11-24,29.0,3
Il Palazzo,1.465872230881615e+18,,43.76977,Entire home/apt,7.0,,1.0,0
"Stanza doppia, con bagno privato.",1.4628934105347679e+18,,43.78164,Private room,3.0,2026-06-21,4.0,17
Luxury New Apartment Duomo View 4 sleeps Ac Wifi,1.4626521792381673e+18,,43.77274,Entire home/apt,2.0,2026-06-01,7.0,36
Very quiet apartment in front of the duomo,1.4692245256258102e+18,,43.77408,Entire home/apt,2.0,2026-06-17,1.0,49
Casine 28 Apartment in the centre of Florence,1.4628078546268127e+18,,43.76863861083984,Entire home/apt,2.0,2026-05-22,2.0,3
Santa Croce Dreams' Apartment,1.4692273942928282e+18,,43.76888,Entire home/apt,2.0,2026-06-11,2.0,53
Sweet apartment 5 minutes from station and garden,1.4625329933670454e+18,,43.77772,Entire home/apt,3.0,2025-06-19,4.0,0
Appartamento alla Fortezza Medicea,1.4692306987208013e+18,,43.78498,Entire home/apt,1.0,2026-06-15,1.0,45
Apartment a few step from Duomo Square,1.4626615498171295e+18,,43.77285,Entire home/apt,3.0,2019-08-19,13.0,0
Large apartment with beautiful view over Florence,1.4625116067746196e+18,,43.78359,Entire home/apt,2.0,2026-06-09,16.0,27
"CASA SAN LORENZO
The Guest room",1.4690756147982213e+18,,43.77472,Private room,2.0,2025-10-01,2.0,1
Lambertesca Loft By MMega,1.4626271213019407e+18,,43.76987,Entire home/apt,1.0,2026-06-18,259.0,24
Confortevole appartamento in piazza della Passera,1.4629980589804206e+18,,43.76611,Entire home/apt,2.0,2026-06-24,1.0,42
Casa Cosi - Maria Novella,1.4696287348319027e+18,,43.77448,Entire home/apt,1.0,2026-06-11,6.0,28
Matrimoniale con bagno privato,1.4628926240526193e+18,,43.76316,Private room,2.0,2026-01-02,4.0,4
Lungarno187,1.4630332492453292e+18,,43.76783,Entire home/apt,3.0,2026-06-10,2.0,12
Battistero Apartment,1.4626995495990162e+18,,43.773998,Entire home/apt,1.0,2026-01-07,159.0,9
Super luxe loft apartment on the Arno with terrace,1.465605067668023e+18,,43.77344,Entire home/apt,3.0,2026-06-21,3.0,49
Servi Suite,1.462687244144813e+18,,43.77334,Entire home/apt,1.0,2026-05-26,50.0,33
Adelaide House,1.4655833122398897e+18,,43.77155,Private room,1.0,2026-06-01,6.0,2
Tonino's home with  private parking,1.4656051630685123e+18,,43.77356,Entire home/apt,2.0,2026-06-02,1.0,8
Camera matrimoniale privata a Firenze (centro),1.4690445423463532e+18,,43.77309,Private room,31.0,2025-11-01,1.0,2
San Niccolò Loft By MMega,1.4626271213019407e+18,,43.76507,Entire home/apt,1.0,2026-06-07,259.0,6
"Soggiorno Ai Cappe, Cozy Apartment & Free Parking",1.4631881869496097e+18,,43.77463,Entire home/apt,3.0,2026-06-01,1.0,14
Albizi 6 Duomo Views - 2 Bedroom 2 Bathroom,1.4627685989414874e+18,,43.77261,Entire home/apt,3.0,2023-10-14,46.0,0
Studio Santa Croce in the Heart of Florence,1.4630701098093714e+18,,43.76927,Entire home/apt,1.0,2023-11-03,4.0,0
Casa Lorenzo,1.4626369835483228e+18,,43.78636,Entire home/apt,2.0,2026-05-28,4.0,20
"Guests say: “In person, it’s simply breathtaking.”",1.4879050769666755e+18,,43.77232,Entire home/apt,2.0,2026-06-16,2.0,20
Principi Apartment,1.462621860344491e+18,,43.77651,Entire home/apt,2.0,2025-06-28,1.0,1
"Quiet, bright & cozy flat (Beccaria/Sant'Ambrogio)",1.462547416040478e+18,,43.7688,Entire home/apt,31.0,2019-08-05,2.0,0
Evelin 1,1.4685480525221842e+18,,43.78148,Private room,31.0,,12.0,0
"Ponte Vecchio Newly restyled flat, Walk Everywhere",1.4628564814992796e+18,,43.767536,Entire home/apt,1.0,2026-06-05,35.0,16
Elegant Historic Flat Frescoed Ceiling A/C  Centre,1.462570969059635e+18,,43.772907,Entire home/apt,2.0,,2.0,0
Lovely flat a few step away  from  Duomo square,1.4626615498171295e+18,,43.77357,Entire home/apt,1.0,2020-01-01,13.0,0
Bright Apt in a Central Florentine Medieval Tower,1.4630358892734515e+18,,43.77157,Entire home/apt,2.0,2024-02-29,1.0,0
Isotta apartment Florence ❤️,1.4625161119904622e+18,,43.77723,Entire home/apt,2.0,2026-02-18,1.0,6
Pontormo By MMega,1.4626271213019407e+18,,43.76788,Entire home/apt,1.0,2026-05-31,259.0,7
Gelsomino 74 - Gold boutique apartment,1.462640634334823e+18,,43.75048,Entire home/apt,3.0,2025-11-27,1.0,1
"Studio Apartment in the heart of Florence, Firenze",1.4627877028974162e+18,,43.77523,Entire home/apt,2.0,2026-06-09,2.0,72
New&Strategic studio ap.in the heart of CityCenter,1.467142900864059e+18,,43.77755,Entire home/apt,2.0,2026-06-18,5.0,51
Uffizi Charming Apartment,1.4626254177881203e+18,,43.76786,Entire home/apt,2.0,2026-06-14,1.0,5
Sara's place,1.469271648915645e+18,,43.76457,Entire home/apt,2.0,2026-06-25,1.0,19
Charming on the River,1.469274075571495e+18,,43.77427291870117,Entire home/apt,2.0,2026-06-22,1.0,30
GuestHost - Piazza della Signoria Central Flat,1.469270081280033e+18,,43.77014,Entire home/apt,1.0,2026-06-25,1.0,75
La dimora del Pittore,1.463207520548772e+18,,43.78471,Entire home/apt,3.0,2024-05-18,2.0,0
San Lorenzo Apartment,1.4685618345968778e+18,,43.77658,Entire home/apt,2.0,2026-06-07,4.0,28
Keys of Italy -TGamma5-Luxury Apt Fashion District,1.4632560235621256e+18,,43.76997375488281,Entire home/apt,1.0,2026-03-15,64.0,6
Santo Spirito cosy apartment,1.469277591745969e+18,,43.76657,Entire home/apt,2.0,2026-03-01,1.0,16
"The little ""Griffes"" in the center of Florence",1.4632271944279636e+18,,43.7685,Entire home/apt,2.0,2024-01-12,3.0,0
New Absolute Beauty Ponte Vecchio with Jacuzzi!,1.4631541000239762e+18,,43.76626,Entire home/apt,1.0,2025-12-30,6.0,8
Enchanting Oliver's Apartment,1.4692817464228232e+18,,43.76788,Entire home/apt,2.0,2026-06-18,2.0,47
Duomo Suite Central Home,1.462610075745398e+18,,43.77599,Entire home/apt,1.0,2026-06-17,17.0,46
Frescoed Apt • Balcony • Near Duomo,1.4692842843323517e+18,,43.77989,Entire home/apt,1.0,2026-06-25,2.0,14
FLORENTIA apartment wifi A/C lift,1.4690778497989353e+18,,43.7786,Entire home/apt,1.0,2026-06-22,5.0,70
"B&B Palazzi, Stanza corsini",1.469286194237201e+18,,43.81455993652344,Private room,1.0,2022-06-10,5.0,0
BETTA'S HOUSE,1.466692189713739e+18,,43.77179,Entire home/apt,2.0,2025-11-15,1.0,4
"B&B Palazzi, Stanza quiete",1.469286194237201e+18,,43.81455993652344,Private room,1.0,,5.0,0
Panoramic Suite near Duomo and Station,1.4625736681328474e+18,,43.776848,Entire home/apt,1.0,2026-06-03,1.0,37
Tiziano by the Duomo by Charming Italy Tour,1.4692437384608381e+18,,43.77372,Entire home/apt,3.0,2026-06-17,14.0,2
Parione Roof Terrace by Mamo Florence,1.4692894891266954e+18,,43.7703,Entire home/apt,1.0,2026-05-30,1.0,22
La perla di San Frediano,1.4682474208287107e+18,,43.77049,Entire home/apt,1.0,2026-03-27,4.0,2
7 minuti dal centro FIRENZE- LOVELY green apt,1.4692914351777574e+18,,43.758,Entire home/apt,4.0,2024-09-25,1.0,0
Adorable Florence Apartment,1.4631532626067779e+18,,43.7784,Entire home/apt,2.0,2026-06-12,3.0,44
Attic with amazing view in the heart of Florence,1.4654174383606543e+18,,43.76954,Entire home/apt,2.0,2026-06-21,2.0,6
Ponte Vecchio Suite 5* | Lift | Center of Florence,1.4631695926796142e+18,,43.7676661,Entire home/apt,1.0,2026-05-31,2.0,6
Casetta del Ponte alle Riffe - Firenze,1.4689748729264102e+18,,43.78821,Entire home/apt,5.0,2026-03-22,1.0,5
Sophisticated home,1.4629886731058783e+18,,43.76775,Entire home/apt,1.0,2026-06-11,19.0,25
TRA L'ARNO E PIAZZALE MICHELANGELO,1.468643607816967e+18,,43.76218,Entire home/apt,4.0,2026-06-23,1.0,6
WelcHome in Italy: Santa Croce suite,1.4625804819570345e+18,,43.76841,Hotel room,1.0,2026-06-21,4.0,1
2BR • Penthouse • Sublime Rooftop • Uffizi Gallery,1.4626012957157926e+18,,43.76819610595703,Entire home/apt,1.0,2026-06-14,11.0,18
I VERDI apartment wifi A/C lift,1.4690778497989353e+18,,43.78053,Entire home/apt,1.0,2026-06-26,5.0,51
Cozy studio in the hearth of Florence,1.4626003264554358e+18,,43.7679,Entire home/apt,1.0,2026-06-22,1.0,87
Attico Rooftop DAFstudio706,1.4690413588187973e+18,,43.79943,Entire home/apt,2.0,2026-06-21,2.0,29
ATTICO ROOFTOP DAFstudio709,1.4690413588187973e+18,,43.79907,Entire home/apt,2.0,2026-05-26,2.0,21
Lucernario sui tetti del XVI sec. in Santo Spirito,1.4627132135531914e+18,,43.76734,Entire home/apt,3.0,2026-06-12,2.0,41
SweetGuelfa: Camera Singola con bagno privato,1.4629602046785208e+18,,43.77651,Private room,1.0,2026-06-14,2.0,55
Medieval house,1.4632901798519683e+18,,43.76869,Entire home/apt,4.0,2026-06-22,1.0,14
Il piccolo rifugio a Firenze,1.4693046416731208e+18,,43.79632819760651,Entire home/apt,2.0,2025-06-22,1.0,0
Luminoso Attico con vista su giardini di Firenze,1.4632487318221266e+18,,43.77145,Entire home/apt,2.0,2026-05-10,18.0,4
Timo · Suite at Accademia | by Acacia®,1.4625121549969098e+18,,43.77484,Entire home/apt,1.0,2026-06-15,29.0,2
Smell the Rosemary on a Balcony Next to Santa Croce Square,1.462788669666425e+18,,43.77009,Entire home/apt,1.0,2026-06-11,5.0,67
Lungarno Vespucci by Charming Italy Tour,1.4692437384608381e+18,,43.77259,Entire home/apt,3.0,2026-05-08,14.0,1
Travellers' Nest: your cozy haven in my quiet home,1.466759848111682e+18,,43.7944,Entire home/apt,1.0,2026-06-18,2.0,86
Appartamento La Ninfea,1.469318180675648e+18,,43.77815,Entire home/apt,31.0,2024-05-26,2.0,0
CHARM FLORENCE APARTMENT,1.4632945876495544e+18,,43.76533,Entire home/apt,1.0,2026-06-22,1.0,29
Santa Croce by Interhome,1.4685722735164618e+18,,43.76813,Entire home/apt,1.0,,3.0,0
Gli Artisti by Interhome,1.4685722735164618e+18,,43.7791,Entire home/apt,1.0,,3.0,0
Studio Beccaria - 5 mins walking from city center,1.4626527362509737e+18,,43.77229,Entire home/apt,1.0,2026-06-13,3.0,55
Tornabuoni - Flo Apartments centro storico,1.4652865101990093e+18,,43.77000045776367,Entire home/apt,1.0,2026-06-05,26.0,11
"Firenze, Domus 19, Camera 3, Matrimoniale Doppia",1.4655214837026312e+18,,43.76899,Private room,1.0,2026-05-20,7.0,13
Scala Apartments - APT2,1.4626690964152627e+18,,43.77234,Entire home/apt,1.0,2026-06-13,2.0,37
Alfani first floor,1.4626995495990162e+18,,43.776501,Entire home/apt,31.0,2024-08-14,159.0,0
Large apartment with free parking.,1.4692885523322045e+18,,43.7445,Entire home/apt,3.0,2024-08-27,3.0,0
Alfani second floor,1.4626995495990162e+18,,43.776501,Entire home/apt,1.0,2023-08-15,159.0,0
Room on the roof,1.4626358538174766e+18,,43.78766,Entire home/apt,2.0,2026-06-20,1.0,22
Cozy apartment near the Duomo,1.4632989864672663e+18,,43.77539,Entire home/apt,2.0,2026-06-18,1.0,69
Terrazza Suite @ Relais Grand Tour,1.4687253604546348e+18,,43.77937,Private room,1.0,2025-06-05,6.0,0
Superior room Suite Libertà Square,1.4685279354289116e+18,,43.78673553466797,Private room,1.0,2024-12-16,3.0,0
Newly Renovated Studio Historical Center View,1.4625637761816827e+18,,43.7789623,Entire home/apt,2.0,2025-09-15,15.0,3
Bellaflo: Lovely apt in the heart of Florence,1.4652825603135073e+18,,43.78116,Entire home/apt,3.0,2025-06-10,8.0,0
Oriuolo 4 in the heart of Florence,1.4626929635672686e+18,,43.77158,Entire home/apt,3.0,2026-06-02,13.0,4
Oriuolo 2 in the heart of Florence,1.4626929635672686e+18,,43.77276,Entire home/apt,3.0,2026-03-16,13.0,1
DRAGO D'ORO SUITES,1.462871461553987e+18,,43.76985,Entire home/apt,1.0,2019-06-04,6.0,0
Lovely flat in the historical Palazzo Gherardi,1.4627665522802053e+18,,43.76916,Entire home/apt,2.0,2026-06-12,2.0,10
Oriuolo 1 in the heart of Florence,1.4626929635672686e+18,,43.7728,Entire home/apt,3.0,2026-05-09,13.0,7
Una finestra sulle Cappelle Medicee By MMega,1.4626271213019407e+18,,43.77481,Entire home/apt,1.0,2026-06-09,259.0,11
San Cristofano / Santa Croce,1.4625339288517727e+18,,43.76844,Entire home/apt,31.0,,103.0,0
Honey Home in San Frediano,1.4693331974318085e+18,,43.77142,Entire home/apt,33.0,2025-10-02,1.0,2
Residenza Historia - Verrocchio,1.4656250180639414e+18,,43.76994,Private room,1.0,2025-08-14,12.0,1
Suite by Side the Dome,1.4693348309423954e+18,,43.77509,Entire home/apt,1.0,2026-06-16,1.0,58
Appartamento a 15 minuti a piedi dal Duomo,1.4633033629772918e+18,,43.77115,Entire home/apt,1.0,2026-06-22,1.0,19
Sveva's Cozy Place - Florence,1.4691348079819794e+18,,43.7708,Entire home/apt,2.0,2026-06-24,4.0,37
Amazing flat in the heart of Florence,1.462742053362171e+18,,43.77167,Entire home/apt,1.0,2026-06-05,1.0,17
iRoom (1-2people) Florence's center,1.4693376587243878e+18,,43.78803,Private room,1.0,2019-10-02,1.0,0
"La Casina, nice living on Florentine hills",1.4626197013327672e+18,,43.78746,Entire home/apt,1.0,2026-06-22,1.0,20
Art of Porcelain the Historic Centre of Florence,1.4625834906006356e+18,,43.77296788657,Entire home/apt,1.0,2026-06-17,2.0,51
"Firenze, Domus 19, Camera 7, Matrimoniale doppia",1.4655214837026312e+18,,43.76899,Private room,1.0,2026-05-10,7.0,22
"Firenze, Domus 19, Camera 6, Matrimoniale Ampia",1.4655214837026312e+18,,43.76895,Private room,1.0,2026-05-26,7.0,17
Camera matrimoniale con patio esterno,1.4625424770336422e+18,,43.7774,Hotel room,1.0,2022-03-29,2.0,0
ATTIC Dreamlike Stylish Stunning terrace view x4,1.462719975803592e+18,,43.7744,Entire home/apt,1.0,2026-06-02,5.0,2
Cappelle Medicee-apartment with super view !!,1.4633033106279293e+18,,43.77541,Entire home/apt,2.0,2026-06-08,3.0,17
Donatello Design Apartment  - 100 m from Center,1.4693435000590282e+18,,43.78209,Entire home/apt,31.0,2020-01-05,5.0,0
Montebello new apartment,1.462907542745985e+18,,43.77444,Entire home/apt,2.0,2025-07-11,2.0,1
Punto Viola Appartments - Florence,1.4693435884158065e+18,,43.77265,Entire home/apt,1.0,2026-06-07,1.0,18
Una vista romantica su Firenze,1.4633083922388662e+18,,43.77419,Entire home/apt,2.0,2026-06-09,1.0,30
GuestHost - Michelangelo Room with Kitchen,1.4671577548808717e+18,,43.75968,Private room,2.0,2026-06-24,102.0,5
GuestHost - Botticelli Room with Kitchen,1.4671577548808717e+18,,43.75968,Private room,2.0,2026-06-21,102.0,30
GuestHost - Dante Room with Kitchen,1.4671577548808717e+18,,43.75968,Private room,1.0,2026-01-28,102.0,5
Monna Lisetta - apartment with terrace,1.4672976698118784e+18,,43.77255,Entire home/apt,2.0,2026-06-07,1.0,12
Grand Florence Apartment with Panoramic Terrace,1.4637513859022715e+18,,43.77422,Entire home/apt,1.0,2026-05-28,14.0,10
Romantic Florence Loft with Charming City Views,1.4637513859022715e+18,,43.77422,Entire home/apt,1.0,2026-05-09,14.0,7
Relaxed & Stylish Stay in Florence’s Heart,1.4637513859022715e+18,,43.77422,Entire home/apt,1.0,2025-04-24,14.0,0
Historic Florence Stay with Rooftop & Duomo Views,1.4637513859022715e+18,,43.77422,Entire home/apt,1.0,2026-06-12,14.0,3
Modern Charm | 2BR in the Heart of Florence,1.4637513859022715e+18,,43.77422,Entire home/apt,1.0,2024-07-22,14.0,0
Accogliente appartamento Careggi Rifredi,1.4629745914469473e+18,,43.806937,Entire home/apt,3.0,2026-06-08,1.0,4
Central Redone Private Room with Own Entry & Bath,1.4693435000590282e+18,,43.78156,Private room,31.0,,5.0,0
Elegant Florence Palace Stay with Piazza Views,1.4637513859022715e+18,,43.76684,Entire home/apt,1.0,2026-05-31,14.0,8
"Apt historic centre, close to the cathedral duomo",1.4693488795555702e+18,,43.77172,Entire home/apt,2.0,2026-06-24,1.0,71
Luminoso Open Space nel Cuore di Firenze,1.4632487318221266e+18,,43.77145,Entire home/apt,2.0,2023-05-13,18.0,0
Mdr Duomo Lilac Apartment next to Duomo,1.462764521992158e+18,,43.77473,Entire home/apt,2.0,2026-06-13,35.0,39
Sant'Egidio Suite nel cuore di Firenze,1.4625255738086377e+18,,43.77243,Entire home/apt,2.0,2026-06-26,4.0,51
"House Angela - Camera ""Signoria""",1.4632247583109983e+18,,43.76961,Private room,2.0,2026-04-22,3.0,2
Alloggio Casagrande. / Tuscan  style  house .,1.469065353252839e+18,,43.77421,Entire home/apt,2.0,2026-06-15,1.0,29
Florence Unita 1 -  con Bagno Privato esterno,1.4693485621120812e+18,,43.77486,Private room,1.0,2025-09-23,2.0,1
La Finestra su Ponte Vecchio,1.4625351793768788e+18,,43.7685,Entire home/apt,2.0,2026-06-11,1.0,36
Ampia Camera nel Cuore di Firenze,1.4632487318221266e+18,,43.77145,Entire home/apt,2.0,2026-05-11,18.0,8
Maison Flora - Historic home in the Oltrarno area,1.4625642244208328e+18,,43.7677921227916,Entire home/apt,2.0,2026-06-23,1.0,40
La casa del cactus - Camera 1,1.463313420195568e+18,,43.78359080054735,Private room,1.0,2026-06-18,3.0,54
Santa Croce Terrace Luxury Nest,1.4625193476238922e+18,,43.76867,Entire home/apt,2.0,2026-06-14,4.0,38
Lovable Top Floor Studio Ponte Vecchio + Lift,1.4626678050541458e+18,,43.7671,Entire home/apt,2.0,2026-06-25,1.0,67
La casa del cactus - Camera 3,1.463313420195568e+18,,43.78171,Private room,1.0,2026-06-17,3.0,36
Il Carmine,1.4626900890239683e+18,,43.76816,Entire home/apt,2.0,2026-06-22,2.0,33
"Double room in the historic center of Florence,C3]",1.4632907451764567e+18,,43.771,Private room,1.0,2026-06-11,5.0,76
Santo Spirito penthouse with elevator,1.4628179715981007e+18,,43.769989,Entire home/apt,2.0,2026-06-17,19.0,34
Benci Fresco next to Piazza Santa Croce,1.468254435418435e+18,,43.76719,Entire home/apt,7.0,2019-06-11,6.0,0
"Spazioso, Luminoso e Appena Ristrutturato !!!",1.4632487318221266e+18,,43.77145,Entire home/apt,2.0,2026-04-25,18.0,1
PAINTER house/casa BARTHEL,1.4625397940220408e+18,,43.72964,Entire home/apt,3.0,2025-08-16,9.0,4
Private twin bed room in the heart of Florence[C4],1.4632907451764567e+18,,43.771,Private room,1.0,2026-06-11,5.0,77
Spada Apartment,1.4693639627501028e+18,,43.77217,Entire home/apt,2.0,2026-06-12,1.0,46
"Heart of Florence Apartment, Firenze",1.4627877028974162e+18,,43.77383,Entire home/apt,2.0,2026-06-06,2.0,74
Lovely Porta Romana Florence Polimoda,1.4628694469927373e+18,,43.75903,Entire home/apt,1.0,2026-05-16,1.0,1
Casa Ornella Firenze un gioiellino in centro,1.4629828494027827e+18,,43.7797,Entire home/apt,1.0,2026-06-26,2.0,77
Ponte Vecchio Private Terrace Romantic Hideaway,1.4633212312136701e+18,,43.7672819791941,Entire home/apt,1.0,2026-06-11,1.0,16
"Dimora Bellosguardo, Florence",1.4693965514083548e+18,,43.76601,Entire home/apt,7.0,,1.0,0
Florence Concierge-WALKING FLORENCE,1.4625136732182167e+18,,43.781,Entire home/apt,2.0,2026-06-08,18.0,8
Firenze alloggio,1.4632979255825981e+18,,43.79751,Private room,85.0,2021-09-05,4.0,0
Boutique Hotel - Deluxe Private Room C1,1.462653052328609e+18,,43.78485,Private room,1.0,2026-01-06,51.0,4
"Your ""green nest"" in the heart of Florence.",1.467002524757719e+18,,43.7552,Entire home/apt,2.0,2025-09-27,2.0,2
De' Macci Loft,1.4631509650767644e+18,,43.77227,Entire home/apt,1.0,2026-06-11,3.0,34
Little garden 1,1.4692685741965391e+18,,43.79598,Private room,1.0,2026-06-10,2.0,8
"Lo Studiolo, vicino al Duomo",1.4693769175278922e+18,,43.77191,Entire home/apt,3.0,2026-06-19,1.0,16
Buonarroti Apartment by Mamo Florence,1.4626390518884895e+18,,43.77503,Entire home/apt,1.0,2026-05-12,197.0,6
Central Market Apartment near the station,1.4625913473597386e+18,,43.77691,Entire home/apt,1.0,2026-06-22,2.0,65
Umamma - San Miniato - 25 min. from Florence,1.4628416233775933e+18,,43.77281,Entire home/apt,3.0,2024-09-15,1.0,0
Tiche Antica stanza nel centro storico di Firenze,1.465670315731061e+18,,43.77878,Private room,2.0,2026-06-08,8.0,55
la casa di Fonzie,1.4653064194800893e+18,,43.75982,Entire home/apt,2.0,2025-06-29,1.0,1
Benedetta Ancient Residence in centre of Florence,1.4693806341714834e+18,,43.77487,Entire home/apt,2.0,2026-06-14,1.0,28
Elegant apartment in the perfect location,1.4693819778771438e+18,,43.77153,Entire home/apt,2.0,2026-06-15,1.0,30
Scala Family Home with terrace/Apartment 1st floor,1.4630784357907942e+18,,43.77486,Entire home/apt,2.0,2026-06-14,4.0,9
"camera via dell'ariento,6,bagno privato+1capuccino",1.4625792238818107e+18,,43.77509,Private room,3.0,2026-05-26,5.0,2
La perla fra i giardini,1.4654632046299804e+18,,43.78462219238281,Entire home/apt,2.0,2026-06-15,1.0,10
Martina Garden House,1.463276260120691e+18,,43.78526,Entire home/apt,2.0,2024-10-15,2.0,0
Carapelli 2,1.462687244144813e+18,,43.76963994490374,Entire home/apt,1.0,2026-06-13,50.0,2
Dimore d'Oro app.n.4-Oltrarno area,1.4625103500673539e+18,,43.76865,Entire home/apt,3.0,2026-05-27,11.0,2
We Boutique LOFT Terrace 5 minutes Duomo,1.4633309774503803e+18,,43.773849,Entire home/apt,1.0,2026-06-21,3.0,18
Historische Eleganz im Herzen der Altstadt,1.4633315243367002e+18,,43.77052,Entire home/apt,2.0,2026-05-19,1.0,52
"Casa Ferroni
Monolocale 
Centro storico Firenze",1.469390592382013e+18,,43.77925,Entire home/apt,2.0,2026-05-30,1.0,17
Le nove muse guesthouse smart room,1.4693912614178609e+18,,43.7842,Private room,1.0,2026-06-12,3.0,41
Carapelli 3,1.462687244144813e+18,,43.76823,Entire home/apt,1.0,2026-05-23,50.0,8
Appartamento Casa Cora,1.469393614266259e+18,,43.78842,Entire home/apt,2.0,2024-03-31,1.0,0
Villa Tre Pini,1.4691705807789274e+18,,43.78552,Entire home/apt,31.0,,1.0,0
Appartamento Torre / Tower Apartment,1.4630744149497856e+18,,43.78161,Entire home/apt,1.0,2026-06-15,2.0,20
A&G - Elegant&Romantic Apt near Santa Croce,1.4629465489584914e+18,,43.76944,Entire home/apt,2.0,2026-05-24,5.0,5
Residenza De Boni Spacious Apartment near Duomo,1.4683828846424164e+18,,43.77252,Entire home/apt,1.0,2026-04-21,6.0,6
Camera dei Desideri!,1.4632487318221266e+18,,43.77145,Entire home/apt,2.0,2026-05-27,18.0,2
Nice Cosy Room in Piazza San Jacopino,1.4687353723394345e+18,,43.78333,Private room,31.0,,16.0,0
Apple 3/4 - Loft,1.4632098093318822e+18,,43.77418,Entire home/apt,3.0,2026-01-02,2.0,1
Borgo San Lorenzo 11,1.4626995495990162e+18,,43.7738,Entire home/apt,1.0,2026-03-31,159.0,15
Come a casa,1.4633364325171236e+18,,43.78773,Private room,31.0,2022-10-01,1.0,0
"Art Room with Garden, 15 min from Duomo",1.4629628536501066e+18,,43.79191,Private room,1.0,2026-06-12,4.0,35
"Garden Room, Historic Florentine Apt, 15 min Duomo",1.4629628536501066e+18,,43.7916,Private room,1.0,2026-06-12,4.0,43
"Attico sui tetti,  Attic in historic city center",1.469401610944479e+18,,43.76969,Entire home/apt,3.0,2026-06-08,2.0,20
Palazzo Gherardi apartment in historic residence,1.4627665522802053e+18,,43.77007293701172,Entire home/apt,1.0,2026-06-23,2.0,37
Brick ‘n Chic,1.46940319128194e+18,,43.773441,Entire home/apt,2.0,2026-06-03,1.0,32
Boboli Loft,1.4626205914479665e+18,,43.76581954956055,Entire home/apt,2.0,2026-06-17,1.0,33
OltrArno Experience Suites,1.4629496005409157e+18,,43.77344,Entire home/apt,1.0,2026-06-22,1.0,53
Buena Onda Firenze,1.4629611090946593e+18,,43.76754379272461,Entire home/apt,1.0,2026-06-09,8.0,33
Elegant apartment in the heart of Florence,1.462523381569139e+18,,43.77119,Entire home/apt,2.0,2026-06-09,9.0,36
"Porta Alla Croce Guest House, Camera tripla con...",1.4690668376916954e+18,,43.77096939086914,Private room,2.0,2025-07-11,4.0,1
Porta al Prato Apartment,1.4625913473597386e+18,,43.77881,Entire home/apt,1.0,2026-06-25,2.0,68
Evelin 3,1.4685480525221842e+18,,43.7828,Private room,31.0,,12.0,0
Giotto Deluxe 1 minute from the Duomo,1.469324486921359e+18,,43.77338,Entire home/apt,2.0,2026-05-28,55.0,10
Appartamento Accogliente con affaccio su Giardino,1.4632487318221266e+18,,43.77145,Entire home/apt,2.0,2025-10-08,18.0,5
"Guest house ""CASA MIA"" : la tua casa a Firenze.",1.4694116877896822e+18,,43.79767,Entire home/apt,1.0,2026-06-20,1.0,14
Cozy apartment close to the center and  tram stop,1.4625458685632783e+18,,43.77043,Entire home/apt,1.0,2026-06-23,1.0,46
Romantic Pitti By MMega,1.4626271213019407e+18,,43.76496,Entire home/apt,2.0,2026-04-07,259.0,12
Loft studio nel cuore di Firenze - Casa Angeli,1.4626300533879626e+18,,43.76795,Private room,1.0,2026-06-17,3.0,5
"Camera Matrimoniale, Spaziosa e Nuovissima!",1.4632487318221266e+18,,43.77145,Entire home/apt,2.0,2026-04-16,18.0,4
Florence City Suite,1.4694172454239206e+18,,43.78053,Entire home/apt,2.0,2026-06-19,1.0,30
Indipendent Apt with Terrace & Parking,1.4625461061832591e+18,,43.78318,Entire home/apt,31.0,2024-09-28,1.0,0
Central Room in Florence S.M.N. with Garden View,1.4626973732400292e+18,,43.77799224853515,Private room,2.0,2026-06-21,4.0,31
Ponte Vecchio 4 Bedrooms,1.4686982020396887e+18,,43.766990661621094,Entire home/apt,2.0,2023-08-15,64.0,0
Casa Dami,1.4633414488169329e+18,,43.78533,Entire home/apt,2.0,2026-06-25,1.0,24
"Palazzo Lombardo, Palazzo Lombardo - Deluxe Rooms",1.4693230106326636e+18,,43.78033,Private room,1.0,2024-09-16,3.0,0
Keys of Italy -F6 Santa Croce one bedroom flat,1.4632560235621256e+18,,43.77272,Entire home/apt,1.0,2026-06-02,64.0,21
Green Chic Flat in Centre. Near the Train Station,1.4625242084430188e+18,,43.77558,Entire home/apt,1.0,2026-06-03,12.0,41
Logement entier Salviatino Flat,1.462579967366643e+18,,43.7863883972168,Entire home/apt,3.0,2026-06-02,1.0,5
Apartment in Central Florence,1.468481591915097e+18,,43.77226,Entire home/apt,1.0,2020-02-23,1.0,0
Monolocale da sogno!,1.4628145840331482e+18,,43.78385,Entire home/apt,31.0,,1.0,0
In the heart of Florence,1.4654561512093622e+18,,43.772605572843254,Private room,31.0,2025-08-12,4.0,1
We Silent White Suite 5 min Duomo,1.4633309774503803e+18,,43.779964,Entire home/apt,1.0,2026-06-16,3.0,20
"Opera Boutique B&B, Superior double room",1.4633478700866934e+18,,43.7837451,Private room,1.0,2026-04-18,7.0,2
Relais Bargello Suite w/ 2 bathrooms,1.4693170857778263e+18,,43.77179,Entire home/apt,1.0,2026-06-05,2.0,9
Bilocale Careggi,1.469092578143408e+18,,43.810507201975184,Entire home/apt,1.0,2026-06-24,1.0,66
Historic Apt ☆WIFI☆AC☆Top Location☆Walk Everywhere,1.4670331963730637e+18,,43.76824,Entire home/apt,1.0,2026-05-28,5.0,10
Inferno Double,1.4626995495990162e+18,,43.771194,Entire home/apt,1.0,2026-06-02,159.0,5
Purgatorio Double,1.4626995495990162e+18,,43.770882,Entire home/apt,1.0,2026-06-06,159.0,7
Palazzo Storico accanto Piazza Santa Croce Firenze,1.4694353063502144e+18,,43.76881,Entire home/apt,2.0,2026-06-18,1.0,34
Camera Singola 14,1.462684081286274e+18,,43.77905,Hotel room,1.0,2023-12-11,6.0,0
San Niccolò hidden gem suite,1.469409064110646e+18,,43.76413,Entire home/apt,1.0,2026-06-10,1.0,25
Camera Small 64b,1.462684081286274e+18,,43.7741,Hotel room,1.0,2025-01-09,6.0,0
Camera Quadrupla 18,1.462684081286274e+18,,43.77442,Hotel room,1.0,2026-02-11,6.0,1
Stanza vicina al Centro Storico,1.4652706810849705e+18,,43.78857,Private room,2.0,2026-06-08,1.0,33
Two Medieval Towers-Home&Experience,1.4625136732182167e+18,,43.76699,Entire home/apt,1.0,2026-06-07,18.0,29
“Casa VAle”:bright new 2bed flat@Talenti tram stop,1.4654793766580257e+18,,43.774,Entire home/apt,2.0,2026-06-25,1.0,38
Novella White Lily Apartament,1.462615403375709e+18,,43.77315,Entire home/apt,1.0,2026-02-25,15.0,6
"VILLINO FIORENTINO, DELUXE KING ROOM WITH BALCONY",1.4694122897576714e+18,,43.78641,Hotel room,1.0,2024-11-30,4.0,0
"Opera Boutique B&B, Classic double room",1.4633478700866934e+18,,43.78373,Private room,1.0,2023-11-01,7.0,0
Apartment Dante,1.462517609990547e+18,,43.78623,Entire home/apt,3.0,2025-08-20,9.0,1
La Loggetta,1.4694438243241485e+18,,43.79297,Entire home/apt,3.0,2026-05-24,2.0,7
Cavour Suite Mezzanine by 360 Rentals,1.4625115071325087e+18,,43.77686,Entire home/apt,1.0,2026-06-15,22.0,20
Giardino D'Azeglio Locazione Turistica Suite 1,1.4693933535755558e+18,,43.77504,Entire home/apt,2.0,2026-06-10,2.0,15
PERGOLA  GARDEN APARTMENT,1.4690663718389944e+18,,43.77481,Entire home/apt,3.0,2026-06-25,1.0,31
Il Magnifico,1.467112848070537e+18,,43.77079,Entire home/apt,1.0,2025-01-02,3.0,0
ArchitectHouse-Apartment in the heart of S.Spirito,1.4694494069003244e+18,,43.76609,Entire home/apt,2.0,2026-06-17,1.0,23
Peruzzi Apartment,1.4658067990691116e+18,,43.76859,Entire home/apt,2.0,2026-06-18,58.0,34
Vivi Firenze nel cuore del suo centro storico,1.4694519911527928e+18,,43.77581,Entire home/apt,31.0,2019-09-27,1.0,0
Room 45. Rent Room in Florence. Room1,1.4694555777918333e+18,,43.77259,Hotel room,1.0,2026-04-17,4.0,13
Room45 - Guesthouse in centro Firenze. Room 3,1.4694555777918333e+18,,43.77281,Hotel room,1.0,2026-06-23,4.0,19
"Residenza Cecchi B&B Florence, Cozy Florentine ...",1.465490086839941e+18,,43.7618408203125,Private room,1.0,,4.0,0
Charming apartment in the very heart of Florence,1.4626422174522547e+18,,43.77562,Entire home/apt,3.0,2026-06-25,9.0,16
Charming apartment in Santa Croce,1.4878823813277594e+18,,43.77015,Entire home/apt,2.0,2026-05-02,1.0,3
Elegance in Santa Maria Novella,1.4694617529585628e+18,,43.77279,Entire home/apt,2.0,2026-06-15,1.0,2
Santa Croce Luxury 2 Bedroom,1.462625585543148e+18,,43.77175,Entire home/apt,2.0,2026-01-02,37.0,3
EE FLORENCE LUXURY APARTMENT,1.4630281968759273e+18,,43.77437,Entire home/apt,60.0,2020-07-18,3.0,0
Calisti's Apartment -  Fortezza/SMN station,1.4686148831149545e+18,,43.78536,Entire home/apt,2.0,2025-05-16,1.0,0
"Santa Croce. Quiet, large and luminous loft",1.4625116067746196e+18,,43.7692,Entire home/apt,2.0,2026-06-09,16.0,33
Appartamento in campagna  a 10 minuti dalla città,1.4667953585204234e+18,,43.75032,Entire home/apt,31.0,,1.0,0
Room in the heart of Florence,1.4657272161258852e+18,,43.77564,Private room,1.0,2026-05-19,2.0,60
Roomy&luxurious vicino al Duomo.,1.4694671575961298e+18,,43.77172,Entire home/apt,180.0,2023-06-29,1.0,0
Lenovemuse guesthouse  superior with terrace,1.4693912614178609e+18,,43.78445,Private room,1.0,2026-05-11,3.0,4
Borgo Pinti Garden Suite,1.4633712354641603e+18,,43.776493072509766,Entire home/apt,2.0,2026-06-26,2.0,35
"!NEW-Duomo Contemporary, steps from the Duomo!",1.469324486921359e+18,,43.77221,Entire home/apt,3.0,2023-09-19,55.0,0
Stanza privata luminosa in zona tranquilla,1.4668261761749417e+18,,43.7820863,Private room,31.0,,24.0,0
Firenze da me,1.4633481006069975e+18,,43.7828,Entire home/apt,2.0,2026-06-24,1.0,5
Nonna Anna apartment,1.4694732214092905e+18,,43.76485,Entire home/apt,31.0,2024-06-16,1.0,0
Luxury central apartment with amazing terrace,1.4682297243518781e+18,,43.76699,Entire home/apt,31.0,2019-10-22,1.0,0
Hill's view terrace apartment,1.4681778452459203e+18,,43.76283,Entire home/apt,2.0,2026-05-29,46.0,11
The terrace of  R&O the music that goes around!,1.4684001681559396e+18,,43.78585,Private room,2.0,2026-06-15,1.0,14
Villa Marmigliano: Tuscan Countryside Home,1.4628899024020398e+18,,43.79034,Entire home/apt,31.0,2025-07-16,18.0,1
"Camera con bagno, parking   e wi fi - BEST PRICE",1.4627260220879657e+18,,43.78461,Private room,1.0,2025-06-27,3.0,1
Moon- Light Suite for 3 people,1.4628078706479107e+18,,43.77724,Private room,1.0,2026-05-22,3.0,12
House of the silversmiths,1.46948776685405e+18,,43.74908,Entire home/apt,31.0,,1.0,0
Nerli Prestige By MMega,1.4626271213019407e+18,,43.76901,Entire home/apt,1.0,2026-05-13,259.0,3
Ariento House by 360 Rentals,1.4625115071325087e+18,,43.7768985,Entire home/apt,1.0,2026-03-20,22.0,13
Caterina Apartment - style and personality,1.4668568961392456e+18,,43.77078,Entire home/apt,1.0,2026-06-07,3.0,46
4 rooms in Florence center,1.4626188625991828e+18,,43.77896,Entire home/apt,1.0,2026-06-20,2.0,10
Central flat charming Florence style & patio 欢迎,1.468517064759802e+18,,43.77247,Entire home/apt,1.0,2026-06-14,9.0,10
Casa con private parking alla fermata tranvia!,1.463370084476973e+18,,43.78965,Entire home/apt,2.0,2026-06-13,1.0,39
Charming Moro Big Apartment,1.4668568961392456e+18,,43.77224,Entire home/apt,1.0,2026-04-26,3.0,2
✧A touch of History✧ in Santa Reparata,1.469498413583716e+18,,43.77977,Entire home/apt,2.0,2026-06-12,1.0,33
Ponte Vecchio Studio,1.4626155751537418e+18,,43.76626,Entire home/apt,1.0,2026-06-15,19.0,39
camera con bagno nel cuore di Firenze wifi free,1.4626092224627794e+18,,43.77184,Private room,31.0,2019-09-25,3.0,0
"Adorable Flat! relax@home, easily get to Dowtown",1.4652785633445683e+18,,43.79368,Entire home/apt,3.0,2026-06-15,1.0,8
La Delizia Fiorentina,1.4695059173225728e+18,,43.76411,Entire home/apt,1.0,2026-06-25,1.0,47
Appartamento Intimo con Balcone!,1.4632487318221266e+18,,43.77145,Entire home/apt,2.0,2023-05-27,18.0,0
Arco di San Pierino – Heart of Florence,1.4633617501196406e+18,,43.77163,Entire home/apt,1.0,2026-06-15,1.0,51
Guelfa Apartament,1.4691414361612667e+18,,43.7789,Entire home/apt,1.0,2025-06-08,4.0,0
"a casa di mena, Verde",1.4671339215498414e+18,,43.7676,Private room,1.0,2026-06-18,2.0,68
Appartamento Borgo Stella,1.4695143119678193e+18,,43.7678,Entire home/apt,2.0,2026-06-12,1.0,44
Dependance,1.4694122897576714e+18,,43.78527,Hotel room,1.0,2025-03-12,4.0,0
San Niccolo 61,1.4695184167487854e+18,,43.7642,Entire home/apt,1.0,2026-06-26,2.0,33
The Oltrano Nest ( Room with private bathroom ),1.4630695749511337e+18,,43.76822,Private room,1.0,2026-06-19,3.0,69
"3BD-3BA DESIGNER APARTMENT, TOP FLORENCE LOCATION!",1.4683636604959462e+18,,43.76844,Entire home/apt,2.0,2026-04-11,2.0,1
MINI APARTMENT IN THE TOWER FOR 1 PERSON,1.4625136732182167e+18,,43.76742,Entire home/apt,1.0,2026-05-14,18.0,31
Casa Patricia e Luciano,1.469521312252822e+18,,43.77231,Entire home/apt,2.0,2026-06-21,1.0,19
Il borghetto - monolocale nel cuore di Firenze,1.466924131074699e+18,,43.7706,Entire home/apt,2.0,2020-08-15,1.0,0
"B&B di DuomoviewBb, Stanza con due letti",1.462957445594734e+18,,43.77350616455078,Private room,1.0,2022-07-15,2.0,0
Deluxe Apartment Brunetto in Palazzo Branchi,1.4695238007669396e+18,,43.78157,Entire home/apt,1.0,2023-05-20,5.0,0
Appartamento elegantissimo nel cuore di Firenze.,1.4695234436019612e+18,,43.76712,Entire home/apt,2.0,2025-10-12,1.0,1
"Il B&B Casa dei Tintori, Camera Rossa",1.4625286177973742e+18,,43.76815,Private room,1.0,2023-09-01,10.0,0
Ghibellina Apartment by Mamo Florence,1.4626390518884895e+18,,43.77065,Entire home/apt,1.0,2026-02-26,197.0,4
Casa di Gattola,1.462521446931195e+18,,43.80673,Entire home/apt,3.0,2026-06-14,1.0,16
Porta Rossa Exclusive Comfort & Location,1.469324486921359e+18,,43.76934,Entire home/apt,1.0,2026-04-17,55.0,1
La casa del mago,1.462731346474773e+18,,43.77255,Entire home/apt,2.0,2026-06-18,1.0,7
Deluxe Apartment Ubaldo in Palazzo Branchi,1.4695238007669396e+18,,43.77966,Entire home/apt,1.0,2023-04-10,5.0,0
Santa Maria Novella 4 bedrooms By MMega,1.4626271213019407e+18,,43.78054,Entire home/apt,1.0,2026-05-27,259.0,26
Bilocale 205,1.462518670672152e+18,,43.75169,Entire home/apt,31.0,2023-05-21,6.0,0
"Monolocale+parcheggio, spa, terrazza panoramica",1.462518670672152e+18,,43.7501,Entire home/apt,31.0,2022-12-03,6.0,0
Modern 3BR Flat in San Frediano,1.4879311217243743e+18,,43.76899,Entire home/apt,3.0,2026-06-19,1.0,35
Ponte Vecchio  New Gunthy Apartment uffizzi,1.462624047109911e+18,,43.766963958740234,Entire home/apt,3.0,2026-06-08,18.0,20
Dome (View) House,1.462733094366044e+18,,43.77329,Entire home/apt,2.0,2026-06-18,10.0,27
"La casa di Catia,   Novoli S. Donato Firenze",1.4695390635004915e+18,,43.79329,Private room,1.0,2026-06-08,1.0,31
Firenze arte rinascimentale passeggiando,1.4695402211170284e+18,,43.77008056640625,Entire home/apt,1.0,2026-06-21,1.0,20
ROOM dreamlike view terrace Lovely cozy&stylish,1.462719975803592e+18,,43.7744140625,Entire home/apt,1.0,2023-11-26,5.0,0
Stanza accogliente e luminosa vicino a tramvia,1.4629550073749548e+18,,43.79579,Private room,1.0,2026-06-26,1.0,16
"Il Giglio Guest House, semplice ed accogliente",1.4633888943140193e+18,,43.77916,Private room,1.0,2026-06-28,6.0,32
LUXURIUS  DUPLEX PENTHOUSE IN A MEDIEVAL TOWER,1.462733094366044e+18,,43.76829,Entire home/apt,1.0,2026-06-11,10.0,34
Centrale APT con terrazza a 5min dal Pitti! - [HU],1.4628564814992796e+18,,43.76264,Entire home/apt,1.0,2026-06-13,35.0,8
Via di Mezzo 15,1.4631407907176468e+18,,43.77186584472656,Entire home/apt,1.0,2026-06-02,3.0,21
Bargello Modern By MMega,1.4626271213019407e+18,,43.76902,Entire home/apt,1.0,2026-05-31,259.0,8
Appartamento con Due Camere Matrimoniali :),1.4632487318221266e+18,,43.77145,Entire home/apt,2.0,2024-03-29,18.0,0
ANNA’S HOUSE Ponte vecchio,1.462767203347116e+18,,43.76981,Entire home/apt,2.0,2026-06-20,6.0,10
Duomo Garden Paradiso,1.4654946997060846e+18,,43.77248,Entire home/apt,2.0,2026-06-06,6.0,54
Bright and Sunny room in the city center,1.465670315731061e+18,,43.78014,Private room,2.0,2026-06-11,8.0,49
Oltrarno Suite,1.4630695749511337e+18,,43.76678,Entire home/apt,1.0,2026-06-20,3.0,57
San Niccolò alcove near Ponte Vecchio,1.4632045097797317e+18,,43.763569649845415,Entire home/apt,1.0,2026-06-14,4.0,17
ENJOY PurpleRoom withPVTbathroom. 2STEPSfromDOME,1.467142900864059e+18,,43.77755,Private room,2.0,2026-06-22,5.0,55
CHARMING FIESOLANA APARTMENT IN HEART OF FLORENCE,1.4625247002845143e+18,,43.77184,Entire home/apt,2.0,2025-08-25,5.0,1
Lambert Apartment,1.4691959900106153e+18,,43.76832,Entire home/apt,2.0,2026-06-22,2.0,53
Dante’s house,1.4630306497829916e+18,,43.77016,Entire home/apt,2.0,2026-06-18,1.0,25
Appartamento con balcone,1.4685682739931932e+18,,43.78179,Entire home/apt,1.0,,9.0,0
B&B Air Green Serragli,1.4655833248565637e+18,,43.76582,Entire home/apt,2.0,2026-01-02,5.0,1
Luxury flat cls San Frediano & Santa Maria Novella,1.4689835551395471e+18,,43.77609,Entire home/apt,2.0,2026-06-11,2.0,20
"Hotel Costantini, Single Room",1.4633781259522424e+18,,43.77266,Private room,1.0,2026-06-03,4.0,27
"Hotel Costantini, Double Room Duomo Side View",1.4633781259522424e+18,,43.77313,Private room,1.0,2026-01-25,4.0,2
Luxury flat cls San Frediano & Santa Maria Novella,1.4689835551395471e+18,,43.77736,Entire home/apt,2.0,2026-06-14,2.0,23
"RistoriApartment, Via dei Leoni n°6 Firenzei",1.4695670138234964e+18,,43.76941,Entire home/apt,4.0,2026-05-14,1.0,3
Gavinana Apartment By MMega,1.4626271213019407e+18,,43.76102,Entire home/apt,7.0,2025-11-30,259.0,1
Charming stay close to Duomo,1.4634267701355727e+18,,43.776835235362235,Entire home/apt,2.0,2026-06-26,1.0,60
Lian Home in Florence By MMega,1.4626271213019407e+18,,43.77048,Entire home/apt,1.0,2026-06-15,259.0,21
Little flat in Florence center,1.4631951190180452e+18,,43.77262,Entire home/apt,1.0,2026-06-07,1.0,48
Belle Donne Historical Apartment - City Center,1.4695700523377503e+18,,43.77116,Entire home/apt,2.0,2025-12-01,4.0,7
"New, Bright and Luxury Apartment in Florence",1.4627014060949996e+18,,43.78196,Entire home/apt,2.0,2026-06-14,13.0,35
Charming Excutive Room Boutique Hotel Jolea,1.4695637109774318e+18,,43.78017,Private room,31.0,2021-08-01,13.0,0
small peaceful bedroom  in Santa Croce,1.4627958618739446e+18,,43.77072,Private room,2.0,2026-06-24,13.0,7
Florentine Living | 200m Ponte Vecchio | 2 BDR | ☼,1.4653063150725164e+18,,43.76580047607422,Entire home/apt,3.0,2026-06-21,1.0,17
Boutique deluxe double room - Best Florence Views!,1.4695637109774318e+18,,43.78034,Private room,31.0,2021-07-22,13.0,0
CDT Duomo,1.4695486577747832e+18,,43.77193,Entire home/apt,1.0,2026-06-11,1.0,25
Charming room in central florence,1.4695637109774318e+18,,43.78138,Private room,31.0,2020-02-08,13.0,0
Boutique B&B 2 min from Accademia Museum,1.4695637109774318e+18,,43.7815,Private room,31.0,,13.0,0
Casa Bianca Firenze,1.4628528928696494e+18,,43.77768,Entire home/apt,2.0,2025-08-13,1.0,1
Sdrucciolo dei Pitti Third floor,1.4626995495990162e+18,,43.766281,Entire home/apt,1.0,2026-01-01,159.0,2
Affittacamere La Viola - Camera con vista,1.469579972334034e+18,,43.77446,Private room,1.0,2026-06-26,4.0,51
Novella’s apartment,1.4695796610105958e+18,,43.77512,Entire home/apt,2.0,2026-06-19,1.0,40
"Splendido appartamento a Firenze ""HAPPY HOLIDAYS""",1.4695809129127726e+18,,43.79817199707031,Entire home/apt,2.0,2025-06-16,1.0,0
The Suite Dome Apartment by Mamo Florence,1.4626390518884895e+18,,43.77205276489258,Entire home/apt,1.0,2026-05-17,197.0,43
Carapelli 7,1.462687244144813e+18,,43.76794,Entire home/apt,2.0,2024-02-18,50.0,0
LUX & Design Loft/Apt with PanoramicTerrace,1.4671488034264187e+18,,43.76973,Entire home/apt,1.0,2026-06-24,1.0,27
Nice apartment near the city center of Florence,1.4687353723394345e+18,,43.77826,Entire home/apt,31.0,2019-12-31,16.0,0
APPARTAMENTO LUNGARNO CON TERRAZZA FIRENZE CENTRO,1.462570995249702e+18,,43.76445,Entire home/apt,1.0,2026-06-11,5.0,63
Toc Toc - modern apartment in Florence,1.4693045093976748e+18,,43.77204,Entire home/apt,31.0,2023-10-11,1.0,0
Little Gem,1.4655779424609697e+18,,43.77669,Entire home/apt,1.0,2026-04-23,36.0,1
"Dante miniloft ""Fuga d'amor""",1.465670889825624e+18,,43.77032,Entire home/apt,4.0,2026-06-21,3.0,18
Numa |  1 Bedroom Duplex with Two Sofa Beds,1.469585447133607e+18,,43.76989,Entire home/apt,1.0,2026-02-28,4.0,1
Romantic Room in Boutique house in Florence,1.4695637109774318e+18,,43.78201,Private room,31.0,2020-01-06,13.0,0
Boutique Room in Central Florence,1.4695637109774318e+18,,43.78239,Private room,31.0,,13.0,0
Wonderful room in boutique hotel in Florence,1.4695637109774318e+18,,43.77979,Private room,31.0,,13.0,0
TERRAZZA,1.4631519791533926e+18,,43.77473,Entire home/apt,2.0,2026-06-14,5.0,59
Belvedere Costa San Giorgio  loft amazing view,1.462879613824046e+18,,43.76449,Entire home/apt,2.0,2026-06-01,3.0,11
La casa del Pensatore,1.4671451802449664e+18,,43.77726,Entire home/apt,2.0,2026-06-18,1.0,16
"B&B di Old Florence Inn Duemila Srl, Stanza doppia",1.469588450635074e+18,,43.77509,Private room,1.0,2026-06-10,2.0,4
LA GORA HOUSE: FLORENCE AND SURROUNDINGS IN 3 DAYS,1.4695892140758953e+18,,43.73249,Entire home/apt,2.0,2026-06-21,1.0,12
Oltrarno 1881 - Bilocale,1.46959066156811e+18,,43.77033,Entire home/apt,1.0,2024-01-21,4.0,0
Villoresi Mansion Apt. 2,1.462687244144813e+18,,43.76528,Entire home/apt,1.0,2025-06-08,50.0,0
Cinzia's home,1.4695796293325187e+18,,43.76521,Entire home/apt,2.0,2026-05-30,1.0,33
All'ombra del Duomo,1.4695916314378043e+18,,43.77586,Entire home/apt,3.0,2026-06-07,1.0,26
"Soggiorno Rubino B&B,Triple room",1.469588594723439e+18,,43.77741,Private room,1.0,,2.0,0
Antonino 23,1.4626995495990162e+18,,43.775639,Entire home/apt,1.0,2026-06-04,159.0,13
Camera tripla,1.4695905665892746e+18,,43.77779,Private room,1.0,2026-02-26,3.0,4
Oltrarno 1881 - Wellness con bagno turco,1.46959066156811e+18,,43.77107,Entire home/apt,1.0,2026-02-17,4.0,1
YiD Servi apt B,1.462988130311036e+18,,43.77529,Entire home/apt,1.0,2024-10-26,80.0,0
"Soggiorno Rubino B&B,Double room with balcony",1.469588594723439e+18,,43.77533,Private room,31.0,,2.0,0
Cozy apartment with private parking,1.4628651719077714e+18,,43.78256,Entire home/apt,2.0,2026-06-17,1.0,33
Il Civettino - appartamento nel centro storico,1.4672497265786025e+18,,43.77463,Entire home/apt,3.0,2025-09-27,1.0,1
Duomo luxury apartment.,1.469401610944479e+18,,43.772178649902344,Entire home/apt,2.0,2026-06-04,2.0,11
Double superior,1.4695886634129636e+18,,43.79605,Private room,1.0,2024-03-17,5.0,0
Monnalisa,1.467112848070537e+18,,43.77079,Entire home/apt,1.0,2026-06-09,3.0,10
Triple Room,1.4695886634129636e+18,,43.7963,Private room,1.0,2024-09-02,5.0,0
Stanza Quadrupla,1.4695886634129636e+18,,43.79603,Private room,1.0,2023-10-30,5.0,0
Charming Renovated Ex Convent Florence Apartment,1.4625326410929487e+18,,43.77705,Entire home/apt,2.0,2026-05-31,2.0,11
NEW! ModernRoom withPVTbathroom. 2STEPSfromDOME,1.467142900864059e+18,,43.7783,Private room,2.0,2026-06-20,5.0,60
Ponte Vecchio Luxury Apartment,1.462687244144813e+18,,43.7687,Entire home/apt,1.0,2026-06-21,50.0,16
"Lodge Duomo View, stunning view from the terrace",1.4695978891528195e+18,,43.78098,Entire home/apt,2.0,2026-01-02,1.0,13
Academy House by Mamo Florence,1.4626390518884895e+18,,43.77688,Entire home/apt,1.0,2026-06-10,197.0,27
Ponte Vecchio | Arno Rose Shell Flat,1.469593498615242e+18,,43.7664,Entire home/apt,1.0,2026-05-12,3.0,5
GuestHost - Colorful Boccaccio Apt with Patio,1.4671577548808717e+18,,43.78904,Entire home/apt,2.0,2025-08-15,102.0,2
Terrace Apartment by Duomo,1.4685220646885215e+18,,43.77149,Entire home/apt,3.0,2025-10-26,16.0,10
Rose Apartment - Santo Spirito district,1.469600799767525e+18,,43.76527,Entire home/apt,2.0,2026-06-08,1.0,24
La Casa di Claudia,1.4692736529623288e+18,,43.80343,Entire home/apt,2.0,2024-01-02,1.0,0
"San Lorenzo Family Apartment, vicino stazione SMN",1.4626493437665912e+18,,43.77882,Entire home/apt,2.0,2026-01-01,4.0,4
Robert Apartment by Mamo Florence,1.4626390518884895e+18,,43.7831,Entire home/apt,1.0,2026-02-08,197.0,11
Nice&Comfy Central Apartment,1.4687489023636283e+18,,43.76946061053213,Entire home/apt,1.0,2026-06-18,2.0,6
Camera Privata con finestra sul giardino,1.4629308135041252e+18,,43.78912,Private room,3.0,2026-06-02,4.0,29
Florentine apartment  with a view,1.4628082266545969e+18,,43.77522659301758,Entire home/apt,3.0,2026-06-19,1.0,15
Duomo - SMN | Sandrose Flat,1.4685165776200983e+18,,43.77208,Entire home/apt,1.0,2026-04-05,1.0,2
Across The River,1.4696036285732984e+18,,43.76504,Entire home/apt,2.0,2026-06-04,2.0,8
Duomo View Venere Suite 5 floor Lift 2+2 separate,1.4628214864224735e+18,,43.772899,Entire home/apt,2.0,2026-06-12,3.0,17
Albizi Prestige Apartment,1.4668607459782958e+18,,43.7718,Entire home/apt,3.0,2026-02-02,1.0,22
Duomo 2 - Alfani,1.4625787674903795e+18,,43.77615,Entire home/apt,2.0,2026-06-23,12.0,29
Le Porte di San Frediano 2,1.4654012825513395e+18,,43.7724,Entire home/apt,1.0,2026-05-10,3.0,5
Ancient and typical Florentine big house,1.4693770928189202e+18,,43.78185,Entire home/apt,31.0,2024-07-08,1.0,0
Affittacamere La Viola - Camera con vista stupenda,1.469579972334034e+18,,43.774471,Private room,1.0,2026-06-16,4.0,52
"Luminoso 60 m² con parcheggio + garage, Tramvia T2",1.4655955286042924e+18,,43.79007,Entire home/apt,3.0,2026-06-16,2.0,7
Raffinato appartamento nel cuore di Firenze,1.4696091135633065e+18,,43.77057,Entire home/apt,4.0,2026-06-26,1.0,13
Top Floor Jewel in Florence,1.462647571819597e+18,,43.76335,Entire home/apt,4.0,2026-05-30,1.0,1
Bella Mia Piazza Signoria Apartment,1.4696094061005225e+18,,43.76945114135742,Entire home/apt,2.0,2026-04-07,1.0,20
"Appartamento ""Il Moro""",1.4696118366370924e+18,,43.77057,Entire home/apt,2.0,2026-06-26,1.0,43
Bright and cosy flat in the very heart of Florence,1.4625267860699397e+18,,43.77127,Entire home/apt,5.0,2026-06-27,1.0,9
Ricasoli Terrace 2b near the Duomo,1.4627685989414874e+18,,43.77381,Entire home/apt,3.0,2025-11-11,46.0,1
Hs4U Ricasoli Luxury Apartment near Duomo - 1,1.462988130311036e+18,,43.77494,Entire home/apt,1.0,2025-12-02,80.0,2
Residenza il Conte Rosso,1.466927093367927e+18,,43.780594,Entire home/apt,2.0,2026-06-14,6.0,2
Soggiorno La Coccinella - SMN Station Triple Room,1.468686554271747e+18,,43.7831,Private room,1.0,2026-05-19,10.0,9
Comfort double bathroom ensuite,1.468686554271747e+18,,43.78234,Private room,1.0,2026-05-30,10.0,9
Soggiorno Giardino Orticoltura,1.4631658471488146e+18,,43.78879,Entire home/apt,2.0,2026-06-21,1.0,13
Studio Duomo Michelangelo  a Place to fall in love,1.46264353639412e+18,,43.7728,Entire home/apt,1.0,2026-06-11,2.0,56
Apartment with Two Double Bedrooms,1.4632487318221266e+18,,43.77088,Entire home/apt,2.0,2022-03-10,18.0,0
Bungalow Deluxe,1.4690394560706506e+18,,43.76558,Entire home/apt,1.0,2026-04-14,4.0,11
MIROSA flat,1.4655318708964918e+18,,43.78719711303711,Entire home/apt,5.0,,1.0,0
Federica's Ponte Vecchio 1bd - FlorenceHospitality,1.4673009396028552e+18,,43.76966,Entire home/apt,1.0,2026-06-09,16.0,50
IL BONSAI,1.4634581771483889e+18,,43.78473,Entire home/apt,1.0,2026-06-14,1.0,7
Santo Spirito Bright Flat By MMega,1.4626271213019407e+18,,43.76711,Entire home/apt,1.0,2026-05-28,259.0,4
Brand new apartment,1.4627751702868646e+18,,43.77311,Entire home/apt,1.0,2024-10-13,1.0,0
San Giuliano Inn- Exclusive rooms with a view,1.469459219578826e+18,,43.77687072753906,Private room,1.0,2023-03-26,2.0,0
Superior Apartment in Palazzo Branchi,1.4695238007669396e+18,,43.7796,Entire home/apt,1.0,2022-05-22,5.0,0
Ponte Vecchio cozy Oltrarno apartment,1.4656999405671427e+18,,43.76457,Entire home/apt,1.0,2021-08-06,2.0,0
Camera con 2 letti singoli in centro a Firenze,1.469581539445255e+18,,43.78222,Private room,1.0,2026-06-12,3.0,111
Oltrarno Real Mood Florentine House,1.4681778452459203e+18,,43.76671,Entire home/apt,1.0,2026-05-26,46.0,9
"Dome House, Florence",1.4625943426495101e+18,,43.7834047,Entire home/apt,2.0,2026-06-21,12.0,9
Lorenzo at the Duomo in the heart of Florence,1.4669327253289283e+18,,43.77467,Entire home/apt,1.0,2026-04-26,2.0,33
Strozzi beautiful place,1.469626624923787e+18,,43.78116226196289,Private room,1.0,2026-06-26,1.0,50
Casa Morfea Firenze,1.4696191055148198e+18,,43.78147,Entire home/apt,2.0,2026-05-17,1.0,15
Luxury Apartment With Private Parking,1.4696309186345582e+18,,43.769402,Entire home/apt,90.0,2025-07-07,1.0,1
Oricellari terrace near Firenze SMN train station,1.469635210151544e+18,,43.77563,Entire home/apt,2.0,2026-06-01,2.0,28
Executive Room in Central Florence,1.4696352326857582e+18,,43.78126,Private room,31.0,,7.0,0
Hs4U Ricasoli Luxury apartment near Duomo N. 3,1.462988130311036e+18,,43.77475,Entire home/apt,1.0,2025-12-20,80.0,4
8 -Charming Room near Academia Museusm,1.4696352326857582e+18,,43.78196,Private room,31.0,,7.0,0
7 - Boutique Hotel in Florence,1.4696352326857582e+18,,43.78333,Private room,31.0,,7.0,0
Single room in central florence,1.4696352326857582e+18,,43.78354,Private room,31.0,,7.0,0
bella camera a Firenze Careggi Poggetto J,1.4625132235860086e+18,,43.79714,Private room,1.0,2026-06-14,6.0,5
La casa degli artisti,1.463459315373832e+18,,43.79145812988281,Entire home/apt,2.0,2025-10-18,1.0,2
flohome - Borgo Guelfo II,1.469311346005342e+18,,43.77519,Entire home/apt,1.0,2025-10-22,13.0,5
flohome - Borgo Guelfo IV,1.469311346005342e+18,,43.77727,Entire home/apt,1.0,2025-07-28,13.0,1
flohome - Borgo Guelfo VI,1.469311346005342e+18,,43.77576,Entire home/apt,1.0,2025-09-21,13.0,3
flohome - Calzaiuoli loft,1.469311346005342e+18,,43.77046,Entire home/apt,1.0,2025-05-23,13.0,0
flohome - Pitti Apartment,1.469311346005342e+18,,43.76596,Entire home/apt,2.0,2025-05-25,13.0,0
flohome - San frediano apartment,1.469311346005342e+18,,43.76894,Entire home/apt,1.0,2022-10-03,13.0,0
Luxury Apartment in Piazza Beccaria Florence,1.4672193809760108e+18,,43.77054,Entire home/apt,1.0,2023-11-14,2.0,0
""" Inside th'Art """,1.4634530244023493e+18,,43.77589,Entire home/apt,4.0,2026-06-13,1.0,11
Home il piccolo nido è situato a Firenze,1.4682894586257272e+18,,43.78717,Entire home/apt,1.0,2026-03-21,2.0,4
Glamorous  San Niccolo' apartment top location,1.4696435281033106e+18,,43.764408111572266,Entire home/apt,3.0,2025-05-26,1.0,0
"B&B di Piazza del Duomo, Stanza dante",1.4626566734063895e+18,,43.772491455078125,Private room,1.0,2026-03-30,6.0,1
Affittacamere La Viola - Camera con vista stupenda,1.469579972334034e+18,,43.774467,Private room,1.0,2026-06-19,4.0,45
Gio apartment - Free garage - Fortezza da Basso,1.46964802206624e+18,,43.78554,Entire home/apt,2.0,2026-06-08,1.0,16
PsfApt Florence,1.4653057348887045e+18,,43.77094,Entire home/apt,2.0,2026-06-16,1.0,15
Interno 8: comfort e design,1.469649128493987e+18,,43.80622,Entire home/apt,3.0,2026-02-26,1.0,6
Alfani Charming Suite,1.4696505106015693e+18,,43.77484,Entire home/apt,2.0,2026-06-01,1.0,18
"Yome, appartamento una camera da letto, Acqua 3",1.4626710073191992e+18,,43.76963,Entire home/apt,2.0,2026-06-06,6.0,46
Central Station Apartment By MMega,1.4626271213019407e+18,,43.7767,Entire home/apt,1.0,2026-06-14,259.0,35
Paradiso 28 By MMega,1.4626271213019407e+18,,43.75358,Entire home/apt,30.0,2022-09-30,259.0,0
Firenze - appartamento smeraldo,1.4655074614999537e+18,,43.77625,Entire home/apt,90.0,2022-07-29,12.0,0
Santa Croce cozy single room,1.4627958618739446e+18,,43.77033,Private room,3.0,2026-06-07,13.0,8
Irene's Home San Niccolò Boutique Design Apartment,1.4626479030930483e+18,,43.76534,Entire home/apt,2.0,2026-06-08,3.0,15
Magazzini dei Medici ( house with balcony),1.465415154112931e+18,,43.77006,Entire home/apt,1.0,2026-06-24,2.0,81
"Cosy, Awesome View - Loggia del Vasari",1.4626422174522547e+18,,43.77043,Entire home/apt,3.0,2026-04-21,9.0,12
15th Century Garden Home Near Ponte Vecchio,1.4693632561339333e+18,,43.76684,Entire home/apt,31.0,2025-01-02,1.0,0
Casa Velluti Deluxe By MMega,1.4626271213019407e+18,,43.76707,Entire home/apt,1.0,2026-06-01,259.0,21
San Frediano Jewel,1.4655779424609697e+18,,43.77092,Entire home/apt,1.0,2022-12-25,36.0,0
"Apartment with terrace,  4th floor, elevator",1.4626352465544404e+18,,43.76741,Entire home/apt,3.0,2025-06-09,2.0,0
Kairos - Fucsia Torinese - Deluxe Suite,1.4696623793835607e+18,,43.76778,Private room,1.0,2023-10-24,18.0,0
ArnoRiver Suite,1.4625771494430456e+18,,43.77074,Entire home/apt,2.0,2026-06-13,2.0,14
Charming apartment in authentic Sant'Ambrogio x6,1.4691241677927524e+18,,43.77032,Entire home/apt,2.0,2026-06-20,2.0,8
Traditional style apart in center with AC 8/10pers,1.468517064759802e+18,,43.77032,Entire home/apt,1.0,,9.0,0
Casa di Bruno,1.4685564664964905e+18,,43.7764898,Entire home/apt,1.0,2026-04-12,1.0,4
"La Stufetta, via della stufa nel cuore di Firenze",1.4696684214911473e+18,,43.77534,Entire home/apt,31.0,2024-03-08,1.0,0
Al Consolato - Travel,1.4670940174252488e+18,,43.77565002441406,Private room,1.0,2025-06-26,5.0,0
Al Consolato - Door,1.4670940174252488e+18,,43.77565002441406,Private room,1.0,2026-01-07,5.0,1
"B&B di Luigi a Firenze, Stanza doppia/tripla spaz.",1.4625595337510776e+18,,43.772422790527344,Private room,1.0,2026-05-22,6.0,19
Firenze HOUSE 46,1.46251310369038e+18,,43.81618,Entire home/apt,2.0,2025-09-21,2.0,1
"Central located flat,A/C,Wi-Fi, close to monuments",1.4628544121728847e+18,,43.7701,Entire home/apt,28.0,,5.0,0
"Exclusive apartment with garden and view,central",1.4628544121728847e+18,,43.76628,Entire home/apt,31.0,,5.0,0
New Apartment near Duomo with Elevator and WiFi,1.467125248223544e+18,,43.77471,Entire home/apt,2.0,2026-06-22,2.0,55
La casina di Chiara:  Your private Room,1.4629381832284078e+18,,43.7837,Private room,1.0,2025-08-17,3.0,2
"Soggiorno Pezzati, Stanza singola",1.4627235636936758e+18,,43.778350830078125,Private room,1.0,2026-03-02,5.0,2
Eden,1.4625265666866842e+18,,43.76742,Entire home/apt,2.0,2026-06-25,1.0,64
Camera in appartamento con 4 quattro zampe pelosi,1.4625650790190508e+18,,43.77626,Private room,31.0,2025-06-30,2.0,1
Loft  Palazzo Vecchio,1.463462119410047e+18,,43.770283,Entire home/apt,1.0,2026-06-10,1.0,61
Cappelle Medicee Luxury Flat,1.4657639572541594e+18,,43.77498,Entire home/apt,1.0,2026-04-02,4.0,15
"Pratico, comodo e ambizioso",1.469336731873373e+18,,43.78143,Entire home/apt,3.0,2021-12-04,1.0,0
Luxury Penthouse with Terrace,1.469683653630756e+18,,43.77244,Entire home/apt,2.0,2025-06-29,1.0,1
Latini 11,1.4696903030664955e+18,,43.7892,Entire home/apt,2.0,2026-05-08,1.0,14
Art Suite Pandolfini,1.4696944474910175e+18,,43.77205,Entire home/apt,2.0,2026-05-21,1.0,17
Florence Shanti Suite - Oasi di pace e relax,1.469564420825554e+18,,43.7643,Entire home/apt,1.0,2026-05-22,2.0,29
Carapelli 1,1.462687244144813e+18,,43.76994,Entire home/apt,1.0,2026-06-05,50.0,1
Carapelli 6,1.462687244144813e+18,,43.76972,Entire home/apt,1.0,2026-04-25,50.0,3
GuestHost - San Niccolò Modern & Cozy Apt,1.4671577548808717e+18,,43.76243,Entire home/apt,1.0,2026-06-16,102.0,37
Elegant and Bright Flat near the Duomo,1.4691621246346365e+18,,43.77394,Entire home/apt,3.0,2026-06-24,2.0,28
Lovely room in the heart of Florence,1.462835998167812e+18,,43.77733,Private room,31.0,2020-10-18,4.0,0
Art Tornabuoni 4 Suites,1.465532733119494e+18,,43.7705,Entire home/apt,1.0,2026-06-23,6.0,35
Appartamento immerso nel verde,1.462892212221502e+18,,43.76082,Entire home/apt,31.0,2023-05-02,1.0,0
"Il Soggiorno Alessandra, Stanza di charme",1.4630349725343078e+18,,43.769161224365234,Private room,1.0,2026-06-14,3.0,5
Delizioso Monolocale in pieno centro storico!,1.469704801405273e+18,,43.7757,Entire home/apt,31.0,2024-06-28,1.0,0
Camera vicino al Parco,1.4625845670571904e+18,,43.78618,Private room,2.0,2025-10-27,1.0,8
New and bright single room in Statuto area,1.4668261761749417e+18,,43.78624725341797,Private room,31.0,,24.0,0
Le Volte,1.4626271213019407e+18,,43.76502,Entire home/apt,1.0,2022-12-30,259.0,0
Views from the terrace in the heart of Florence,1.4669327253289283e+18,,43.769089,Entire home/apt,1.0,2026-06-09,2.0,39
Warm and cozy  sweet little apartment,1.469263447579873e+18,,43.76843,Entire home/apt,120.0,2022-11-30,1.0,0
Lucky Apt/Florence Station/Belfiore/Fortezza Pitti,1.4687574313673833e+18,,43.78289,Entire home/apt,2.0,2026-05-25,2.0,7
Appartamento Centro storico Firenze Renai,1.462570995249702e+18,,43.76443,Entire home/apt,1.0,2026-06-11,5.0,53
Private Oasis Home with outdoor / Piazza Libertà,1.469710307732788e+18,,43.78684,Entire home/apt,2.0,2026-04-09,1.0,2
Comfortable single room in Campo di Marte area,1.4668261761749417e+18,,43.7820863,Private room,31.0,2023-10-01,24.0,0
Cozy room with balcony in Campo di Marte area,1.4668261761749417e+18,,43.7820863,Private room,31.0,2023-07-27,24.0,0
Appartamento Manuela,1.4633336790239055e+18,,43.75357,Entire home/apt,1.0,2022-04-16,4.0,0
Appartement d’artiste sur l’Arno,1.4655629226293944e+18,,43.7644843,Entire home/apt,2.0,2026-06-07,1.0,16
Piccolo appartamento romantico e luminoso,1.4627717979886881e+18,,43.77805,Entire home/apt,2.0,2025-10-27,1.0,4
My Sweet Home,1.465448684727104e+18,,43.7734,Entire home/apt,1.0,2026-05-29,1.0,22
Novella White Iris Apartment,1.462615403375709e+18,,43.77303,Entire home/apt,1.0,2026-06-10,15.0,4
Suite Il Parlagio: A charming central retreat,1.4628899024020398e+18,,43.7697,Entire home/apt,2.0,2026-06-08,18.0,30
Appartamento Lorenzo,1.4633336790239055e+18,,43.75253,Entire home/apt,1.0,2021-03-13,4.0,0
Deluxe Parlagio: Elegant Retreat in Florence,1.4628899024020398e+18,,43.7699,Entire home/apt,2.0,2026-06-04,18.0,21
"Locanda della Musica, Stanza familiare quartetto",1.4697306746141885e+18,,43.77814102172851,Private room,1.0,2026-06-06,4.0,37
Unique top floor apartment in Santa Croce,1.4692935086125553e+18,,43.76841,Entire home/apt,2.0,2026-06-15,4.0,28
Melissa · Home with Soul in the Heart | by Acacia®,1.4625121549969098e+18,,43.76811,Entire home/apt,1.0,2023-10-18,29.0,0
Brunelleschi Apartment in the heart of Florence,1.4625475703875768e+18,,43.78198,Entire home/apt,1.0,2026-06-23,3.0,21
Florence David's Guesthouse,1.4693711960071063e+18,,43.77697,Entire home/apt,1.0,2023-06-16,4.0,0
Independent bedroom with private bathroom,1.4628398866874703e+18,,43.7861,Private room,1.0,2026-06-20,1.0,49
Duomo 4 - Alfani,1.4625787674903795e+18,,43.77688,Entire home/apt,2.0,2026-06-19,12.0,40
Casini’s house,1.4697412766331889e+18,,43.77018,Entire home/apt,1.0,2026-06-22,1.0,15
Cimatori flat-4 pax 2 mins walking to the Duomo,1.4670787214781212e+18,,43.76954,Entire home/apt,2.0,2025-12-09,9.0,20
Charming and Bright Flat at Medici Chapels,1.4697428665245212e+18,,43.77394,Entire home/apt,2.0,2026-06-19,1.0,30
Luxury Home Florence con terrazza vista Firenze,1.46354180726997e+18,,43.77588,Entire home/apt,1.0,2026-06-19,2.0,17
[DUOMO] Prestigious apartment 50 meters from Duomo,1.4635015572442058e+18,,43.77251,Entire home/apt,1.0,2026-06-25,36.0,107
"Il Verone, appartamento in villa XIII secolo",1.4654890943166195e+18,,43.79101,Entire home/apt,2.0,2026-05-23,1.0,10
"Casa Arturo, a stone's throw from the center",1.4626974218365732e+18,,43.7731801,Entire home/apt,1.0,2026-06-24,1.0,32
Farina Apartment close to the center of Florence,1.469345095990717e+18,,43.77721,Entire home/apt,1.0,2025-08-18,10.0,3
Newly Renovated  Florence Centre Cupola View Room,1.4625637761816827e+18,,43.7789623,Private room,4.0,2026-06-11,15.0,19
Firenze Matrimoniale con Divano letto singolo,1.4693711960071063e+18,,43.77756,Private room,1.0,2026-03-31,4.0,2
Firenze Mercato Centrale Matrimoniale con Balcone,1.4693711960071063e+18,,43.77721,Private room,1.0,2026-06-15,4.0,5
Via dell'Oriuolo apartment,1.4682275448687304e+18,,43.77313,Entire home/apt,2.0,2026-06-11,10.0,37
Mosse Teatro Apartment by Mamo Florence,1.4626390518884895e+18,,43.778942,Entire home/apt,1.0,2026-02-22,197.0,34
Bungalow with cute garden close to the centre,1.463552201582966e+18,,43.77145744512159,Entire home/apt,2.0,2025-07-25,3.0,1
Ponte Vecchio White By MMega,1.4626271213019407e+18,,43.76689,Entire home/apt,1.0,2026-06-15,259.0,34
"Lady Luna B&B, Stanza superiore",1.4697573450265004e+18,,43.77198,Private room,1.0,,3.0,0
SANTO SPIRITO - Elegant apartment in the center,1.4691135855286328e+18,,43.76678,Entire home/apt,2.0,2026-06-26,4.0,68
View of Plazzo Vecchio,1.466886211403414e+18,,43.76727,Entire home/apt,31.0,2026-06-15,1.0,3
"B&B di Provenzale, Stanza matrimoniale deluxe",1.4697491145655798e+18,,43.77189,Private room,1.0,2026-05-16,2.0,1
Ricasoli Duomo Home,1.462610075745398e+18,,43.77406,Entire home/apt,1.0,2026-06-02,17.0,38
Palazzo Alfani Residence - classic apartment 3,1.4625232439819238e+18,,43.77815,Entire home/apt,2.0,,5.0,0
Poldino Florence apartment,1.4697611358384548e+18,,43.79220199584961,Entire home/apt,2.0,2026-06-05,1.0,7
Central Florence Cozy Studio,1.4626236061039626e+18,,43.7647,Entire home/apt,2.0,2026-05-27,6.0,1
Terrace on Duomo Luxury Flat,1.462610075745398e+18,,43.77403,Entire home/apt,1.0,2026-06-25,17.0,47
"Florence Comfort B&B, Stanza doppia con bagno p...",1.462853147121278e+18,,43.7739,Private room,1.0,2026-04-06,8.0,5
"Florence Comfort B&B, Stanza Luxury con Jacuzzi...",1.462853147121278e+18,,43.7739,Private room,1.0,2025-11-19,8.0,2
Corso Terrace,1.4631402826927373e+18,,43.7714604,Entire home/apt,3.0,2026-05-30,2.0,41
Luminoso e spazioso monolocale vicino Careggi,1.4630009045835986e+18,,43.79989,Entire home/apt,3.0,2026-06-11,2.0,25
Paola's home - terrace with view of Florence,1.4697700700996193e+18,,43.77647,Entire home/apt,3.0,2026-06-12,1.0,15
Camera con bagno privato,1.4697690424936015e+18,,43.7889,Private room,1.0,2021-04-24,6.0,0
camera con bagno privato (Giardino),1.4697690424936015e+18,,43.78679,Private room,1.0,,6.0,0
Casa  della nonna,1.4666970306239155e+18,,43.78057696689436,Entire home/apt,2.0,2026-06-21,1.0,25
Proconsolo Apartment,1.4697715175384975e+18,,43.77103,Entire home/apt,2.0,2025-09-30,2.0,3
[Ponte Vecchio] Prestige and unique view,1.4635015572442058e+18,,43.767597,Entire home/apt,1.0,2026-06-26,36.0,74
Tornabuoni Charming Studio,1.4697100180785198e+18,,43.77,Entire home/apt,1.0,2026-06-13,14.0,72
"B&B The Attico Florence, Superior double room 2",1.46977639495775e+18,,43.771,Private room,1.0,2025-06-11,5.0,0
"B&B The Attico Florence, Superior double room 3",1.46977639495775e+18,,43.770267486572266,Private room,1.0,2026-02-09,5.0,3
"B&B The Attico Florence, Suite room",1.46977639495775e+18,,43.76916,Private room,1.0,,5.0,0
"Il Terrazzino sulla Cattedrale, Superior room",1.469210201569873e+18,,43.77401,Private room,1.0,,4.0,0
"B&B Il Terrazzino sulla Cattedrale,SUITE DELUXE",1.469210201569873e+18,,43.77466,Private room,31.0,,4.0,0
Charming Bardi studio,1.4696628215464187e+18,,43.76682,Entire home/apt,30.0,2026-04-30,1.0,5
Florentine RoofTop Terrace,1.4629493999434145e+18,,43.7667215,Entire home/apt,2.0,2026-06-18,1.0,1
"Alexander's modern loft conversion, sleeps 2",1.4668654708690035e+18,,43.7724,Entire home/apt,2.0,2026-05-11,6.0,7
"Margherita's Luxury Studio, for the solo traveler",1.4668654708690035e+18,,43.77436,Entire home/apt,2.0,2026-06-16,6.0,8
Sprone - Soggiorni D'Arte by Mamo Florence,1.4626390518884895e+18,,43.76767,Entire home/apt,1.0,2026-05-18,197.0,1
Bellosguardo - Soggiorni D'Arte by Mamo Florence,1.4626390518884895e+18,,43.76767,Entire home/apt,1.0,2026-06-02,197.0,4
Casa Strozzi - (PIAZZA DELLA REPUBBLICA),1.4697899499594337e+18,,43.77019,Entire home/apt,1.0,2026-06-22,1.0,36
Ponte Rosso Modern By MMega,1.4626271213019407e+18,,43.78686,Entire home/apt,1.0,2024-09-21,259.0,0
Firenze Residence Suite,1.4697909032546463e+18,,43.778389,Entire home/apt,1.0,2026-06-15,4.0,5
Stylish four bedrooms apartment - Florence center,1.468498271241803e+18,,43.78147,Entire home/apt,1.0,2026-06-08,13.0,8
Charming and Modern Flat On Piazza Santo Spirito,1.468498271241803e+18,,43.76714,Entire home/apt,2.0,2026-01-04,13.0,2
Santa Croce Plaza ~ 360° view & Double Terrace,1.463062119450331e+18,,43.76902,Entire home/apt,2.0,2026-06-21,1.0,40
Elegant Suite,1.4695885147555584e+18,,43.774899,Entire home/apt,1.0,2026-06-04,2.0,35
San Jacopo Top By MMega,1.4626271213019407e+18,,43.76642,Entire home/apt,1.0,2024-04-09,259.0,0
Suite Signoria,1.4631906152761452e+18,,43.770279,Entire home/apt,1.0,2026-06-23,4.0,68
Monolocale con giardino wifi e barbecue,1.4695976959463985e+18,,43.79817,Entire home/apt,2.0,,6.0,0
Attico - Mansarda in Villa con terrazza panoramica,1.4629370578787425e+18,,43.75641,Entire home/apt,3.0,2025-10-11,2.0,1
Appartamento Firenze Mayer,1.4693954420246367e+18,,43.79354,Entire home/apt,2.0,2025-07-26,11.0,1
SerenaMente a Firenze,1.4654511193215212e+18,,43.81019540559507,Entire home/apt,1.0,2026-06-24,2.0,6
Bilocale con giardino uso barbecue,1.4695976959463985e+18,,43.79815,Entire home/apt,2.0,2025-06-14,6.0,0
Green Eyes,1.4694263026235e+18,,43.78168,Entire home/apt,1.0,2026-06-11,1.0,101
Fiesolana & Santa Croce cozy apartment view 360,1.4625172504854676e+18,,43.772953,Entire home/apt,2.0,2026-06-26,1.0,24
Firenze centro Duomo S.Caterina D,1.4694087880837056e+18,,43.78015381481404,Entire home/apt,1.0,2025-09-24,1.0,2
BILOCALE N SANTA CROCE (Brunelleschi),1.4698069397029908e+18,,43.77026,Entire home/apt,1.0,2026-01-17,4.0,3
Cute Loft in the heart of Oltrarno,1.462523323150256e+18,,43.7677,Entire home/apt,2.0,2026-06-21,1.0,18
Mugnone house,1.4698082221318556e+18,,43.7868766784668,Entire home/apt,20.0,2025-09-23,1.0,3
MDR First of Florence I Medici,1.462764521992158e+18,,43.77465,Entire home/apt,1.0,2026-03-11,35.0,23
MDR First of Florence Luigi XIV,1.462764521992158e+18,,43.77601,Entire home/apt,2.0,2026-04-09,35.0,13
Single alla Francese cucinotto e wi fi  Fi NORD,1.4695976959463985e+18,,43.79787,Private room,3.0,2022-04-09,6.0,0
BIlocale Firenze Nord Business Area con giardino,1.4633512121834926e+18,,43.79848,Entire home/apt,7.0,2023-02-28,3.0,0
"Lovely Apartment, Amazing Views",1.4698100104694492e+18,,43.76942,Entire home/apt,2.0,2026-06-21,1.0,30
MDR First of Florence Apartment Casa dei Re,1.462764521992158e+18,,43.77373,Entire home/apt,1.0,2026-06-03,35.0,26
LUMINOSO LOFT NEL CUORE DI FIRENZE,1.4673319044318034e+18,,43.767696380615234,Entire home/apt,3.0,2026-06-22,1.0,11
Bright Gem in the heart of Florence,1.4668521793249746e+18,,43.77699,Entire home/apt,2.0,2026-06-19,1.0,18
Macci B) Moderno Elegante Appartamento SAmbrogio,1.4704599847620762e+18,,43.770081,Entire home/apt,1.0,2026-06-23,34.0,27
Appartamento moderno e accessoriatissimo a Rifredi,1.4625174488228408e+18,,43.80263,Entire home/apt,3.0,2025-08-28,1.0,5
Florence apartment in the history villa,1.4697323559094129e+18,,43.78525,Entire home/apt,1.0,2026-06-15,1.0,19
Avelli Bright Apt with View of S. Maria Novella,1.4704599847620762e+18,,43.774284,Entire home/apt,1.0,2026-06-11,34.0,24
"B&B di Marco, Stanza michelangelo",1.4698069397029908e+18,,43.76966,Private room,1.0,2026-02-09,4.0,3
Diva Lodging Luxury - Signoria,1.4634489103393393e+18,,43.76896,Entire home/apt,3.0,2026-04-25,1.0,7
Firenze - Jupiter Apartment,1.4655074614999537e+18,,43.77427,Entire home/apt,90.0,2023-06-30,12.0,0
Firenze - Luxury Flat,1.4655074614999537e+18,,43.77426,Entire home/apt,120.0,2024-12-19,12.0,0
Firenze -Mars Apartment,1.4655074614999537e+18,,43.77627,Entire home/apt,120.0,,12.0,0
"Firenze: Private Room, ensuite bathroom",1.4625352962920796e+18,,43.77784,Private room,2.0,2026-06-15,1.0,42
Via calzaiuoli three bedrooms three bathrooms,1.4687387801504543e+18,,43.77222713984953,Entire home/apt,2.0,2026-06-09,2.0,41
Duomo Panoramic View,1.4626840330065997e+18,,43.774939168344325,Entire home/apt,1.0,2026-06-04,15.0,47
"B&B di Marco, Stanza raffaello",1.4698069397029908e+18,,43.770259857177734,Private room,1.0,2025-03-30,4.0,0
Brand new apt/ independent junior suite,1.4626120225273884e+18,,43.76752,Entire home/apt,2.0,2026-06-16,2.0,23
Guicciardini Central Apartment,1.462625585543148e+18,,43.76639,Entire home/apt,2.0,2026-05-25,37.0,10
appartamento piano terra,1.4685682739931932e+18,,43.78036,Entire home/apt,1.0,2023-04-15,9.0,0
Beautiful flat in Oltrarno,1.4629886731058783e+18,,43.76769,Entire home/apt,2.0,2026-05-31,19.0,11
Ponte Vecchio Firenze,1.4626018045112292e+18,,43.7661,Entire home/apt,2.0,2026-05-23,1.0,3
Lorenzo Dei Medici - Signoria,1.4626574953358241e+18,,43.770412,Entire home/apt,1.0,2026-06-12,3.0,72
Nice apartment close to the city center,1.4625201604451459e+18,,43.804668,Entire home/apt,3.0,2026-06-20,2.0,3
THREE APARTMENTS via Roma -ap1-,1.469831339868969e+18,,43.772377,Entire home/apt,1.0,2024-05-26,3.0,0
THREE APARTMENTS via Roma -ap3-,1.469831339868969e+18,,43.772377,Entire home/apt,1.0,2025-01-15,3.0,0
Casa de Pepi 10,1.4698317859635564e+18,,43.76986,Entire home/apt,2.0,2025-09-29,1.0,1
Palazzo dei Signori Lux &Design Loft/Apt with view,1.4698112301375406e+18,,43.768688,Entire home/apt,1.0,2026-06-26,3.0,26
Ginori Studio - Italian Nights Collection,1.4627054192253555e+18,,43.77554,Entire home/apt,2.0,2026-06-10,9.0,27
Appartamento in Torre San Niccolò,1.4698336563824996e+18,,43.764496,Entire home/apt,3.0,2026-04-25,1.0,4
Leoni Bargello Apartment by Mamo Florence,1.4626390518884895e+18,,43.76974,Entire home/apt,1.0,2025-12-04,197.0,4
AT THE TOP- PENTHOUSE view's  on all FLORENCE,1.465532733119494e+18,,43.77203,Private room,1.0,2026-06-15,6.0,28
At the top faboulous terrace Florence,1.465532733119494e+18,,43.76515,Entire home/apt,1.0,2026-06-26,6.0,47
Vigna Vecchia Apartment 2,1.4629222267188165e+18,,43.76948,Entire home/apt,2.0,2026-06-12,2.0,57
Private room in shared house,1.4687353723394345e+18,,43.75482,Private room,31.0,,16.0,0
Casa Firenze,1.4659323326505528e+18,,43.76251,Entire home/apt,1.0,2025-09-03,1.0,5
Accogliente porzione di immobile vicino S. Croce,1.4692019531515164e+18,,43.76764,Private room,1.0,2024-11-17,8.0,0
terrazza romantica,1.466833724188797e+18,,43.77442,Entire home/apt,3.0,2025-10-28,3.0,6
Location Ponte Trinita by Antica Torre Tornabuoni,1.469831846274305e+18,,43.77058,Private room,1.0,2025-05-05,2.0,0
Flamingo Florence Suite,1.469564420825554e+18,,43.77207,Entire home/apt,1.0,2026-05-25,2.0,56
Hotel Jane,1.4698380872458127e+18,,43.77044,Private room,2.0,2025-02-25,1.0,0
Residenza Benizzi Guesthouse- Room Santo Spirito,1.4683828846424164e+18,,43.76763,Private room,2.0,2023-08-29,6.0,0
Residenza Benizzi Guesthouse -Single Room La Torre,1.4683828846424164e+18,,43.7677,Private room,2.0,2023-07-13,6.0,0
A - Appartamenti CORSO 3 - Affacciati a DANTE,1.4629500061314596e+18,,43.77143096923828,Entire home/apt,1.0,2026-06-13,4.0,80
La casa di Antonia,1.4668783164920072e+18,,43.761169,Entire home/apt,1.0,2026-03-23,2.0,8
A room in San Niccolò,1.4628231492754355e+18,,43.7651,Private room,31.0,2022-11-01,1.0,0
Villa Tortorelli - Suite con Balcone,1.4627141726346086e+18,,43.77508544921875,Private room,1.0,2026-02-06,7.0,2
Violetta Suite - Brand new flat - S. Maria Novella,1.466779274109451e+18,,43.77732,Entire home/apt,1.0,2026-06-07,10.0,24
Tosca Suite - Brand new flat - Santa Maria Novella,1.466779274109451e+18,,43.77539,Entire home/apt,1.0,2026-05-23,10.0,45
“Il sogno di Gabry “  a Firenze e per la Toscana,1.465663963128016e+18,,43.79039,Entire home/apt,2.0,2025-09-30,1.0,1
La Casina in San Niccolò,1.4636178386457508e+18,,43.764629,Entire home/apt,2.0,2026-06-19,1.0,8
Crystel - Modern Design Apartment in Best Location,1.465490739102441e+18,,43.774578,Entire home/apt,1.0,2025-10-04,2.0,5
"Residenza Dante, Firenze",1.4625943426495101e+18,,43.76991,Entire home/apt,2.0,2025-06-24,12.0,0
Villa Tortorelli - Suite Deluxe con Piscina,1.4627141726346086e+18,,43.77508544921875,Private room,1.0,2024-06-15,7.0,0
Oltrarno view apartment,1.4629886731058783e+18,,43.76776,Entire home/apt,2.0,2024-09-17,19.0,0
Appartamento Michelangelo,1.4698439552836375e+18,,43.776897,Entire home/apt,3.0,2025-10-19,2.0,6
Ponte Vecchio Studio 2 -city center-,1.4626155751537418e+18,,43.76663,Entire home/apt,1.0,2026-06-12,19.0,23
Speziali Apartment in the heart of Florence,1.4658057024845353e+18,,43.77267,Entire home/apt,1.0,2026-05-18,16.0,10
GuestHost - Fortezza Cozy and Quiet Flat,1.4671577548808717e+18,,43.780819,Entire home/apt,1.0,2025-11-30,102.0,16
Margot Apartment by Mamo Florence,1.4626390518884895e+18,,43.76382,Entire home/apt,1.0,2025-08-10,197.0,1
Palazzo Salviati by Varental | Verdi,1.4634848669019005e+18,,43.770172,Entire home/apt,1.0,2024-11-12,7.0,0
Palazzo Salviati by Varental | Santa Croce,1.4634848669019005e+18,,43.770172119140625,Entire home/apt,1.0,2026-05-12,7.0,12
Intimate and welcoming apartment in the center,1.467038494487081e+18,,43.77692,Entire home/apt,2.0,2026-06-18,1.0,35
Firenze da Sogno,1.469847232247072e+18,,43.780354,Entire home/apt,2.0,2025-09-16,1.0,4
Serenity - Sweet Dreams in Florence,1.465579628809493e+18,,43.76946640014648,Entire home/apt,1.0,2025-06-16,86.0,0
Florentine Apartment with Rare View of Cathedral,1.4625630837168343e+18,,43.768974,Entire home/apt,3.0,2025-12-30,1.0,12
[SAN LORENZO-DUOMO] Prestigious Historic Residence,1.4635015572442058e+18,,43.77465,Entire home/apt,2.0,2026-06-20,36.0,25
Marchese Bargagli Apartment Suite,1.4628487279018657e+18,,43.77452850341797,Entire home/apt,1.0,2026-05-24,8.0,33
Ricasoli Apartment by Mamo Florence,1.4626390518884895e+18,,43.77433,Entire home/apt,1.0,2026-06-07,197.0,10
2 camere accanto un mercato e piazza Santa Croce,1.4627101430083325e+18,,43.77155,Entire home/apt,1.0,2026-06-10,1.0,9
Ponte Vecchio Deluxe Apartment,1.4627014060949996e+18,,43.76621,Entire home/apt,2.0,2026-06-22,13.0,28
Espresso Apartment by Mamo Florence,1.4626390518884895e+18,,43.77547,Entire home/apt,1.0,2026-05-13,197.0,22
GuestHost - La Campagna In Città Cascine Flat,1.4671577548808717e+18,,43.782028,Entire home/apt,1.0,2026-04-09,102.0,10
"Terrazza sui tetti, nel cuore dell’arte",1.462539685451023e+18,,43.767323,Entire home/apt,1.0,2026-06-13,9.0,62
1BR Apartment • Sofa Bed • Up to 4 Guests,1.4625287078407035e+18,,43.771309,Entire home/apt,1.0,2026-05-24,2.0,13
Appartamento 1 bedroom,1.4629765000721454e+18,,43.8002,Entire home/apt,31.0,2024-09-30,1.0,0
TramwayEasy • Queen Room | Live Like Locals,1.4631533525157942e+18,,43.78982,Private room,3.0,2026-06-03,4.0,22
Casa Michelangelo -Tintori Apt,1.4698527792307845e+18,,43.76848,Entire home/apt,1.0,2026-04-14,2.0,2
San Lorenzo Market Loft,1.4625339288517727e+18,,43.77722,Entire home/apt,3.0,2026-06-04,103.0,2
Charming Suite Near David & the Università,1.4690749154331356e+18,,43.77794,Entire home/apt,2.0,2026-02-16,12.0,7
Profumino - Palazzo Roselli Cecconi Apartments,1.469839982271954e+18,,43.767899,Entire home/apt,1.0,2026-05-07,9.0,12
centralissima stanza singola e colazione inclusa,1.4631838819149386e+18,,43.76979446411133,Private room,1.0,2026-05-28,2.0,17
VENERE - Santa Maria Novella,1.4625693253617413e+18,,43.77734,Private room,1.0,2026-06-12,3.0,83
INTERNO 12 appartamento loft panoramico Firenze,1.469426264679081e+18,,43.76194,Entire home/apt,2.0,2026-06-12,1.0,7
Bright room between Lungarno and center,1.4668261761749417e+18,,43.766888,Private room,31.0,2022-08-05,24.0,0
Solo Experience Hotel Camera Smart 14 mq,1.469856409969552e+18,,43.77471,Private room,31.0,,9.0,0
"Appartamento Lungarno Colombo, ascensore e garage",1.462537703055652e+18,,43.76665,Entire home/apt,3.0,2024-06-22,3.0,0
Solo Experience Hotel Camera Deluxe,1.469856409969552e+18,,43.77494,Private room,31.0,2024-02-27,9.0,0
Solo Experience Hotel - Hammam Junior Suite,1.469856409969552e+18,,43.77585,Private room,31.0,2023-07-16,9.0,0
Solo Experience Hotel - Suite Deluxe,1.469856409969552e+18,,43.77652,Private room,31.0,,9.0,0
San Niccolò house,1.4698499916234872e+18,,43.76414,Entire home/apt,1.0,2026-06-16,2.0,5
Solo Experience Hotel Camera Familiare Comfort,1.469856409969552e+18,,43.77655,Private room,31.0,,9.0,0
Altafronte Enchanted Suite close to Uffizi Gallery,1.4681778452459203e+18,,43.76921,Entire home/apt,1.0,2026-06-01,46.0,15
Small Studio+Terrace/Piccolo Monolocale +Terrazza,1.469858982720705e+18,,43.77337,Entire home/apt,5.0,2025-10-07,2.0,2
San Lorenzo for foodies,1.462524146719337e+18,,43.77663,Entire home/apt,2.0,2026-06-03,2.0,2
In the heart of Florence,1.4654398518302351e+18,,43.76952,Entire home/apt,2.0,2026-06-19,1.0,25
Monte Croci Apartment by Mamo Florence,1.4626390518884895e+18,,43.76227,Entire home/apt,1.0,2026-06-17,197.0,21
Luxury Bi-locale  San Niccolò,1.462657233958906e+18,,43.76383,Entire home/apt,2.0,2023-10-16,4.0,0
Trebbio appartamento Tornabuoni,1.4630017364827735e+18,,43.77185,Entire home/apt,1.0,2026-06-22,4.0,41
Renewed Cozy apartment Florence Beccaria/Oberdan,1.468186263844991e+18,,43.7742,Entire home/apt,3.0,2022-10-31,3.0,0
Coverelli · Open Space in Chiasso perduto (garage,1.462706031679236e+18,,43.76857376098633,Entire home/apt,1.0,2026-06-24,5.0,77
Elegant & Charming 1BR nearby Ponte Vecchio,1.4690749154331356e+18,,43.77058,Entire home/apt,1.0,2026-05-19,12.0,28
"Borgo20 Incantevole, moderno, immerso nella storia",1.4698674728457577e+18,,43.77397,Entire home/apt,1.0,2026-06-19,1.0,23
Charme Historic Loft - 2 bath • Near Ponte Vecchio,1.4629165010017257e+18,,43.770607,Entire home/apt,1.0,2026-06-19,3.0,17
New  sophisticated apartment in Florence,1.468186263844991e+18,,43.77168,Entire home/apt,3.0,2022-08-27,3.0,0
Loft on the Florentine roofs,1.4691441305462904e+18,,43.76942,Entire home/apt,3.0,2026-06-14,1.0,11
"Villa Gallorosso, Suite tripla",1.4634825945439608e+18,,43.779224,Private room,2.0,,5.0,0
Villa Gallorosso (Apartment in the green),1.4634825945439608e+18,,43.77968,Entire home/apt,2.0,2023-06-15,5.0,0
Le Cure Fantastic Apartment (one stop to Cente,1.4698695354307528e+18,,43.78964,Entire home/apt,4.0,2025-10-11,1.0,1
Sunrise Apartment by Mamo Florence,1.4626390518884895e+18,,43.769131,Entire home/apt,1.0,2026-05-31,197.0,29
Serene Gem In Front of Duomo,1.4692153419510075e+18,,43.77409,Entire home/apt,3.0,2026-04-29,15.0,6
Florence Art Apts - Azzuro- Two Bedroom Apt,1.4696623793835607e+18,,43.767784,Entire home/apt,1.0,2022-07-19,18.0,0
Florence Art Apts - Reale -Deluxe two bedroom apt,1.4696623793835607e+18,,43.76735,Entire home/apt,1.0,2022-10-21,18.0,0
Florence Art Apts -Bronzo - Two Bedroom Apt,1.4696623793835607e+18,,43.76868,Private room,1.0,,18.0,0
Duomo view | spacious 3br apartment w/ terrace,1.469840452530337e+18,,43.77241,Entire home/apt,2.0,2025-09-05,29.0,1
Oro Romano - Suite,1.4696623793835607e+18,,43.76848,Private room,1.0,,18.0,0
Florence Art Apts - Rosso-One Bedroom Apt,1.4696623793835607e+18,,43.767784,Private room,1.0,,18.0,0
Delizioso bilocale,1.4698499916234872e+18,,43.76531,Entire home/apt,3.0,2026-06-20,2.0,20
Lungarno View Apartment By San Firenze Collection,1.4668287128390904e+18,,43.76887,Entire home/apt,2.0,2026-06-12,43.0,22
PONTE VECCHIO VIEW-3 bd2b overlooking PonteVecchio,1.4625339288517727e+18,,43.76956,Entire home/apt,3.0,2025-11-21,103.0,3
Historic Prior’s Suite near Santa Croce,1.4698737413177324e+18,,43.77132,Entire home/apt,1.0,2026-06-06,4.0,28
Florence Garden Pool Central,1.4625619523095447e+18,,43.77819,Private room,1.0,2026-06-15,3.0,16
Fully renovated exclusive apartment in Villa,1.462599147138649e+18,,43.79086,Entire home/apt,2.0,2026-06-19,3.0,19
"Mathilde, lovely 2 br apartment with garden by hal",1.469840452530337e+18,,43.76298,Entire home/apt,2.0,2026-05-20,29.0,2
Casa di Rally&Pally,1.469875123564396e+18,,43.81545,Entire home/apt,1.0,2026-06-18,1.0,6
Luisa's bright and quiet Florentine rental,1.4668654708690035e+18,,43.77236,Entire home/apt,2.0,2026-06-15,6.0,15
Un Bacio a Firenze House,1.4653098992315612e+18,,43.76939,Entire home/apt,2.0,2026-05-07,4.0,7
"Georgofili, lovely 1 br apartment by halldis",1.469840452530337e+18,,43.76809,Entire home/apt,2.0,2026-04-29,29.0,1
Neri-A,1.4697652959590323e+18,,43.76754,Entire home/apt,2.0,2026-06-17,3.0,62
Terme Suite by Halldis,1.469840452530337e+18,,43.76917,Entire home/apt,2.0,2025-06-25,29.0,0
Duomo 3 - Alfani,1.4625787674903795e+18,,43.77524,Entire home/apt,1.0,2026-06-19,12.0,41
[Ponte Vecchio] Charm and Awesome view of Florence,1.4635015572442058e+18,,43.76756,Entire home/apt,1.0,2026-06-23,36.0,63
Center: girls only independent room for single use,1.4625688773278175e+18,,43.770332,Private room,2.0,2025-09-22,1.0,1
Numa | Small Room w/ Single Bed near Duomo,1.4628660513785764e+18,,43.772446,Entire home/apt,1.0,2025-12-26,4.0,5
GuestHost - Galileo Greenhouse - Cimabue,1.4671577548808717e+18,,43.755898,Private room,1.0,2026-06-09,102.0,4
Appartamentino Luminoso e Accogliente a Firenze,1.4694438243241485e+18,,43.78952,Entire home/apt,14.0,2026-05-18,2.0,4
Luce Piccola Suite San Marco area,1.466762633267051e+18,,43.77848,Private room,1.0,2026-06-12,1.0,63
ENJOY IN THE PRESTIGIOUS FLAT,1.462733094366044e+18,,43.77234,Entire home/apt,3.0,2026-06-10,10.0,12
SMN 2 - Terrace with view of Florence,1.4625969323297958e+18,,43.78006,Entire home/apt,1.0,2026-06-10,8.0,45
Francesca’s luxury Florentine stay with frescoes,1.4668654708690035e+18,,43.77301,Entire home/apt,2.0,2026-06-15,6.0,17
Ghiberti House By MMega,1.4626271213019407e+18,,43.76858,Entire home/apt,1.0,2026-06-12,259.0,27
-30% San Niccolò/Ponte Vecchio/FastWiFi/SmartTV,1.465482740274896e+18,,43.764194,Entire home/apt,2.0,2026-06-25,2.0,28
Brand New Charming Apartment Tessitori,1.4627366460593216e+18,,43.769051,Entire home/apt,2.0,2026-06-07,4.0,24
Cosy Modern Studio with Private Bathroom TV & WiFi,1.466843259288136e+18,,43.77019,Entire home/apt,1.0,2026-04-26,3.0,11
Modern Flat with Terrace near S.M.N Train Station,1.469535044493782e+18,,43.773865,Entire home/apt,3.0,2026-05-21,1.0,8
Cozy Dante's Apartment,1.467307319748852e+18,,43.77023,Entire home/apt,1.0,2026-06-11,4.0,60
Numa | Standard Room in Central Florence,1.4628660513785764e+18,,43.772446,Entire home/apt,1.0,2026-05-22,4.0,13
Numa | XL Studio w/ Kitchenette & Sofa Bed,1.4628660513785764e+18,,43.772446,Entire home/apt,1.0,2025-10-20,4.0,1
Arno Boutique Hotel №2,1.462643270173371e+18,,43.77457427978515,Private room,1.0,2026-03-26,9.0,11
"Medici, modern 3 br flat by halldis",1.469840452530337e+18,,43.77199,Entire home/apt,2.0,2026-05-26,29.0,1
"Arno Boutique Hotel №3
( With Balcony )",1.462643270173371e+18,,43.77457427978515,Private room,1.0,2026-06-21,9.0,64
Arno Boutique Hotel №5,1.462643270173371e+18,,43.77457427978515,Private room,1.0,2026-05-19,9.0,13
San Remigio Apartment,1.462687244144813e+18,,43.76902,Entire home/apt,1.0,2026-06-09,50.0,3
"Malespini, wonderful 2 br flat near duomo by halld",1.469840452530337e+18,,43.76849,Entire home/apt,2.0,2025-07-25,29.0,1
"Antonino, lovely 2 br flat by halldis",1.469840452530337e+18,,43.77653,Entire home/apt,2.0,2023-06-13,29.0,0
"Firenze Rooms Cathedral's B&B, Stanza matrimonial.",1.4698872122722028e+18,,43.774158,Private room,1.0,2025-08-20,7.0,2
"Firenze Rooms Cathedral's B&B, Stanza doppia 3",1.4698872122722028e+18,,43.774158,Private room,1.0,2025-07-21,7.0,1
"Firenze Rooms Cathedral's B&B, Stanza matrimonial.",1.4698872122722028e+18,,43.774158,Private room,1.0,2026-06-10,7.0,5
"Firenze Rooms Cathedral's B&B, Stanza matrimonial.",1.4698872122722028e+18,,43.774158,Private room,1.0,2025-07-18,7.0,1
"[Uffizi, Signoria] Monolocale Centro storico",1.46988726930895e+18,,43.768627,Entire home/apt,2.0,2026-06-21,1.0,33
Florence Little Suite - Sweet Dreams in Florence,1.465579628809493e+18,,43.768768310546875,Entire home/apt,1.0,2026-05-22,86.0,5
Art Duomo Confortable Loft in Florence,1.465532733119494e+18,,43.77369,Entire home/apt,1.0,2026-06-20,6.0,27
Suite with 3 terraces at Ponte Vecchio,1.4627685047480202e+18,,43.76583,Entire home/apt,1.0,2026-06-10,1.0,28
GuestHost - San Marco Flat with Panoramic View,1.4671577548808717e+18,,43.7775,Entire home/apt,1.0,2026-06-21,102.0,45
Bright and spacious apartment in the city center,1.4625167975785546e+18,,43.77668762207031,Entire home/apt,3.0,2026-06-15,1.0,29
Spacious double room  close to city centre,1.4625267287541952e+18,,43.78462,Private room,2.0,2025-09-09,2.0,2
"Luxury family suite ""Enzo Ferrari""",1.4625795976821435e+18,,43.77581,Entire home/apt,1.0,2022-04-08,9.0,0
"Mignon, Cozy Studio By Halldis",1.469840452530337e+18,,43.76889,Entire home/apt,2.0,2024-08-11,29.0,0
Apartment Santa Croce Deluxe,1.4626190689598984e+18,,43.768245707042446,Entire home/apt,2.0,2026-06-13,1.0,18
Vigna Vecchia Pano @Locappart Terrasse panoramique,1.4629001480480614e+18,,43.77065,Entire home/apt,1.0,2026-06-01,2.0,2
"Canottieri, spacious and elegant 1 br flat by hall",1.469840452530337e+18,,43.76617,Entire home/apt,2.0,2024-11-22,29.0,0
Vigna Vecchia Studio @Locappart Coeur de Forence,1.4629001480480614e+18,,43.77083,Entire home/apt,1.0,2026-05-10,2.0,1
confortevole appartamento nel verde,1.4627345343690767e+18,,43.73417,Entire home/apt,4.0,2025-11-07,2.0,2
Boboli Apartment by Mamo Florence,1.4626390518884895e+18,,43.761265,Entire home/apt,1.0,2026-06-06,197.0,27
Four rooms apartment,1.4653017151909504e+18,,43.769046783447266,Entire home/apt,1.0,2026-06-19,1.0,20
Spirit of Florence Boutique Double Room WITH VIEW,1.4625328333310446e+18,,43.76541,Private room,1.0,2026-04-03,8.0,1
Spirit of Florence Boutique Triple Room (NO VIEW),1.4625328333310446e+18,,43.766541,Private room,1.0,2026-03-01,8.0,5
New Two Bedroom Apartment with Terrace,1.466843259288136e+18,,43.76965,Entire home/apt,2.0,2026-06-18,3.0,3
Corso Secondo,1.4626995495990162e+18,,43.771461,Entire home/apt,1.0,2026-05-24,159.0,8
Camillo Apartment by Mamo Florence,1.4626390518884895e+18,,43.78127,Entire home/apt,1.0,2026-05-20,197.0,6
Exclusive apartment Duomo (Dante),1.4654255384334106e+18,,43.770741,Entire home/apt,1.0,2026-06-08,6.0,60
Exclusive apartment Duomo (Attic),1.4654255384334106e+18,,43.770741,Entire home/apt,1.0,2026-06-12,6.0,59
Leoni Suite By MMega,1.4626271213019407e+18,,43.76989,Entire home/apt,1.0,2026-06-16,259.0,40
Santa Croce Loft by Mamo Florence,1.4626390518884895e+18,,43.76885,Entire home/apt,1.0,2026-05-18,197.0,8
GM Apartment by Mamo Florence,1.4626390518884895e+18,,43.77105,Entire home/apt,1.0,2026-06-14,197.0,23
Amor Fati,1.4625108813274396e+18,,43.77053,Entire home/apt,3.0,2026-05-06,15.0,6
"My happy place! all comforts, exclusive use",1.4698993865747497e+18,,43.784855,Entire home/apt,1.0,2024-07-18,1.0,0
Junior Suite a Firenze,1.469883850012081e+18,,43.776348,Private room,1.0,2023-01-29,2.0,0
Klimt Stanza privata con AC,1.462513658428019e+18,,43.765499114990234,Private room,3.0,2024-07-23,8.0,0
Valentina 2,1.469839982271954e+18,,43.767899,Entire home/apt,4.0,2023-09-19,9.0,0
Casa Giotto - Tintori Apt,1.4698527792307845e+18,,43.76862,Entire home/apt,1.0,2026-01-25,2.0,1
Your nest in Florence (with new soundproof Windows,1.4683892782731133e+18,,43.77431,Entire home/apt,2.0,2026-06-12,1.0,44
Evelin 2,1.4685480525221842e+18,,43.78202,Private room,31.0,,12.0,0
Appartamento al Giardino delle Rose,1.4625975544013527e+18,,43.763142,Entire home/apt,2.0,2026-06-22,1.0,52
Meraviglioso appartamento vicino al centro-Firenze,1.4625332675277056e+18,,43.78915,Entire home/apt,2.0,2026-06-13,1.0,13
"Luce, lovely 3 br apartment by halldis",1.469840452530337e+18,,43.76752,Entire home/apt,2.0,2026-05-24,29.0,1
Boutique Apartments - Magnolia,1.4655779424609697e+18,,43.78051,Entire home/apt,31.0,2025-05-06,36.0,0
Florence Duomo Penthouse with terrace,1.4636563675658796e+18,,43.773113,Entire home/apt,2.0,2026-06-22,3.0,22
GuestHost - Santa Trinità Industrial Flat,1.4671577548808717e+18,,43.76974,Entire home/apt,1.0,2026-05-30,102.0,41
Florence Luxury Apartment al Duomo By MMega,1.4626271213019407e+18,,43.77327,Entire home/apt,1.0,2026-05-26,259.0,18
Santa Maria Novella Plaza - Private Apartment,1.46303277930222e+18,,43.77514,Entire home/apt,2.0,2026-06-19,3.0,14
Camera singola vicino al centro storico,1.4625347098759557e+18,,43.75893,Private room,3.0,2026-06-07,2.0,11
Fiesolana room,1.462517609990547e+18,,43.77451,Private room,3.0,2026-06-05,9.0,13
Florentine Penthouse with Panoramic Terrace,1.4654968490899164e+18,,43.76149368286133,Entire home/apt,3.0,2026-06-15,1.0,20
Monolocale nel cuore di Firenze con Self Check-in,1.4626777479127882e+18,,43.77338,Entire home/apt,1.0,2026-06-07,3.0,27
Lo Studio Incantevole con Vista con Self Check-in,1.4626777479127882e+18,,43.77157,Entire home/apt,1.0,2025-11-23,3.0,4
Toselli Garden House -,1.4629403427947436e+18,,43.78266,Entire home/apt,2.0,2026-05-30,8.0,28
Small Art Apartment in Historical Palace,1.4699123839355354e+18,,43.77592,Private room,31.0,,1.0,0
Luminoso e Tranquillo Bilocale Santa Maria Novella,1.4625116067746196e+18,,43.77454,Entire home/apt,3.0,2026-01-05,16.0,23
"Exclusive Penthouse , Skyline View , with Parking",1.4627919342162122e+18,,43.780411,Entire home/apt,1.0,2026-06-15,15.0,25
Duomo Central Studio,1.462610075745398e+18,,43.774006,Entire home/apt,1.0,2026-06-09,17.0,66
Niccolò Suite in the heart of the historic center,1.4699147266270157e+18,,43.777119386184275,Entire home/apt,3.0,2026-05-25,1.0,12
Campuccio - Flo Apartments,1.4652865101990093e+18,,43.7664,Entire home/apt,1.0,2026-05-28,26.0,9
A Casa di Alice,1.4699152933951357e+18,,43.77684,Entire home/apt,3.0,2025-06-23,1.0,0
GuestHost - Mercato Centrale Modern Flat,1.4671577548808717e+18,,43.777653,Entire home/apt,1.0,2026-06-20,102.0,44
Rosso Fiorentino,1.4625108813274396e+18,,43.770020067925174,Entire home/apt,3.0,2026-02-13,15.0,8
Operachef99 Guest House,1.4699181447986842e+18,,43.772739,Entire home/apt,2.0,2026-06-02,1.0,30
Grace Apartment by Mamo Florence,1.4626390518884895e+18,,43.78139,Entire home/apt,1.0,2026-03-05,197.0,11
Wine Apartments Florence Sangiovese,1.4627648749364001e+18,,43.77213,Entire home/apt,1.0,2025-03-08,44.0,0
Civico 7 - Sweet Dreams in Florence,1.465579628809493e+18,,43.77006912231445,Entire home/apt,1.0,2025-11-23,86.0,2
YiD Lovely Duomo suite Apt,1.462988130311036e+18,,43.77287,Entire home/apt,1.0,2026-05-15,80.0,25
Double room with french bed - Giglio - 100% Vegan,1.4625719450962918e+18,,43.774712,Private room,1.0,2026-06-14,2.0,10
TORNABUONI APARTMENT - best located 2BDR 1 BTH,1.4691135855286328e+18,,43.771603,Entire home/apt,2.0,2026-06-26,4.0,70
"Il Viaggiator Leggero B&B, Stanza con un letto",1.469175170008742e+18,,43.77219772338867,Private room,3.0,2023-12-13,4.0,0
[San Frediano] Cozy and modern apartment,1.4635015572442058e+18,,43.77028,Entire home/apt,1.0,2026-06-12,36.0,75
Historic Center- 300mt station open-air courtyard,1.4684931039420268e+18,,43.77169,Entire home/apt,2.0,2026-06-23,1.0,26
Santa Croce Luxury Suite,1.4636674218261192e+18,,43.77016,Entire home/apt,2.0,2026-06-20,1.0,15
Santi Apostoli: Ponte Vecchio view,1.4625284300310994e+18,,43.76911163330078,Entire home/apt,2.0,2026-06-10,11.0,34
Ampia camera  con bagno privato in zona Coverciano,1.4631726655244785e+18,,43.77601,Private room,1.0,2026-05-03,2.0,9
Diciotto Apartment by Mamo Florence,1.4626390518884895e+18,,43.77042,Entire home/apt,1.0,2026-06-05,197.0,17
Tipologia Trilo 05 pax by Interhome,1.4685723327229443e+18,,43.771526,Entire home/apt,1.0,2024-11-03,9.0,0
Faenza Apartment by Mamo Florence,1.4626390518884895e+18,,43.77444,Entire home/apt,1.0,2026-05-10,197.0,11
Florence Art Apts -Blue - Superior Two Bedroom Apt,1.4696623793835607e+18,,43.77549,Entire home/apt,1.0,,18.0,0
Giallo di Napoli - Two bedroom apartment,1.4696623793835607e+18,,43.775524,Entire home/apt,1.0,,18.0,0
Rosso Tiziano - One Bedroom Apartment - Penthouse,1.4696623793835607e+18,,43.775524,Entire home/apt,2.0,,18.0,0
Viola Fiorentino - Studio apartment,1.4696623793835607e+18,,43.775524,Entire home/apt,1.0,2025-09-24,18.0,1
Ciompi Apartment Alessia,1.4629440073167708e+18,,43.771202,Entire home/apt,3.0,2026-05-11,2.0,7
Il Nido di Letizia traditional  apartment,1.465594872418131e+18,,43.76033,Entire home/apt,2.0,2026-06-24,2.0,37
Art Apartment Black & White suite,1.4625194391757798e+18,,43.77278,Entire home/apt,2.0,2026-06-21,26.0,19
"Firenze Duomo  luxury 
Panoramic view",1.4670940617285455e+18,,43.77524948120117,Entire home/apt,2.0,2026-06-12,3.0,45
"Atelier delle Grazie, Classic room i",1.4699307332691694e+18,,43.76746,Private room,1.0,2026-05-25,3.0,22
"Atelier delle Grazie, Premium room",1.4699307332691694e+18,,43.76731,Private room,1.0,2026-04-17,3.0,1
Mocenni10 appartamento in centro con self check-in,1.4698774375274834e+18,,43.77583,Entire home/apt,1.0,2025-11-16,5.0,3
San Martino Duomo Views - sleeps up to 7,1.4627685989414874e+18,,43.77781,Entire home/apt,3.0,2023-04-26,46.0,0
Limoncino apartment - private parking,1.4694641168047532e+18,,43.80217,Entire home/apt,2.0,2026-06-18,1.0,22
Foscolo9 appartamento in centro con self check -in,1.4698774375274834e+18,,43.77568,Private room,1.0,2025-12-08,5.0,3
Ponte Vecchio Flat in Florence for 3,1.4636725381781036e+18,,43.76511,Entire home/apt,31.0,2026-05-31,1.0,1
G & G 's Home,1.4627147043658396e+18,,43.78544175856187,Entire home/apt,31.0,2024-09-08,1.0,0
Quiet&Chic Hillside Loft | 20 mins to Downtown,1.4686652397972398e+18,,43.79759,Entire home/apt,3.0,2026-05-26,1.0,9
Splendido appartamento al Ponte Vecchio,1.4683170066049382e+18,,43.7682,Entire home/apt,1.0,2026-05-29,2.0,39
Appartamento Maddalena-PONTE VECCHIO-TORNABUONI,1.465614249010877e+18,,43.769875,Entire home/apt,3.0,2026-06-17,2.0,34
Casa Morgana,1.4699362376396529e+18,,43.77338,Entire home/apt,3.0,2026-05-16,2.0,1
Traditional house in Mercato Centrale facing Duomo,1.4692935086125553e+18,,43.77651,Entire home/apt,2.0,2026-06-23,4.0,39
Appartamento di Gabriela,1.4699379241906842e+18,,43.78259,Entire home/apt,3.0,2024-06-01,1.0,0
"B&B di Livia breakfast, pink deluxe room",1.4627410916044152e+18,,43.7819,Private room,1.0,2026-05-17,4.0,4
Corso Double,1.4626995495990162e+18,,43.771488,Private room,1.0,2026-06-12,159.0,13
[ White Suite ] Santa Croce - Historical Center,1.4699405615606508e+18,,43.76817,Entire home/apt,2.0,2026-06-18,1.0,29
nido,1.4693352167184282e+18,,43.78633892875159,Entire home/apt,1.0,2026-06-22,2.0,20
Loft rinascimentale nel centro storico,1.4636016705830515e+18,,43.769772,Entire home/apt,1.0,2026-06-06,1.0,32
Alloro City Center ~ 5' Main Sites & Private Entry,1.4628731598951841e+18,,43.77454,Entire home/apt,2.0,2026-06-07,32.0,47
Oltrarno Spacious & Peaceful flat ~ Santo Spirito,1.4628731598951841e+18,,43.7685,Entire home/apt,2.0,2026-06-21,32.0,42
Bella e grande camera in appartamento condiviso,1.4654523179266742e+18,,43.78707,Private room,31.0,2021-12-07,2.0,0
Moderno bilocale vicino a Piazzale Michelangelo,1.4636791871316157e+18,,43.76281,Entire home/apt,1.0,2024-10-06,2.0,0
Victor Apartment by Mamo Florence,1.4626390518884895e+18,,43.77701,Entire home/apt,1.0,2026-05-25,197.0,12
Sweet Living Rustici,1.4653008448789542e+18,,43.76738,Entire home/apt,2.0,2026-06-25,21.0,51
Sweet Living Medieval Tower,1.4653008448789542e+18,,43.76969,Entire home/apt,2.0,2026-06-23,21.0,45
Ghibellina 123,1.4686982020396887e+18,,43.770511627197266,Entire home/apt,2.0,2025-12-20,64.0,8
Numeroventi Loft 8,1.4625428045399593e+18,,43.770914,Entire home/apt,1.0,2026-05-04,5.0,3
Tornabuoni Charming Apartment,1.4697100180785198e+18,,43.769985,Entire home/apt,1.0,2026-06-11,14.0,57
Tornabuoni La Petite Suite - Camera economica per una fuga a Firenze,1.4699072722947538e+18,,43.77353,Private room,1.0,2022-05-05,11.0,0
Pitti Studio By MMega,1.4626271213019407e+18,,43.76764,Entire home/apt,1.0,2026-04-25,259.0,6
GuestHost - Doni Quiet and Comfortable Apartament,1.4671577548808717e+18,,43.787727,Entire home/apt,1.0,2026-06-24,102.0,19
Appartamento 75mq con Vista Ponte Vecchio e Duomo,1.469567961842674e+18,,43.76597,Entire home/apt,31.0,,2.0,0
Lovely 2-bedroom flat in Florence,1.4626377701819384e+18,,43.78448,Entire home/apt,3.0,2025-07-19,1.0,1
Michelangelo Hideaway By MMega,1.4626271213019407e+18,,43.76351,Entire home/apt,1.0,2026-04-09,259.0,2
The Buckley Prestige Residence,1.4628899024020398e+18,,43.77408,Entire home/apt,2.0,2026-06-10,18.0,13
The Buckley Executive Apartment,1.4628899024020398e+18,,43.77374,Entire home/apt,2.0,2026-06-14,18.0,22
Elegant 2 Baths AC WiFi Elevator 3 min Duomo,1.4626422174522547e+18,,43.77071,Entire home/apt,3.0,2026-06-02,9.0,13
"Appartamento ""La Porta di Firenze""",1.469951245599777e+18,,43.77999,Entire home/apt,2.0,2026-06-25,1.0,54
Relaxing Digital Nomad Suite - Florence,1.462618809586771e+18,,43.75661,Entire home/apt,2.0,2026-06-10,1.0,5
San Firenze Loft,1.462906902405513e+18,,43.76913,Entire home/apt,31.0,2026-06-16,5.0,5
Charming Studio in Firenze - 50 sqm + Fireplace,1.4699524647877765e+18,,43.76711,Entire home/apt,1.0,,1.0,0
Casina Magnoli - by Happy Rentals,1.4696942475558316e+18,,43.765968,Entire home/apt,1.0,2026-05-12,2.0,4
Macci Apartment,1.465809381057415e+18,,43.77076,Entire home/apt,1.0,2026-06-21,2.0,70
GuestHost - Firenze Nova Cozy Flat with Terrace,1.4671577548808717e+18,,43.796307,Entire home/apt,2.0,2026-06-11,102.0,22
Virgilio Apartment by Mamo Florence,1.4626390518884895e+18,,43.77079,Entire home/apt,1.0,2026-05-28,197.0,21
Mattonaia Modern Apartment,1.4695869001664614e+18,,43.77269,Entire home/apt,1.0,2026-05-15,2.0,7
Casa Patti Firenze,1.4699548008764598e+18,,43.79723,Entire home/apt,1.0,2026-06-15,1.0,14
Santa Maria del Fiore Charming,1.468246927708786e+18,,43.775002,Entire home/apt,1.0,2026-06-05,15.0,21
Vespucci 30,1.4686982020396887e+18,,43.77323532104492,Entire home/apt,1.0,2025-07-18,64.0,1
23 Tower House boutique hotel b&b wi-fi,1.4626044000184604e+18,,43.77003672035237,Private room,2.0,,5.0,0
24 Tower House boutique hotel b&b wi-fi,1.4626044000184604e+18,,43.76909735120685,Private room,2.0,,5.0,0
Romantico nido nel cuore di Firenze,1.4625982011204908e+18,,43.76999,Entire home/apt,2.0,2025-06-04,2.0,0
zzz zzz,1.4628731598951841e+18,,43.77482,Private room,31.0,2023-02-24,32.0,0
"""Casa Veracini"" a Firenze",1.4699584603857462e+18,,43.77293,Entire home/apt,1.0,2026-06-25,6.0,38
Giglio Apartment by Mamo Florence,1.4626390518884895e+18,,43.778889,Entire home/apt,31.0,2024-12-12,197.0,0
Bravo Horse ⭐️ central of Florence! with A/C 🌡️,1.4630287135233341e+18,,43.76363,Private room,1.0,2026-06-11,2.0,45
Clyde Apartment by Mamo Florence,1.4626390518884895e+18,,43.77394,Entire home/apt,1.0,2024-06-16,197.0,0
zzz zzz,1.4699441489282135e+18,,43.77517,Private room,31.0,2023-08-27,4.0,0
zzz zzz,1.4699441489282135e+18,,43.77307,Private room,31.0,2023-06-08,4.0,0
"Centro Storico Stazione | Casa d'artista, terrazzo",1.4625813295308419e+18,,43.77720642089844,Entire home/apt,1.0,2026-05-31,3.0,44
Firenze Centro Stazione| Piccola casa d'artista,1.4625813295308419e+18,,43.77720642089844,Entire home/apt,1.0,2026-06-12,3.0,51
Neri Apartment,1.4658067990691116e+18,,43.76734,Entire home/apt,2.0,2026-06-16,58.0,31
Dalla Giulia - Sweet Dreams in Florence,1.465579628809493e+18,,43.78981018066406,Entire home/apt,1.0,2025-11-14,86.0,1
Unique and Secluded in the heart of real Florence,1.4657742509387187e+18,,43.77441,Entire home/apt,1.0,2026-06-13,1.0,6
Double Two de' Magnoli,1.4670395462375667e+18,,43.766113,Entire home/apt,2.0,2026-06-23,1.0,47
Toscanella Apartment by Mamo Florence,1.4626390518884895e+18,,43.76815,Entire home/apt,1.0,2026-05-19,197.0,17
Purple house,1.468312344660274e+18,,43.78108,Entire home/apt,4.0,2026-05-13,1.0,2
Benny's House,1.469964463805568e+18,,43.76929,Entire home/apt,1.0,2024-08-30,1.0,0
Amazing Apartment Next to DUOMO in Florence,1.4636833238705452e+18,,43.77462,Entire home/apt,1.0,2026-06-10,3.0,69
Sweet Florence close to Bargello 2,1.470703511306581e+18,,43.76995839925469,Entire home/apt,2.0,2026-06-09,4.0,23
[Ponte Vecchio] Elegante appartamento con Suite,1.4682474208287107e+18,,43.76379,Entire home/apt,2.0,2025-05-10,4.0,0
Casa de' neri,1.4636940877930783e+18,,43.768063,Entire home/apt,1.0,2026-06-25,4.0,48
The Pianista's house,1.463081071618776e+18,,43.78288,Entire home/apt,2.0,2026-05-21,5.0,1
Ponte  Vecchio Studio1,1.4626155751537418e+18,,43.76827,Entire home/apt,1.0,2026-06-16,19.0,28
Casa Sergio,1.4626369835483228e+18,,43.78823,Entire home/apt,2.0,2026-06-01,4.0,35
Mosse Leopolda Apartment by Mamo Florence,1.4626390518884895e+18,,43.778919,Entire home/apt,1.0,2026-05-01,197.0,17
Cavour - due camere due bagni,1.4699696792029412e+18,,43.78054,Private room,1.0,2023-07-05,5.0,0
Calzaiuoli 10 -Boutique apartment,1.4630609380392492e+18,,43.77114,Entire home/apt,2.0,2026-06-08,1.0,27
Campidoglio 4,1.4686982020396887e+18,,43.77227020263672,Entire home/apt,1.0,2024-12-29,64.0,0
Luxury Apartment with view on Piazza Pitti -,1.462711527015269e+18,,43.76579,Entire home/apt,1.0,2026-06-14,2.0,9
Signoria - Flo Apartments,1.4652865101990093e+18,,43.77067,Entire home/apt,1.0,2026-06-01,26.0,10
La Culla di Dante Luxury Apartment in Duomo,1.4627124198539763e+18,,43.772686,Entire home/apt,2.0,2026-06-11,1.0,8
Capponi Terrace,1.4699743420925048e+18,,43.777099609375,Entire home/apt,2.0,2026-06-06,1.0,8
Home for Two in Florence’s Heart: Walk Everywhere,1.4699747403571433e+18,,43.77007,Entire home/apt,1.0,2026-06-10,1.0,16
Mercadante Prestige By MMega,1.4626271213019407e+18,,43.78289,Entire home/apt,2.0,2026-04-11,259.0,1
Caccini Terrace ★★★★,1.4658120381912942e+18,,43.77377700805664,Entire home/apt,1.0,2026-06-05,3.0,12
Piazza della Signoria Square,1.4681945522022858e+18,,43.76818,Entire home/apt,2.0,2026-04-09,2.0,12
Aida Apartment by Mamo Florence,1.4626390518884895e+18,,43.76667,Entire home/apt,1.0,2026-06-19,197.0,32
Alicante By MMega,1.4626271213019407e+18,,43.76944,Entire home/apt,1.0,2026-06-06,259.0,19
Harry Apartment by Mamo Florence,1.4626390518884895e+18,,43.77131,Entire home/apt,1.0,2026-06-06,197.0,24
"Central, cozy, safe zone,fully equipped,fast Wi-Fi",1.4699780765915715e+18,,43.783180236816406,Entire home/apt,1.0,2026-06-24,1.0,22
Lamberti Stunning Rooftop 150mt from the Duomo,1.4704599847620762e+18,,43.770531,Entire home/apt,1.0,2026-06-23,34.0,36
Penthouse Duomo view in Florence,1.462537703055652e+18,,43.77253,Entire home/apt,2.0,2023-09-30,3.0,0
"White Florence Suite, Uffizi 200 meters, AC, WIFI",1.4656909855751066e+18,,43.76898445723166,Entire home/apt,2.0,2026-06-16,1.0,45
Borgo SS Apostoli | Elegant Florentine Residence,1.4625367805731602e+18,,43.76898,Entire home/apt,2.0,2026-06-16,6.0,62
Riverside Private Garden Apt. Lungarno del Tempio,1.4690804915128233e+18,,43.7658,Entire home/apt,1.0,2026-06-17,1.0,1
A casa di Guido (2),1.469331952772368e+18,,43.77898,Private room,1.0,2026-06-11,2.0,47
Glam and luxury apartment at Ponte Vecchio,1.4625367805731602e+18,,43.769012451171875,Entire home/apt,2.0,2026-06-14,6.0,67
"B&B Olivo, Stanza quercia",1.462928921449475e+18,,43.78584,Private room,1.0,2026-06-14,3.0,4
Sleeping in a Medici dinasty's house top location,1.4625367805731602e+18,,43.77067,Entire home/apt,1.0,2026-06-17,6.0,58
Firenze Italia /Camera incantevole /zona Stadio,1.462579006877104e+18,,43.78036557637516,Private room,7.0,2026-06-21,2.0,5
Ponte Vecchio apartment over the roofs of Florence,1.4625116067746196e+18,,43.77053,Entire home/apt,2.0,2026-05-31,16.0,34
"VILLINO RICORBOLI ""TWO"" - FIRENZE",1.4699909886974725e+18,,43.762695,Entire home/apt,3.0,2026-06-21,2.0,34
The best small Florence Flat,1.4635081748670024e+18,,43.74963,Entire home/apt,2.0,2024-09-30,1.0,0
Ruote Apartment first,1.4626995495990162e+18,,43.78052520751953,Entire home/apt,1.0,2025-10-06,159.0,5
Vigna Vecchia Double,1.4626995495990162e+18,,43.770222,Entire home/apt,1.0,2026-06-02,159.0,3
Oltrarno Apartment close to S.S Spirito  (2+1),1.4685220646885215e+18,,43.76739,Entire home/apt,3.0,2025-05-31,16.0,0
GuestHost - Le Tre Volte Mercato Centrale Loft,1.4671577548808717e+18,,43.77713,Entire home/apt,1.0,2026-06-25,102.0,25
Stunning loft apartment by VacaVilla,1.4626396519812147e+18,,43.76757,Entire home/apt,3.0,2025-10-10,3.0,1
Stunning museum apartment by VacaVilla,1.4626396519812147e+18,,43.767521,Entire home/apt,3.0,2023-08-19,3.0,0
BEATRICE - Santa Maria Novella,1.4625693253617413e+18,,43.77742,Private room,1.0,2026-06-13,3.0,76
Beatrice Appartamento. Monolocale x2 in centro,1.462623128028474e+18,,43.77461624145508,Entire home/apt,2.0,2026-05-19,2.0,60
Hillside apartment with stunning views of Florence,1.4699924751612608e+18,,43.78651,Entire home/apt,3.0,2025-06-29,1.0,0
Signoria Apartment with patio,1.4630784357907942e+18,,43.76987,Entire home/apt,2.0,2026-04-30,4.0,7
Terme Apartment,1.4626995495990162e+18,,43.769806,Entire home/apt,1.0,2026-01-11,159.0,9
Alberti room with private bathroom,1.4699969890103642e+18,,43.77014,Private room,3.0,2026-04-20,2.0,6
Girasole · Relax near the Duomo | by Acacia®,1.4625121549969098e+18,,43.77196502685547,Entire home/apt,1.0,2024-12-18,29.0,0
[Ponte Vecchio] Unique Florentine Experience,1.4636498326541279e+18,,43.766659,Entire home/apt,1.0,2026-06-24,6.0,104
Santo Spirito Apartament in History Center,1.469984884069724e+18,,43.766293,Entire home/apt,30.0,2026-05-31,1.0,9
Marimat By MMega,1.4626271213019407e+18,,43.76875,Entire home/apt,1.0,2026-06-18,259.0,18
Alamanni Apartment by Mamo Florence,1.4626390518884895e+18,,43.77722,Entire home/apt,1.0,2026-06-15,197.0,39
A SottoPonteVecchio_Upper Floor Studio,1.4629433065465482e+18,,43.76746,Entire home/apt,1.0,2026-06-21,1.0,69
Incantevole Attico soleggiato a Firenze terrazzino,1.4628191207623107e+18,,43.78138,Entire home/apt,1.0,2026-06-23,1.0,27
TOSCANELLA STUDIO RUBINO,1.4697100180785198e+18,,43.766544,Entire home/apt,1.0,2026-05-31,14.0,60
"B&B di Julia, Stanza familiare",1.4699072722947538e+18,,43.78082,Private room,2.0,,11.0,0
"B&B di Julia, Stanza doppia standard 1",1.4699072722947538e+18,,43.781044006347656,Private room,1.0,,11.0,0
"B&B di Julia, Stanza doppia",1.4699072722947538e+18,,43.781044006347656,Private room,2.0,,11.0,0
The Florentine,1.463717751491215e+18,,43.769594063080575,Entire home/apt,1.0,2026-06-23,1.0,64
Modern Flat – 5 min Walk to Uffizi Gallery,1.470004765607886e+18,,43.76967,Entire home/apt,2.0,2026-06-14,1.0,17
Sweet Florence studio flat,1.4634258068829622e+18,,43.77855,Entire home/apt,1.0,2026-06-05,3.0,72
Double Standard room | Italiana Hotels Florence,1.470000399867153e+18,,43.75847,Private room,31.0,2023-03-05,5.0,0
Deluxe Room | Italiana Hotels Florence,1.470000399867153e+18,,43.75823,Private room,1.0,2022-03-20,5.0,0
Belle Donne Audrey Apartment by Mamo Florence,1.4691481846764485e+18,,43.77228,Entire home/apt,1.0,2026-05-21,2.0,15
Dimora Pitti near Ponte Vecchio,1.4699607941069445e+18,,43.765606,Entire home/apt,2.0,2026-06-10,15.0,45
Elegante appartamento con parcheggio privato,1.4635329670540252e+18,,43.76977,Entire home/apt,2.0,2026-05-25,1.0,4
Keys of Italy -SGiuseppe18-Micro monolocale SCroce,1.4632560235621256e+18,,43.76837158203125,Entire home/apt,1.0,2026-06-12,64.0,33
2 Bedroom Apartment with Terrace,1.4700077163538196e+18,,43.775993,Entire home/apt,2.0,2026-06-09,2.0,5
Nice Apartment Near The Basilica Of San Lorenzo,1.4692019531515164e+18,,43.7776,Entire home/apt,2.0,2025-07-28,8.0,1
Camera privata in un appartamento con giardino,1.4627936644291663e+18,,43.79131,Private room,3.0,2024-10-05,2.0,0
Firenze Rentals Loft Ponte Vecchio,1.4625391424295846e+18,,43.769306,Entire home/apt,1.0,2025-10-08,18.0,2
"B&B Olivo, Stanza cipresso",1.462928921449475e+18,,43.784881591796875,Private room,1.0,2026-06-25,3.0,5
Botticelli By MMega,1.4626271213019407e+18,,43.76904,Entire home/apt,1.0,2026-06-09,259.0,18
Cavour 83,1.470010627495962e+18,,43.78092575073242,Entire home/apt,2.0,2026-06-12,1.0,19
Ricasoli Boutique 2,1.468246927708786e+18,,43.774952,Private room,1.0,2026-05-05,15.0,28
La Chicca Ponte Vecchio,1.4626155751537418e+18,,43.76656,Entire home/apt,1.0,2026-06-16,19.0,26
"Residenza Cecchi B&B Florence, Authentic Floren...",1.465490086839941e+18,,43.761841,Private room,1.0,,4.0,0
Borgo San Jacopo Superior by 360 Rentals,1.4625115071325087e+18,,43.76746,Entire home/apt,2.0,2026-06-07,22.0,28
Triple standard room | Italiana Hotels Florence,1.470000399867153e+18,,43.75691,Private room,31.0,2024-08-16,5.0,0
Conce Place By MMega,1.4626271213019407e+18,,43.76991,Entire home/apt,1.0,2026-06-05,259.0,2
Luxury Signoria By MMega,1.4626271213019407e+18,,43.76843,Entire home/apt,1.0,2026-06-12,259.0,7
"La Finestra sul Borgo, 
di sopra",1.4700117460149486e+18,,43.77039,Entire home/apt,2.0,2026-06-21,2.0,37
Florence Rive Gauche Flat San Zanobi,1.462724677380453e+18,,43.76845,Entire home/apt,2.0,2026-05-06,3.0,14
Ricasoli Boutique 3,1.468246927708786e+18,,43.77399,Private room,1.0,2026-06-12,15.0,34
Ricasoli Boutique 5,1.468246927708786e+18,,43.774952,Private room,1.0,2026-04-10,15.0,29
Single Private Room - YellowSquare,1.4704741566411707e+18,,43.78418,Private room,1.0,,9.0,0
Quadruple Private Room - YellowSquare,1.4704741566411707e+18,,43.78418,Private room,1.0,2022-04-26,9.0,0
Sextuple Private Room - YellowSquare,1.4704741566411707e+18,,43.78418,Private room,1.0,2025-11-09,9.0,1
1 Bed In a 4 Female Ensuite Dorm - YellowSquare,1.4704741566411707e+18,,43.78418,Shared room,1.0,2026-06-03,9.0,23
1 Bed In a 6 Mixed Ensuite Dorm - YellowSquare,1.4704741566411707e+18,,43.78418,Shared room,1.0,2026-06-01,9.0,12
Fiona Apartment by Mamo Florence,1.4626390518884895e+18,,43.77225,Entire home/apt,1.0,2025-02-18,197.0,0
Cosy Apartment Sant'Ambrogio,1.4671621115168476e+18,,43.7717,Entire home/apt,2.0,2026-06-23,6.0,61
Pitti Luxury Flat,1.467056051161768e+18,,43.765617,Entire home/apt,180.0,,1.0,0
HS Florence Apartment,1.4700215352639606e+18,,43.776218,Entire home/apt,2.0,2026-05-28,1.0,11
Da Vinci Charming Apartment,1.4697306803098212e+18,,43.783180236816406,Entire home/apt,2.0,2026-06-02,1.0,8
Dependence with swimming pool on the Florence hill,1.4700224072665055e+18,,43.75755,Entire home/apt,3.0,2026-06-13,1.0,10
Boboli Guest House - Centro Storico Firenze,1.4627710613233329e+18,,43.76281,Entire home/apt,2.0,2026-06-21,2.0,9
Five stars Florence luxury apartments with Jacuzzi,1.4700235619319567e+18,,43.77797,Entire home/apt,1.0,2026-05-28,2.0,23
"A Firenze, Centro Storico, tra tetti e giardini",1.4637296566357094e+18,,43.77643,Entire home/apt,2.0,2026-06-22,1.0,33
The Slowcoach - Comfort in the Heart of Florence,1.4625339288517727e+18,,43.77145,Entire home/apt,3.0,2023-09-23,103.0,0
Double or Twin Beds Room & Private Bathroom,1.4634258068829622e+18,,43.77821,Private room,1.0,2026-06-07,3.0,24
Five Stars Florence luxury apartment,1.4700235619319567e+18,,43.77817,Entire home/apt,1.0,2026-06-07,2.0,18
Duomo&Accademia+Patio(3 bedrooms 2 bathrooms),1.4654670154329e+18,,43.77637,Entire home/apt,2.0,2026-06-18,4.0,43
App.to zona Manifattura Tabacchi e Parco Cascine,1.4625190585989327e+18,,43.787,Entire home/apt,31.0,,1.0,0
Palazzo Leopardi,1.463533038176151e+18,,43.77402,Entire home/apt,3.0,2026-06-07,2.0,47
Appartamento Domitilla,1.4700274995564157e+18,,43.761822,Entire home/apt,2.0,2026-05-31,1.0,15
GuestHost - Santa Maria Novella Cozy Flat,1.4671577548808717e+18,,43.776585,Entire home/apt,1.0,2026-06-22,102.0,30
Nemo Firenze,1.467102713497053e+18,,43.76425,Entire home/apt,1.0,2024-07-15,1.0,0
Gioberti. Large and Bright Three Bedroom Apartment,1.4625116067746196e+18,,43.76951,Entire home/apt,2.0,2026-06-11,16.0,35
"Cozy house in Florence, beautiful and quiet area",1.4684646036298143e+18,,43.792919,Entire home/apt,3.0,2025-11-09,1.0,3
"Apt Frillo - Luminoso, Camere Ampie vicino Tramvia",1.4700308738633938e+18,,43.79119,Private room,2.0,2026-06-25,1.0,5
Camera Matrimoniale - Hotel Unicorno Firenze,1.4627908757010772e+18,,43.771713,Private room,1.0,2024-06-16,4.0,0
Camera quadrupla - Hotel Unicorno Firenze,1.4627908757010772e+18,,43.771713,Private room,31.0,,4.0,0
Camera tripla - Hotel Unicorno Firenze,1.4627908757010772e+18,,43.772255,Private room,31.0,,4.0,0
Borgo Tegolaio Apartment,1.4631779989464684e+18,,43.7666015625,Entire home/apt,2.0,2026-06-01,1.0,28
Hollyroom,1.4670764171637757e+18,,43.77832,Private room,3.0,2026-06-23,1.0,25
Sweet Apartment,1.4700330394884037e+18,,43.76899,Entire home/apt,3.0,2025-09-20,12.0,4
Soggiorno La Coccinella - Camera Superior,1.468686554271747e+18,,43.78349,Private room,1.0,2026-05-30,10.0,5
Stanza Amarelo- Firenze,1.4637348300794401e+18,,43.767967224121094,Private room,1.0,2026-06-24,2.0,102
Grande camera con bagno privato e cucina condivisa,1.4654873025193708e+18,,43.79011,Private room,4.0,2026-06-25,5.0,1
Dieffe - Sweet Dreams in Florence,1.465579628809493e+18,,43.773727,Entire home/apt,1.0,2026-01-20,86.0,17
Mira Florence Apartment - Cam Verde con Terrazzo,1.462871488059458e+18,,43.77158,Private room,1.0,2026-06-23,5.0,60
Residenza San Lorenzo - Room 2,1.4625115071325087e+18,,43.7749,Private room,1.0,2026-06-19,22.0,45
Casa Selma - Camera doppia con vista,1.463427696559939e+18,,43.79192067065309,Private room,3.0,2026-06-22,3.0,34
I'Neri - Santa Croce,1.4631906152761452e+18,,43.76801300048828,Entire home/apt,2.0,2026-06-23,4.0,37
Luxury Flat in Florence,1.465302164030437e+18,,43.792179,Entire home/apt,2.0,2026-06-04,1.0,25
MDR First of Florence I Principi,1.462764521992158e+18,,43.77532,Entire home/apt,1.0,2026-06-22,35.0,65
Bella camera con bagno privato e cucina condivisa,1.4654873025193708e+18,,43.79005,Private room,3.0,2025-08-01,5.0,1
Maddalena Apartment by Mamo Florence,1.4626390518884895e+18,,43.76503,Entire home/apt,1.0,2026-06-14,197.0,10
Matrimoniale Easy2,1.4698883923494461e+18,,43.78192,Private room,31.0,2023-05-09,19.0,0
Vivi in una colonica w/ giardino vicino al centro,1.4700362113024067e+18,,43.75702,Entire home/apt,4.0,2026-06-20,2.0,25
appartamento  panoramico“alemar”,1.4655780870162245e+18,,43.81242,Entire home/apt,15.0,2026-06-01,1.0,7
Lola’s Loft,1.4625653794969836e+18,,43.77528,Entire home/apt,1.0,2026-06-23,1.0,16
Matrimoniale Easy 3,1.4698883923494461e+18,,43.7818,Private room,31.0,2023-05-09,19.0,0
"B&B di Piazza del Duomo, Stanza brunelleschi",1.4626566734063895e+18,,43.77195,Private room,1.0,2026-04-04,6.0,1
jungle flat,1.4671051371742525e+18,,43.77275179082346,Entire home/apt,3.0,,1.0,0
"B&B di Piazza del Duomo, Stanza giotto",1.4626566734063895e+18,,43.772491455078125,Private room,1.0,2023-05-07,6.0,0
Olive Mdr Apartments Collection,1.462764521992158e+18,,43.77451,Entire home/apt,1.0,2026-06-15,35.0,78
single  with  private  bathroom  next  to  duomo,1.4625117222139197e+18,,43.77573,Private room,600.0,2023-09-13,4.0,0
A lovely terrace in Santo Spirito with elevator,1.4628179715981007e+18,,43.769966,Entire home/apt,2.0,2026-06-22,19.0,29
Porcellana14-in the heart of Florence (5’from SMN),1.4629433063128888e+18,,43.772758,Entire home/apt,1.0,2026-06-14,3.0,56
In the Heart of Florence_NeriLuxurySuite_,1.4698579751968594e+18,,43.76743,Entire home/apt,2.0,2026-05-30,7.0,48
Oltrarno - Family cosy apartment - Firenze,1.462787361284806e+18,,43.763912002648,Entire home/apt,1.0,2026-06-14,1.0,13
Spectacular modern apartment  center of Florence,1.4637389315100198e+18,,43.77622,Entire home/apt,31.0,2023-05-30,2.0,0
Sant'Agostino Venere Apartment,1.462615403375709e+18,,43.76639,Entire home/apt,1.0,2024-10-26,15.0,0
Lovely Loft in Florence Downtown,1.4670285956692923e+18,,43.777447437738665,Entire home/apt,1.0,2026-06-19,1.0,47
Damasco penthouse with terrace near the Duomo,1.469931265433095e+18,,43.77351379394531,Entire home/apt,1.0,2026-05-28,17.0,29
Firenze Rentals Luxury Ponte Vecchio I,1.4625391424295846e+18,,43.76731491088867,Entire home/apt,1.0,2026-06-03,18.0,9
Velluto elegant apartment near the Duomo,1.469931265433095e+18,,43.77351379394531,Entire home/apt,1.0,2026-06-11,17.0,23
Firenze Rentals Luxury Ponte Vecchio II,1.4625391424295846e+18,,43.76731491088867,Entire home/apt,1.0,2026-06-07,18.0,19
Renaissance Elegance in the Heart of Florence,1.4704973303329219e+18,,43.76934814453125,Entire home/apt,2.0,2026-06-19,4.0,15
Charming Home w/ Private Garden in Historic Heart,1.4631439093330926e+18,,43.76905,Entire home/apt,2.0,2026-06-19,1.0,32
"Modarno Exclusive Apartment:Pontevecchio , Firenze",1.4637398114398339e+18,,43.76741,Entire home/apt,1.0,2023-06-12,10.0,0
Charming two bedrooms apt in the heart of Florence,1.4658577899632453e+18,,43.76887,Entire home/apt,2.0,2026-06-01,2.0,24
APPARTAMENTO-VIA CASTELLO D'ALTAFRONTE 6,1.4700394320182047e+18,,43.76885,Entire home/apt,1.0,2026-05-13,2.0,22
"Aria di Casa : Santa Croce, Firenze",1.4637398114398339e+18,,43.768635,Entire home/apt,1.0,2023-06-04,10.0,0
Bravo Horse ❤️  central of Florence! with A/C🌡️,1.4630287135233341e+18,,43.76366,Private room,1.0,2026-06-01,2.0,33
La Casina di Mariposa in Santo Spirito,1.4626125946184248e+18,,43.76641,Entire home/apt,2.0,2026-07-01,1.0,47
Attico con terrazza e vista nel cuore di Firenze,1.4692576523663053e+18,,43.771461486816406,Entire home/apt,1.0,2026-06-22,1.0,30
Tessitori 22 San Frediano optional parking on site,1.4630011623255485e+18,,43.769032,Entire home/apt,1.0,2026-06-24,1.0,19
Il nido di Firenze,1.4700285161027745e+18,,43.77168,Entire home/apt,1.0,2026-06-09,1.0,60
"Terrace Studio, Recently Renovated, Stunning View",1.4692153419510075e+18,,43.77502,Entire home/apt,1.0,2025-12-19,15.0,8
Small Double,1.4698883923494461e+18,,43.7818,Private room,31.0,2023-05-09,19.0,0
Pergola 2,1.463030579989773e+18,,43.77382,Entire home/apt,1.0,2025-05-27,1.0,0
Bellagio apartment,1.4685469625672448e+18,,43.821812,Entire home/apt,2.0,2024-10-07,2.0,0
Oriuolo Apartment by Mamo Florence,1.4626390518884895e+18,,43.77144,Entire home/apt,1.0,2026-04-04,197.0,5
"Bed&Breakfast nel cuore
di Firenze",1.4668043114355615e+18,,43.76414272503291,Private room,2.0,,1.0,0
Terrazza Foscolo - Flo Apartments,1.4652865101990093e+18,,43.76022,Entire home/apt,1.0,2026-05-25,26.0,12
Blue Santa Croce By MMega,1.4626271213019407e+18,,43.77212,Entire home/apt,1.0,2026-06-20,259.0,5
"Aurora: historic, central, spacious living, AC BDR",1.462827429935587e+18,,43.7690315246582,Entire home/apt,2.0,2026-05-11,1.0,4
Flora - Sweet Dreams in Florence,1.465579628809493e+18,,43.7841682434082,Entire home/apt,1.0,2026-04-27,86.0,2
Modern Apartment in Piazza della Signoria,1.4655349312646193e+18,,43.769416697614446,Entire home/apt,3.0,2026-06-21,1.0,50
Appartamento moderno ad un passo dal tram,1.470049970964122e+18,,43.76806,Entire home/apt,2.0,2026-06-06,1.0,21
Paolo and Carlotta's Home by Charming Italy Tour,1.487954626732345e+18,,43.781052,Entire home/apt,3.0,2022-11-07,1.0,0
Florence Duomo San Lorenzo,1.4700513881201505e+18,,43.775589,Entire home/apt,2.0,2026-06-08,1.0,25
Cozy Suite in San Frediano area,1.462661312531639e+18,,43.76902,Entire home/apt,3.0,2026-06-17,12.0,7
La casa di Pepe,1.4700517845183775e+18,,43.74979,Entire home/apt,1.0,2026-06-16,2.0,36
"La casa  FL (centro), 2 camere da letto & 2 bagni",1.466927093367927e+18,,43.768516540527344,Entire home/apt,1.0,2026-05-08,6.0,4
La Domus Firenze [Garage] 5’ from Duomo & Station,1.4700537118820754e+18,,43.775665283203125,Entire home/apt,1.0,2026-06-18,1.0,29
Matrimoniale Easy 7,1.4698883923494461e+18,,43.78203,Private room,31.0,2023-05-09,19.0,0
Cashmere apartment a stone's throw from the Duomo,1.469931265433095e+18,,43.77351379394531,Entire home/apt,1.0,2026-06-25,17.0,36
"NICE room close to city center, with free parking",1.4671803505686856e+18,,43.78758,Private room,2.0,2026-06-22,3.0,13
Poliziano Apartment 1 bedroom 1 bathroom jacuzzi,1.4628626779207183e+18,,43.783268,Entire home/apt,2.0,2026-04-14,7.0,20
Mia’s House Stazione Campo di Marte-Stadio/Mandela,1.4700529061095946e+18,,43.777832,Entire home/apt,2.0,2025-08-29,1.0,10
Appartamento vicino alle Cappelle Medicee,1.4683008304272187e+18,,43.775665283203125,Entire home/apt,3.0,2026-06-19,1.0,19
Boheme Apartment by Mamo Florence,1.4626390518884895e+18,,43.76664,Entire home/apt,1.0,2026-05-29,197.0,12
"Appartamento Piazza Pitti, Firenze",1.47005760356115e+18,,43.765999,Entire home/apt,2.0,2026-06-21,1.0,39
Borgo Paradiso,1.4654946997060846e+18,,43.77355,Entire home/apt,2.0,2026-06-06,6.0,56
GuestHost - Torre dei Giudi Cozy Apartment,1.4671577548808717e+18,,43.76936,Entire home/apt,1.0,2026-06-12,102.0,50
Appartamento con Terrazza sul Tetto a San Frediano,1.4625116067746196e+18,,43.76708,Entire home/apt,2.0,2026-06-26,16.0,15
Dandy Suite on the Arno River,1.4625771494430456e+18,,43.771664,Entire home/apt,2.0,2026-06-05,2.0,19
Gorgeous Space in Super Central Boutique Hotel B1,1.462653052328609e+18,,43.780994,Private room,1.0,2026-03-10,51.0,25
Gorgeous Space in Super Central Boutique Hotel B7,1.462653052328609e+18,,43.78051,Private room,1.0,2026-04-28,51.0,10
Gorgeous Space in Super Central Boutique Hotel B6,1.462653052328609e+18,,43.78056,Private room,1.0,2026-05-28,51.0,33
Residenza Ponticelli - Stanza Beatrice,1.4626975565767782e+18,,43.78851,Private room,3.0,2025-10-06,1.0,1
"a casa di mena, Bianca",1.4671339215498414e+18,,43.76751,Private room,1.0,2026-06-19,2.0,27
Cestello Villa In Town,1.4879068648356508e+18,,43.77114,Entire home/apt,2.0,2026-06-06,1.0,21
Big apartment a stone's throw from the Duomo,1.469931265433095e+18,,43.77351379394531,Entire home/apt,1.0,2026-01-09,17.0,4
La Mansardina dei Calzaiuoli,1.470061436105725e+18,,43.772415,Entire home/apt,2.0,2026-06-22,1.0,18
Bargello Cozy Apartment With Two Bedrooms,1.4625114121213542e+18,,43.770397,Entire home/apt,1.0,2026-06-17,26.0,9
"Teatro City central , Free pick up airport @@@",1.4683325565694897e+18,,43.786034,Entire home/apt,31.0,2022-08-04,1.0,0
Ponte Vecchio in comfort and style,1.470062144108672e+18,,43.7673,Entire home/apt,2.0,2026-06-17,1.0,20
Porcellino Stay two-bedroom apt,1.4667712574506053e+18,,43.77142356368055,Entire home/apt,1.0,2026-06-11,2.0,36
Turandot Apartment by Mamo Florence,1.4626390518884895e+18,,43.76458,Entire home/apt,1.0,2026-04-15,197.0,8
"B&B di Francesco, Stanza suite 2",1.4625273029868593e+18,,43.77514,Private room,1.0,2026-05-14,7.0,2
La casa di Leo | Relax & Quiet | 10 min Duomo,1.4632319784976852e+18,,43.780354,Entire home/apt,2.0,2026-05-27,6.0,15
TRINITY'S ROOM,1.467307319748852e+18,,43.76974,Entire home/apt,1.0,2026-06-10,4.0,53
Serragli Charme,1.4625103500673539e+18,,43.76979,Entire home/apt,3.0,2026-06-18,11.0,6
"""Il Bel Paese"" Apartment - 70Sqm - City Center",1.4625795976821435e+18,,43.77412,Entire home/apt,1.0,2025-08-04,9.0,1
"Mansarda Poliziano private terrace, jacuzzi, AC",1.4628626779207183e+18,,43.78258,Entire home/apt,31.0,2026-05-30,7.0,34
Bellariva apartment,1.4631013013421673e+18,,43.765919,Entire home/apt,3.0,2026-06-01,1.0,18
Chic apartment on designer street,1.4633999829591675e+18,,43.7718875,Entire home/apt,1.0,2026-06-20,1.0,31
Florence sky and light,1.4673113816016676e+18,,43.775387,Entire home/apt,1.0,2026-06-12,1.0,64
Il Giardino Fiorentino - Luxury Apartment & Spa,1.4626926150366034e+18,,43.779237,Entire home/apt,2.0,2026-06-13,1.0,29
Serragli Retreat By MMega,1.4626271213019407e+18,,43.76608,Entire home/apt,1.0,2026-05-31,259.0,9
Loft Firenze Coverciano,1.4637540149195e+18,,43.77064,Entire home/apt,1.0,2026-06-21,2.0,4
Relais Campanile Adelaide,1.4655833122398897e+18,,43.7748,Entire home/apt,1.0,2026-06-07,6.0,5
Florence Center 4BR Apt with Piazza Views. Pitti I,1.4700708700081405e+18,,43.7659277,Entire home/apt,1.0,2026-06-15,11.0,19
Florence Center 2BR Apt Facing Palazzo. Pitti II,1.4700708700081405e+18,,43.7659277,Entire home/apt,2.0,2026-06-05,11.0,2
Santa Croce View 2 By MMega,1.4626271213019407e+18,,43.76963,Entire home/apt,1.0,2026-04-12,259.0,3
Attico in piazza Savonarola,1.4671990788195292e+18,,43.781868,Entire home/apt,1.0,2025-09-19,1.0,2
Dimora Carla,1.465693075740686e+18,,43.76682,Entire home/apt,2.0,2026-06-21,1.0,25
Smart-Room for two in Florence,1.4627170870158612e+18,,43.783127,Private room,2.0,2026-06-22,1.0,27
Ognissanti  33,1.4686982020396887e+18,,43.773144,Entire home/apt,1.0,2022-10-31,64.0,0
Delizioso appartamento a Firenze,1.4630878828167032e+18,,43.78293,Entire home/apt,1.0,2026-06-14,1.0,62
Rosselli 59,1.470074687193462e+18,,43.779621,Entire home/apt,2.0,2026-06-23,3.0,84
Brunelleschi Suite,1.4700754708144617e+18,,43.774127388922565,Entire home/apt,2.0,2026-05-31,3.0,6
Borgo La Croce Apartment Alessia,1.4629440073167708e+18,,43.77138,Entire home/apt,3.0,2026-05-30,2.0,14
Giannotti Vintage Apartment With Two Bedrooms,1.4625114121213542e+18,,43.758305,Entire home/apt,1.0,2026-05-22,26.0,4
San Niccolò Apartment,1.4658067990691116e+18,,43.764374,Entire home/apt,2.0,2026-06-19,58.0,41
Firenze Rentals Cavour 37 - Two Bedrooms Apt,1.4625391424295846e+18,,43.77632,Entire home/apt,1.0,2025-09-21,18.0,4
Firenze Rentals Cavour 37 Loft,1.4625391424295846e+18,,43.77631,Entire home/apt,1.0,2022-07-18,18.0,0
appartamento in centro di Firenze,1.4657154892421842e+18,,43.77665,Private room,1.0,2026-06-10,3.0,121
TOSCANELLA STUDIO QUARZO,1.4697100180785198e+18,,43.76755,Entire home/apt,1.0,2026-06-21,14.0,64
Angelico Apartment,1.4699696792029412e+18,,43.767452,Private room,1.0,2023-12-03,5.0,0
The Benci Retreat Lungarno,1.4658067990691116e+18,,43.766884,Entire home/apt,2.0,2026-06-18,58.0,31
La Mansarda Villa Lia Michelangelo - Firenze,1.4625855305029071e+18,,43.7545,Entire home/apt,2.0,2026-06-07,4.0,10
TOSCANELLA STUDIO SMERALDO,1.4697100180785198e+18,,43.76552,Entire home/apt,1.0,2026-06-13,14.0,56
Florentine Escape,1.4626925714651336e+18,,43.774307,Entire home/apt,3.0,2026-06-01,1.0,13
Romantico in Florence,1.4627686187510244e+18,,43.77751427533772,Entire home/apt,2.0,2026-06-24,1.0,13
Nice Three Bedrooms Apartment,1.4700330394884037e+18,,43.76981,Entire home/apt,1.0,2023-09-01,12.0,0
The Secret Garden in San Niccolò,1.470080696089481e+18,,43.76285,Entire home/apt,2.0,2026-05-28,1.0,14
Santo Spirito 6,1.4686982020396887e+18,,43.766411,Entire home/apt,31.0,2024-12-30,64.0,0
Greci 16 II,1.4686982020396887e+18,,43.769195556640625,Entire home/apt,1.0,2023-06-30,64.0,0
Pitti View In Serragli,1.462625585543148e+18,,43.7668,Entire home/apt,2.0,2022-11-26,37.0,0
Ground Floor With Patio-Ghibellina 65 apt 2,1.4625136732182167e+18,,43.7696056,Entire home/apt,1.0,2026-03-27,18.0,5
85m² Loft in the City Center,1.4637610213137e+18,,43.77986014837991,Entire home/apt,3.0,2026-06-14,1.0,11
Casa Gio uno sguardo alla Cupola del Duomo,1.4693671528115003e+18,,43.77507,Entire home/apt,1.0,2026-04-29,2.0,17
The house in the garden,1.4630696953972595e+18,,43.78703084603485,Entire home/apt,3.0,2025-10-02,1.0,5
Santa Croce Apt,1.462873065322606e+18,,43.77005275281554,Entire home/apt,2.0,2026-06-17,1.0,19
Casa dell'Arpa,1.4700853510691932e+18,,43.769931,Private room,2.0,2026-06-03,2.0,27
Characteristic apartment with Terrace in Florence,1.462529597393876e+18,,43.76892,Entire home/apt,2.0,2026-06-24,2.0,31
Antiques Santo Spirito Suite,1.470086099551558e+18,,43.768529777297495,Entire home/apt,31.0,2024-10-23,1.0,0
Florence Hideaway By MMega,1.4626271213019407e+18,,43.76989,Entire home/apt,1.0,2026-05-27,259.0,7
Suspense apartment,1.4700862593889756e+18,,43.77233,Entire home/apt,2.0,2026-05-27,1.0,3
Dragomanni Loft - 1 bedroom with garden,1.4627685989414874e+18,,43.76577,Entire home/apt,2.0,2025-07-05,46.0,1
SANTO STEFANO'S MIRROR -2 Bedroom by Ponte Vecchio,1.4625339288517727e+18,,43.76974,Entire home/apt,3.0,2025-12-30,103.0,3
Stanza con bagno privato e terrazza sul giardino,1.4700870216849021e+18,,43.77873,Private room,2.0,2026-06-17,1.0,12
"Living Florinda Apt. (3' to Airport, 9' to Center)",1.4636706849215619e+18,,43.79332,Entire home/apt,2.0,2025-10-12,1.0,18
Appartamento in centro storico a Firenze,1.4700872610371927e+18,,43.76918,Entire home/apt,3.0,2026-06-16,1.0,9
Pepi 51,1.4686982020396887e+18,,43.7721578034761,Entire home/apt,1.0,2025-08-12,64.0,1
Pleasant Apartment In The Oltrarno Neighborhood,1.4700330394884037e+18,,43.76568,Entire home/apt,3.0,2025-12-29,12.0,7
Marvin Apartment by Mamo Florence,1.4626390518884895e+18,,43.77557,Entire home/apt,1.0,2024-12-04,197.0,0
Cozy Studio with Garden View,1.4629403427947436e+18,,43.78360869999999,Entire home/apt,2.0,2026-06-09,8.0,38
La Bottega del Ferro By MMega,1.4626271213019407e+18,,43.76684,Entire home/apt,1.0,2025-10-12,259.0,2
7 HEAVEN PONTEVECCHIO ROOMS - NEPTUNE,1.4700881736142446e+18,,43.76649,Private room,1.0,2026-05-14,7.0,23
7 HEAVEN PONTEVECCHIO ROOMS - VENUS,1.4700881736142446e+18,,43.76647,Private room,1.0,2025-12-03,7.0,3
Affittacamere Graziano -stanza privata- centro,1.4656343642221755e+18,,43.774066588038025,Private room,2.0,2026-06-21,1.0,33
Spaziosa e confortevole camera con bagno a Firenze,1.4700902847570872e+18,,43.78155,Private room,1.0,2026-06-11,3.0,44
Designer Apartment in Central Florence,1.4669388100518083e+18,,43.77504,Entire home/apt,2.0,2026-05-12,17.0,2
Florence Bona's Home,1.47009079776561e+18,,43.7644235,Entire home/apt,1.0,2026-06-19,1.0,18
Ponte Vecchio Suite -Center-Colorful apartment,1.4692626330685448e+18,,43.7652543,Entire home/apt,2.0,2025-10-27,2.0,12
Ariento Deluxe 8,1.469324486921359e+18,,43.7755141,Entire home/apt,3.0,2026-04-23,55.0,1
Giorgio Ponte Vecchio Apartment,1.470090986764888e+18,,43.7695399,Entire home/apt,2.0,2026-06-18,3.0,41
Sunny Romana,1.469324486921359e+18,,43.7623654,Entire home/apt,31.0,2022-08-19,55.0,0
Meraviglioso attico nel cuore di Firenze,1.4637648036904102e+18,,43.7651477,Entire home/apt,1.0,2026-06-07,2.0,10
Suite with Private Garden - 20m from SMN Station,1.4637636951797635e+18,,43.7756,Private room,1.0,2026-03-24,18.0,4
Apartment 20m from the SMN Station (3 People),1.4637636951797635e+18,,43.77539,Entire home/apt,31.0,2023-05-01,18.0,0
Sprone Terrace,1.469324486921359e+18,,43.7677453,Entire home/apt,31.0,2024-10-01,55.0,0
Cavour Courtyard,1.469324486921359e+18,,43.78035269999999,Entire home/apt,31.0,,55.0,0
Honey Apartment,1.469324486921359e+18,,43.774441,Entire home/apt,31.0,,55.0,0
CasaLu,1.4700920065533942e+18,,43.7942632,Entire home/apt,1.0,2026-06-14,1.0,14
Classic Tornabuoni,1.469324486921359e+18,,43.77126519999999,Entire home/apt,3.0,2022-10-16,55.0,0
Tegolaio Chic in the heart of Santo Spirito,1.469324486921359e+18,,43.7664616,Entire home/apt,3.0,2023-07-08,55.0,0
"Sant'Ambrogio Guest House, Stanza con letto que...",1.4627013503949348e+18,,43.7732614,Private room,1.0,2026-06-11,3.0,67
Vigna White,1.469324486921359e+18,,43.7713103,Entire home/apt,31.0,2023-06-25,55.0,0
Casa Vittoria By MMega,1.4626271213019407e+18,,43.76816,Entire home/apt,1.0,2026-06-16,259.0,8
Santo Spirito View By MMega,1.4626271213019407e+18,,43.76808,Entire home/apt,1.0,2026-05-29,259.0,20
La terrazza di Iris nel cuore di Firenze,1.4631434602317637e+18,,43.7685089,Entire home/apt,2.0,2026-06-25,1.0,16
Firenze Rentals Deluxe Corso 5,1.4625391424295846e+18,,43.7705,Entire home/apt,1.0,2026-06-12,18.0,2
Dependance Orchidea,1.463766812068025e+18,,43.77938,Entire home/apt,2.0,2026-06-21,1.0,21
Elegant & Spacious 3BR in Florence Historic Center,1.4670331963730637e+18,,43.7756,Entire home/apt,1.0,2026-06-23,5.0,19
"Dimora San Frediano, Oltrarno’s jewel with patio",1.4659309294277102e+18,,43.77185,Entire home/apt,3.0,2026-05-30,1.0,9
Apartment in The Heart of Florence,1.4625643992843697e+18,,43.77512,Entire home/apt,1.0,2026-06-19,2.0,59
Cesar's House,1.4626427657631242e+18,,43.789436670757894,Entire home/apt,1.0,2026-06-25,1.0,119
La Fortezza,1.4625227801380662e+18,,43.78195,Entire home/apt,2.0,2025-08-01,1.0,3
angels house,1.4637681218739123e+18,,43.7657525,Entire home/apt,2.0,2026-06-23,1.0,16
Santo Spirito 7,1.4686982020396887e+18,,43.7665498989084,Entire home/apt,2.0,2023-01-05,64.0,0
Ginori  3 P,1.4686982020396887e+18,,43.7753659357777,Entire home/apt,1.0,2026-05-27,64.0,3
Wine Apartments Florence Barolo,1.4627648749364001e+18,,43.7801877,Entire home/apt,1.0,2023-04-05,44.0,0
Private room in front of train station,1.4700747916840061e+18,,43.77549,Private room,1.0,2023-03-25,11.0,0
Private room in front of train station,1.4700747916840061e+18,,43.77536,Private room,1.0,2023-06-17,11.0,0
Private room in front of train station,1.4700747916840061e+18,,43.77717,Private room,1.0,2025-04-09,11.0,0
Route 30 Apartment,1.4701002331212114e+18,,43.7808996,Entire home/apt,3.0,2025-10-26,1.0,9
Appartamento confortevole Santa Maria Novella,1.4700308647332027e+18,,43.774017,Entire home/apt,2.0,2026-06-20,1.0,17
Small and cozy studio apartment in Florence,1.4652825603135073e+18,,43.7834985,Entire home/apt,2.0,2026-06-14,8.0,5
Antelux Firenze by @windowtotheduomo * VIP balcony,1.4625262102095967e+18,,43.77342167313436,Entire home/apt,2.0,2026-05-27,3.0,18
Careggi Garden Apartment,1.4693954420246367e+18,,43.80474,Entire home/apt,2.0,2025-09-05,11.0,1
Ruote Stylish Loft By MMega,1.4626271213019407e+18,,43.7809,Entire home/apt,1.0,2026-06-16,259.0,8
"Florence Gem: Historic, AC, WiFi, 2 Baths, Lift",1.4625461753782756e+18,,43.77037,Entire home/apt,3.0,2025-06-14,8.0,0
"Florence Gem: Historic, AC, WiFi, 2 Baths, Lift",1.4625461753782756e+18,,43.77252,Entire home/apt,3.0,2025-10-13,8.0,1
Romantic Florence,1.4668856244923151e+18,,43.7743372,Entire home/apt,1.0,2026-06-15,2.0,75
Bright & Cozy Florence Center Room,1.4625637761816827e+18,,43.77952,Private room,4.0,2026-05-17,15.0,9
"IMPRESSIVE  2BD DESIGNER APT, GARDEN, TOP SPOT",1.4701056787622548e+18,,43.76427,Entire home/apt,28.0,,1.0,0
"the best Duomo view: elevator, 2 BD, A.C",1.463750965119561e+18,,43.77223944508707,Entire home/apt,1.0,2026-05-24,5.0,35
Frappo al Carmine,1.4652862968121014e+18,,43.76900209999999,Entire home/apt,1.0,2026-06-23,1.0,72
Double room - Hotel Alinari *** - Firenze,1.4636636221065362e+18,,43.77739,Private room,1.0,2026-03-29,7.0,13
Ricasoli View in great location,1.469324486921359e+18,,43.77497169999999,Entire home/apt,3.0,,55.0,0
"Centro storico: silenzioso, luminoso, con terrazza",1.462539685451023e+18,,43.77143542116625,Entire home/apt,1.0,2026-06-11,9.0,69
The Cathedral Of Florence,1.4700754708144617e+18,,43.7736619,Entire home/apt,2.0,2026-06-13,3.0,14
"Romito Apartment,la tua casa alle porte del centro",1.4701105386095442e+18,,43.78894875912035,Entire home/apt,1.0,2026-06-15,1.0,9
Anguillara 7/A,1.4686982020396887e+18,,43.7695867531059,Entire home/apt,1.0,2026-06-11,64.0,22
Charming bedroom with ensuite bathroom.,1.4627958618739446e+18,,43.77226,Private room,2.0,2026-06-12,13.0,7
"Affittacamere Belfiore , Camera matrimoniale 1",1.4668392321316826e+18,,43.78025,Private room,1.0,2026-06-08,7.0,13
Alfani Quiet and Spacious 2 Bedrooms Apartment,1.4625116067746196e+18,,43.77447,Entire home/apt,2.0,2026-06-07,16.0,22
Bilocale con giardino e parking free Firenze sud,1.4626390911282493e+18,,43.75534637117545,Entire home/apt,2.0,2025-11-23,2.0,4
Accogliente appartamento vicino la stazione,1.4700605979912384e+18,,43.77908,Entire home/apt,2.0,2024-11-02,4.0,0
Santo Spirito's Nest,1.4658067990691116e+18,,43.766512145481315,Entire home/apt,2.0,2026-06-22,58.0,6
Keys of Italy -F3-Santa Croce one bedroom flat,1.4632560235621256e+18,,43.77249130000001,Entire home/apt,1.0,2026-05-08,64.0,12
Visarno Modern By MMega,1.4626271213019407e+18,,43.78252,Entire home/apt,1.0,2022-10-15,259.0,0
Appartamento Firenze  Careggi con parcheggio,1.465268326303231e+18,,43.80286,Entire home/apt,2.0,2026-06-06,1.0,6
Comfortable room with private bathroom,1.4630329833922376e+18,,43.7879485,Private room,2.0,2026-06-21,1.0,2
La vigna dolce di Anna cam5,1.4637398114398339e+18,,43.76921,Private room,1.0,2025-05-08,10.0,0
Private room in Florence,1.4632991005521329e+18,,43.78703381578255,Private room,1.0,2025-06-15,1.0,0
Lovely loft with terrace Santa Maria Novella,1.4625820717225935e+18,,43.77451624202553,Entire home/apt,1.0,2026-06-11,1.0,24
Laura 50,1.4686982020396887e+18,,43.776449318006,Entire home/apt,2.0,,64.0,0
Florence new mattonaia apatment,1.46731088161031e+18,,43.77431,Entire home/apt,1.0,2026-06-17,13.0,16
YiD Servi suite apt C,1.462988130311036e+18,,43.77343,Entire home/apt,1.0,2026-05-12,80.0,3
Big new mattonaia florence apartment,1.46731088161031e+18,,43.77269,Entire home/apt,2.0,2026-06-25,13.0,15
Suite degli Ospite con Patio Self Check in,1.4701213539020216e+18,,43.7984,Private room,2.0,2024-01-13,3.0,0
Benvenuto - Sweet Dreams in Florence,1.465579628809493e+18,,43.7783414,Entire home/apt,1.0,2025-07-27,86.0,1
Cute Apartment Near Santa Croce,1.4628531192283446e+18,,43.77058,Entire home/apt,2.0,2025-10-20,11.0,8
Historic room experience nearby train station SMN,1.4637741051779482e+18,,43.77651,Private room,31.0,2024-11-04,5.0,0
Venere Apartment by Mamo Florence,1.4626390518884895e+18,,43.76834,Entire home/apt,1.0,2026-05-30,197.0,4
[San Lorenzo] Monolocale luminoso e silenzioso,1.462581215459013e+18,,43.7778727,Entire home/apt,1.0,2026-06-12,5.0,52
Castellaccio studio in the center,1.46731088161031e+18,,43.77369,Entire home/apt,1.0,2026-06-25,13.0,33
Industrial design loft with outdoor living terrace,1.4681778452459203e+18,,43.76985,Entire home/apt,1.0,2026-03-16,46.0,5
beautiful  penthouse with  stunning   terrace,1.4701274221992978e+18,,43.7728708,Entire home/apt,5.0,2026-05-27,1.0,9
Tiepolo romantic penthouse in the Oltrarno,1.469931265433095e+18,,43.7689475,Entire home/apt,1.0,2026-06-17,17.0,34
Tintoretto frescoed loft in the Oltrarno,1.469931265433095e+18,,43.7689475,Entire home/apt,1.0,2026-06-20,17.0,59
Boccaccio elegant apartment in Oltrarno,1.469931265433095e+18,,43.7689475,Entire home/apt,1.0,2026-06-21,17.0,23
Buonarroti big apartment with terrace in Oltrarno,1.469931265433095e+18,,43.7689475,Entire home/apt,1.0,2026-06-14,17.0,28
Pontormo apartment with fireplace in Oltrarno,1.469931265433095e+18,,43.7689475,Entire home/apt,2.0,2026-06-18,17.0,28
Florence - sweet apartment with all comforts,1.4696477723342177e+18,,43.7909768065,Entire home/apt,3.0,2024-09-13,1.0,0
"""Zen Garden"" next to the station, private Jacuzzi",1.4626728100427366e+18,,43.7752624,Entire home/apt,1.0,2026-06-02,3.0,43
"BSJ15 - Borgo San Jacopo Room
superior room 101",1.4701296088471176e+18,,43.76761,Private room,1.0,2026-02-15,5.0,1
Pilastri Studio By MMega,1.4626271213019407e+18,,43.77396,Entire home/apt,30.0,2025-06-29,259.0,1
Lori & Angel,1.4655163105937551e+18,,43.74398,Entire home/apt,3.0,2026-04-07,3.0,2
Casa Ornella Centro storico Firenze,1.4629828494027827e+18,,43.7744485,Entire home/apt,2.0,2026-06-22,2.0,71
Appartamento di charme a due passi dalla stazione,1.4636276094408527e+18,,43.7746064,Entire home/apt,1.0,2026-06-14,1.0,7
Bartolini Large Apartment,1.4636297882469217e+18,,43.77092313276977,Entire home/apt,2.0,2024-07-12,7.0,0
"BSJ15 - Borgo San Jacopo 
Room Comfort 104",1.4701296088471176e+18,,43.76706,Private room,1.0,2022-08-12,5.0,0
"BSJ15 - Borgo San Jacopo Room
Room deluxe 202",1.4701296088471176e+18,,43.7678076,Private room,1.0,2026-06-01,5.0,1
Casa Anna,1.4626495361443866e+18,,43.76798,Private room,2.0,2022-08-23,2.0,0
Anna 3,1.4626495361443866e+18,,43.76866859259772,Private room,1.0,2022-08-14,2.0,0
A casa di Anna cam3,1.4637398114398339e+18,,43.77081,Private room,1.0,2025-11-04,10.0,1
Luxury Suite Pinti  (frescoed suite in the centre),1.46896136676316e+18,,43.77235,Entire home/apt,2.0,2026-06-22,2.0,44
Agnolo 73 II,1.4686982020396887e+18,,43.7704636601566,Entire home/apt,1.0,2025-08-15,64.0,1
"B&B di Marco, Stanza con letto queen-size 1",1.4625180380165386e+18,,43.777995,Private room,1.0,2026-04-10,6.0,13
Myosotis - Sweet Dreams in Florence,1.465579628809493e+18,,43.7665492,Entire home/apt,1.0,2025-06-03,86.0,0
SERRA's Room - Camera Privata in Appto Luminoso,1.4652842080984663e+18,,43.78656,Private room,2.0,2025-06-07,2.0,0
Sapiti 2 P,1.4686982020396887e+18,,43.7677963823217,Entire home/apt,3.0,2026-06-23,64.0,2
Loft Signoria,1.4698751051130962e+18,,43.77001,Entire home/apt,2.0,2026-06-10,9.0,34
"B&B di Marco, Stanza matrimoniale 2",1.4625180380165386e+18,,43.77799606323242,Private room,1.0,2026-05-07,6.0,10
{Suite Libertà a due passi dal centro},1.462577843078645e+18,,43.78495112728166,Entire home/apt,2.0,2025-09-16,1.0,3
"Spectacular Views, Lovely Penthouse Florence Apt",1.4625461753782756e+18,,43.76996,Entire home/apt,4.0,2026-06-19,8.0,9
Double Room - Hotel Alinari - Historic central,1.4636636221065362e+18,,43.77554,Private room,1.0,2026-05-18,7.0,10
Agnolo 73 IV,1.4686982020396887e+18,,43.7704515547269,Entire home/apt,1.0,,64.0,0
Palazzo Larioni dei Bardi-Appartamento Takuma,1.4626216959405757e+18,,43.76511,Entire home/apt,1.0,2024-05-07,9.0,0
Casa terrazza sul Bargello,1.4636791871316157e+18,,43.76979,Entire home/apt,3.0,2026-06-21,2.0,14
Ricasoli 17 P,1.4686982020396887e+18,,43.7741502461025,Entire home/apt,1.0,2026-05-10,64.0,1
Single room - Hotel Alinari - Florence,1.4636636221065362e+18,,43.77557,Private room,1.0,2026-06-14,7.0,15
Camera tripla classica,1.4667119743515666e+18,,43.77534020656512,Private room,1.0,2026-06-07,5.0,46
"MT's Home, your home in Florence",1.4628935327023844e+18,,43.7715639,Entire home/apt,2.0,2026-06-20,1.0,22
Sunlit bedroom with balcony on Piazza Libertà,1.4695343621741617e+18,,43.78502,Private room,31.0,2024-11-25,2.0,0
Magnoli 2 D,1.4686982020396887e+18,,43.7657346155843,Entire home/apt,1.0,2026-05-24,64.0,3
La Casa dell’Artista,1.4630319070202253e+18,,43.7746049066504,Entire home/apt,2.0,2026-06-24,1.0,56
Appartamento  Piazza Signoria 4 persone 4 letti,1.4698540647302188e+18,,43.770473,Entire home/apt,1.0,2024-10-02,1.0,0
Zalinda Apartment by Mamo Florence,1.4626390518884895e+18,,43.7771,Entire home/apt,1.0,2026-03-25,197.0,6
Zita Apartment by Mamo Florence,1.4626390518884895e+18,,43.77725,Entire home/apt,1.0,2026-05-29,197.0,19
Magnoli 2 S,1.4686982020396887e+18,,43.7657317100517,Entire home/apt,2.0,2025-12-30,64.0,18
Vigna Vecchia Loft,1.470412464000544e+18,,43.7701961,Entire home/apt,2.0,2026-06-26,1.0,43
Casa Arianna,1.4697022720414904e+18,,43.7778198,Entire home/apt,2.0,2026-06-10,1.0,5
"Luxury 3\3 w terrace views of Pitti , City center",1.4683201856910774e+18,,43.767032,Entire home/apt,1.0,2026-06-15,2.0,9
Cavour Five Senses - Dome - City Center,1.465633846560065e+18,,43.7769828,Entire home/apt,1.0,2026-06-21,5.0,38
Welcome in the heart of Florence at your cozy apt,1.4701472097266286e+18,,43.77325,Entire home/apt,2.0,2026-06-10,1.0,15
Campo di Marte Bright Loft with separate Bedroom,1.4625116067746196e+18,,43.78288,Entire home/apt,2.0,2026-06-07,16.0,20
Ardiglione Apartment San Frediano,1.4655738680093873e+18,,43.7667733,Entire home/apt,2.0,2026-06-02,3.0,47
Elide House,1.470148481056566e+18,,43.76175,Entire home/apt,1.0,2026-06-18,1.0,13
Pergola Luxury - Steps from Duomo,1.462744694246885e+18,,43.77413490000001,Entire home/apt,1.0,2026-06-22,2.0,62
Double1,1.4698883923494461e+18,,43.78187,Private room,31.0,2023-04-12,19.0,0
Double3,1.4698883923494461e+18,,43.78163,Private room,31.0,2023-04-17,19.0,0
Double5,1.4698883923494461e+18,,43.78163,Private room,31.0,2023-04-12,19.0,0
Double 7,1.4698883923494461e+18,,43.78316,Private room,31.0,2023-04-12,19.0,0
Double 9,1.4698883923494461e+18,,43.78362,Private room,31.0,2023-04-19,19.0,0
"Askadinya Florence.
Relax with happiness",1.4701494088590753e+18,,43.7734688,Entire home/apt,2.0,2026-06-16,1.0,35
Ampia camera aria condizionata,1.4654561512093622e+18,,43.7844098,Private room,31.0,2024-08-24,4.0,0
[Pontevecchio] Prestigio e vista mozzafiato,1.4635015572442058e+18,,43.76653,Entire home/apt,1.0,2026-06-20,36.0,76
Renaissance Suite with Garden in Santo Spirito,1.4701541375832207e+18,,43.7658395,Entire home/apt,2.0,2026-06-13,3.0,12
Comfy  portion of property By Villa Il Mosaico,1.4701524716719634e+18,,43.77296,Entire home/apt,2.0,2026-05-18,6.0,3
Atelier Bellesi - Sweet Dreams in Florence,1.465579628809493e+18,,43.7656964,Entire home/apt,1.0,2026-05-16,86.0,1
"Oasi di relax, parcheggio gratis & tram to centro",1.4659183470725501e+18,,43.79592792088709,Entire home/apt,1.0,2026-06-16,2.0,21
Ponte Vecchio Penthouse charming view,1.462879613824046e+18,,43.77031,Entire home/apt,2.0,2026-06-10,3.0,27
Centralissimo/ Santa Croce/sant’Ambrogio/ AC/ WiFi,1.4625247657299963e+18,,43.77116,Entire home/apt,1.0,2026-06-15,3.0,48
Dimora Fiorentina,1.465717529913696e+18,,43.76115,Entire home/apt,2.0,2025-01-02,1.0,0
Adorable Apartment By Villa Il Mosaico,1.4701524716719634e+18,,43.77335,Entire home/apt,2.0,2026-03-30,6.0,1
Appartamento privato nel cuore di Firenze.,1.4626167039976965e+18,,43.77515,Entire home/apt,3.0,2025-06-07,1.0,0
AC | 5 min David | 10 min Duomo | Lavatrice,1.465760320535793e+18,,43.77575,Entire home/apt,2.0,2026-06-05,2.0,33
Florence in One Day • Walk to Duomo & Uffizi,1.4685220646885215e+18,,43.7695454,Entire home/apt,1.0,2025-08-19,16.0,2
[Centro Storico] Residenza Signoria,1.4630619101392947e+18,,43.76952,Entire home/apt,2.0,2026-06-10,3.0,31
"“CasaStudio Amornidi diArmoni”, Firenze!",1.4669886117227185e+18,,43.78733,Private room,1.0,2026-06-13,1.0,17
"Orticoltura Garden View:Free garage,lift & terrace",1.4701592131718167e+18,,43.78761,Entire home/apt,2.0,2026-06-17,1.0,15
Centro storico/ Santa Croce/ Sant’Ambrogio/AC/WiFi,1.4625247657299963e+18,,43.7701878,Entire home/apt,1.0,2026-06-18,3.0,44
Luxury Santa Croce View By MMega,1.4626271213019407e+18,,43.76836,Entire home/apt,1.0,2026-05-19,259.0,4
Delizioso appartamento a Firenze sud Gavinana,1.465614249010877e+18,,43.76135,Entire home/apt,3.0,2026-06-26,2.0,13
Albizi Tiziano Apt (109),1.465934406966803e+18,,43.77215,Entire home/apt,2.0,2026-05-18,34.0,1
Albizi Raffaello Apt (202),1.465934406966803e+18,,43.77236,Entire home/apt,2.0,2023-01-02,34.0,0
Albizi Botticelli Apt (204),1.465934406966803e+18,,43.77237,Entire home/apt,3.0,2025-05-14,34.0,0
Albizi Donatello Apt (206),1.465934406966803e+18,,43.77194,Entire home/apt,2.0,2024-01-01,34.0,0
Albizi Leonardo Apt (309),1.465934406966803e+18,,43.77192,Entire home/apt,2.0,2026-05-20,34.0,8
Albizi Cimabue Apt (314),1.465934406966803e+18,,43.7722,Entire home/apt,2.0,2025-05-05,34.0,0
Albizi Caravaggio Apt (316),1.465934406966803e+18,,43.77192,Entire home/apt,2.0,2026-06-08,34.0,9
Camera in appartamento privato. Ottima posizione.,1.4701618037662533e+18,,43.7807327,Private room,31.0,2022-11-05,1.0,0
Colonna Frescobaldi Apt (1AB),1.465934406966803e+18,,43.77416,Entire home/apt,2.0,2023-08-15,34.0,0
Colonna Cecchi Apt (2),1.465934406966803e+18,,43.77448,Entire home/apt,2.0,2023-08-20,34.0,0
Colonna Antinori Apt (4),1.465934406966803e+18,,43.77436,Entire home/apt,2.0,2025-07-13,34.0,1
Colonna Folonari Apt (6),1.465934406966803e+18,,43.77409,Entire home/apt,2.0,2023-08-20,34.0,0
Trilocale con aria condizionata 100 mt da Tramvia,1.4701620969015944e+18,,43.77387,Entire home/apt,1.0,2026-06-15,1.0,30
Ellen Apartment by Mamo Florence,1.4626390518884895e+18,,43.7756,Entire home/apt,1.0,2026-05-20,197.0,35
Blue room internal view with shared bathroom,1.4701625348776484e+18,,43.775286946999174,Private room,1.0,2026-05-22,2.0,27
Lambertesca - Uffizi Apartment,1.465934406966803e+18,,43.76996,Entire home/apt,2.0,2026-06-12,34.0,13
Daniel's house,1.4627358808110976e+18,,43.7840049,Entire home/apt,2.0,2026-04-18,2.0,1
Elegant 2BR by Duomo • Elevator • Quiet & Central,1.4699607941069445e+18,,43.7722631,Entire home/apt,2.0,2026-06-05,15.0,42
Firenze e oltre sei,1.463774925262655e+18,,43.77847,Private room,31.0,,4.0,0
Large Family Flat • Tram to Center,1.4632319784976852e+18,,43.78301860830658,Entire home/apt,3.0,2025-05-31,6.0,0
Toscanella Romantic By MMega,1.4626271213019407e+18,,43.76729,Entire home/apt,1.0,2026-06-08,259.0,25
Giglio Classic By MMega,1.4626271213019407e+18,,43.77426,Entire home/apt,1.0,2026-06-15,259.0,12
Sweet Florence Apartment,1.4636510319260582e+18,,43.78468,Entire home/apt,31.0,,1.0,0
Harmony House Florence with private & safe parking,1.4701660929385733e+18,,43.78241,Entire home/apt,2.0,2025-05-30,1.0,0
Studio Apt near the center / Street Parking,1.4701665482588114e+18,,43.75046,Entire home/apt,2.0,2026-06-16,1.0,21
Cheerful 3 BR Flat In Piazza Santo Spirito,1.4701666537774935e+18,,43.76717,Entire home/apt,2.0,2026-06-02,29.0,4
[Deluxe Apartment Ponte Vecchio],1.4636498326541279e+18,,43.76686,Entire home/apt,1.0,2026-06-21,6.0,107
"Da Max&Felix, soggiorno confortevole a Firenze",1.4638038677807117e+18,,43.7850243,Private room,2.0,2025-09-25,1.0,7
Brick House [Terrazzo panoramico],1.4628784516880878e+18,,43.7834,Entire home/apt,2.0,2024-08-13,1.0,0
Angel's Loft,1.469324486921359e+18,,43.77093,Entire home/apt,1.0,2024-06-24,55.0,0
Le Magnolie - Flat in Santa Maria Novella,1.466779274109451e+18,,43.7763517,Entire home/apt,1.0,2026-06-10,10.0,43
New 4th-Floor Studio,1.4667639292627566e+18,,43.76650435391971,Entire home/apt,1.0,2026-06-18,14.0,75
Florence corner,1.469947461473492e+18,,43.7918161,Entire home/apt,2.0,2026-06-26,3.0,37
Ponte Vecchio Apartment + Parking on request,1.463755097259311e+18,,43.76830585433906,Entire home/apt,2.0,2026-06-04,4.0,39
Lovely & Charming 1BR- 7 min walk by the Duomo,1.4701666537774935e+18,,43.77165,Private room,2.0,2025-11-30,29.0,2
Amorino Apartments-Loft/few steps to station,1.4701707205721247e+18,,43.77614,Entire home/apt,3.0,2026-05-09,2.0,20
Delizioso appartamento a Firenze,1.4701707598206758e+18,,43.769525192291304,Entire home/apt,31.0,2024-09-30,7.0,0
Santo Spirito Romantic By MMega,1.4626271213019407e+18,,43.76421,Entire home/apt,1.0,2026-05-13,259.0,9
Appartamento Dante,1.4701707598206758e+18,,43.769449411071975,Entire home/apt,31.0,2025-01-02,7.0,0
Camera Turchese | La Marmora 39,1.469019443889763e+18,,43.78055,Private room,31.0,,2.0,0
Historic center with Elevator - walk to all sights,1.4630120614913226e+18,,43.76996,Entire home/apt,1.0,2026-06-26,1.0,19
Luminosissimo loft con postoauto,1.462949457144343e+18,,43.78085170000001,Entire home/apt,31.0,2023-04-09,1.0,0
Happy Florence Ponte Vecchio prime location,1.4626106617401096e+18,,43.76720700842376,Entire home/apt,2.0,2026-03-16,7.0,8
Spirit of Florence - Triple room WITH VIEW,1.4625328333310446e+18,,43.7665404,Private room,1.0,2026-04-29,8.0,9
Giuliana Suite Apartment - bright and confortable,1.4655366342561866e+18,,43.79312,Entire home/apt,1.0,2026-06-19,1.0,27
Delizioso appartamento a Firenze vicino al centro,1.4685273833762732e+18,,43.783671900000016,Entire home/apt,3.0,2026-06-13,1.0,1
4 bedroom in Pellicceria (dx),1.4627685989414874e+18,,43.76983,Entire home/apt,3.0,,46.0,0
"Renovated, cozy and bright apt with lift and AC",1.4701760732817428e+18,,43.78810708342985,Entire home/apt,2.0,2026-06-23,1.0,36
Sweet Living Santo Spirito,1.4653008448789542e+18,,43.765070547860965,Entire home/apt,1.0,2026-06-19,21.0,21
Apt FORTE Q solo 5 minuti da stazione SMN  Forteza,1.462624047109911e+18,,43.78424529999999,Entire home/apt,2.0,2026-06-22,18.0,24
Camera Girasole,1.4628849572649452e+18,,43.7708577522323,Private room,31.0,2025-08-31,3.0,2
Elegant new with private garden hearth of the city,1.4625655535557366e+18,,43.77196050958978,Entire home/apt,2.0,2026-05-10,7.0,9
Spirit of Florence - double room,1.4625328333310446e+18,,43.76536,Private room,1.0,2026-04-07,8.0,3
"True Tuscan Style-City Centre [Wi-fi,Netflix, AC]",1.4681880422733699e+18,,43.7697938,Entire home/apt,2.0,2026-06-22,1.0,31
Centro Storico,1.4654996922829788e+18,,43.7662599,Entire home/apt,2.0,2026-06-23,1.0,24
Benedetta 8,1.4686982020396887e+18,,43.7739903287384,Entire home/apt,1.0,2024-08-12,64.0,0
"Beatrice, 1 br flat in 14th century building by ha",1.469840452530337e+18,,43.77199,Entire home/apt,2.0,2026-05-26,29.0,1
Oriuolo Prestige By MMega,1.4626271213019407e+18,,43.77254,Entire home/apt,1.0,2026-06-18,259.0,10
Stadium - 1 Bedroom apartment with outdoor space,1.4625730518240095e+18,,43.78161,Entire home/apt,2.0,2025-03-24,1.0,0
Attic apartment with parking,1.463060158976099e+18,,43.7933276,Entire home/apt,2.0,2024-08-07,1.0,0
Casa del borgo,1.4667031429000023e+18,,43.79646,Entire home/apt,1.0,2026-06-19,1.0,48
Riverfront Terrace,1.4701828638330698e+18,,43.76802,Entire home/apt,1.0,2026-06-21,1.0,28
I Parigi B&B - room with terrace,1.4625331317933394e+18,,43.73064,Private room,1.0,2024-03-30,1.0,0
Air Green Serragli - Triple Room,1.4655833248565637e+18,,43.76582,Private room,1.0,2024-06-16,5.0,0
"Air Green Serragli, Stanza singola",1.4655833248565637e+18,,43.76582,Private room,1.0,2023-11-19,5.0,0
Seggiole Boutique Apartment Iris,1.4701849221286336e+18,,43.77164,Entire home/apt,2.0,2026-06-21,2.0,47
Apartments Florence - Modern Signoria,1.4625339288517727e+18,,43.77018,Entire home/apt,3.0,2024-07-06,103.0,0
Costa San Giorgio Apartment by Mamo Florence,1.4626390518884895e+18,,43.76552,Entire home/apt,1.0,2025-10-06,197.0,1
Old bridge Vasariano Uffizi '60s Charm Lift Balcon,1.4701854465971896e+18,,43.76731621545261,Entire home/apt,2.0,2026-06-23,1.0,41
B52  Con Vista,1.4626155751537418e+18,,43.7674635,Entire home/apt,1.0,2026-06-23,19.0,81
Stylish 3BR Apt – Near Florence Center & Fortezza,1.4700708700081405e+18,,43.7823,Entire home/apt,1.0,2026-05-25,11.0,9
Vista su giardini storici in Oltrarno,1.47018691344173e+18,,43.76694,Entire home/apt,1.0,2026-06-18,1.0,46
"Florence
house
Mariangela",1.469362084856185e+18,,43.79164,Entire home/apt,31.0,2023-05-22,1.0,0
Marmora 1,1.4627213776968033e+18,,43.7806609,Private room,2.0,2026-06-05,2.0,18
Sanzanobi Family Suite in Florence,1.4669388100518083e+18,,43.781,Entire home/apt,1.0,2025-12-14,17.0,1
Velluti Apartment by Mamo Florence,1.4626390518884895e+18,,43.7659,Entire home/apt,1.0,2026-01-01,197.0,1
La casina di Chiara:  Exclusive use Home  & Cats,1.4629381832284078e+18,,43.78461,Entire home/apt,1.0,2026-04-05,3.0,2
Le Petit Maison è situato a Firenze,1.4682894586257272e+18,,43.7841,Entire home/apt,1.0,2026-02-28,2.0,18
Art and poetry in a very florentine cute spot,1.4672890100735688e+18,,43.76791,Entire home/apt,31.0,2026-06-21,1.0,5
Gioberti Double room with balcony,1.4627657837412088e+18,,43.76848,Private room,3.0,2026-05-27,2.0,8
La Limonaia - Charming Garden Studio near Center,1.4657365881061832e+18,,43.762909,Entire home/apt,1.0,2026-06-17,1.0,9
Frida Firenze,1.4698677409010002e+18,,43.7698962,Entire home/apt,3.0,2026-06-15,1.0,13
Oltrarno 2 bedrooms modern new apartment,1.4701907317676498e+18,,43.7658488,Entire home/apt,2.0,2026-06-15,1.0,21
San Marco Vasari,1.4625339288517727e+18,,43.77867,Entire home/apt,3.0,,103.0,0
Condotta 10,1.4682846501059592e+18,,43.77020046871972,Entire home/apt,2.0,2026-06-25,2.0,51
Entire Flat/210 SQMS@ Most Historical Center/ LIFT,1.4701919890109294e+18,,43.7757702,Entire home/apt,1.0,2026-01-29,7.0,3
Due Strade Loft appartamento  ampio e confortevole,1.470192064323852e+18,,43.750977,Entire home/apt,1.0,2024-07-14,1.0,0
Giglio Suite,1.4700575021703334e+18,,43.78081,Entire home/apt,2.0,2026-06-22,1.0,82
"The Place to Be in Firenze, close to the center.",1.4638182923544067e+18,,43.78807658604602,Entire home/apt,2.0,2024-03-31,4.0,0
Stanza privata in un appartamento con giardino,1.4627936644291663e+18,,43.79127,Private room,3.0,2026-06-23,2.0,24
Intimo appartamento nel cuore di Firenze,1.4653054937574323e+18,,43.76939240000001,Entire home/apt,2.0,2024-05-01,3.0,0
Casa Wally: appartamento alle porte di Firenze,1.4701940702137987e+18,,43.73946919999999,Entire home/apt,2.0,2026-06-25,1.0,21
Watch the city wake light filled Medieval Palace,1.4701932472809073e+18,,43.77115,Entire home/apt,3.0,2025-10-08,4.0,1
Palace Lux First,1.4701932472809073e+18,,43.767851757491435,Entire home/apt,3.0,2026-05-17,4.0,7
Jungle APT - Oltrarno Collection,1.470061536215476e+18,,43.75969704371168,Entire home/apt,1.0,2026-06-06,1.0,14
Mansarda San Felice,1.462905797844221e+18,,43.7655258368054,Entire home/apt,2.0,2026-06-15,1.0,28
Appartamento incantevole Firenze stazione campo m,1.4626173948396739e+18,,43.7767297,Entire home/apt,2.0,2026-06-07,2.0,23
Acqua Apartment,1.4626995495990162e+18,,43.7701871671583,Entire home/apt,1.0,2025-07-18,159.0,1
Studio flat in Firenze Rifredi,1.4682358533966444e+18,,43.7990229,Entire home/apt,1.0,2026-01-03,1.0,5
Condotta,1.4626995495990162e+18,,43.7702502388827,Entire home/apt,1.0,2026-06-04,159.0,3
Del Corso Apartment,1.4626995495990162e+18,,43.771633757054,Entire home/apt,1.0,2026-06-12,159.0,8
Ghibellina 102,1.4626995495990162e+18,,43.76959,Entire home/apt,1.0,2024-07-16,159.0,0
Country House w/ heated Pool near the City Centre,1.4701962423383767e+18,,43.80161,Entire home/apt,1.0,2026-06-19,2.0,36
Pinzochere,1.4626995495990162e+18,,43.7697172323791,Entire home/apt,1.0,2025-10-07,159.0,1
Lamberti,1.4626995495990162e+18,,43.7705319,Entire home/apt,1.0,2026-06-05,159.0,3
Pilastri 35,1.4626995495990162e+18,,43.7735096277314,Entire home/apt,1.0,2026-05-03,159.0,4
Panicale 7,1.4626995495990162e+18,,43.77696,Entire home/apt,1.0,2026-02-01,159.0,4
Oltrarno 33 centro storico Santo Spirito,1.462879643861349e+18,,43.767974,Entire home/apt,1.0,2026-05-05,1.0,31
Studio Executive Piazza Signoria,1.4701973745400166e+18,,43.7694273,Entire home/apt,31.0,2023-05-08,1.0,0
Santaelisabettafirenze2,1.4630353070061012e+18,,43.76941909488339,Entire home/apt,2.0,2025-05-25,5.0,0
Santaelisabettafirenze 2,1.4630353070061012e+18,,43.7686993,Entire home/apt,2.0,2023-07-04,5.0,0
Scuderie 1 | Villa Carobbi Apt,1.4701987398179932e+18,,43.79853603918394,Entire home/apt,2.0,2024-08-16,9.0,0
In the heart of Florence,1.466927093367927e+18,,43.7722351,Entire home/apt,2.0,2026-06-17,6.0,28
Charateristic 2BR Apartment,1.4701960361761818e+18,,43.7695,Entire home/apt,1.0,2026-05-18,5.0,9
Stile & comfort near P. Signoria,1.4692153419510075e+18,,43.76786,Entire home/apt,1.0,2026-04-25,15.0,17
La Perla di Santa Croce,1.4627685989414874e+18,,43.7685391,Entire home/apt,31.0,,46.0,0
Elegante monolocale in Santa Croce,1.4637933535071898e+18,,43.7729647,Entire home/apt,3.0,2026-06-24,1.0,41
Giuliani Home.Beatrice: matrimoniale+letto singolo,1.466901456438131e+18,,43.79778634183423,Private room,1.0,2026-06-05,4.0,1
“PancakesApartament”,1.470152533377078e+18,,43.7924372,Entire home/apt,1.0,2025-07-24,1.0,4
Casa Pepi: Heart of Florence,1.465809381057415e+18,,43.773090002219874,Entire home/apt,1.0,2026-06-08,2.0,52
Signoria Modern Apt AC WiFi - Facing Pal. Vecchio,1.4702012165645988e+18,,43.7694273,Entire home/apt,2.0,2026-06-22,4.0,73
Central Apt. for Mid & Long-Term Rentals,1.4625115209019948e+18,,43.7863662,Entire home/apt,31.0,2025-06-08,2.0,0
Giuliani Home:Nicole matrimoniale+divano letto,1.466901456438131e+18,,43.79777012797008,Private room,1.0,2025-10-22,4.0,1
sweet loft,1.465856307380383e+18,,43.7668843,Entire home/apt,1.0,2026-06-06,1.0,59
"Agneseland: Appartamento nuovo, moderno e luminoso",1.4701984826569554e+18,,43.7855175,Entire home/apt,2.0,2026-06-18,1.0,7
San Gallo Piccolo Centro Storico,1.463823900725658e+18,,43.78179859999999,Entire home/apt,2.0,2025-07-02,2.0,2
Marconi 108,1.4682716940475233e+18,,43.78325520000001,Entire home/apt,2.0,2026-06-02,1.0,9
Florence Room  2 passi dal Duomo wfi bagno privato,1.4625872553044813e+18,,43.77654600364927,Private room,2.0,2026-06-25,2.0,30
Cozy studio Leopolda,1.462648076680915e+18,,43.78025,Entire home/apt,2.0,2026-06-12,1.0,43
St.James. Elegant & Roomy 2' train station w/ lift,1.470205646282745e+18,,43.7770131,Entire home/apt,1.0,2026-06-22,1.0,62
Nel Cuore di Firenze - Palchetti Terrace,1.462752735335796e+18,,43.7714273,Entire home/apt,1.0,2026-06-13,1.0,33
Florence Serristori flat- San Niccolo',1.4627358808110976e+18,,43.76435870694805,Entire home/apt,2.0,2026-06-21,2.0,19
"Dimora del Cardinale, Superior room with privat...",1.4654826455734438e+18,,43.77195,Private room,1.0,2026-05-01,5.0,7
"Dimora del Cardinale, Deluxe suite",1.4654826455734438e+18,,43.7719,Private room,1.0,2026-06-13,5.0,11
Spazioso bilocale,1.463628941534085e+18,,43.79730718399309,Entire home/apt,2.0,2025-01-01,1.0,0
Lovely and brand new in Florence,1.4702072314623962e+18,,43.788454265704374,Entire home/apt,4.0,2024-11-02,1.0,0
Comoda & ampia stanza privata,1.4700902847570872e+18,,43.7820055,Private room,1.0,2026-06-07,3.0,25
Apartment Duomo,1.4702075418400348e+18,,43.7726569,Private room,2.0,2025-07-24,2.0,3
Stylish 2 bedroom flat - garden,1.4702078604849293e+18,,43.78266,Entire home/apt,2.0,2026-02-15,1.0,13
Papavero - Modern frescoed apartment in Florence,1.469843052727539e+18,,43.774306974533395,Entire home/apt,2.0,2026-06-16,2.0,67
Un balcone sull'Arno,1.4631521343481805e+18,,43.7638377,Private room,2.0,2026-06-19,3.0,22
Un balcone sull'Arno II,1.4631521343481805e+18,,43.7638377,Private room,2.0,2026-06-24,3.0,34
Urban Retreat,1.4655779424609697e+18,,43.77097,Entire home/apt,1.0,2026-05-27,36.0,2
Oasi di Tranquillità a Firenze Giardino Privato,1.4659111000369705e+18,,43.7760602,Entire home/apt,1.0,,1.0,0
"Firenze,  casa vacanza L'Oasi",1.4692802462414945e+18,,43.769570225174874,Entire home/apt,3.0,2026-06-16,1.0,19
Parcheggio privato | Giardino | AC,1.465760320535793e+18,,43.74868,Entire home/apt,2.0,2026-02-24,2.0,33
Cocco · Quiet and Elegant Design | by Acacia®,1.4625121549969098e+18,,43.7690012,Entire home/apt,1.0,2026-06-19,29.0,6
Premium DoubleRoom3 @ Most Historical Center& LIFT,1.4701919890109294e+18,,43.7757702,Private room,1.0,2024-07-09,7.0,0
Spacious Double Room5@Most HistoricalCenter & LIFT,1.4701919890109294e+18,,43.7757702,Private room,1.0,2023-09-21,7.0,0
Sella Apartment a due passi dal centro,1.4638276562778734e+18,,43.7672065,Entire home/apt,1.0,2025-12-04,1.0,4
Palazzo Cecchi Florentine Apartment,1.4670822434946514e+18,,43.77217,Entire home/apt,1.0,2026-04-09,127.0,5
Ponte Vecchio Apt with View,1.462764521992158e+18,,43.76462,Entire home/apt,2.0,2026-06-18,35.0,45
Appartamento PinkHome,1.4695470207129917e+18,,43.777762486725955,Entire home/apt,2.0,2025-09-27,5.0,2
Quiet apt  Porta a Prato area near SMN station,1.4638263116595082e+18,,43.78226984366258,Entire home/apt,2.0,2026-06-04,1.0,24
Monolocale con giardino-5 min centro con tramvia,1.4625155462426847e+18,,43.78477896515807,Entire home/apt,2.0,2026-06-08,2.0,11
Suite Guerrazzi,1.4695470207129917e+18,,43.777690831292574,Entire home/apt,2.0,2026-06-07,5.0,12
Newly renovated. Old abbey brought back to life.,1.4625637761816827e+18,,43.78018640387106,Entire home/apt,2.0,2026-06-09,15.0,9
Premium Room Double,1.4702113791573448e+18,,43.7731,Private room,31.0,,3.0,0
Venezia Dodici,1.4670006069790868e+18,,43.78067052289006,Entire home/apt,3.0,2023-09-28,5.0,0
La Bohème in Florence,1.4702133832544745e+18,,43.77278329085123,Entire home/apt,1.0,2026-06-14,1.0,27
Hotel Ester - 1 Camera Tripla,1.4700745277297032e+18,,43.7762708,Private room,1.0,2026-04-19,8.0,11
La Leopolda,1.46894449215387e+18,,43.7811059,Entire home/apt,1.0,2026-05-09,1.0,4
Charming Duomo View Studio — Heart of Florence,1.4638299566284306e+18,,43.77355407050736,Entire home/apt,1.0,2026-06-18,2.0,57
Appartamento Centro Città,1.4628920818581235e+18,,43.77603784952567,Entire home/apt,2.0,2026-06-12,3.0,13
Grande Casa vicina al Centro,1.4702159046553633e+18,,43.78532859684132,Entire home/apt,3.0,2026-05-03,1.0,4
Ghibellina Loft,1.4626995495990162e+18,,43.7705711393364,Entire home/apt,1.0,2026-06-10,159.0,14
Gorgeous apartment - Oltrarno 1,1.4701468095967578e+18,,43.7643189,Entire home/apt,2.0,2026-06-26,1.0,32
Peacefully Florence,1.4702160599410294e+18,,43.7766732,Entire home/apt,31.0,2023-06-15,2.0,0
Loft in Center of Florence,1.4702160724101944e+18,,43.7758678,Entire home/apt,1.0,2024-10-07,1.0,0
Grazioso nel cuore di Firenze,1.4702135000481428e+18,,43.76916,Entire home/apt,2.0,2026-06-25,4.0,26
Camilla Florence Apartment,1.470216473584156e+18,,43.7702076,Entire home/apt,2.0,2026-04-16,30.0,9
Tripla Premium,1.4702113791573448e+18,,43.775396385479944,Private room,31.0,,3.0,0
(Borgo Albizi) 260mq Penthouse 5 camere +palestra,1.463031372336329e+18,,43.7716028,Entire home/apt,31.0,2023-12-28,5.0,0
"Colorato, luminoso e strategico!",1.4672161491123297e+18,,43.7859778,Entire home/apt,31.0,2024-05-27,1.0,0
Dimora di Parte Guelfa,1.4702171636904899e+18,,43.7699906,Entire home/apt,1.0,2026-06-09,2.0,39
YiD Elegant apt with garage,1.462988130311036e+18,,43.76654,Entire home/apt,1.0,2025-10-31,80.0,2
Dimora Grazia e Sandra apt Sandra,1.4702178227520438e+18,,43.78600711299999,Entire home/apt,3.0,2025-11-30,2.0,1
Flat in south of Florence,1.46869033777002e+18,,43.75212,Entire home/apt,4.0,2026-05-25,1.0,7
Cool & central in centro storico!,1.470219294288376e+18,,43.77340712117141,Entire home/apt,1.0,2026-06-18,1.0,69
Beatrice - Appartamento per DUE Persone in Centro.,1.4637636951797635e+18,,43.7708334,Entire home/apt,1.0,2026-06-12,18.0,27
Hotel Ester Camera Quadrupla,1.4700745277297032e+18,,43.7762708,Private room,1.0,2025-12-23,8.0,9
DAFstudio420,1.4702195456620204e+18,,43.79902440000001,Entire home/apt,1.0,2026-06-12,2.0,17
Tintori Apartment,1.462687244144813e+18,,43.76698,Entire home/apt,1.0,2026-04-02,50.0,4
Accommodation with free parking near to the centre,1.55504179422075e+18,,43.78267397877803,Entire home/apt,1.0,2026-06-14,10.0,60
MDR Apartment Ginori,1.462764521992158e+18,,43.776898481275126,Entire home/apt,2.0,2026-05-17,35.0,37
Porpora Wonderful Stylish with balcony & view PLUS,1.4702203473345157e+18,,43.78190867518435,Entire home/apt,1.0,2026-06-18,1.0,11
Toscanella Apartment,1.4626995495990162e+18,,43.7674233096741,Entire home/apt,1.0,2025-01-02,159.0,0
"B&B di Residenza D'Epoca Sant Egidio, Stanza pont.",1.469400118894366e+18,,43.77299628192758,Private room,1.0,2026-06-05,6.0,14
Attico luminosissimo con aria condizionata,1.4636536353846446e+18,,43.76132734755353,Entire home/apt,4.0,2025-05-31,1.0,0
Monte Oliveto a Firenze,1.4697187026300355e+18,,43.76943,Entire home/apt,30.0,2023-07-17,2.0,0
Camera in centro a pochi passi dalla stazione,1.4700605979912384e+18,,43.77483292766326,Private room,1.0,2026-06-14,4.0,27
I Fragoli al David Apartments Florence,1.4629675966027333e+18,,43.77815,Entire home/apt,1.0,2026-04-24,3.0,2
Gem apartment heart of Florence,1.4658921589549714e+18,,43.77448,Entire home/apt,180.0,,1.0,0
Come & Enjoy La Dolce Vita,1.4625461766669445e+18,,43.79628,Entire home/apt,2.0,2026-05-31,4.0,5
"Santo Spirito Studio , Oltrarno area Via Maggio",1.4625195868151212e+18,,43.76589,Entire home/apt,2.0,2026-06-24,10.0,43
"Ponte vecchio, luminoso appartamento con ascensore",1.4625294930544479e+18,,43.7674123,Entire home/apt,1.0,2026-06-10,23.0,45
Mosse Bridge Apartment by Mamo Florence,1.4626390518884895e+18,,43.78348,Entire home/apt,1.0,2026-05-19,197.0,21
"""Rugby"" Apartment San Frediano Charming",1.4694237245046497e+18,,43.7695601,Entire home/apt,2.0,2026-06-22,1.0,5
At home in Oltrarno,1.4626527777954432e+18,,43.76557033421743,Entire home/apt,2.0,2025-06-22,1.0,0
"Camera Firenze Fiume Arno, Appartamento condiviso",1.4668398968673928e+18,,43.7665401,Private room,31.0,2023-10-31,8.0,0
Superior Fortezza 4 Camere 3 Bagni 8 Pax A.C,1.470227081728846e+18,,43.78592,Entire home/apt,2.0,2026-06-23,2.0,17
Il Piccolo Nido,1.4669211208025546e+18,,43.7809041,Entire home/apt,1.0,2025-09-30,1.0,10
City Center close Station S.M.N Air Conditioning,1.470227081728846e+18,,43.78030049149187,Entire home/apt,2.0,2026-06-08,2.0,22
Central Apartment by the Station,1.4702286054530102e+18,,43.7759963,Entire home/apt,2.0,2026-03-23,2.0,5
"Mirage, modern 5 br flat with 360° view over flore",1.469840452530337e+18,,43.77147,Entire home/apt,2.0,2026-05-11,29.0,5
"Lambertesca, Il Cuore di Firenze",1.4702303322065677e+18,,43.7688287,Entire home/apt,3.0,2026-05-25,1.0,28
Santa Reparata Cozy accomodation,1.4625195868151212e+18,,43.77963757093677,Entire home/apt,3.0,2026-06-15,10.0,32
Loggia Loves Apartment,1.4685469625672448e+18,,43.76997130637358,Entire home/apt,1.0,2026-06-23,2.0,23
Cozy apartment in San Frediano,1.4655761203627927e+18,,43.76965577952323,Entire home/apt,2.0,2026-06-14,2.0,13
Firenze Duomo Suite By MMega,1.4626271213019407e+18,,43.77494779851713,Entire home/apt,1.0,2026-06-19,259.0,27
Il Guscino,1.4655149832060493e+18,,43.76907,Entire home/apt,2.0,2026-06-18,2.0,25
La Loggia della Signoria Charming Loft,1.462610075745398e+18,,43.77059,Entire home/apt,1.0,2026-06-21,17.0,47
Suite Ognissanti Firenze a 5 minuti Ponte Vecchio,1.4655769175030917e+18,,43.773970127699215,Entire home/apt,1.0,2026-06-14,5.0,49
Bilocale nel [Centro Storico],1.4700301495637133e+18,,43.76743165242075,Entire home/apt,2.0,2026-06-06,1.0,49
Villa Demidoff Apartment,1.4631911172240753e+18,,43.78905,Entire home/apt,2.0,2026-06-08,1.0,22
Wine Apartments Florence Suite Vernaccia,1.4627648749364001e+18,,43.76662057361303,Entire home/apt,1.0,2026-01-26,44.0,1
Florencia  Luxury  Apartament,1.4636440833029373e+18,,43.7695859,Entire home/apt,1.0,2026-05-20,1.0,5
"New, Bright and Luxury ART Apartment",1.47023976766885e+18,,43.782522,Entire home/apt,2.0,2024-11-06,1.0,0
The bright apartment,1.4702401098347804e+18,,43.77964196702898,Entire home/apt,2.0,2026-06-09,1.0,5
Vin Novo Rooms & Apartments 102,1.4627648749364001e+18,,43.77593374537976,Private room,1.0,2023-03-10,44.0,0
Loft moderno • 5 posti • Centro Firenze,1.4637452903198246e+18,,43.7701018,Entire home/apt,1.0,2026-06-20,2.0,83
Vin Novo Rooms & Apartments 103,1.4627648749364001e+18,,43.77596473243418,Private room,1.0,,44.0,0
Luxury Apartment n.1 - KUKI STAY Ponte Vecchio,1.4702416699764964e+18,,43.76735731511519,Entire home/apt,1.0,2026-06-04,3.0,48
Vin Novo Rooms & Apartments 106,1.4627648749364001e+18,,43.775995719472554,Private room,1.0,2023-06-18,44.0,0
Bilocale in centro storico,1.470014263989933e+18,,43.7754031026283,Entire home/apt,1.0,2026-05-22,4.0,7
Exclusive Luxury Apartment with stunning view,1.4702429909312138e+18,,43.7696484273599,Entire home/apt,3.0,2026-05-29,2.0,13
Ponte Vecchio’s apartment,1.4689739109983647e+18,,43.77023713016442,Entire home/apt,2.0,2026-06-14,2.0,5
"Holiday AD Duomo, Firenze - Room Leonardo",1.4625943426495101e+18,,43.77277778792356,Private room,1.0,2026-05-30,12.0,18
"Holiday AD Duomo, Firenze - Room Raffaello",1.4625943426495101e+18,,43.7731217543114,Private room,1.0,2026-06-06,12.0,16
Romantica Suite Firenze cls Central Market & Dome,1.4702453147136084e+18,,43.779779,Entire home/apt,2.0,2026-06-02,1.0,8
Florence Apartment - URBAN,1.4628587055857838e+18,,43.774100188105145,Entire home/apt,1.0,2026-06-27,3.0,9
A Casa di Vanda - apt con 2 camere da letto,1.4702474448787935e+18,,43.76888,Entire home/apt,3.0,2026-06-18,1.0,20
"Historic Apartment Borgo Ognissanti, Florence",1.4625943426495101e+18,,43.7715639,Entire home/apt,2.0,2025-12-01,12.0,5
"La Finestra sul Borgo,
di sotto",1.4700117460149486e+18,,43.77040876384345,Entire home/apt,1.0,2026-06-21,2.0,43
•Luxury Loft della seta top floor with elevator,1.470234286721075e+18,,43.77079,Entire home/apt,1.0,2026-06-21,2.0,49
Stanza privata in appartamento,1.4702444996216502e+18,,43.78691346529557,Private room,2.0,2026-06-01,1.0,10
A peaceful oasis by the city centre,1.4681778452459203e+18,,43.777026698346226,Entire home/apt,1.0,2026-06-10,46.0,31
"Holiday AD Duomo, Florence",1.4625943426495101e+18,,43.77247477705637,Entire home/apt,2.0,2026-01-04,12.0,1
Lovely apartment heart of Florence,1.463846245245672e+18,,43.772102,Entire home/apt,2.0,2026-06-22,1.0,34
Appartamento in Santo Spirito,1.465480195111113e+18,,43.76545,Entire home/apt,3.0,2025-11-09,2.0,3
King Room+ Luxury bathroom,1.4702160599410294e+18,,43.77845143969091,Private room,2.0,,2.0,0
Luxury Apartment 'Michelangelo',1.4702538583420306e+18,,43.77227068510454,Entire home/apt,1.0,,6.0,0
Luxury Apartment 'Claire',1.4702538583420306e+18,,43.77206,Entire home/apt,1.0,,6.0,0
Dama Apartment - Appartamento con Terrazzo,1.4702507879440125e+18,,43.77164,Entire home/apt,2.0,2026-06-05,2.0,31
Lanza 59 Penthouse: Luxury Terrace & Free Parking,1.4638468922828513e+18,,43.76819,Entire home/apt,2.0,2026-06-22,1.0,44
Monolocale Centro storico,1.4702523393707658e+18,,43.778583143596954,Entire home/apt,3.0,2026-06-07,3.0,20
The cherry tree house with terrace,1.4702523746019564e+18,,43.77998288091147,Entire home/apt,2.0,2026-06-06,1.0,14
Isidora Apartment by Mamo Florence,1.4626390518884895e+18,,43.76919113963458,Entire home/apt,1.0,2026-03-12,197.0,12
Sophie's Flat Florence,1.4626527624350938e+18,,43.780516567922014,Entire home/apt,1.0,2026-04-05,1.0,2
Italian Experience - Florence Suite Apt,1.462534952149325e+18,,43.79991,Entire home/apt,1.0,2025-10-06,8.0,4
Scuderie 3 | Villa Carobbi Apt,1.4701987398179932e+18,,43.79857859448602,Entire home/apt,2.0,,9.0,0
Parione Apartment,1.4658067990691116e+18,,43.7707607,Entire home/apt,2.0,2026-05-19,58.0,37
Appartamento in centro Firenze,1.470014263989933e+18,,43.7752869,Entire home/apt,1.0,2026-06-07,4.0,3
[Pontevecchio] Terrazzino con vista Duomo,1.4635015572442058e+18,,43.76939,Entire home/apt,1.0,2026-06-12,36.0,64
Spirit of Florence-Superior double room,1.4625328333310446e+18,,43.76677283902079,Private room,1.0,2023-12-23,8.0,0
Penthouse with Terrace in the Historic Center,1.462560825590479e+18,,43.771086457584765,Entire home/apt,2.0,2026-06-19,5.0,42
"Golden Luxe, Penthouse in Palazzo Strozzi",1.4638435611492111e+18,,43.77101810000001,Entire home/apt,1.0,2026-05-26,19.0,31
Independent Studio Apartment with Terrace-Parking,1.4700698573910863e+18,,43.7750693,Entire home/apt,1.0,2026-06-26,1.0,53
In the heart of Florence,1.4700257471231132e+18,,43.7744239,Entire home/apt,2.0,2026-06-17,2.0,44
A due passi dal Duomo,1.4628179715981007e+18,,43.7721343,Entire home/apt,2.0,2026-06-12,19.0,18
San Frediano Elegant,1.4670822434946514e+18,,43.76880718760628,Entire home/apt,1.0,2026-04-28,127.0,3
Bright and Cozy Corsica Studio,1.462673635569378e+18,,43.79292536473868,Entire home/apt,2.0,2026-06-14,1.0,7
Elegance and prestige at the Duomo,1.4631492684230587e+18,,43.77369079778546,Entire home/apt,2.0,2024-07-02,2.0,0
Oriuolo 1,1.4686982020396887e+18,,43.7714917840644,Entire home/apt,1.0,,64.0,0
Malenchini 6,1.4686982020396887e+18,,43.7675574392659,Entire home/apt,3.0,2025-07-28,64.0,2
Nice one bedroom in historical building,1.4692019531515164e+18,,43.76777,Entire home/apt,2.0,2026-02-22,8.0,2
Contemporary & Sunny 1BR near Ponte Vecchio,1.4630546590197005e+18,,43.76725628314961,Entire home/apt,1.0,2026-04-03,11.0,6
Large & Quiet 5BR Outside ZTL & 10min from Center,1.468498271241803e+18,,43.781643044403445,Private room,31.0,2024-12-26,13.0,0
"At the very heart of Florence,very cool and comfy",1.4631838819149386e+18,,43.76979,Entire home/apt,2.0,2026-06-22,2.0,4
La Dimora del Franchi,1.4638378736845542e+18,,43.78156337947549,Entire home/apt,1.0,2026-05-01,5.0,4
Appartamento “Le Cure” con parcheggio privato,1.4692696954982845e+18,,43.7857664,Entire home/apt,2.0,2026-06-06,1.0,46
La casa di Carolina,1.4626272246575427e+18,,43.7611079,Entire home/apt,1.0,2026-04-19,1.0,2
Yid Oltrarno segreto,1.462988130311036e+18,,43.76314,Entire home/apt,1.0,2026-03-18,80.0,2
Classic 1BR Outside ZTL & 10 min from Center,1.468498271241803e+18,,43.77411,Entire home/apt,2.0,2026-05-25,13.0,1
Ghibellina Duplex - 2 terraces,1.465934406966803e+18,,43.7677,Entire home/apt,3.0,2026-06-02,34.0,6
Keys of Italy-Alb15S-Train station Apt for couples,1.4632560235621256e+18,,43.7748446,Entire home/apt,1.0,2026-06-05,64.0,22
Classic Florentine Flat Near Piazza Santa Croce,1.4701960361761818e+18,,43.77255,Entire home/apt,1.0,2025-08-16,5.0,1
[10 Min Duomo&David] Lovely flat centrally located,1.4702563485551027e+18,,43.77375853698285,Entire home/apt,1.0,2026-06-24,1.0,76
Piazza Signoria Uffizi wonderful heart of Florence,1.4702607898642186e+18,,43.7698604,Entire home/apt,1.0,2026-06-25,2.0,34
Fevira Suite Airport private free car parking,1.465516863529058e+18,,43.7955739,Entire home/apt,1.0,2026-06-21,2.0,27
Faenza 37 Apartment,1.4626995495990162e+18,,43.7761196225865,Entire home/apt,1.0,2026-06-04,159.0,14
Ginori B,1.4626995495990162e+18,,43.7762245608075,Entire home/apt,1.0,2025-11-29,159.0,3
Martiri del Popolo 28,1.4626995495990162e+18,,43.7713490737299,Entire home/apt,1.0,2026-01-07,159.0,4
Porta Rossa Apartment,1.4626995495990162e+18,,43.7704673346567,Entire home/apt,1.0,2026-01-01,159.0,1
San Cristofano Apartment,1.4626995495990162e+18,,43.7693299876131,Entire home/apt,1.0,2026-06-13,159.0,5
Residenza Mario,1.469318180675648e+18,,43.792766,Entire home/apt,31.0,2023-07-06,2.0,0
La torre del 1200 vicino Piazza Signoria,1.462764521992158e+18,,43.77068,Entire home/apt,2.0,2025-06-06,35.0,0
The Checkmate’s House in Florence,1.4699607941069445e+18,,43.76698710000001,Entire home/apt,2.0,2026-06-19,15.0,50
Elegant Apartment Outside ZTL & 10min from Center,1.468498271241803e+18,,43.77628315200457,Entire home/apt,2.0,2025-08-09,13.0,1
Stunning central 2 Bed 2 Bath w/private entrance,1.4686447174925663e+18,,43.7767764,Entire home/apt,2.0,2026-06-08,4.0,12
Limonaia con giardino privato,1.470262952422935e+18,,43.745856,Entire home/apt,31.0,2023-05-21,1.0,0
Fiorenza Apartment - Oasi d'eleganza a Firenze,1.4637636951797635e+18,,43.77092,Entire home/apt,1.0,2026-06-12,18.0,15
Fiesolana  Loft,1.469534420414424e+18,,43.77249,Entire home/apt,1.0,2024-04-09,47.0,0
Stanza Della Corte (AC),1.4701830553104596e+18,,43.77509,Private room,1.0,2026-06-12,3.0,73
Duomo Exclusive Apartment,1.4628179715981007e+18,,43.77179,Entire home/apt,2.0,2026-06-25,19.0,14
Charme Toscano a Ponte Vecchio,1.4631350299319455e+18,,43.76636269999999,Entire home/apt,1.0,2026-06-25,11.0,61
La Casetta  di Eve,1.4636711410594184e+18,,43.7759903,Entire home/apt,2.0,2026-06-25,1.0,35
Elegant apartment in Pitti area,1.4702643588260692e+18,,43.76736,Entire home/apt,4.0,2026-03-30,1.0,5
Unique 5 Bedroom Apartment with Private Garden,1.4626613442108127e+18,,43.75995503857191,Entire home/apt,1.0,2026-06-18,8.0,15
Peaceful BR w/private bathroom,1.4686447174925663e+18,,43.7767764,Private room,2.0,2026-06-26,4.0,26
Green Rosselli 59,1.470074687193462e+18,,43.77880879743312,Entire home/apt,2.0,2026-06-25,3.0,66
Homelink- Charlotte - Deluxe Room,1.4702650098354196e+18,,43.779894398547995,Private room,1.0,2026-06-10,3.0,56
Perseo Room with private bath and AC,1.462513658428019e+18,,43.78236914314443,Private room,3.0,2026-06-02,8.0,19
Oltrarno’s Sweet Rose + Parking!,1.4627364825263421e+18,,43.7715062,Entire home/apt,2.0,2026-06-13,3.0,45
Terrace apartment in Tornabuoni,1.4702662916593556e+18,,43.77005,Entire home/apt,2.0,2026-06-11,1.0,33
-,1.462988130311036e+18,,43.76777,Entire home/apt,1.0,2026-05-31,80.0,7
MonnaDina in Florence,1.470267059282849e+18,,43.7747726,Entire home/apt,2.0,2026-06-07,1.0,6
Exclusive Garden Apartment,1.4702673570900152e+18,,43.77768,Entire home/apt,2.0,2026-06-11,1.0,17
Simone44,1.4702678174425075e+18,,43.7751488,Entire home/apt,31.0,2024-10-18,2.0,0
Casa Coco ! Just RENEW in the hearth of Florence,1.4702682695070781e+18,,43.770209055598734,Entire home/apt,1.0,2026-06-22,2.0,83
Incantevole Florence center Steps to David & Duomo,1.46256276794099e+18,,43.777399,Entire home/apt,2.0,2026-06-08,2.0,31
Casa Cavour White - centro storico,1.4702684102447053e+18,,43.7803534,Entire home/apt,2.0,2026-06-16,2.0,34
Montebello Paradiso,1.4654946997060846e+18,,43.77271,Entire home/apt,2.0,2026-06-24,6.0,55
San Frediano Cozy and Charming Appartment,1.4626969668685066e+18,,43.768434,Entire home/apt,1.0,2026-06-26,13.0,29
MesserDario in Florence,1.4673302135220634e+18,,43.7747726,Entire home/apt,2.0,2026-06-01,1.0,10
"Villa ""Le Camelie""",1.4625386079625987e+18,,43.779680614314245,Entire home/apt,3.0,2025-08-23,3.0,1
Stanza privata Novoli/San Donato vicino Tranvia T2,1.4655844620464515e+18,,43.7877801,Private room,2.0,2026-06-05,2.0,27
San Niccolò Loft Near Ponte Vecchio,1.4632319784976852e+18,,43.7641765,Entire home/apt,2.0,2026-06-19,6.0,25
Elegante appartamento in pieno centro storico,1.4628926361328686e+18,,43.767836668610954,Entire home/apt,3.0,2026-06-19,1.0,20
Al Convento,1.462626084051272e+18,,43.768763496528805,Entire home/apt,2.0,2026-06-18,2.0,10
Bright & Quiet Studio w/ balcony in San Frediano,1.4702705121248753e+18,,43.7709669,Entire home/apt,2.0,2026-06-21,1.0,39
Rosselli By MMega,1.4626271213019407e+18,,43.77978,Entire home/apt,1.0,2026-06-09,259.0,17
Big TerraceGarden DUOMO-4Bedroom,1.4654670154329e+18,,43.7765046,Entire home/apt,1.0,2026-06-15,4.0,44
Elegante appartamento nel cuore di Firenze,1.4625125818311508e+18,,43.77801395792316,Entire home/apt,2.0,2025-07-19,1.0,1
Baldacchino Luxury Suite,1.4655490001185925e+18,,43.76854,Entire home/apt,2.0,2026-06-19,2.0,28
Wine Apartments Florence Lambrusco,1.4627648749364001e+18,,43.7739109,Entire home/apt,1.0,2026-02-20,44.0,3
St. Elizabeth Loft Apartment by Mamo Florence,1.4626390518884895e+18,,43.77221,Entire home/apt,1.0,2026-04-24,197.0,3
With Elevator On Ponte Vecchio in vibrant downton,1.4702726834398031e+18,,43.767588817469274,Entire home/apt,1.0,2026-06-11,1.0,36
Firenze Suite Servi I,1.4629419194619064e+18,,43.77585258035225,Entire home/apt,2.0,2024-07-14,3.0,0
Torre dei Guelfi - Luxury Loft in Florentine Tower,1.4638558948104374e+18,,43.7634516,Entire home/apt,3.0,2026-06-13,1.0,10
Cozy design house with view,1.4656902775298017e+18,,43.747500093976136,Entire home/apt,1.0,2026-06-13,1.0,34
Irene's Home S. Ambrogio Boutique Design Apartment,1.4626479030930483e+18,,43.772000611718035,Entire home/apt,2.0,2026-05-29,3.0,9
Virgilio - Sweet Dreams in Florence,1.465579628809493e+18,,43.7695544,Entire home/apt,1.0,2025-07-12,86.0,1
Exclusive Flat with Private Terrace & Parking ,1.4702739328596155e+18,,43.76677,Entire home/apt,1.0,2026-06-07,1.0,24
Exclusive Suite Palazzo Capponi,1.4636297882469217e+18,,43.77865672945841,Entire home/apt,31.0,2024-10-06,7.0,0
Romantic Nest Florence Studio,1.470216473584156e+18,,43.7665499,Entire home/apt,1.0,2026-06-16,30.0,7
San Frediano Unique garden & veranda pvt entrance,1.4628731598951841e+18,,43.76883979999999,Entire home/apt,2.0,2026-03-03,32.0,8
Vespucci Florence Studio,1.470216473584156e+18,,43.7732363,Entire home/apt,2.0,2026-04-06,30.0,14
"Bilocale a Careggi con A/C, Wi-Fi, tram per Centro",1.4702749996582902e+18,,43.7989498,Entire home/apt,1.0,2026-06-16,1.0,14
Da Vinci Florence Apartment,1.4686913749473807e+18,,43.7877088,Entire home/apt,2.0,2025-10-11,1.0,3
[View of Pitti Palace] Elegant Loft,1.470269089765864e+18,,43.7667556,Entire home/apt,1.0,2025-12-21,1.0,2
Allure in the Heart of Florence,1.4657647860109601e+18,,43.771435110614505,Entire home/apt,2.0,2026-06-18,1.0,6
Charming big BR w/ensuite Bath,1.4686447174925663e+18,,43.77655949322603,Private room,2.0,2026-06-16,4.0,23
"Antica Posta, Stanza doppia 2",1.4700385061072635e+18,,43.783197293043486,Private room,1.0,2024-06-30,5.0,0
Suite Lorenzo il Magnifico,1.4702758085137285e+18,,43.77635,Private room,1.0,,3.0,0
MusArt Yellow-Room with Private Bathroom,1.4630300319994813e+18,,43.78286482222634,Private room,2.0,2026-06-17,4.0,71
1 bedroom beautiful apartment in Firenze,1.4683985555060385e+18,,43.784315847213,Entire home/apt,1.0,2025-09-21,1.0,1
Attico di Charme Vista Santa Croce,1.4631350299319455e+18,,43.76927209999999,Entire home/apt,1.0,2026-06-24,11.0,65
Luminosa camera privata Firenze,1.4625199661780767e+18,,43.783747016269174,Private room,2.0,2026-06-26,1.0,53
Lusso e charme!,1.4631817271075044e+18,,43.773884,Entire home/apt,1.0,2026-04-21,1.0,4
Beatrice - Sweet Dreams in Florence,1.465579628809493e+18,,43.7695544,Entire home/apt,1.0,2025-08-07,86.0,1
Signoria Tre Cerchi luxurious - with WI-FI,1.4669132215767124e+18,,43.7703856,Entire home/apt,2.0,2026-06-17,1.0,22
La casa su Boboli,1.4657018879583706e+18,,43.7638575471834,Entire home/apt,2.0,2026-06-20,1.0,30
Pitti-Tuscan Charming Apartment,1.4670822434946514e+18,,43.7661156,Entire home/apt,1.0,2026-05-23,127.0,4
Cristofano Studio by Mamo Florence,1.4626390518884895e+18,,43.77014850593742,Entire home/apt,1.0,2026-06-16,197.0,31
"Antica Posta, Stanza superiore",1.4700385061072635e+18,,43.78295,Private room,1.0,2024-10-20,5.0,0
Casa gialla a Firenze,1.4700492413204342e+18,,43.770611006366465,Entire home/apt,2.0,2026-06-17,1.0,22
Khione Apartment by Mamo Florence,1.4626390518884895e+18,,43.78057,Entire home/apt,1.0,2026-06-10,197.0,16
Florence Apartment with Garden&private Parking,1.4702776785312653e+18,,43.77422818795429,Entire home/apt,1.0,2026-06-18,1.0,22
Cottage with exclusive garden and parking spot,1.469425166271695e+18,,43.750600899583056,Entire home/apt,2.0,2026-05-24,1.0,9
Appartamento 37,1.470271652708761e+18,,43.7744053,Entire home/apt,1.0,2026-05-30,2.0,80
Guelfa's elegant apartment,1.4702787314560502e+18,,43.77861975570127,Entire home/apt,2.0,2026-01-01,1.0,15
Gran Suite Le Rose con Solarium Terrazza e servizi,1.4702786687257272e+18,,43.75054679906103,Private room,1.0,,1.0,0
A pochi passi dal centro storico,1.4702570967622648e+18,,43.77278,Entire home/apt,1.0,2026-06-24,1.0,53
Rare find city center 2+2 guests with roof terrace,1.469235066000303e+18,,43.7632466,Entire home/apt,1.0,2026-06-22,2.0,51
GuestHost - Florence Quiet & Modern Apartment,1.4671577548808717e+18,,43.7742748,Entire home/apt,2.0,2026-05-24,102.0,16
Guest House Michelangelo,1.4702802580859822e+18,,43.76748,Entire home/apt,31.0,,4.0,0
Suite Caterina de' Medici,1.4702758085137285e+18,,43.77619,Private room,1.0,,3.0,0
Manifattura Tabacchi  Holiday Home,1.4625830997776374e+18,,43.78598,Entire home/apt,2.0,2026-06-17,2.0,24
Florentine Haven,1.4687544294707226e+18,,43.766716859337734,Entire home/apt,1.0,2026-06-15,1.0,8
Appartamento Beatrice,1.4633336790239055e+18,,43.75251,Entire home/apt,1.0,,4.0,0
Ciompi Prestige By MMega,1.4626271213019407e+18,,43.77045,Entire home/apt,,2026-01-04,259.0,7
Serragli Contemporary,1.4625339288517727e+18,,43.76633821331022,Entire home/apt,3.0,2023-04-26,103.0,0
Pisana Apartment by Mamo Florence,1.4626390518884895e+18,,43.77159,Entire home/apt,1.0,2026-03-25,197.0,11
Sun-Filled Luxury Apartment in Oltrarno,1.470281898218009e+18,,43.76879,Entire home/apt,2.0,2026-06-06,1.0,19
Ricordi di Parigi. Attrezzata per lunghi soggiorni,1.46256179055529e+18,,43.7834369,Entire home/apt,3.0,2026-06-20,4.0,13
Lilly’s Apartment centro Firenze,1.4702623771317637e+18,,43.783627,Entire home/apt,1.0,2025-09-27,7.0,11
Appartamento moderno a Firenze,1.465544356241376e+18,,43.7970696,Entire home/apt,31.0,2023-06-17,1.0,0
An alcove studio with elevator in Oltrarno.,1.4625426679441508e+18,,43.76855578592067,Entire home/apt,3.0,2026-05-20,1.0,7
Private room in Florence with private bathroom,1.462941431043343e+18,,43.7746153538356,Private room,1.0,2026-06-01,1.0,9
Sinfonia Apartment by Mamo Florence,1.4626390518884895e+18,,43.76889985829315,Entire home/apt,1.0,2026-05-24,197.0,10
Camera Superior con bagno privato,1.470271652708761e+18,,43.773901663775845,Private room,1.0,2026-06-12,2.0,80
Dora's House Firenze,1.4668131263280707e+18,,43.77323981773881,Entire home/apt,1.0,2026-06-08,1.0,6
Granduca Penthouse,1.469324486921359e+18,,43.77724,Entire home/apt,1.0,2026-05-27,55.0,10
Cristofori By MMega,1.4626271213019407e+18,,43.78387,Entire home/apt,30.0,,259.0,0
Florence amazing house,1.470283714780735e+18,,43.7622735,Entire home/apt,2.0,2026-05-29,1.0,19
Novella House Leonardo,1.462615403375709e+18,,43.77259,Entire home/apt,1.0,2026-05-10,15.0,24
"""Home & Garden in Florence"" [Near the station]",1.4628509221283372e+18,,43.77447388571761,Entire home/apt,2.0,2026-06-18,5.0,65
Appartamento Centro Firenze,1.4625643992843697e+18,,43.77365207359494,Entire home/apt,2.0,2026-06-18,2.0,51
Luxury apartment in prime location,1.4659093648949128e+18,,43.7659725,Entire home/apt,2.0,2026-05-31,1.0,27
Green oasis: design house with beautiful garden,1.4629886731058783e+18,,43.76376418519746,Entire home/apt,3.0,2024-06-28,19.0,0
Moro Apartment,1.4658067990691116e+18,,43.77109161553086,Entire home/apt,2.0,2026-06-05,58.0,13
Appartamento storico & design,1.4702852923169334e+18,,43.7643127,Entire home/apt,2.0,2024-08-26,4.0,0
"cozy quiet studio in the city center ""Pergola Apt""",1.4702854053933304e+18,,43.77385254137878,Entire home/apt,1.0,2026-06-14,1.0,28
YID D'Azeglio luxury apartment with free parking,1.462988130311036e+18,,43.77425,Entire home/apt,1.0,2026-01-02,80.0,4
YiD Cairoli design apartment,1.462988130311036e+18,,43.78688,Entire home/apt,1.0,2026-05-17,80.0,6
"Il Vagello, Deluxe room",1.4702864438451052e+18,,43.76762864876165,Private room,1.0,2026-06-24,3.0,50
Santa Maria Novella | Amber Wood Flat,1.470286487502155e+18,,43.776453620498295,Entire home/apt,1.0,2026-06-07,1.0,26
Rosa Apartment by Mamo Florence,1.4626390518884895e+18,,43.76999,Entire home/apt,1.0,2024-03-29,197.0,0
Oblò sulla Corte,1.4655490001185925e+18,,43.7685224,Entire home/apt,2.0,2026-06-06,2.0,2
Appartamento di Stile ai piedi di P. Michelangelo,1.463352201198846e+18,,43.762356045397155,Entire home/apt,2.0,2026-06-18,1.0,38
Cozy home in the heart of San Frediano,1.4625675597135473e+18,,43.76279162573891,Entire home/apt,2.0,2026-06-16,1.0,14
Incantevole appartamento accanto agli Uffizi,1.4625294930544479e+18,,43.768,Entire home/apt,1.0,2026-06-12,23.0,53
L'Angolo di Ponte Vecchio,1.4671621115168476e+18,,43.76704,Entire home/apt,1.0,2026-06-01,6.0,25
Gli Orti Di Machiavelli,1.4684110965792783e+18,,43.7751525,Entire home/apt,30.0,2026-05-12,2.0,25
-Suite with Private Cristal glass Bathroom-,1.4638601645518636e+18,,43.7792222,Private room,1.0,2026-06-07,3.0,59
San Niccolò Dream By MMega,1.4626271213019407e+18,,43.7645,Entire home/apt,1.0,2026-06-17,259.0,10
Keys of Italy -PN1 -Train Sation 1Bedr Flat,1.4632560235621256e+18,,43.7801498,Entire home/apt,1.0,2026-06-02,64.0,7
Casa di Anna pittrice pratese,1.4638356531569695e+18,,43.77532998862833,Entire home/apt,2.0,2026-06-02,2.0,9
Demidoff 27 Super Comfort 1,1.4667646106868434e+18,,43.7889055,Private room,2.0,2026-06-20,3.0,9
Peaceful apartment with private garden,1.4701442999182925e+18,,43.78281,Entire home/apt,32.0,2025-10-26,5.0,5
Casa Lucia camera con terrazzo,1.4657904240897142e+18,,43.7494518,Private room,2.0,2026-05-17,2.0,1
Arcipressi28 Guest House Firenze,1.470291284312321e+18,,43.762205203295274,Private room,31.0,,1.0,0
Vicolo dei Malespini,1.4655779424609697e+18,,43.7696332,Entire home/apt,1.0,2025-07-27,36.0,1
-Suite with Private Cristal glass Bathroom-,1.4638601645518636e+18,,43.77814588837851,Private room,1.0,2026-06-03,3.0,45
Cozy apartment in Firenze,1.4681864250753505e+18,,43.78480174187517,Entire home/apt,3.0,2026-06-18,1.0,9
A real Florentine Apartment,1.4696381026151375e+18,,43.77313,Entire home/apt,1.0,2026-06-22,1.0,39
Porta a Prato 46,1.4671621115168476e+18,,43.77656,Entire home/apt,1.0,2026-06-23,6.0,25
Luxury Apartment n.2 - KUKI STAY Ponte Vecchio,1.4702416699764964e+18,,43.7672549,Entire home/apt,1.0,2026-06-11,3.0,62
San Benedetto Apartment,1.4626995495990162e+18,,43.7722979009646,Entire home/apt,1.0,2026-06-11,159.0,29
San Zanobi 33,1.4626995495990162e+18,,43.7788673956062,Entire home/apt,1.0,2023-10-12,159.0,0
Piccolo Rifugio in Santa Croce,1.4702931975641546e+18,,43.76777,Entire home/apt,2.0,2026-05-06,1.0,13
Modern Private Florence Apt 2br,1.4627404802284623e+18,,43.76301,Entire home/apt,2.0,2026-06-01,1.0,14
TT Home,1.4682078500741606e+18,,43.7575885,Entire home/apt,3.0,2026-06-01,1.0,5
Decameron’s Suites Apartment,1.4702886627267638e+18,,43.7866609,Entire home/apt,2.0,2024-01-02,3.0,0
Central Florence 3BR- 8 beds-family friendly stay,1.463645205460758e+18,,43.7693588,Entire home/apt,1.0,2026-06-17,2.0,20
"""Milune"" Duomo",1.4702945140370163e+18,,43.7752607,Entire home/apt,2.0,2026-06-21,1.0,52
"Orange Light, nice & cozy flat with Duomo terrace",1.4702943849358587e+18,,43.77247,Entire home/apt,1.0,2026-05-11,1.0,22
"Bianco, with a bit of yellow, in central Florence",1.46299348056951e+18,,43.7685536,Entire home/apt,1.0,2026-06-13,4.0,21
"Azzurro, history and family in Florence",1.46299348056951e+18,,43.7685536,Entire home/apt,1.0,2026-06-18,4.0,34
Appartamento Stradivari nel cuore di Firenze,1.4682210461896942e+18,,43.78039408145355,Entire home/apt,2.0,2026-05-14,1.0,3
"Private Room with AC , Self Check In Free Parking",1.46321905404154e+18,,43.758009494850086,Private room,1.0,2026-06-18,1.0,19
Lovely Apartment near Piazza della Signoria,1.4630546590197005e+18,,43.768803864611705,Entire home/apt,2.0,2026-05-02,11.0,16
Ai Colli,1.462626084051272e+18,,43.76813,Entire home/apt,2.0,2026-01-01,2.0,19
[Fairmont] caffè & wi-fi,1.4636222859567363e+18,,43.7772447,Entire home/apt,2.0,2026-06-07,2.0,37
[Cristal Suite] Netflix & wi-fi,1.4636222859567363e+18,,43.7772447,Entire home/apt,2.0,2026-06-20,2.0,33
Cozy flat close to Ponte Vecchio and Pitti Palace,1.4627929796455032e+18,,43.76521182369488,Entire home/apt,1.0,2026-06-11,1.0,19
Cute & Cozy Entire Apt. Newly renovated,1.4702964431621921e+18,,43.78467,Entire home/apt,1.0,2026-06-25,1.0,34
Guendalina Apartment by Mamo Florence,1.4626390518884895e+18,,43.77257,Entire home/apt,1.0,2026-06-10,197.0,26
Panzani Blue,1.4691321978716974e+18,,43.77363,Entire home/apt,1.0,2026-06-01,4.0,19
Ginori Court - Italian Nights Collection,1.4627054192253555e+18,,43.775,Entire home/apt,2.0,2026-06-12,9.0,36
Garden Duomo House,1.4631699374199652e+18,,43.7620384,Entire home/apt,2.0,2026-05-04,1.0,14
Pied-à-terre Nardi central&cosy w/free parking,1.4698578241077322e+18,,43.776373,Entire home/apt,2.0,2026-06-10,1.0,21
La Casa di Raida,1.4696447375389292e+18,,43.773166,Entire home/apt,1.0,2026-06-09,1.0,19
"Apartment ""Il Monte Old Bridge""",1.4697406080439278e+18,,43.7686296,Entire home/apt,1.0,2026-06-22,1.0,62
Appartamento di Lusso Luigi,1.4627513958578153e+18,,43.76924,Entire home/apt,3.0,2026-05-15,28.0,1
Appartamento di Lusso Mino,1.4627513958578153e+18,,43.76985387729851,Entire home/apt,3.0,2023-05-29,28.0,0
Appartamento di Lusso Levante,1.4627513958578153e+18,,43.76835372236541,Entire home/apt,3.0,,28.0,0
Lambe Suite • Uffizi Charme Quiet Apartment,1.462621352246067e+18,,43.76892,Entire home/apt,2.0,2026-06-12,10.0,36
Over the roofs of Florence,1.4702974699627858e+18,,43.770824,Entire home/apt,2.0,2024-09-17,1.0,0
casa delle camelie,1.4629049532240218e+18,,43.75923721417418,Entire home/apt,31.0,2025-01-12,1.0,0
Bufalini Boutique Apartment,1.462610075745398e+18,,43.7739497,Entire home/apt,1.0,2026-06-15,17.0,8
Brunelleschi by the Duomo - Charming Italy Tour,1.4692437384608381e+18,,43.7737083,Entire home/apt,3.0,,14.0,0
"Verde, space and relax in historic Florence",1.46299348056951e+18,,43.7685536,Entire home/apt,1.0,2026-06-13,4.0,73
Unique and antique apartment,1.4698732471346593e+18,,43.7647728,Entire home/apt,1.0,,1.0,0
Mini camera privata AC a due passi dal centro,1.462587116154588e+18,,43.76878,Private room,2.0,2026-06-21,1.0,45
Oltrarno Rooftop Great View 6px,1.4703002557251738e+18,,43.76761333200762,Entire home/apt,2.0,2026-06-18,1.0,8
Magnifico 4,1.469839982271954e+18,,43.768333097073686,Entire home/apt,2.0,2023-06-22,9.0,0
Benedetta 4,1.469839982271954e+18,,43.7683903478859,Entire home/apt,2.0,,9.0,0
Wohnung mit Blick auf Florenz,1.46930057801609e+18,,43.76125,Entire home/apt,3.0,2025-05-15,1.0,0
Cavalier Paolo-La Dimora degli Affreschi Florence,1.4702873386278538e+18,,43.767312758796,Entire home/apt,2.0,2026-05-31,11.0,5
Il Palagio Dei Bardi,1.4693954420246367e+18,,43.809036241564606,Entire home/apt,2.0,2025-09-19,11.0,1
Deluxe Apartment Firenze semicentro,1.4635273570590392e+18,,43.79166,Entire home/apt,2.0,2025-01-05,3.0,0
[Duomo-Uffizi] Appartamento Luxury III,1.4700926063930557e+18,,43.76885,Entire home/apt,2.0,2026-06-20,2.0,30
A Trip to Florence,1.470146808191205e+18,,43.7924203837696,Entire home/apt,3.0,2026-06-01,1.0,4
Florentine Spirit,1.470304627924351e+18,,43.765283014869915,Entire home/apt,3.0,2025-10-05,1.0,5
"G&G house
it048017c2dpr7r8ha",1.4690214374596175e+18,,43.78554711454063,Entire home/apt,2.0,2026-06-24,1.0,44
Penthouse View Giotto's Tower & Badia | Center,1.4658885615875612e+18,,43.77164762186659,Entire home/apt,2.0,2026-06-26,1.0,26
Villa Castaldi Firenze vicina al centro,1.4699053459475835e+18,,43.79769157178245,Entire home/apt,2.0,2026-06-23,2.0,12
"Central Florence Italian home, Jacuzzi in bedroom",1.4698424876086525e+18,,43.775817342620904,Entire home/apt,31.0,2024-11-09,1.0,0
Villino in San Frediano in quiet area,1.462577067420354e+18,,43.76756168711884,Entire home/apt,1.0,2025-10-21,18.0,7
Monolocale spazioso con parcheggio privato,1.4683635266911555e+18,,43.7691899,Entire home/apt,2.0,2026-06-15,1.0,50
Residenza Santa Croce - 2A,1.4658057024845353e+18,,43.76929,Entire home/apt,1.0,2026-05-13,16.0,6
Residenza Santa Croce - 2B,1.4658057024845353e+18,,43.76835,Entire home/apt,1.0,2025-09-17,16.0,1
Residenza Santa Croce - 3B,1.4658057024845353e+18,,43.769257017108245,Entire home/apt,1.0,2026-05-19,16.0,1
Armonia apartment - A 10' dal centro storico,1.4694788856921523e+18,,43.79009286405749,Entire home/apt,2.0,2026-05-14,1.0,6
GuestHost - Settignano Quiet Apt with Parking,1.4671577548808717e+18,,43.7831082,Entire home/apt,1.0,2026-06-23,102.0,35
New Residenza Dei Cerchi,1.4703075992899853e+18,,43.7711846,Entire home/apt,1.0,2026-06-29,2.0,108
Novella Bloom,1.4627685989414874e+18,,43.7785873,Entire home/apt,3.0,2023-06-14,46.0,0
Hidden Green Terrace in Santa Croce,1.4690079285486006e+18,,43.77305,Entire home/apt,3.0,2026-06-20,1.0,1
Appartamento in centro a Firenze,1.4700024344317384e+18,,43.77604095916221,Entire home/apt,1.0,2026-06-12,3.0,31
Appartamento Certosa di Firenze,1.470308458992948e+18,,43.73316169811271,Entire home/apt,2.0,2026-06-07,1.0,10
Elegant Suite in the Heart of Florence,1.4638378736845542e+18,,43.767238,Entire home/apt,31.0,2024-10-22,5.0,0
Appartamento centrale in centro storico,1.4669382999257224e+18,,43.77861412520153,Entire home/apt,1.0,2026-06-26,3.0,83
"Casa Viola - 6 guests, Tram to City Center",1.4702959739825805e+18,,43.79228373501488,Entire home/apt,2.0,2026-06-15,1.0,19
Big and bright room in Dogali b&b by Theo,1.4625281559914947e+18,,43.7851464,Private room,1.0,2026-06-22,4.0,33
BellaFlo: Casa con ingresso indipendente in centro,1.4652825603135073e+18,,43.77363563483095,Entire home/apt,2.0,2026-06-20,8.0,2
Orto15 Delizioso appartamento a Firenze,1.4703104247949501e+18,,43.7688032,Entire home/apt,3.0,2026-06-20,1.0,32
Luxury Home Il Giglio,1.4697040757903086e+18,,43.7865653,Entire home/apt,2.0,2026-06-16,1.0,14
Opera tres chic nuovissimo A/C free wi fi,1.4638625518832916e+18,,43.77416727468867,Entire home/apt,3.0,2026-06-26,1.0,9
Anteo · Minimal and elegant | by Acacia®,1.4625121549969098e+18,,43.7660066,Entire home/apt,1.0,2024-09-21,29.0,0
Keys of Italy-Conce14-1 bedr. apt in St. Croce,1.4632560235621256e+18,,43.768771,Entire home/apt,1.0,2026-06-12,64.0,17
Valia Florence San Frediano Bohème,1.4626969668685066e+18,,43.7688019,Entire home/apt,1.0,2026-06-19,13.0,39
Luminoso monolocale,1.4625443824301325e+18,,43.77770193009783,Entire home/apt,2.0,2026-06-11,2.0,34
Secret Window • Hidden Gem near Ponte Vecchio,1.4700362924888668e+18,,43.76667933581156,Entire home/apt,1.0,2026-06-26,1.0,56
Bright Penthouse Suite Two Steps to everything,1.4700669912511757e+18,,43.77490419999999,Entire home/apt,1.0,2026-06-16,1.0,21
Santa Maria 3B,1.4686982020396887e+18,,43.765243,Entire home/apt,3.0,2026-06-09,64.0,7
San Giorgio 80,1.4686982020396887e+18,,43.766796,Entire home/apt,31.0,2023-08-18,64.0,0
Liberty room con bagno privato,1.4631643472705807e+18,,43.780643715789175,Private room,2.0,2026-06-21,1.0,69
Casa nel cuore di Firenze-Interno1,1.470312314630858e+18,,43.77871870523039,Entire home/apt,1.0,2026-05-17,1.0,1
L'Oasi del Cervo,1.4692119534684155e+18,,43.7934917,Entire home/apt,2.0,2024-05-24,1.0,0
Casa Firenze Mille2 Mari,1.462713594057976e+18,,43.7837886,Entire home/apt,1.0,2026-06-15,4.0,4
Guelfa 14,1.4626995495990162e+18,,43.7773259509235,Entire home/apt,1.0,2026-06-03,159.0,8
"B&B di Residenza D'Epoca Sant Egidio, Stanza uffi.",1.469400118894366e+18,,43.77356,Private room,1.0,2026-05-24,6.0,11
"B&B di Residenza D'Epoca Sant Egidio, Stanza duomo",1.469400118894366e+18,,43.77379367825811,Private room,1.0,2026-06-17,6.0,6
Chiara Apartment,1.4626995495990162e+18,,43.7772395615972,Entire home/apt,1.0,2026-06-03,159.0,13
La camera di LadA,1.4632012713717076e+18,,43.79073,Private room,31.0,2023-10-16,1.0,0
Large 2BR Apartment Near Piazza San Marco,1.4701960361761818e+18,,43.78244,Private room,2.0,2026-06-05,5.0,5
Charming & Modern Apartment near Santo Spirito,1.4701666537774935e+18,,43.766898013901795,Entire home/apt,2.0,2026-03-14,29.0,4
Appartamento con mansarda 5pax 2camere 2bagni,1.4629436308971062e+18,,43.7923886633504,Entire home/apt,2.0,2026-06-01,1.0,27
Historical apartment in Villa,1.4703148870787366e+18,,43.80311,Entire home/apt,2.0,2024-10-26,1.0,0
Quiet and cozy flat,1.470299978435428e+18,,43.79653859881796,Entire home/apt,2.0,2026-06-19,1.0,22
"Le Ruote | Bright, Quiet & Full AC Center Apt",1.4625427391059533e+18,,43.78064313078819,Entire home/apt,1.0,2026-06-18,2.0,45
Sun Frediano Suite,1.4625935724950666e+18,,43.76962517340077,Entire home/apt,2.0,2026-06-10,5.0,32
Camera Singola - Hotel Alinari - Stazione Firenze,1.4636636221065362e+18,,43.7754,Private room,1.0,2026-03-22,7.0,2
"B&B Casarossa, Camera Tripla",1.4683803984809014e+18,,43.78219985961914,Private room,3.0,2024-04-05,4.0,0
Exceptional family flat with terrace,1.4626609046338867e+18,,43.77386757364254,Entire home/apt,1.0,2025-07-12,1.0,1
Charming Oltrarno Historic 3 Bedrooms Apartment,1.4628594009339466e+18,,43.766189609191386,Entire home/apt,1.0,2026-06-22,4.0,41
Florentine Gem Apartment,1.470090986764888e+18,,43.7695994,Entire home/apt,2.0,2026-06-19,3.0,37
Donna Lipsi - La Dimora degli Affreschi Florence,1.4702873386278538e+18,,43.767312758796,Entire home/apt,2.0,2026-05-24,11.0,7
The San Lorenzo Market Apartment,1.4658067990691116e+18,,43.7765601134018,Entire home/apt,2.0,2026-06-24,58.0,42
De' Servi Suite al Duomo by Charming Italy Tour,1.4692437384608381e+18,,43.7755681,Entire home/apt,3.0,2023-06-29,14.0,0
Pollaiolo 350mt from Tram New Design Urban Chic,1.4704599847620762e+18,,43.7716816,Entire home/apt,2.0,2026-06-24,34.0,26
Monolocale centrale,1.47031802164052e+18,,43.7889038,Entire home/apt,1.0,2026-06-20,1.0,16
Mosse Bright Modern Near City Center Tram T1!,1.4704599847620762e+18,,43.7791381,Entire home/apt,1.0,2026-06-26,34.0,32
Santa Croce Top By MMega,1.4626271213019407e+18,,43.7714,Entire home/apt,1.0,2026-06-24,259.0,11
Borgo Pinti panorama,1.4627685989414874e+18,,43.77201325295066,Entire home/apt,1.0,2025-06-03,46.0,0
Casa Silvia - Central flat with private terrace,1.463538010453156e+18,,43.780323731548975,Entire home/apt,2.0,2026-05-15,14.0,1
Vintage Apartments in the Heart of Florence,1.4637659867655844e+18,,43.7703638,Entire home/apt,1.0,2026-06-23,4.0,47
Casa incantevole con vista duomo,1.4700321166167916e+18,,43.77033,Entire home/apt,2.0,2026-06-12,1.0,36
Casper Apartment by Mamo Florence,1.4626390518884895e+18,,43.76952,Entire home/apt,1.0,2026-06-10,197.0,21
Bi-locale Donatello,1.462657233958906e+18,,43.76373,Private room,1.0,2025-09-25,4.0,1
Florence Heart Santa Maria Novella 5 Min stazione,1.4653408947890816e+18,,43.77828,Entire home/apt,1.0,2026-06-18,1.0,30
Orcagna apartment by Interhome,1.4685723327229443e+18,,43.7665027,Entire home/apt,1.0,2026-04-03,9.0,1
Celeste Apartment-San Frediano,1.4683695310027791e+18,,43.76743,Entire home/apt,2.0,2024-01-01,1.0,0
Dimora Santa Croce By MMega,1.4626271213019407e+18,,43.76914,Entire home/apt,1.0,2026-06-10,259.0,8
Palazzo Delle Croci - Donato Suite,1.4627513958578153e+18,,43.76953713562448,Entire home/apt,3.0,2025-08-07,28.0,1
Palazzo Delle Croci - Luigi Suite,1.4627513958578153e+18,,43.76958,Entire home/apt,1.0,,28.0,0
Palazzo Delle Croci - Mino Suite,1.4627513958578153e+18,,43.76955,Entire home/apt,3.0,,28.0,0
Palazzo Delle Croci - Levante Suite,1.4627513958578153e+18,,43.76816703039416,Entire home/apt,1.0,,28.0,0
Pitti 8 with amazing view,1.469324486921359e+18,,43.76612,Entire home/apt,1.0,2023-09-03,55.0,0
Design Apartment City Centre with private patio,1.4632424670039982e+18,,43.78113320000001,Entire home/apt,2.0,2026-05-18,1.0,3
"Lovely, comfort and beauty near Ponte Vecchio",1.4701666537774935e+18,,43.76527,Entire home/apt,1.0,2023-11-03,29.0,0
San Niccolò Elegant Apartment,1.4670822434946514e+18,,43.7636,Entire home/apt,1.0,2026-06-12,127.0,1
Tranquil & Modern Apartment outside ZTL,1.4701666537774935e+18,,43.74064550801049,Entire home/apt,2.0,2026-04-20,29.0,5
Live like a Florentine next to Santa Croce Square,1.470324226639414e+18,,43.76936620752988,Entire home/apt,1.0,2026-06-16,1.0,11
Leonardo luxury apartment,1.4626127123992576e+18,,43.7768739,Entire home/apt,1.0,2026-05-18,1.0,2
Appartamento Claudia San Donato,1.469181489586363e+18,,43.79156419626094,Private room,1.0,2026-05-27,1.0,16
Frame House,1.4658722112744084e+18,,43.77147973350519,Entire home/apt,2.0,2026-06-22,1.0,24
Feel the city vibe! Cozy apt in the city center,1.469199809759954e+18,,43.7716548,Entire home/apt,1.0,2026-06-15,1.0,53
Donna di Fiori Florence Home,1.470216473584156e+18,,43.7625964,Entire home/apt,1.0,2026-06-10,30.0,9
Happy Florence Ghibellina Tutto visitabile a piedi,1.4626106617401096e+18,,43.76904,Entire home/apt,2.0,2026-06-13,7.0,16
Happy home in Florence,1.4703250194466842e+18,,43.78693209530698,Entire home/apt,2.0,2026-06-14,1.0,15
Maggio In Florence,1.4687308103427505e+18,,43.765954242201715,Entire home/apt,3.0,2026-06-22,2.0,30
Best price/Best location,1.4703264071530918e+18,,43.793913517294214,Private room,1.0,2026-06-23,1.0,53
"Giulia’s Home, Florence apartment",1.4634642225939374e+18,,43.7693972,Entire home/apt,2.0,2026-06-21,2.0,41
Duchessa Sofia -La Dimora degli Affreschi Florence,1.4702873386278538e+18,,43.767312758796,Entire home/apt,2.0,2026-01-04,11.0,7
Luxury River with Terrace,1.4627685989414874e+18,,43.76647545331067,Entire home/apt,1.0,2025-05-17,46.0,0
A due passi dal centro,1.462657168925659e+18,,43.78635865686133,Entire home/apt,1.0,2026-05-21,1.0,13
Ghibellina Cellini Apt (10),1.465934406966803e+18,,43.76924,Entire home/apt,2.0,2023-08-16,34.0,0
Verdi 11,1.4626995495990162e+18,,43.77104,Entire home/apt,1.0,2026-06-09,159.0,2
"New, bright, cozy Florence apartment with view",1.4694924396346138e+18,,43.79045723343501,Entire home/apt,1.0,2026-06-16,1.0,45
TOUCH the DOME! Romantic Terraced Penthouse + Lift,1.462846220394154e+18,,43.77222,Entire home/apt,1.0,2026-06-16,1.0,50
PorteNuove 1Suite Room,1.4654552448896676e+18,,43.78103831480641,Entire home/apt,1.0,2026-06-08,3.0,20
"Centrale e spazioso, nel quartiere della moda",1.462539685451023e+18,,43.77134487357931,Entire home/apt,1.0,2026-06-21,9.0,55
Orto Apartment in Oltrarno,1.4627014060949996e+18,,43.7689224,Entire home/apt,2.0,2026-05-30,13.0,35
Room with a view,1.462653945159468e+18,,43.76952387599405,Entire home/apt,7.0,,2.0,0
Piazza Dei Rossi Due View,1.4628406137666588e+18,,43.76688945619293,Entire home/apt,1.0,2026-06-18,21.0,44
Ghibellina Buontalenti Apt (21),1.465934406966803e+18,,43.76838,Entire home/apt,2.0,2023-07-17,34.0,0
[Very Central] Duomo/Studio - Elegance and Comfort,1.4703292004016676e+18,,43.774004,Entire home/apt,1.0,2026-06-24,1.0,56
3BR • Vasari View • Top Location • Ponte Vecchio,1.4626012957157926e+18,,43.7672084,Entire home/apt,2.0,2026-05-01,11.0,6
Vista Palazzo Vecchio | Suite Romantica con Vasca,1.470245909321182e+18,,43.7694273,Entire home/apt,1.0,2026-06-21,4.0,87
Toscanella Luxury,1.4654611261909627e+18,,43.7669986,Entire home/apt,2.0,2026-06-16,2.0,71
Panoramic loft with terrace near Ponte Vecchio,1.4703292974370048e+18,,43.767545,Entire home/apt,2.0,2026-06-18,1.0,53
Elegant apartment in the historical center,1.4628436412807775e+18,,43.769088,Entire home/apt,2.0,2026-06-20,1.0,16
Open space in Sant'Ambrogio,1.462541038265117e+18,,43.76985,Entire home/apt,3.0,2025-11-01,2.0,2
Your home in the Medici District,1.4629729813741806e+18,,43.777354469280674,Entire home/apt,2.0,2026-06-16,1.0,35
Maison Ginori Guelfa,1.4655479865543683e+18,,43.7771061,Entire home/apt,2.0,2025-04-21,2.0,0
Arno View Terrace · Elegant Florence Apartment,1.4625115185472717e+18,,43.77174,Entire home/apt,1.0,2026-06-01,2.0,40
"The Bright Window in Florence! 
Super centrale!",1.4638182923544067e+18,,43.77694899999999,Entire home/apt,2.0,2026-04-01,4.0,17
"B&B Casarossa, Camera doppia 2",1.4683803984809014e+18,,43.78219985961914,Private room,3.0,2026-05-18,4.0,2
Suite CozyMoroDuomo SMNovella 2bedrooms2bathrooms,1.4687082333707203e+18,,43.7722336,Entire home/apt,1.0,2026-05-18,2.0,10
Camera Superior con Vista,1.4700745277297032e+18,,43.777396804038624,Private room,1.0,2026-06-04,8.0,6
"Cozy Room, 5 Minutes from Center",1.4703299685669332e+18,,43.79955,Private room,31.0,2024-10-01,1.0,0
Apartment in Centro Storico,1.462529539368222e+18,,43.7693977,Entire home/apt,2.0,2026-06-15,1.0,19
"The Flavour of Florence! 
Centralissimo",1.4638182923544067e+18,,43.7771376675464,Entire home/apt,2.0,2026-04-10,4.0,5
Palmira - beautiful room in the heart of Florence,1.4626527362509737e+18,,43.78036609999999,Private room,1.0,2026-06-26,3.0,46
Oltrarno Home,1.47033120336392e+18,,43.7666617,Entire home/apt,2.0,2025-07-21,1.0,2
A/C & fast WiFi Comfort & Design 2Bdrms 2Bthrms,1.4703313536037148e+18,,43.76921068749779,Entire home/apt,2.0,2026-06-09,1.0,19
Dimora Grazia e Sandra apt Grazia,1.4702178227520438e+18,,43.7861277,Entire home/apt,2.0,2025-10-12,2.0,3
Casetta da Basso con corte esterna FREE wi-fi,1.4638363993318505e+18,,43.7891,Entire home/apt,2.0,2026-06-09,21.0,29
Luxury Apartment Signoria - 1st floor,1.4626574953358241e+18,,43.76961,Entire home/apt,1.0,2026-06-11,3.0,53
Casa Orsi - apartment in Florence,1.4626994305761772e+18,,43.77219317255206,Entire home/apt,31.0,2023-09-15,1.0,0
Casa Florentia,1.4670822434946514e+18,,43.7643834,Entire home/apt,1.0,2025-05-01,127.0,0
Wine Apartments Florence Ribolla,1.4627648749364001e+18,,43.7716108,Entire home/apt,1.0,2023-10-18,44.0,0
Old Florence 1930,1.470225885582958e+18,,43.78996,Entire home/apt,1.0,2026-03-15,1.0,1
Apartment della seta 2 piazza Libertà,1.470234286721075e+18,,43.78293718701007,Entire home/apt,1.0,2026-06-12,2.0,1
Ricasolino Apartment with balcony and Duomo view,1.4658067990691116e+18,,43.77390328871229,Entire home/apt,2.0,2026-06-19,58.0,56
Boutique Ponte Vecchio,1.462687244144813e+18,,43.76662277430731,Entire home/apt,1.0,2026-06-11,50.0,5
San Lorenzo chic house,1.4703332724296804e+18,,43.7769334,Entire home/apt,1.0,2026-06-19,1.0,59
Heart of Florence: Duomo Charming Apartment & A/C,1.4659095224867287e+18,,43.77018329092959,Entire home/apt,1.0,2026-06-19,1.0,38
MDR Crystal Apartment,1.462764521992158e+18,,43.77432,Entire home/apt,1.0,2026-06-15,35.0,51
Tasso Cozy Retreat: 1-BR Airbnb,1.4690162242168773e+18,,43.76909,Entire home/apt,2.0,2025-06-16,1.0,0
"Il Mercato Centrale B&B con colazione, Stanza con.",1.470328467282895e+18,,43.77646789183328,Private room,1.0,2023-10-06,5.0,0
"Il Mercato Centrale B&B con colazione, Stanza con.",1.470328467282895e+18,,43.776468,Private room,1.0,2023-09-28,5.0,0
"Dimora Leopoldo 23 comfortable, elegant apartment",1.4656129311310884e+18,,43.792335430053456,Private room,1.0,2024-07-29,1.0,0
Luxury Penthouse with Large Terrace Stunning Views,1.465490739102441e+18,,43.771230581352675,Entire home/apt,1.0,2026-06-19,2.0,8
4BR • Deluxe Palazzo • Private Patio • Santa Croce,1.4626012957157926e+18,,43.7673267,Entire home/apt,1.0,2026-06-15,11.0,16
"Appartamento Piano Terra a Firenze, zona Careggi",1.4703348564682504e+18,,43.797837,Entire home/apt,1.0,2026-06-11,1.0,21
4Seasons - Appartamento 3 Camere,1.463031372336329e+18,,43.77573,Entire home/apt,31.0,2023-07-22,5.0,0
Modern 3 bedroom Apartment Historic Center,1.4637659867655844e+18,,43.77046259999999,Entire home/apt,1.0,2026-06-14,4.0,83
Federighi By MMega,1.4626271213019407e+18,,43.77072717814197,Entire home/apt,1.0,2026-06-17,259.0,35
Le Farine Apartment by Mamo Florence,1.4626390518884895e+18,,43.76978,Entire home/apt,1.0,2026-02-03,197.0,2
Aragosta By MMega,1.4626271213019407e+18,,43.78193,Entire home/apt,30.0,,259.0,0
"Casa Elegante, grande terrazzo",1.4627253101448896e+18,,43.76499,Entire home/apt,2.0,2026-05-29,1.0,13
Stile e colore in San Frediano!,1.4685187815943283e+18,,43.76633,Entire home/apt,2.0,2025-10-26,1.0,25
49 Square Garden,1.4625935724950666e+18,,43.7775702,Entire home/apt,2.0,2026-04-25,5.0,7
Federighi Apartment by FlorenceHospitality,1.4673009396028552e+18,,43.771505,Entire home/apt,1.0,2026-06-01,16.0,4
Camera elegante nel centro di Firenze,1.4626597976178742e+18,,43.7716396,Private room,1.0,2026-06-18,1.0,29
Appartamento in palazzo storico - Centro Firenze,1.4629907652287242e+18,,43.770698618715144,Entire home/apt,1.0,2026-06-22,1.0,121
Frescoed Renaissance Palazzo • 4 Ensuites • Duomo,1.4628366378698002e+18,,43.7736,Entire home/apt,3.0,2026-06-06,1.0,25
The Florence Nest B-side,1.468239523315555e+18,,43.7837616,Entire home/apt,1.0,2026-06-08,3.0,37
Flow~Rents 1,1.4701440735503542e+18,,43.76822,Entire home/apt,31.0,,4.0,0
PorteNuove  Apartment 3Suite,1.4654552448896676e+18,,43.780073566397405,Entire home/apt,2.0,2025-08-23,3.0,2
Flow~Rents 3,1.4701440735503542e+18,,43.76957,Entire home/apt,31.0,2023-09-30,4.0,0
Zanobi Suite W/Private Patio Wi-Fi A/C 3BR,1.470338523193943e+18,,43.7796078,Entire home/apt,2.0,2026-05-27,3.0,21
BelvedereFirenze centro storico solo 2km e careggi,1.4701394423992072e+18,,43.7954701,Entire home/apt,3.0,2026-06-17,1.0,12
Appartamento 4 posti,1.4629571569290076e+18,,43.77171,Entire home/apt,3.0,2025-01-02,1.0,0
La casa dell'orto,1.4630800573770747e+18,,43.7689579,Entire home/apt,2.0,2026-06-12,1.0,35
Benedetta 2,1.469839982271954e+18,,43.76907,Entire home/apt,2.0,2023-10-05,9.0,0
Queen Room with Duomo View,1.4700745277297032e+18,,43.77725,Private room,1.0,2026-05-10,8.0,17
Sinistra Center 4th-Floor,1.4667639292627566e+18,,43.77123558426349,Entire home/apt,2.0,2026-06-07,14.0,35
"San Marco View, Superior Studio - camera con 2 ...",1.4703418830101757e+18,,43.77735137939453,Private room,1.0,2025-01-01,9.0,0
"San Marco View, Studio Terrace con terrazza pan...",1.4703418830101757e+18,,43.7773511,Private room,1.0,2026-06-16,9.0,1
Lungarno Flat with a Golden view,1.4638211157777367e+18,,43.76925797774224,Entire home/apt,3.0,2026-06-19,4.0,41
Le case di Cate e Max - Sole,1.4684200987464369e+18,,43.7847545,Entire home/apt,1.0,2024-05-27,2.0,0
Pilastri Terrace Apartment by Mamo Florence,1.4626390518884895e+18,,43.7719986,Entire home/apt,1.0,2026-06-10,197.0,62
La casa di Gabriella - 2,1.4658057024845353e+18,,43.754002328325306,Entire home/apt,2.0,2026-03-15,16.0,4
Le Robbiane 44,1.470477564872897e+18,,43.77720009999999,Entire home/apt,2.0,2026-06-09,2.0,13
WelcHomeItaly:Florence Chocolate,1.4625804819570345e+18,,43.76786,Entire home/apt,1.0,2026-04-06,4.0,8
MusArt Orange-Room with Private Bathroom,1.4630300319994813e+18,,43.78268376229603,Private room,2.0,2026-06-15,4.0,55
Loft Rustico,1.470343665335081e+18,,43.79293718581588,Entire home/apt,1.0,2026-06-01,2.0,30
"Wraparound balcony, excellent location in Florence",1.4625461753782756e+18,,43.77006130299536,Entire home/apt,4.0,2026-06-04,8.0,12
Terrazza con vista Firenze- The first one,1.470341019461923e+18,,43.763035,Entire home/apt,1.0,2026-06-22,2.0,35
Appartamento via dell'Albero,1.467100934291817e+18,,43.77478920985333,Entire home/apt,1.0,2026-06-14,2.0,16
Il Duomo in faccia,1.4699925527938747e+18,,43.7717772,Entire home/apt,1.0,2026-06-23,2.0,3
Il Fiorino di Santa Croce,1.470345274779086e+18,,43.767607075189495,Entire home/apt,1.0,2026-05-26,1.0,27
"Appartamento Firenze
Ponte alla Vittoria",1.4703462209301202e+18,,43.7743075,Entire home/apt,15.0,2024-11-03,1.0,0
Penthouse with superb view of Florence,1.4629466563717612e+18,,43.7685288,Entire home/apt,2.0,2026-06-16,2.0,27
Delightful Suite 2min walk from SMN Station&Duomo,1.4692153419510075e+18,,43.7734415,Entire home/apt,2.0,2026-04-03,15.0,10
Welcoming apartment in Oltrarno -2 camere da letto,1.4655761203627927e+18,,43.77032985642418,Entire home/apt,2.0,2026-06-15,2.0,21
[Free Parking + A/C] Firenze nel Verde,1.4696145343325514e+18,,43.7586157,Entire home/apt,2.0,2026-06-08,8.0,24
[Brunelleschi Suite],1.4703484576437896e+18,,43.7745779,Entire home/apt,1.0,2026-01-05,1.0,5
San Lorenzo Elegant Apartment,1.462813600762926e+18,,43.77580720563881,Entire home/apt,1.0,2026-06-07,6.0,63
1 [Ponte Vecchio-Uffizi] Elegant Apartment,1.4669441618093537e+18,,43.769592065493,Entire home/apt,2.0,2025-11-20,9.0,7
Appartamento Giotto,1.4703499168838973e+18,,43.82299577949639,Entire home/apt,2.0,2025-08-07,3.0,1
2 [Ponte Vecchio-Uffizi] Exclusive Apartment,1.4669441618093537e+18,,43.769514507923326,Entire home/apt,2.0,2026-01-17,9.0,13
4 [Ponte Vecchio-Uffizi] Luxury Apartment II,1.4669441618093537e+18,,43.76975857085899,Entire home/apt,2.0,2025-11-17,9.0,8
6 [Ponte Vecchio-Uffizi] Luxury Apartment,1.4669441618093537e+18,,43.769448667433686,Entire home/apt,2.0,2025-11-02,9.0,9
8 [Ponte Vecchio-Uffizi] Boutique Apartment I,1.4669441618093537e+18,,43.76951064824719,Entire home/apt,2.0,2026-01-04,9.0,12
Spacious & Bright Apt City Center + Balcony,1.4702038477118525e+18,,43.77231173750545,Entire home/apt,2.0,2026-06-23,3.0,52
Appartamento DaVinci,1.4703499168838973e+18,,43.823368045120446,Entire home/apt,1.0,2026-05-28,3.0,1
Lungarno Stylish Apartment with Terrace,1.4694617391061087e+18,,43.7694696,Entire home/apt,2.0,2026-06-03,1.0,31
Santa Reparata Apartment by Mamo Florence,1.4626390518884895e+18,,43.77888649308593,Entire home/apt,1.0,2026-05-14,197.0,21
Casa vintage a due passi dal centro Firenze,1.466832410100261e+18,,43.75211,Entire home/apt,3.0,2026-05-23,1.0,6
Sanzanobi cozy Apartment,1.470351025881096e+18,,43.77818,Entire home/apt,1.0,2026-06-10,1.0,22
Kiki House Porta San Frediano,1.4687285472391683e+18,,43.77030437748992,Entire home/apt,2.0,2023-10-20,1.0,0
APT Celso,1.4652860982374886e+18,,43.7951728,Entire home/apt,120.0,2024-12-31,1.0,0
Cosy apartment in Oltrarno,1.470274513126861e+18,,43.76872,Entire home/apt,31.0,2024-10-02,1.0,0
Pitti exclusive apartment,1.4654255384334106e+18,,43.7655697,Entire home/apt,1.0,2026-05-29,6.0,57
[San Donato] Jewel Apartment,1.4695291056529723e+18,,43.7913058,Entire home/apt,1.0,2026-05-29,23.0,7
Cavour 96 Apartment,1.4626995495990162e+18,,43.781876542948226,Entire home/apt,1.0,2026-01-01,159.0,1
Casa Fiorita in Centro a Firenze,1.4703525033324488e+18,,43.76566,Entire home/apt,2.0,2026-01-03,1.0,12
Charming Apartment,1.4703084330862723e+18,,43.77043968434745,Entire home/apt,1.0,2025-08-18,2.0,1
"Bright Studio 
near Duomo and Orto Botanico",1.4671631316187374e+18,,43.77993181166603,Entire home/apt,1.0,2026-06-21,1.0,45
Little Apartment in San Lorenzo,1.462813600762926e+18,,43.77538,Entire home/apt,1.0,2026-06-06,6.0,45
GuestHost - Stibbert & Statuto Elegant Apartment,1.4671577548808717e+18,,43.79087,Entire home/apt,1.0,2026-06-01,102.0,13
Terratetto con giardino privato la Serra Sognante,1.4630264156750008e+18,,43.7924319,Entire home/apt,1.0,2026-05-29,1.0,8
Alexa's rooms Historic room,1.4638655882772314e+18,,43.78232550000001,Private room,1.0,2026-06-26,1.0,152
Bilocale con giardino recintato,1.4703548690586017e+18,,43.79807,Entire home/apt,2.0,2024-06-16,2.0,0
"B&B di Francesco, Stanza suite 3",1.4625273029868593e+18,,43.774127712009694,Private room,1.0,2025-09-14,7.0,1
"Large Luxury 4BR Apt in Florence, Steps to Duomo",1.4669435752210563e+18,,43.7719356,Entire home/apt,2.0,2026-06-13,1.0,11
Charme Oltrarno & Private Patio,1.470355131911876e+18,,43.773098817481376,Entire home/apt,2.0,2026-06-12,1.0,5
Romantic Oltrarno Loft,1.4625809647980347e+18,,43.76843033327161,Entire home/apt,2.0,2026-06-07,1.0,32
Grandma's house,1.4627103191796756e+18,,43.7875789,Entire home/apt,2.0,2026-01-31,1.0,1
Deluxe Junior Suite - Le Torri by Dimora Collectio,1.462700516751073e+18,,43.7711038,Entire home/apt,1.0,2025-11-02,14.0,6
Stanza privata attico centro storico,1.4656190809884052e+18,,43.7737563,Private room,2.0,2026-06-16,1.0,34
Vicolo Dell'oro 2 Ponte Vecchio,1.4628406137666588e+18,,43.7686173,Entire home/apt,1.0,2026-05-19,21.0,38
Servi 39,1.4626995495990162e+18,,43.7746836528273,Entire home/apt,1.0,2024-08-13,159.0,0
Gelsomino - Sweet Dreams in Florence,1.465579628809493e+18,,43.756027,Entire home/apt,31.0,2023-07-17,86.0,0
Floral Florence ~ Colorful Gem in Historic Center!,1.462672535770519e+18,,43.78083686738572,Entire home/apt,1.0,2026-06-20,1.0,58
Casa Macci - Santa Croce,1.4630017364827735e+18,,43.7693776,Entire home/apt,2.0,2025-01-04,4.0,0
Authentic Florence Living with Local Expertise,1.4628731598951841e+18,,43.77549,Entire home/apt,2.0,2026-06-14,32.0,12
Monolocale Studio terrazzo e AC,1.4703548690586017e+18,,43.79841,Entire home/apt,2.0,2024-08-30,2.0,0
La casina di Claire,1.4625212671817697e+18,,43.76999204341792,Entire home/apt,2.0,2026-06-19,1.0,53
San Donato apartment,1.4628723356351741e+18,,43.78887,Entire home/apt,2.0,2026-01-02,2.0,1
"600 metri dal Duomo, appartamento al piano terra",1.465625426947476e+18,,43.77488,Entire home/apt,1.0,2026-06-24,1.0,52
[Dante Alighieri Sweet Home] 5 min to Signoria s.,1.470350160883494e+18,,43.7709572,Entire home/apt,2.0,2026-06-21,6.0,32
(1 minute from the Uffizi) Signoria Charme,1.470245909321182e+18,,43.7694273,Entire home/apt,1.0,2026-06-21,4.0,61
Velluti Apartment,1.4626995495990162e+18,,43.7670284695394,Entire home/apt,1.0,2025-10-06,159.0,4
House of Medusa - Room 2,1.4703584634424358e+18,,43.7720714425093,Private room,2.0,2023-09-30,3.0,0
Terrace Suite Ponte Vecchio,1.4625294930544479e+18,,43.767464538426914,Entire home/apt,1.0,2026-06-11,23.0,18
"Casa de' Bianchi, Santa Croce",1.4636940877930783e+18,,43.7692615,Entire home/apt,1.0,2026-06-18,4.0,29
Sweet Living Santa Croce,1.4653008448789542e+18,,43.77052,Entire home/apt,2.0,2026-06-23,21.0,54
DUOMO - Green House,1.4630103732336305e+18,,43.7876109,Entire home/apt,1.0,2026-06-22,1.0,101
Esther’s home E in Firenze,1.4655219192585994e+18,,43.78115,Private room,1.0,2026-06-09,5.0,9
Campo di Marte - Bright Apartment Free Parking,1.4701442999182925e+18,,43.7823646,Entire home/apt,31.0,2026-05-10,5.0,3
Macci’s design apartment,1.4658906660575424e+18,,43.7684711,Entire home/apt,2.0,2026-06-13,2.0,51
Porcellana street apartment,1.4703611897231954e+18,,43.7729889,Entire home/apt,2.0,2026-01-02,1.0,14
Lemon House,1.462614046757687e+18,,43.78271817253675,Entire home/apt,1.0,2025-08-16,1.0,2
9 [Ponte Vecchio-Uffizi] Boutique Loft di design,1.4669441618093537e+18,,43.77012,Entire home/apt,2.0,2025-10-04,9.0,12
[Petrarca Sweet Home] 5 min to Porta Romana,1.470350160883494e+18,,43.7647023,Entire home/apt,2.0,2026-06-18,6.0,25
Chic Terrace Apt in Santo Spirito,1.4703618701770422e+18,,43.7656061,Entire home/apt,2.0,2026-05-30,1.0,39
Presidential Penthouse - 3bed/3bath Just Renovated,1.462700516751073e+18,,43.77192,Entire home/apt,31.0,2023-07-17,14.0,0
Vigna nuova 2 Bedroom Apartment,1.4702538975846848e+18,,43.7711003,Entire home/apt,2.0,2026-05-09,4.0,18
Modern Apartment in Florence’s Oltrarno,1.4652768910222756e+18,,43.768,Entire home/apt,2.0,2026-06-26,3.0,24
[San Frediano] Modern and stylish apartment,1.4635015572442058e+18,,43.7711326,Entire home/apt,1.0,2026-06-19,36.0,55
Urban Neri Uffizi Apartment,1.463036998228925e+18,,43.7683386,Entire home/apt,1.0,2026-06-20,2.0,38
Stylish Renovated Apt Near Center – Easy Access,1.4689606340229962e+18,,43.7838673,Entire home/apt,2.0,2026-06-18,3.0,59
Borgo Pinti with Frescoes,1.469324486921359e+18,,43.7731957,Entire home/apt,3.0,2026-05-25,55.0,1
MOON-Luxury Suite Aries [PVT bathroom-10 min SMN],1.4638363993318505e+18,,43.78463,Private room,1.0,2026-06-11,21.0,20
Servi 7A,1.4686982020396887e+18,,43.7745685865297,Entire home/apt,2.0,2026-06-18,64.0,11
Comfy flat behind Duomo,1.4628983015375828e+18,,43.7751418,Entire home/apt,1.0,2026-06-25,1.0,13
Modern & Spacious Retreat w/ Charming Exposed,1.4625461753782756e+18,,43.77208915604433,Entire home/apt,4.0,2026-06-20,8.0,17
"Miriam Casa Firenze, intero appartamento",1.470364272278782e+18,,43.7933392,Entire home/apt,2.0,2024-01-24,1.0,0
La Terrazza Fiorentina,1.4695765141796268e+18,,43.7806782690415,Entire home/apt,2.0,2026-06-06,2.0,40
Smart Private Room in Florence,1.4657615837035763e+18,,43.81026423021806,Private room,3.0,2025-10-08,1.0,3
The Florentine Nest - a 90mt da Piazza Santa Croce,1.4703661807640576e+18,,43.769161537949174,Entire home/apt,2.0,2025-10-06,1.0,1
Station Family Apartment by Mamo Florence,1.4626390518884895e+18,,43.7765858,Entire home/apt,1.0,2026-06-12,197.0,34
"Limonaia on the hills, garden, park, fit for bike",1.4627919342162122e+18,,43.745856,Entire home/apt,1.0,2026-05-06,15.0,4
The nest just outside the walls,1.4703667916601946e+18,,43.7704932,Entire home/apt,2.0,2026-06-25,1.0,15
Brand New Charming Apartment Gioberti,1.4698146466468764e+18,,43.7700921,Entire home/apt,1.0,2026-06-24,1.0,28
[Duomo] Living Terrace Apartment,1.4695291056529723e+18,,43.7767113,Entire home/apt,1.0,2026-06-19,23.0,26
Borgo Art Apartment By MMega,1.4626271213019407e+18,,43.76881356304183,Entire home/apt,1.0,2026-05-23,259.0,12
A&G - Relaxing Ristori Apartment,1.4629465489584914e+18,,43.780993049116766,Entire home/apt,2.0,2026-06-12,5.0,19
[Aeroporto] Cozy Apartment,1.4695291056529723e+18,,43.7940241,Entire home/apt,2.0,2025-09-20,23.0,3
You can buy design world,1.4629727856461117e+18,,43.77295546309022,Entire home/apt,1.0,2026-05-31,3.0,6
Alloggio Giole - Firenze centro,1.470337424828336e+18,,43.78740380867265,Entire home/apt,2.0,2026-06-15,2.0,47
casa di Nora,1.4689501922828214e+18,,43.81631369999999,Entire home/apt,2.0,2026-06-02,1.0,7
Poggio Imperiale House,1.4697838123938755e+18,,43.75745285931786,Entire home/apt,1.0,2026-06-13,1.0,6
Penthouse Midori,1.4658067990691116e+18,,43.78242,Entire home/apt,2.0,2026-06-19,58.0,30
Appartamento Giole - Firenze Centro,1.470337424828336e+18,,43.78706,Entire home/apt,2.0,2026-06-21,2.0,41
Osteria del Guanto By MMega,1.4626271213019407e+18,,43.76908,Entire home/apt,1.0,2026-06-03,259.0,9
Il Giglio Bianco,1.4699696792029412e+18,,43.7701608,Entire home/apt,1.0,2024-10-15,5.0,0
Central 1 bedroom apartment in the city center,1.468498271241803e+18,,43.77669,Entire home/apt,1.0,2026-03-21,13.0,1
Charming loggia,1.4628833729035041e+18,,43.7737789,Entire home/apt,2.0,2026-06-12,1.0,15
Design Apartment in the Heart of Florence,1.4626748215775887e+18,,43.7733556,Entire home/apt,2.0,2026-06-06,2.0,39
Suite Raffaello,1.4698751051130962e+18,,43.7748176,Entire home/apt,2.0,2026-06-12,9.0,54
La casa di Remo Ground-floor with a patio,1.4681778452459203e+18,,43.76757736453142,Entire home/apt,1.0,2026-04-09,46.0,8
Romana 4 Bedrooms with Garden,1.462625585543148e+18,,43.76248745908717,Entire home/apt,2.0,2024-06-09,37.0,0
Wine Apartments Florence Montepulciano,1.4627648749364001e+18,,43.7695601,Entire home/apt,1.0,2025-11-21,44.0,1
Pitti Palace awesome apartment,1.465684710822741e+18,,43.76291006445052,Entire home/apt,1.0,2026-05-31,2.0,18
Spritz Apartment by Mamo Florence,1.4626390518884895e+18,,43.76964,Entire home/apt,1.0,2024-11-22,197.0,0
Suite: Cozy Apartment in the Heart of Florence,1.4634497490561172e+18,,43.7767966,Entire home/apt,1.0,2024-08-11,3.0,0
Il Biancone,1.470373818352829e+18,,43.76867298615489,Entire home/apt,2.0,2026-06-11,1.0,8
Magnoli 2 Bedroom Apartment,1.462625585543148e+18,,43.76661,Entire home/apt,2.0,2025-12-30,37.0,5
Centro Storico Firenze S.Croce,1.4703739678575101e+18,,43.7674,Entire home/apt,3.0,,2.0,0
The Signoria Luxury | APT 7 - Perseo | Glamorous,1.4703739588947635e+18,,43.7700103,Entire home/apt,1.0,2026-06-12,11.0,6
Buondelmonti Studio,1.470366832294672e+18,,43.77000275899176,Entire home/apt,2.0,2026-05-30,2.0,35
The Signoria Luxury | APT 9 Marzocco | Superb View,1.4703739588947635e+18,,43.77001,Entire home/apt,1.0,2026-06-05,11.0,16
Big apartment near Piazza Santo Spirito,1.4630546590197005e+18,,43.76710537249814,Entire home/apt,2.0,2025-08-11,11.0,3
YD Lamarmora luxury contemporary,1.462988130311036e+18,,43.78281444008952,Entire home/apt,1.0,2026-06-01,80.0,7
The Signoria Luxury | APT 10 Giuditta | Dream 1BR,1.4703739588947635e+18,,43.7700103,Entire home/apt,1.0,2026-06-12,11.0,27
Pepi Modern & Bright Apt + AC,1.4702038477118525e+18,,43.77381881841352,Entire home/apt,1.0,2026-06-19,3.0,37
San Gallo inn Trebbiano,1.469534420414424e+18,,43.78233,Entire home/apt,1.0,2025-08-18,47.0,2
Ema's house in the heart of Florence!,1.4629311687098668e+18,,43.76916,Entire home/apt,2.0,2025-09-30,1.0,1
Cozy room in Florence center,1.4637741051779482e+18,,43.77816175247566,Private room,31.0,2025-11-13,5.0,2
Luxury Designer Apartment,1.470350160883494e+18,,43.77822013482625,Entire home/apt,2.0,2026-06-15,6.0,29
Ognissanti Flat By MMega,1.4626271213019407e+18,,43.77237,Entire home/apt,1.0,2026-06-18,259.0,10
Suite Gesuina,1.4698751051130962e+18,,43.7748176,Entire home/apt,2.0,2026-06-09,9.0,45
2 Bedrooms Apartment Dolcevita,1.4635944391141967e+18,,43.78482,Entire home/apt,1.0,2026-06-17,2.0,17
Florence Journey ~ Santa Maria Novella Plaza,1.46303277930222e+18,,43.7744826,Entire home/apt,2.0,2026-06-01,3.0,31
Santa Reparata Modern,1.468738776251287e+18,,43.7814016,Entire home/apt,2.0,,4.0,0
Camera su terrazza vicino Centro,1.4668398968673928e+18,,43.7734045692555,Private room,31.0,2023-10-28,8.0,0
Faenza 91 Apartament,1.4626995495990162e+18,,43.7785013895055,Entire home/apt,1.0,2026-05-25,159.0,2
Scuderie 4 | Villa Carobbi Apt,1.4701987398179932e+18,,43.798591526563065,Entire home/apt,2.0,2025-10-17,9.0,2
Oltrarno Suite,1.4694551569378038e+18,,43.761537502720905,Entire home/apt,1.0,2026-06-20,3.0,39
Antico Pozzo 3 | Villa Carobbi Apt,1.4701987398179932e+18,,43.798787677567496,Entire home/apt,2.0,2026-04-05,9.0,2
Limonaia 2 | Villa Carobbi Apt,1.4701987398179932e+18,,43.79854548097101,Entire home/apt,2.0,2025-07-16,9.0,1
The Chianti Rooster - free parking area,1.462577067420354e+18,,43.7367655,Entire home/apt,1.0,2025-03-22,18.0,0
Tuscany Charm #Firenze,1.4630298056338944e+18,,43.76997149305405,Entire home/apt,1.0,2026-04-06,1.0,1
open the door,1.4637129779939837e+18,,43.7773626,Entire home/apt,2.0,2025-04-28,2.0,0
Cozy central studio apartment,1.470380202270057e+18,,43.7686172,Private room,31.0,2024-01-01,1.0,0
Appartamento Firenze centro Suite Verrocchio,1.4703053911075085e+18,,43.77486096066572,Entire home/apt,1.0,2026-06-23,2.0,40
Charming Green Oasis in the Heart of Florence,1.4630848248232323e+18,,43.77687363113401,Entire home/apt,1.0,2025-10-07,12.0,1
Marzocco - Sweet Dreams in Florence,1.465579628809493e+18,,43.78920882355787,Entire home/apt,31.0,2024-09-12,86.0,0
Large and bright apartment in Florence with A/C,1.470282307403955e+18,,43.7377,Entire home/apt,3.0,2025-09-30,1.0,1
[Fortezza] Comfort Apartment,1.4695291056529723e+18,,43.79225168395151,Entire home/apt,2.0,2024-09-15,23.0,0
Camera Mercato Centrale,1.4654782478830344e+18,,43.77606,Entire home/apt,1.0,2025-09-07,2.0,1
Un balcone sull'Arno III,1.4631521343481805e+18,,43.7638377,Private room,2.0,2026-06-20,3.0,25
Casa Giannina,1.4694791302640302e+18,,43.76563793222536,Entire home/apt,3.0,2026-06-23,1.0,36
"San Gallo
magical 1800",1.4625787674903795e+18,,43.7830756,Entire home/apt,1.0,2026-06-11,12.0,29
Residenza San Lorenzo - Room 4,1.4625115071325087e+18,,43.776884,Private room,2.0,2026-06-06,22.0,27
The green house in Santo Spirito,1.4699044535400653e+18,,43.7662595,Entire home/apt,2.0,2026-06-08,2.0,29
House on the Roof - Florence Dolce Vita,1.4638623584396344e+18,,43.7717012035684,Entire home/apt,1.0,2026-06-02,13.0,1
Stanza comfort Firenze Terrazza,1.4631908315187e+18,,43.78737014897715,Private room,7.0,2025-09-10,4.0,3
Ariento David 1 bdr San Lorenzo,1.4625339288517727e+18,,43.77476,Entire home/apt,3.0,,103.0,0
Ariento Eva 1bdr San Lorenzo,1.4625339288517727e+18,,43.77449,Entire home/apt,3.0,,103.0,0
Ariento Vittoria 1bd San Lorenzo,1.4625339288517727e+18,,43.77642,Entire home/apt,3.0,2025-06-14,103.0,0
City center + WI-Fi+ Tv 65+ Netflix,1.4701857103786842e+18,,43.77013,Entire home/apt,1.0,2026-06-21,1.0,92
La Quiete e il Vino 10,1.4703846798502659e+18,,43.7775712,Entire home/apt,31.0,2024-09-25,2.0,0
Bright Flat by Arno River – Walk Everywhere,1.4628564814992796e+18,,43.7685964,Entire home/apt,1.0,2025-08-10,35.0,3
Ariento Bacco 3bdr San Lorenzo,1.4625339288517727e+18,,43.77438599358356,Entire home/apt,3.0,,103.0,0
Vanni Apartment by Mamo Florence,1.4703860562549501e+18,,43.7746932,Entire home/apt,31.0,2025-08-30,1.0,7
Ariento Primavera San Lorenzo,1.4625339288517727e+18,,43.77663,Entire home/apt,3.0,2025-08-19,103.0,1
Esther’s room H in Firenze,1.4655219192585994e+18,,43.78055540549843,Shared room,1.0,2026-06-12,5.0,2
Betty Florence Charming Modern Apartment,1.4631634459091185e+18,,43.776459,Entire home/apt,2.0,2026-05-27,27.0,3
Fekry house whit private parking,1.4703810686936604e+18,,43.79842,Entire home/apt,2.0,2026-01-03,1.0,3
Terrazza Rebecca con vista Duomo,1.4626345059502743e+18,,43.772266559102576,Entire home/apt,1.0,2026-06-20,12.0,30
Casa Patrizia - Loft moderno vicino al centro,1.4682118283922301e+18,,43.78726770172113,Entire home/apt,1.0,2026-06-17,1.0,6
"Lupi, 1br renovated apartment by halldis",1.469840452530337e+18,,43.76631089712385,Entire home/apt,2.0,2025-08-24,29.0,1
GuestHost - La Corte del Re Florence Apartment,1.4671577548808717e+18,,43.7873947,Entire home/apt,1.0,2026-06-24,102.0,13
4 Bedrooms +4 Bathrooms+ LIFT | Novella Boutique,1.4672310893897925e+18,,43.7717074,Entire home/apt,1.0,2026-06-06,7.0,30
A casa dello zio-Rooms with a view,1.4703904142153718e+18,,43.771730795299575,Entire home/apt,1.0,2026-06-10,1.0,29
"Pearl of florence, lovely 2br apartment near duomo",1.469840452530337e+18,,43.780451673978064,Entire home/apt,2.0,2025-10-06,29.0,2
CASA IVH BNB—Standard Double Room,1.4703905632380378e+18,,43.7806601385173,Private room,1.0,2023-10-12,4.0,0
CASA IVH BNB—Superior Double Room,1.4703905632380378e+18,,43.78073759999999,Private room,1.0,2023-10-05,4.0,0
Angelico 3 Bedrooms By MMega,1.4626271213019407e+18,,43.76759,Entire home/apt,1.0,2026-05-31,259.0,9
"Firenze
Ampia camera doppia",1.4691990197262034e+18,,43.7960638,Private room,31.0,,1.0,0
Suite 08,1.470379549312491e+18,,43.7615769,Entire home/apt,2.0,2025-10-12,1.0,1
Romantico appartamento con vista Ponte Vecchio,1.4672763341111741e+18,,43.766423,Entire home/apt,2.0,2026-06-21,2.0,41
Ginori 29 double,1.4626995495990162e+18,,43.776249737668,Entire home/apt,1.0,2025-09-10,159.0,1
ADG Apartment 97,1.4683261840966318e+18,,43.77730755933613,Entire home/apt,1.0,2026-06-11,2.0,63
CASA IVH BNB—Superior Double or Twin Room,1.4703905632380378e+18,,43.78073759999999,Private room,1.0,2023-09-21,4.0,0
Santo Spirito Roof Terrace,1.4690456176040643e+18,,43.7653989,Entire home/apt,1.0,2026-05-25,2.0,31
Cozy Apartment on Lungarno  401 [0301a],1.462828081430339e+18,,43.7665606,Entire home/apt,2.0,2026-06-01,8.0,6
Un'Oasi di Storia e di Eleganza,1.4684110965792783e+18,,43.7703852,Entire home/apt,1.0,2026-06-24,2.0,34
Elegant Centrally-Located Suite in Florence,1.4703953345595067e+18,,43.78503,Entire home/apt,3.0,2026-06-21,1.0,22
Ponte Vecchio Elegant Apartment,1.462625585543148e+18,,43.76715,Entire home/apt,2.0,2025-06-09,37.0,0
Garden & SPA -FlorArt Boutique Apartment,1.4703955236792586e+18,,43.78270089068748,Entire home/apt,1.0,2026-06-26,1.0,75
Elegant Apartments with Ponte Vecchio View [0302],1.462828081430339e+18,,43.7665606,Entire home/apt,2.0,2026-05-29,8.0,1
Il Nido - romantica Torretta panoramica [0300],1.462828081430339e+18,,43.7665606,Entire home/apt,2.0,2026-06-06,8.0,14
"Appartamento - ""Casa Babette""",1.4629855524437635e+18,,43.76992,Entire home/apt,1.0,2026-05-02,4.0,10
Leonardo da Vinci - Casa Babette,1.4629855524437635e+18,,43.76906749402478,Private room,1.0,2024-09-14,4.0,0
"Michelangelo - ""Casa Babette""",1.4629855524437635e+18,,43.769402932491566,Private room,1.0,2024-06-02,4.0,0
Cozy attic close to the center,1.4681922294241958e+18,,43.78929,Entire home/apt,31.0,,1.0,0
Studio w/ Balcony near Palazzo Pitti - 3 min Walk,1.4701994571950244e+18,,43.76603,Entire home/apt,1.0,2026-02-26,4.0,20
Fully Equipped 1 Bedroom Apt. near Palazzo Pitti,1.4701994571950244e+18,,43.76765,Entire home/apt,1.0,2026-06-09,4.0,15
La Quiete e il Vino 09,1.4703846798502659e+18,,43.77703122487841,Entire home/apt,31.0,2024-04-28,2.0,0
[*MyLOFT Firenze*] Lux Wi-fi Netflix DUOMO 20min,1.4702575416541827e+18,,43.7824515,Entire home/apt,1.0,2026-06-06,1.0,10
Quiet Urban Nook - Hidden Florence - A/C,1.4703985212869862e+18,,43.7870221,Entire home/apt,1.0,2026-06-19,1.0,24
Loft in the historic center | interno 1,1.463081071618776e+18,,43.77134147932736,Entire home/apt,2.0,,5.0,0
Panzani Green,1.4691321978716974e+18,,43.77252,Entire home/apt,1.0,2026-06-17,4.0,23
Capponi Deluxe Apartment,1.4670822434946514e+18,,43.7796034,Entire home/apt,1.0,2025-09-12,127.0,1
La Torretta - Tintori Apt,1.4625286177973742e+18,,43.76960700000001,Entire home/apt,1.0,2026-06-19,10.0,26
Luxury apartment with views in center of Florence,1.463067326426655e+18,,43.7800317,Entire home/apt,3.0,2026-06-13,1.0,17
Matto Apartment,1.4667639292627566e+18,,43.77248153433444,Entire home/apt,1.0,2026-06-19,14.0,49
Montebello Studio By MMega,1.4626271213019407e+18,,43.77391571755839,Entire home/apt,1.0,2026-06-20,259.0,4
GoldenFlorence 3 rooms Very near to center Parking,1.469904123237169e+18,,43.76836998663738,Entire home/apt,2.0,2026-06-20,1.0,32
MOON - Luxury Suite Libra [10 min to SMN],1.4638363993318505e+18,,43.78505,Private room,28.0,2024-10-06,21.0,0
Appartamento Firenze Novoli,1.4655612455396058e+18,,43.7927,Entire home/apt,1.0,2026-06-24,1.0,49
NEW Luxury 3-bedroom & 4-bathroom @ Duomo,1.4629746219864732e+18,,43.77493655259133,Entire home/apt,1.0,2026-06-10,4.0,46
•  Cuore  Fiorentino  •,1.4704029176665444e+18,,43.7662518,Entire home/apt,1.0,2026-06-11,1.0,46
Tulipano · Elegant & Refined | by Acacia®,1.4625121549969098e+18,,43.7675418,Entire home/apt,2.0,2026-05-26,29.0,3
Bilocale Campo di Marte: Il Tuo Rifugio Fiorentino,1.4701757852750523e+18,,43.7788,Entire home/apt,1.0,2026-06-26,1.0,33
Modern Apartment in in Libertà -Fortezza da Basso,1.4703076441015432e+18,,43.784378,Entire home/apt,2.0,2026-06-16,7.0,23
Ottima posizione,1.4656398158932675e+18,,43.77526,Entire home/apt,1.0,2023-11-12,1.0,0
Modern Loft 2pax- Ponte Vecchio,1.4670787214781212e+18,,43.76992509999999,Entire home/apt,1.0,2026-05-28,9.0,16
Pitti Sweet House,1.468222349683796e+18,,43.76619,Entire home/apt,1.0,2026-06-18,2.0,79
Loft Al Duomo,1.4704050732852995e+18,,43.77400551873967,Entire home/apt,2.0,2026-06-19,1.0,13
Residenza Vasariano,1.465811687305323e+18,,43.77278268315834,Entire home/apt,1.0,2026-06-12,1.0,36
Michelangelo~suite,1.470406174180346e+18,,43.7593884,Entire home/apt,31.0,2023-10-03,1.0,0
Appartamento Firenze centro storico con giardino,1.4635029169867395e+18,,43.7731214871881,Entire home/apt,1.0,2025-06-23,1.0,0
Palazzo Del Pugliese | Master Suite,1.4656942344051361e+18,,43.76910783521934,Entire home/apt,2.0,2026-06-05,2.0,14
Suite Mercato near Santa Maria Novella,1.4631906152761452e+18,,43.7759922443291,Entire home/apt,2.0,2026-06-12,4.0,23
"Alluring view on Grand Hotel S.Frediano , frescos",1.462538815449368e+18,,43.77050141013069,Entire home/apt,3.0,2026-06-18,1.0,22
A casa di Eve,1.4631372872514422e+18,,43.7736491,Private room,2.0,2026-06-27,1.0,14
Centro Storico appartamento{Le Calle},1.470408107224144e+18,,43.7804105,Entire home/apt,3.0,2026-06-13,1.0,16
Piccola Suite in Borgo Pinti,1.4625195868151212e+18,,43.7726266,Entire home/apt,3.0,2026-06-06,10.0,38
Near David di Michelangelo,1.4698387751660716e+18,,43.77910725323227,Entire home/apt,2.0,2025-07-24,1.0,2
The Artists' Atelier,1.4702109580319462e+18,,43.77890845565947,Entire home/apt,2.0,2026-06-20,5.0,50
Tower Suite n° 5,1.4625431484370888e+18,,43.76861961751821,Entire home/apt,1.0,2026-06-26,1.0,30
incanto fiorentino,1.4695470207129917e+18,,43.776034252086944,Entire home/apt,2.0,2026-05-31,5.0,1
Casetta dell'Ischio,1.4704095889108518e+18,,43.7690692,Entire home/apt,2.0,2026-06-14,1.0,18
NH Florence - Brunelleschi View Suite,1.470369337282611e+18,,43.77207809999999,Entire home/apt,1.0,2026-04-22,8.0,4
The New GreenDoor Loft Studio,1.4704099924433009e+18,,43.7830384,Entire home/apt,2.0,2024-10-12,1.0,0
Spacious apartment close to the city center,1.4689982699281605e+18,,43.77904052912715,Entire home/apt,31.0,2024-09-22,3.0,0
Ponte Vecchio studio,1.4625787674903795e+18,,43.7662807985642,Entire home/apt,2.0,2026-06-26,12.0,32
Gemme Fiorentine 5 minutes downtown free parking2,1.4683753301515517e+18,,43.8006782,Entire home/apt,2.0,2026-06-12,3.0,19
Relax e classe a due passi dal centro di Firenze,1.4638509211141304e+18,,43.7596248,Entire home/apt,1.0,2026-06-21,1.0,42
Art Escape,1.4658067990691116e+18,,43.771966331831834,Entire home/apt,2.0,2026-06-22,58.0,19
Top Floor Retreat with Terrace & Florence View,1.4628855141420772e+18,,43.768097,Entire home/apt,1.0,2026-06-22,1.0,60
Cozy accomodation Via de' Caccini Florence center,1.4625195868151212e+18,,43.77420379446776,Entire home/apt,2.0,2026-06-12,10.0,29
"""La casina"" a Firenze",1.467177375136143e+18,,43.7685175,Entire home/apt,3.0,2026-04-18,1.0,3
Residenza del Principe,1.4701131472264307e+18,,43.78292200828155,Entire home/apt,1.0,2026-06-10,3.0,29
Great apt in a residential area wt 2 suite rooms,1.4704126393133924e+18,,43.7863912,Entire home/apt,2.0,2024-11-19,2.0,0
Stanza doppia in appartamento con bagno privato,1.4696301064152328e+18,,43.7882,Private room,2.0,2026-06-17,1.0,51
Appartamento Sara,1.4704131251216558e+18,,43.7736168,Entire home/apt,31.0,,1.0,0
Appartamento in Santo Spirito,1.4704132684530867e+18,,43.76539485479458,Entire home/apt,2.0,2026-05-28,1.0,15
Ricasoli-Duomo Typical Florentine Style,1.4704131722679555e+18,,43.77435544525873,Entire home/apt,2.0,2026-06-26,2.0,23
Grant Palagio 1 bedroom in Duomo,1.469324486921359e+18,,43.77395,Entire home/apt,3.0,2026-06-22,55.0,2
Florence Green House,1.4669245794039624e+18,,43.7678163,Private room,3.0,2026-06-22,2.0,24
Bilocale sui tetti,1.4669245794039624e+18,,43.76748,Entire home/apt,1.0,,2.0,0
Faenza 4 cozy Apartment,1.46731088161031e+18,,43.77779,Entire home/apt,1.0,2026-06-23,13.0,30
Luxury Ponte Vecchio Penthouse,1.4703292733025866e+18,,43.76671842801184,Entire home/apt,2.0,2026-06-25,1.0,29
Casa La Porta Rossa,1.4690163154704594e+18,,43.8150679,Entire home/apt,2.0,2023-10-07,1.0,0
"Home ""Elisa & Daniele """,1.470414946590869e+18,,43.783542649504255,Entire home/apt,1.0,2026-06-25,1.0,33
Grande Casa con Vista Mozzafiato Vicina al Centro,1.4629233464431741e+18,,43.77100302569562,Entire home/apt,1.0,2026-06-17,3.0,35
Duomo Charmy -cathedral is just one second,1.4656051433357084e+18,,43.774051,Entire home/apt,1.0,2026-06-12,2.0,42
La Casina di Laura,1.4704130047823992e+18,,43.7680513,Entire home/apt,2.0,2026-06-18,1.0,30
La Perla Del Borgo Apartment,1.4628406137666588e+18,,43.77216906164472,Entire home/apt,1.0,2026-06-13,21.0,49
Apartment overlooking Ponte Vecchio,1.470417123723638e+18,,43.76763027722678,Entire home/apt,3.0,2025-10-12,1.0,3
Borgo La Noce TWO,1.4658067990691116e+18,,43.77689,Entire home/apt,2.0,2026-06-12,58.0,15
Guido Monaco Apartment by Mamo Florence,1.4626390518884895e+18,,43.78208759705995,Entire home/apt,1.0,2026-05-27,197.0,18
Ausonia 3 Firenze,1.4682611087320074e+18,,43.78503,Entire home/apt,2.0,2026-06-22,1.0,33
Cozy and design apartment at Palazzo Strozzi,1.4626622965373123e+18,,43.77126519999999,Entire home/apt,2.0,2026-02-09,1.0,4
single room 1 central (polimoda),1.4627299609657912e+18,,43.77450229999999,Private room,31.0,2026-04-30,5.0,2
Lella&Nando's House [Industrial Style],1.4636541281950543e+18,,43.76989694430513,Entire home/apt,2.0,2026-06-03,1.0,29
Appartamento con grande terrazza in pieno centro,1.4625195868151212e+18,,43.7725489,Entire home/apt,2.0,2026-06-08,10.0,41
ADG Apartment 33,1.4683261840966318e+18,,43.77232115206683,Entire home/apt,1.0,2026-05-28,2.0,82
"2 Suites, 2 Baths & Patio: Perfect City Logistics",1.4638299173697306e+18,,43.786953,Entire home/apt,1.0,2026-06-12,2.0,32
Fiorenza Suite - Florence,1.4700333070912942e+18,,43.7837235,Entire home/apt,1.0,2026-06-22,1.0,44
5-Guest Duomo view Apartment,1.4704204128042998e+18,,43.7744544,Entire home/apt,31.0,,4.0,0
5-Guest Florence's Downtown,1.4704204128042998e+18,,43.7744544,Entire home/apt,31.0,,4.0,0
Beppe's House in Florence,1.469504858537627e+18,,43.768942618662095,Entire home/apt,2.0,2026-05-31,2.0,10
Suite Nobellina – downtown 5 min walk from Duomo,1.4668098373382932e+18,,43.779139626870865,Private room,1.0,2026-06-14,1.0,25
Duomo superlativo Appartamento Design Casa Bacco,1.4625333208688412e+18,,43.77744305586215,Entire home/apt,2.0,2026-06-19,1.0,21
AnnaMaria Apartment - Uffizi Museum & Old Bridge,1.462543896729676e+18,,43.7698476,Entire home/apt,3.0,2026-05-25,1.0,7
Boboli Garden heart of Florence,1.4704213062842847e+18,,43.7619872,Entire home/apt,1.0,2026-06-25,1.0,48
Cozy and Bright Flat - Top Floor with Elevator,1.4625881944065408e+18,,43.78315,Entire home/apt,2.0,2026-06-02,1.0,2
Cinque Passi - Sweet Dreams in Florence,1.465579628809493e+18,,43.771751,Entire home/apt,1.0,2026-05-03,86.0,4
Appartamento in centro a Firenze,1.47042171927136e+18,,43.77473,Entire home/apt,1.0,2026-06-15,1.0,48
Palazzo Borghese 2 Bedroom,1.4703892749153183e+18,,43.7708693,Entire home/apt,2.0,2026-06-16,3.0,25
Ghibellina center and cozy apartment,1.470170701192973e+18,,43.7685,Entire home/apt,5.0,2025-01-01,3.0,0
"Monica’s Sweet Home-Parking,TramT2>center 12 min",1.465470870762672e+18,,43.7913546,Entire home/apt,2.0,2026-06-23,1.0,63
Palazzo Antellesi Giotto Suite,1.4693659158573814e+18,,43.76870276793086,Entire home/apt,3.0,,9.0,0
Soggiorno La Coccinella - Studio Kitchen Belfiore,1.468686554271747e+18,,43.78256145875557,Private room,1.0,2026-04-19,10.0,9
Casa Nora,1.4638721036673866e+18,,43.779895,Entire home/apt,2.0,2026-06-08,1.0,24
Stanza a Firenze con terrazzo parcheggio gratuito,1.4703980034395802e+18,,43.78188,Private room,3.0,2024-06-21,3.0,0
Vigna Nuova Apartment,1.4626995495990162e+18,,43.7711323792735,Entire home/apt,1.0,2025-10-22,159.0,1
Appartamento Toscanella,1.4703667701322954e+18,,43.7665221,Entire home/apt,2.0,,8.0,0
Palazzo Antellesi Donatello Suite,1.4693659158573814e+18,,43.76742946357207,Entire home/apt,3.0,,9.0,0
Palazzo Antellesi Belvedere Suite,1.4693659158573814e+18,,43.769603025605626,Entire home/apt,3.0,,9.0,0
Pepi House in Santa Croce,1.4702769471464026e+18,,43.7693608,Entire home/apt,4.0,2026-05-18,2.0,2
Palazzo Antellesi Miravista Suite,1.4693659158573814e+18,,43.76947,Entire home/apt,3.0,,9.0,0
The real heart of Florence!,1.4654704072274373e+18,,43.7666995,Entire home/apt,2.0,2026-06-18,1.0,11
Tripoli 2 Bedroom Apartment,1.462625585543148e+18,,43.76743,Entire home/apt,31.0,2024-12-26,37.0,0
Santa Croce 2 bedroom,1.4702538975846848e+18,,43.768654,Entire home/apt,3.0,2026-06-15,4.0,21
Maruffi Apartment by Mamo Florence,1.4626390518884895e+18,,43.78558730212833,Entire home/apt,1.0,2024-06-12,197.0,0
3BR • Iconic City Florence • WIFI • Prime Location,1.4626012957157926e+18,,43.7658243,Entire home/apt,3.0,2025-07-09,11.0,1
Florence Vecchietti House,1.4635973558598262e+18,,43.7729633,Entire home/apt,1.0,2026-06-23,7.0,22
Galileo's Garden at Ponte Vecchio,1.469324486921359e+18,,43.7646082,Entire home/apt,1.0,2024-10-27,55.0,0
Vagellai Apartment,1.4626995495990162e+18,,43.7677137,Entire home/apt,1.0,2025-11-03,159.0,8
Niccolini Apartment Florence,1.4704261138092644e+18,,43.7726496,Entire home/apt,2.0,2025-03-17,1.0,0
Relax in Central San Frediano with Garden,1.4687537203061056e+18,,43.76976,Entire home/apt,2.0,2026-06-23,1.0,37
monolocale via Dell'Agnolo,1.465612007602155e+18,,43.76988244119359,Entire home/apt,1.0,2026-06-15,1.0,1
Fine Cosy Suite in Glamorous Santo Spirito. PLUS,1.4627919342162122e+18,,43.7651353,Entire home/apt,1.0,2026-06-14,15.0,11
Un posto tranquillo con giardino,1.4704266941936988e+18,,43.7830115,Entire home/apt,4.0,2026-05-26,1.0,19
Sapiti Modern By MMega,1.4626271213019407e+18,,43.76644,Entire home/apt,1.0,2025-08-19,259.0,2
Fidu Loft-Via dei Servi,1.4704272199541197e+18,,43.7752607,Entire home/apt,2.0,,1.0,0
Santa Croce Bright Apartment,1.4625116067746196e+18,,43.76873,Entire home/apt,2.0,2026-06-04,16.0,25
"Newly renovated Abbey, center",1.4625637761816827e+18,,43.78098599565267,Entire home/apt,1.0,2026-06-22,15.0,45
Monolocale di prestigio,1.4704277116556805e+18,,43.769543842558654,Entire home/apt,31.0,,3.0,0
Appartamento di pregio,1.4704277116556805e+18,,43.77071,Entire home/apt,31.0,,3.0,0
Djanka Apartment Florence,1.4704281934553283e+18,,43.7666045,Entire home/apt,3.0,2026-06-15,1.0,13
Monolocale Firenze Sud,1.4704286475231173e+18,,43.7683205,Entire home/apt,1.0,2026-06-17,1.0,19
Loft Duomo Signoria - Attico vista monumenti,1.470428681921128e+18,,43.7711038,Entire home/apt,1.0,2026-06-26,1.0,54
"Nonna Ines B&B a Porta al Prato, Stanza vezzena",1.4630289208779794e+18,,43.78099,Private room,1.0,2026-06-06,4.0,41
Modern art apartment - Art pieces & eclectic deco,1.463538010453156e+18,,43.77551132244645,Entire home/apt,2.0,2026-06-06,14.0,32
Florence apartment with Panoramic Terrace,1.4704292802026875e+18,,43.7737788,Entire home/apt,1.0,2026-06-24,1.0,51
Numa | Large Room in central Florence,1.47042941816096e+18,,43.76502319999999,Entire home/apt,1.0,2026-06-15,5.0,15
Clemente Apartment,1.4627513958578153e+18,,43.77199,Entire home/apt,3.0,,28.0,0
Monolocale Manager Area Lavoro,1.4704292663113213e+18,,43.79813,Entire home/apt,1.0,,3.0,0
"Numa | 1 Bedroom Duplex with Sofa Bed, no Kitchen",1.47042941816096e+18,,43.76502319999999,Entire home/apt,1.0,2024-08-05,5.0,0
Numa | 2 Bedroom Apartment with Sofa Bed,1.47042941816096e+18,,43.76502319999999,Entire home/apt,1.0,2026-05-17,5.0,2
Homelink - The Key - Deluxe Room Bagno Privato/AC,1.467080518292332e+18,,43.781405601907174,Private room,1.0,2026-06-10,3.0,75
Nel cuore di Firenze in Via San Niccolò,1.4628976955288463e+18,,43.764606,Entire home/apt,1.0,2026-06-21,2.0,41
Tamara Apartment by Mamo Florence,1.4626390518884895e+18,,43.77885,Entire home/apt,1.0,2026-02-01,197.0,3
Charming newly renovated apartment,1.4703024833616942e+18,,43.7693,Entire home/apt,31.0,,1.0,0
"Cappucci, apartment in the hearth of Florence",1.4702682695070781e+18,,43.768993792245865,Entire home/apt,1.0,2026-06-06,2.0,63
Elegant apartment near Accademia - 2 BR 2 BA Lift,1.4626759288630707e+18,,43.7803534,Entire home/apt,1.0,2026-06-24,1.0,37
Casa in corte Gioberti,1.468721111764185e+18,,43.76913,Entire home/apt,2.0,2026-06-20,1.0,30
Carpe Diem,1.470433323603639e+18,,43.78119,Entire home/apt,1.0,2026-06-14,1.0,7
Rucellai Prestige By MMega,1.4626271213019407e+18,,43.77010714465817,Entire home/apt,1.0,2026-06-05,259.0,12
Home Duomo Florence,1.462512315733846e+18,,43.77581233530521,Entire home/apt,1.0,2025-07-12,1.0,1
Charming Two-Person Apartment,1.4631660580975107e+18,,43.7756462,Entire home/apt,3.0,2026-06-04,1.0,8
Apartment Dante's view - 5min from Duomo ,1.4682418279197363e+18,,43.7689511232454,Entire home/apt,1.0,2026-06-12,3.0,7
Melody Apartment by Mamo Florence,1.4626390518884895e+18,,43.76756337058615,Entire home/apt,1.0,2026-03-21,197.0,11
Loft Florence Michelangelo,1.470434669308352e+18,,43.75894,Entire home/apt,3.0,2026-05-16,1.0,25
Civico 5 - Casa Teresa - Nel cuore di Firenze,1.4704350021518633e+18,,43.77536404556498,Entire home/apt,2.0,2026-06-14,1.0,18
Appartamento Redi - San Jacopino,1.465729628671141e+18,,43.785361626753264,Entire home/apt,,2025-04-16,1.0,0
Happy Flat in Florence,1.4629244810547428e+18,,43.77015520497365,Entire home/apt,1.0,2026-06-22,1.0,20
[Pontevecchio] Delizioso e Accogliente Bilocale,1.4635015572442058e+18,,43.7677369,Entire home/apt,1.0,2026-06-21,36.0,37
Seminterrato Brevi Soggiorni,1.4704368204407841e+18,,43.79988,Entire home/apt,2.0,2025-01-17,2.0,0
Pepe Apartment by Mamo Florence,1.4626390518884895e+18,,43.76945,Entire home/apt,1.0,2026-06-12,197.0,33
The Little Castle by Marco,1.4625307471687537e+18,,43.78236865348616,Private room,2.0,2026-06-21,2.0,7
Florence rooftop studio apartment,1.462960945004877e+18,,43.78381960000001,Entire home/apt,1.0,2026-06-18,1.0,20
Secret Flo Boutique Apartment,1.4629916908872973e+18,,43.78478056789884,Entire home/apt,1.0,2026-06-20,3.0,44
New! Santa Caterina Fireplace Sauna Fast Wifi,1.4692156672891622e+18,,43.781912638896394,Entire home/apt,5.0,2026-05-30,1.0,4
Unique Loft in Ponte Vecchio - Loft Vasari,1.470439755166482e+18,,43.767062271476306,Entire home/apt,1.0,2026-06-22,2.0,45
Sunny & Comfy Room with view near the centre,1.4629233464431741e+18,,43.77100302569562,Private room,1.0,2026-06-22,3.0,18
La Giobertina,1.4701402401999296e+18,,43.77002429555708,Entire home/apt,3.0,2026-06-24,2.0,31
2-bedroom apartment in Ponte Vecchio - Cellini,1.470439755166482e+18,,43.76612753170639,Entire home/apt,1.0,2026-06-26,2.0,13
Florence Holiday Homes Casa Belfiore,1.4704414897814636e+18,,43.7881072,Entire home/apt,1.0,2026-06-17,1.0,44
Casa nel cuore Firenze,1.4700257471231132e+18,,43.7668677,Entire home/apt,2.0,2026-06-18,2.0,33
Mini monolocale a Firenze centro,1.462885677646759e+18,,43.782124468808895,Entire home/apt,10.0,2026-04-30,1.0,2
"Quiet, Central, AC, Perfect for Smart Working",1.4654758500324618e+18,,43.76984,Entire home/apt,2.0,2026-06-20,1.0,15
Bronzino 121,1.4704418383700692e+18,,43.77339160183821,Entire home/apt,2.0,2025-10-09,1.0,14
Pretty & peaceful 1BR close to P. Santo Spirito,1.4701960361761818e+18,,43.76748,Entire home/apt,1.0,2025-09-27,5.0,1
Apartment La Perla,1.4703807163819704e+18,,43.77747989236658,Entire home/apt,1.0,2026-06-21,3.0,51
Stanza Cor de Rosa- Firenze,1.465305390229412e+18,,43.76902186578355,Private room,1.0,2026-06-19,2.0,108
Appartamento di Laura,1.4683222404146516e+18,,43.78804,Private room,1.0,2025-10-07,1.0,1
Duomo Apartment1,1.468246927708786e+18,,43.77358,Entire home/apt,1.0,2025-01-01,15.0,0
Yid confortevole con ascensore,1.462988130311036e+18,,43.78459828784579,Entire home/apt,1.0,2025-10-26,80.0,1
Flo Liberta’ Suite-5 min David-AC/WiFi/WasherDryer,1.467020204921528e+18,,43.78505563992433,Entire home/apt,1.0,2026-06-21,2.0,41
luxury central apartment,1.4671248250963863e+18,,43.77739,Entire home/apt,1.0,,5.0,0
confortevole appartamento centro,1.4671248250963863e+18,,43.77739,Entire home/apt,1.0,,5.0,0
Classica Novella By MMega,1.4626271213019407e+18,,43.77208411428493,Entire home/apt,1.0,2026-05-30,259.0,21
"La Dimora del Mercante, Superior suite",1.4704457826223007e+18,,43.77048715368775,Private room,1.0,2026-04-29,3.0,2
Bright and modern accommodation near to the centre,1.55504179422075e+18,,43.7827282,Entire home/apt,1.0,2026-06-22,10.0,57
Roofscape view,1.4655779424609697e+18,,43.774094558152626,Entire home/apt,1.0,2026-05-28,36.0,1
Ponte Vecchio Elegant,1.4670822434946514e+18,,43.7677686,Entire home/apt,1.0,2026-04-06,127.0,4
bellissimo appartamento centrale,1.4671248250963863e+18,,43.77739,Entire home/apt,1.0,,5.0,0
"Cute apartment, Santa Croce",1.4630279017724175e+18,,43.7690629,Entire home/apt,2.0,2024-10-13,6.0,0
Barone 1 City Center 3 pax,1.4703236023005194e+18,,43.77775,Private room,1.0,2026-06-07,2.0,25
Spacious family flat S. Spirito 8 sleeps,1.4681778452459203e+18,,43.768515465006566,Entire home/apt,1.0,2026-06-07,46.0,18
"Cozy apartment, Santa Croce",1.4630279017724175e+18,,43.7690629,Entire home/apt,2.0,2026-05-22,6.0,7
Alloggio vicino al centro con parcheggio gratuito,1.55504179422075e+18,,43.7805049,Entire home/apt,1.0,2026-06-22,10.0,60
Nature’s Retreat Room,1.4704477411283558e+18,,43.787710289377,Private room,1.0,2026-06-16,1.0,43
Fuori le Mura di San Frediano - Flo Apartments,1.4652865101990093e+18,,43.7709108,Entire home/apt,1.0,2026-05-29,26.0,13
Santo Stefano Apartment by Mamo Florence,1.4626390518884895e+18,,43.768788,Entire home/apt,1.0,2026-01-15,197.0,11
UNYCA - Duomo Luxury View [Florence],1.470449032762e+18,,43.7721343,Entire home/apt,1.0,2025-01-11,40.0,0
Ricasoli Terrace with unbeatable view on the Duomo,1.4658067990691116e+18,,43.773926529793755,Entire home/apt,2.0,2026-06-18,58.0,51
Authentic Florentine Home • 2 min da Santa Croce,1.4699072722947538e+18,,43.76941950864142,Entire home/apt,1.0,,11.0,0
Matteotti Apartment by Mamo Florence,1.4626390518884895e+18,,43.78069,Entire home/apt,1.0,2025-12-29,197.0,13
Cozy San Jacopino with balcony,1.469324486921359e+18,,43.78372,Entire home/apt,31.0,,55.0,0
appartamento Pietra Fiorentina,1.4699925527938747e+18,,43.7692501,Entire home/apt,2.0,2026-04-07,2.0,3
Oltrarno Dreaming,1.4670264304888056e+18,,43.76578,Entire home/apt,2.0,2026-06-24,1.0,30
La Casina di Silvia (apartment & terrace) Firenze,1.4625855321728067e+18,,43.79215936434814,Entire home/apt,1.0,2026-04-23,1.0,11
Cittadella 22 Firenze,1.463067306397165e+18,,43.78076650000001,Entire home/apt,2.0,2024-10-14,2.0,0
La Paolina,1.4689953843697147e+18,,43.7973863,Entire home/apt,2.0,2025-10-09,1.0,12
Uffizi apartment,1.462687244144813e+18,,43.76925,Entire home/apt,2.0,2026-06-05,50.0,2
Guest House Donatello 2,1.4702802580859822e+18,,43.7684405,Entire home/apt,31.0,,4.0,0
Casa Botero - Cozy Apartment,1.4634195357546132e+18,,43.7652678202585,Entire home/apt,1.0,2026-06-17,1.0,92
Vigna Nuova Laura by FlorenceHospitality,1.4673009396028552e+18,,43.77135429469318,Entire home/apt,1.0,2026-05-07,16.0,22
"Nido d’amore Centro, Pitti, Visarno, Ultravox",1.4626655053846628e+18,,43.783070825299696,Entire home/apt,2.0,2026-06-07,1.0,36
Ponte Vecchio cozy accomodation,1.4625195868151212e+18,,43.76688,Entire home/apt,2.0,2026-06-20,10.0,40
Beautiful Apartment By Villa Il Mosaico,1.4701524716719634e+18,,43.77315,Private room,2.0,2026-04-08,6.0,6
"Centro storico, lungarno area con parcheggio",1.470438247017222e+18,,43.7713293,Entire home/apt,2.0,2026-06-11,4.0,14
Santa Croce historical apartment,1.4704554065328814e+18,,43.77004273272587,Entire home/apt,1.0,2026-06-24,2.0,76
Santo Spirito Huge Apartment,1.4670822434946514e+18,,43.7667133,Entire home/apt,1.0,2024-06-14,127.0,0
Firenze Smart & Pet-Love: Camera Vicino Tramvia T1,1.4704558097084096e+18,,43.7702295,Private room,2.0,2026-06-12,1.0,27
Monolocale Studio Affari,1.4704561638861548e+18,,43.79816,Entire home/apt,2.0,2026-04-05,2.0,1
"Belf 3 Apartment-in centro, free parking incluso",1.4704563471900961e+18,,43.77914112245518,Entire home/apt,1.0,2026-06-24,1.0,28
Studio MONO Affari,1.4704561638861548e+18,,43.79983144939049,Entire home/apt,2.0,,2.0,0
Casa Bassotti,1.470408631336388e+18,,43.79379790266981,Entire home/apt,2.0,2026-05-31,1.0,17
Super central basic hotel,1.4704576311082813e+18,,43.77522181695901,Private room,31.0,,3.0,0
Modern Art Suite in Florence,1.4626900941255273e+18,,43.7805525,Entire home/apt,1.0,2026-06-24,2.0,9
Casa Michelazzi Apartment Careggi / Dalmazia,1.4704577571012608e+18,,43.80257085130415,Entire home/apt,2.0,2026-06-10,1.0,25
Villa Fiack Florence amazing views,1.465670889825624e+18,,43.788290099999976,Entire home/apt,2.0,2026-05-31,3.0,8
Favoloso Loft con parcheggio gratuito & Wi-Fi,1.4631220878378225e+18,,43.75161324477748,Entire home/apt,3.0,2026-06-14,1.0,22
"""Ponte Vecchio"" - The Tiny Barbadori",1.4658067990691116e+18,,43.7673569,Entire home/apt,2.0,2026-06-16,58.0,25
Jolanda Firenze,1.4701913319504312e+18,,43.78834211000481,Entire home/apt,2.0,2026-06-19,1.0,24
"Design room, nel cuore di Firenze A/C",1.4697587749219732e+18,,43.76803212838584,Private room,1.0,2026-06-19,2.0,35
CasaLory Rent Apartment Florence,1.4704605445068027e+18,,43.77624417258721,Entire home/apt,2.0,2025-08-25,1.0,1
Belfiore stanza privata con AC,1.462513658428019e+18,,43.78226069999999,Private room,1.0,2026-06-07,8.0,26
appartamento appena fuori ZTL e vicino tramvia,1.4683904883136274e+18,,43.7812121,Entire home/apt,3.0,2026-06-07,1.0,19
Bilocale angolo cucinotto Suite,1.4704292663113213e+18,,43.79774,Entire home/apt,2.0,,3.0,0
The Savonarola residence,1.4693783074352673e+18,,43.7821069,Entire home/apt,2.0,2026-05-29,2.0,2
Casa d’Artista,1.468299626980907e+18,,43.7869877,Entire home/apt,2.0,2026-06-06,1.0,23
[Ognissanti] Excelsior 2BR/2BA Apartment,1.4695291056529723e+18,,43.7720829,Entire home/apt,1.0,2026-06-03,23.0,22
Prestigious Accommodation in Piazza Duomo!,1.4704621903209444e+18,,43.77250136802879,Entire home/apt,1.0,2026-06-25,8.0,64
Duomo Design Apartment - (2bdr /2btr),1.4626325575511014e+18,,43.78336621797355,Entire home/apt,3.0,2026-06-19,1.0,16
Sweet Living Signoria,1.4653008448789542e+18,,43.76952707423065,Entire home/apt,2.0,2026-06-22,21.0,68
Aleardi Roof Apartment by Mamo Florence,1.4626390518884895e+18,,43.767435407405266,Entire home/apt,1.0,2026-06-16,197.0,7
Ricasoli 19 B,1.4704628112949007e+18,,43.77516614207675,Entire home/apt,2.0,2026-06-26,3.0,42
Sweet Living Porta al Prato,1.4653008448789542e+18,,43.77970849323221,Entire home/apt,2.0,2026-06-20,21.0,35
Trilocale Via Palazzuolo- Firenze,1.465305390229412e+18,,43.77315,Entire home/apt,1.0,2026-05-21,2.0,25
Easy Florence Suite - 50mt Tram T2,1.4629420295979973e+18,,43.78938323000252,Entire home/apt,5.0,2026-06-21,1.0,7
Golden Renaissance,1.4655779424609697e+18,,43.7780054,Entire home/apt,1.0,2025-09-28,36.0,2
Visitflorentiapartment - BIG Apt,1.4625834875970762e+18,,43.78054,Entire home/apt,1.0,,5.0,0
Comfort Grey by Tinti,1.4671875290070228e+18,,43.7927763,Entire home/apt,1.0,2026-06-05,2.0,26
TRITI bilocale Firenze v. Centro,1.470463703177229e+18,,43.786476950059296,Entire home/apt,31.0,,1.0,0
Petrarca Apartment,1.462687244144813e+18,,43.76505,Entire home/apt,2.0,2026-06-17,50.0,2
Sunshine Apartment,1.462687244144813e+18,,43.77828816186032,Entire home/apt,2.0,2026-05-24,50.0,3
Serragli Suite B,1.462687244144813e+18,,43.76151617153267,Entire home/apt,2.0,2026-06-02,50.0,6
Lovely Campuccio By MMega,1.4626271213019407e+18,,43.76628749207091,Entire home/apt,1.0,2026-06-20,259.0,33
Tuscan Hills Condo View,1.4695574725588529e+18,,43.770391574954665,Entire home/apt,3.0,2026-05-17,1.0,8
GuestHost - The Florentine Rooftop Experience,1.4671577548808717e+18,,43.7668873,Entire home/apt,2.0,2026-06-22,102.0,35
Ariento Monnalisa,1.4625339288517727e+18,,43.77625,Entire home/apt,3.0,2024-06-07,103.0,0
Sweet Living Giglio,1.4704657710149448e+18,,43.7781937565263,Entire home/apt,2.0,2026-06-19,1.0,59
Appartmento Pecchioli,1.470457694664508e+18,,43.77605,Entire home/apt,170.0,2025-06-16,1.0,0
[Piazza Libertà] Apt for 8 Guests - 10' walk Duomo,1.4626034719712845e+18,,43.7843,Entire home/apt,2.0,2026-06-19,1.0,10
Duca Marco-La Dimora degli Affreschi Florence,1.4702873386278538e+18,,43.76851,Entire home/apt,2.0,2026-05-31,11.0,2
Appartamento Cherubini,1.4701160616842263e+18,,43.7805987,Entire home/apt,2.0,2026-06-02,3.0,8
Duomo View with Prime Location (Studio),1.46825461951701e+18,,43.774045,Entire home/apt,1.0,2026-06-24,2.0,62
Terrace Flat near Ponte Vecchio,1.462625585543148e+18,,43.76661,Entire home/apt,31.0,2024-07-21,37.0,0
Bellevue Palazzo Pitti by Interhome,1.467298479177684e+18,,43.76563,Entire home/apt,1.0,2025-05-26,2.0,0
“ArcoSanPierino Suites 1”a solo 5 minuti dal Duomo,1.4684272383840402e+18,,43.771348511965385,Entire home/apt,2.0,2024-10-21,3.0,0
Bright 2 Bedroom Rooftop Apartment in the Center,1.4626245371885737e+18,,43.7697653,Entire home/apt,2.0,2026-06-15,2.0,19
Yid Pietrafitta,1.462988130311036e+18,,43.79893770922667,Entire home/apt,1.0,2024-01-22,80.0,0
La Badessa Apartment by Mamo Florence,1.4626390518884895e+18,,43.77076490238368,Entire home/apt,1.0,2025-08-29,197.0,2
[Piazza Pitti] Luminoso Appartamento con Terrazzo,1.463755097259311e+18,,43.76485,Entire home/apt,1.0,2026-02-24,4.0,6
APT esclusivo nel centro di Firenze,1.462852641552184e+18,,43.768298269484745,Entire home/apt,2.0,2026-06-18,1.0,18
Canto Rivolto - Flo Apartments,1.4652865101990093e+18,,43.7683361,Entire home/apt,1.0,2026-05-28,26.0,15
Room with Terrace and Private Bathroom- Van Gogh,1.462853147121278e+18,,43.77861406516308,Private room,1.0,2025-11-25,8.0,2
Classic Florentine Flat with Garden,1.4695343621741617e+18,,43.7870531,Entire home/apt,1.0,2026-06-15,2.0,48
Casa Giafer80 mq luminoso parch auto a2 pas c.stor,1.4704362221269235e+18,,43.7841477,Entire home/apt,2.0,2026-06-12,1.0,11
The Savonarola apartment,1.4693783074352673e+18,,43.78133635026859,Entire home/apt,2.0,2026-06-21,2.0,10
Torrigiani Corso Dodici,1.4627513958578153e+18,,43.76711,Entire home/apt,3.0,2026-06-19,28.0,5
"Il Nido nel Verde
( La Piccola Nave)",1.470254375841173e+18,,43.7607864,Entire home/apt,1.0,2026-06-21,1.0,29
Bohostay + Patio,1.4654660744685716e+18,,43.7678108956377,Entire home/apt,1.0,2026-06-25,2.0,25
GuestHost - Beccaria & Sant'Ambrogio Lovely Apt,1.4671577548808717e+18,,43.7726012,Entire home/apt,2.0,2026-05-30,102.0,26
Florence San Donato Apartment with parking,1.462788453231625e+18,,43.7917187,Entire home/apt,2.0,2026-05-20,7.0,3
Yid Maroncelli apartment,1.462988130311036e+18,,43.7832884003707,Entire home/apt,1.0,2026-04-08,80.0,4
Pepi Red By MMega,1.4626271213019407e+18,,43.77317,Entire home/apt,30.0,,259.0,0
"B&B di Claudia, Stanza con un letto",1.4670793687982382e+18,,43.78437805175781,Private room,2.0,,4.0,0
Le Robbiane 46,1.470477564872897e+18,,43.7772593,Entire home/apt,2.0,2024-11-26,2.0,0
Casa Ghirlanda vicino Centro,1.4689680984119066e+18,,43.7675375,Entire home/apt,2.0,2024-09-30,1.0,0
Torrigiani Licio Quattro,1.4627513958578153e+18,,43.76564,Entire home/apt,3.0,,28.0,0
[Lovely Apartment with A/C] close to city center,1.4626707931869435e+18,,43.7629829,Entire home/apt,1.0,2026-05-19,4.0,29
Art Apartments Firenze,1.4704749805462597e+18,,43.781624983996174,Entire home/apt,2.0,2024-06-10,1.0,0
"Spazioso Appartamento di Design, Zona Santa Croce",1.4636956762776238e+18,,43.7675418,Entire home/apt,2.0,2026-06-25,1.0,31
"Room private, shared bathroom no kitchen",1.4696798692883236e+18,,43.781331586433154,Private room,1.0,2026-06-24,2.0,65
Pop Art Flat in Florence – Steps from the Tramway,1.462577067420354e+18,,43.7946429,Entire home/apt,1.0,2025-09-20,18.0,2
"Lucy florence charming modern apartment, piazza de",1.4631634459091185e+18,,43.776484,Entire home/apt,3.0,2026-04-12,27.0,9
Oricellai two bedroom apartment,1.4625339288517727e+18,,43.7759,Entire home/apt,3.0,,103.0,0
Casa Leonardo,1.4629886731058783e+18,,43.7809,Entire home/apt,2.0,2024-11-02,19.0,0
Rondinelli Charme Bijoux: eleganza in pieno centro,1.4704646851386332e+18,,43.77321389999999,Entire home/apt,1.0,2026-06-03,1.0,13
"Santa Maria Novella w/ Terrace & Elevator, WiFi AC",1.4628731598951841e+18,,43.7754062,Entire home/apt,2.0,2026-06-21,32.0,41
Mille passi dal centro,1.4669939704385347e+18,,43.77028,Entire home/apt,1.0,2024-12-21,1.0,0
Appartamento Boho chic,1.4638780618349187e+18,,43.78525,Entire home/apt,2.0,2026-06-06,1.0,27
Stanza vicino centro di Firenze,1.4673604994371525e+18,,43.76142,Private room,31.0,2024-04-01,1.0,0
Bilocale cucina sala bagno,1.470479494749183e+18,,43.79896,Entire home/apt,3.0,2026-06-15,3.0,2
Casa di Marte con patium relax,1.4704796277702272e+18,,43.78239749999999,Entire home/apt,1.0,2026-03-22,1.0,7
"Tra Duomo e Torre di Arnolfo, Terrazzino sui Tetti",1.469702048057535e+18,,43.772157620883334,Entire home/apt,1.0,2026-06-08,1.0,68
Elena's Apt with Lodge near Centre - unit T,1.4626415209866778e+18,,43.77957360000001,Entire home/apt,2.0,2024-11-03,2.0,0
Proconsolo 9S,1.4686982020396887e+18,,43.770612928416,Entire home/apt,1.0,2026-06-14,64.0,11
Matteotti 27,1.4704806065237407e+18,,43.78347,Entire home/apt,1.0,,1.0,0
Giotto Palace Large & bright 5 min from the center,1.470481139573722e+18,,43.7688183,Entire home/apt,2.0,2026-05-17,1.0,2
Oro Fine Studio in Residence with Garden & Rooftop,1.4627919342162122e+18,,43.7673241,Entire home/apt,1.0,2026-04-23,15.0,1
Danti Chic,1.4655779424609697e+18,,43.78949,Entire home/apt,1.0,2025-04-23,36.0,0
L'Alcova di Giotto,1.4655779424609697e+18,,43.774045,Entire home/apt,31.0,2025-06-05,36.0,0
"Nonna Ines B&B a Porta al Prato, Stanza rosina",1.4630289208779794e+18,,43.78078658106606,Private room,1.0,2026-06-11,4.0,42
"Nonna Ines B&B a Porta al Prato, Stanza zita",1.4630289208779794e+18,,43.780086517333984,Private room,1.0,2026-06-11,4.0,42
Private double room Accademia Duomo,1.4625682034083615e+18,,43.77831331157845,Private room,1.0,2026-06-24,3.0,71
In Piazza Duomo Exclusive Apartment,1.4704621903209444e+18,,43.772482,Entire home/apt,1.0,2026-06-21,8.0,54
Bilocale comodo e accogliente.,1.4698514743026842e+18,,43.76339208800183,Entire home/apt,2.0,2026-06-15,1.0,10
San Frediano Stile By MMega,1.4626271213019407e+18,,43.7702001269345,Entire home/apt,1.0,2026-06-19,259.0,17
Raffaello By MMega,1.4626271213019407e+18,,43.76910059909053,Entire home/apt,1.0,2026-06-12,259.0,15
Scala Florence 57,1.4699584603857462e+18,,43.774984,Entire home/apt,1.0,2026-06-09,6.0,42
Medicee Exclusive Penthouse,1.4704520574271414e+18,,43.77530606018601,Entire home/apt,1.0,2026-06-14,1.0,41
Appartamento in Torre di antica Villa,1.4704852851329836e+18,,43.7437995791425,Entire home/apt,2.0,2026-06-15,1.0,27
Appartamento Centro Firenze (Piazza Santa Croce),1.4626964122177375e+18,,43.7695624,Entire home/apt,1.0,2026-06-20,1.0,32
FuoriPorta,1.4685131725749627e+18,,43.75790098590696,Entire home/apt,31.0,,1.0,0
Mercati - appartamento a due passi dal centro,1.462902210498232e+18,,43.7949884,Entire home/apt,1.0,2026-06-16,2.0,18
Firenze centro tra Pitti e Santo Spirito,1.4655135309444964e+18,,43.76540660000001,Entire home/apt,2.0,2025-10-23,1.0,1
[Tranvia Federiga] with Double Balcony by Hôtea,1.4706261933306478e+18,,43.7712667,Entire home/apt,2.0,2026-02-17,12.0,4
Ultimo piano a due passi dal centro di Firenze,1.4704876165106437e+18,,43.7759813,Entire home/apt,3.0,2025-06-26,1.0,0
The Lungarno Flat,1.4625103500673539e+18,,43.771109,Entire home/apt,3.0,2026-06-24,11.0,31
Apt S. Maria cerca Jardín Boboli  e Santo Spirito,1.4628564814992796e+18,,43.7648569,Entire home/apt,1.0,2026-05-17,35.0,16
Diladdarno Spirit Suite,1.4704902814237235e+18,,43.76685,Entire home/apt,3.0,2026-06-15,1.0,26
La Limonaia - Sweet Dreams in Florence,1.465579628809493e+18,,43.778762233117824,Entire home/apt,31.0,2025-01-27,86.0,0
IronWood loft,1.4626802402613555e+18,,43.7708843775375,Entire home/apt,31.0,2024-12-30,1.0,0
Charming Penthouse near Duomo,1.4700180978137052e+18,,43.7714146,Entire home/apt,2.0,2026-06-05,1.0,12
Ognissanti Romantic Suite,1.4669388100518083e+18,,43.77364,Entire home/apt,1.0,2026-01-01,17.0,1
Ponte Vecchio - Luxury Appartment - Town Center,1.4683363902943798e+18,,43.76636604624146,Entire home/apt,3.0,2026-05-07,2.0,8
Monolocale rustico toscano - La Tartaruga,1.4702210420704049e+18,,43.77125474747108,Entire home/apt,1.0,2026-06-21,1.0,8
Sant' Ambrogio Feeling,1.463092875279635e+18,,43.7714465,Entire home/apt,2.0,2026-06-25,1.0,33
Nazionale Dream Apartment,1.462644225183241e+18,,43.77669694081463,Entire home/apt,1.0,2026-06-05,2.0,10
Costa dei Magnoli Cosy Apartment,1.4627014060949996e+18,,43.7661334,Entire home/apt,2.0,2026-06-18,13.0,36
Delux Apartament Florence,1.4694570125955238e+18,,43.7844302,Entire home/apt,1.0,2025-05-31,2.0,0
Holiday Home - Campo di Marte [vicino al centro],1.4626130696693952e+18,,43.77100673524717,Entire home/apt,1.0,2026-06-18,2.0,95
Dimora il Magnifico,1.465512568687447e+18,,43.78369652897887,Entire home/apt,1.0,2026-06-07,1.0,5
Appartamento 105mq Savonarola,1.4702491719577403e+18,,43.7817766,Entire home/apt,2.0,2024-08-21,1.0,0
Brand new 3-BR apt 3 minute walk by the Duomo,1.4692153419510075e+18,,43.77228,Entire home/apt,1.0,2024-10-01,15.0,0
Monolocale a San Niccolò,1.4625464745370685e+18,,43.76485,Entire home/apt,2.0,,13.0,0
MDR Number Six Suites 2 Bedrooms 2 Bathrooms,1.462764521992158e+18,,43.77898354412166,Entire home/apt,1.0,2026-06-23,35.0,58
Jungle mood suite,1.4631498218437018e+18,,43.7709543,Entire home/apt,2.0,2026-06-03,2.0,28
San Frediano Charming Apartment,1.4670822434946514e+18,,43.76635839094635,Entire home/apt,31.0,2024-08-14,127.0,0
Tuscan charm among the Florentine alleys,1.4704978651737009e+18,,43.7720261,Entire home/apt,2.0,2026-06-21,2.0,31
Apartment with panoramic terrace in Oltrarno area,1.4704892155798856e+18,,43.765245229167355,Entire home/apt,4.0,2026-06-08,1.0,13
Elegant stylish & sparking apt in the city center,1.4704381286801408e+18,,43.7771352,Entire home/apt,2.0,2026-06-23,5.0,63
Cozy Oltrarno retreat with florentine charm,1.4652768910222756e+18,,43.7687879,Entire home/apt,2.0,2026-06-20,3.0,15
[Le Ruote in Florence] Cozy Apt steps from Duomo,1.4625828430907133e+18,,43.7808996,Entire home/apt,2.0,2026-06-09,3.0,3
Your Vibrant Retreat in Piazza Santo Spirito,1.470499581316285e+18,,43.76508,Entire home/apt,1.0,2026-06-11,2.0,10
San Frediano Suite,1.4704996696190428e+18,,43.76946509805768,Entire home/apt,2.0,2026-06-22,1.0,55
Ponte Vecchio Cozy Studio,1.4699307818450191e+18,,43.76744042179987,Entire home/apt,2.0,2026-06-19,1.0,46
Mezzo 24 IV,1.4686982020396887e+18,,43.7721711800029,Entire home/apt,2.0,2025-08-16,64.0,4
A Happy Home!,1.470299721083404e+18,,43.80168,Entire home/apt,3.0,2025-08-27,1.0,1
-20% (Center 5 Min) 120smq + Big Rooms + Patio,1.470412103099741e+18,,43.78501129727331,Entire home/apt,1.0,2026-06-19,1.0,28
Casa Augustita - in the Heart of Florence,1.4705008596127204e+18,,43.776620853893014,Entire home/apt,2.0,2026-06-26,1.0,25
Roomy and cozy apartment in Santo Spirito,1.470501273833163e+18,,43.7667565,Entire home/apt,2.0,2026-06-16,1.0,38
Traditional Florentine 1BR apt,1.4630546590197005e+18,,43.770459650730146,Entire home/apt,1.0,2025-12-23,11.0,2
Sweetly Home Design Apartment Central Florence,1.4705013996437238e+18,,43.7762708,Entire home/apt,2.0,2026-05-21,2.0,4
Modern Studio close to Ponte Vecchio,1.4628531192283446e+18,,43.76652,Entire home/apt,2.0,2025-05-04,11.0,0
Pitti Cactus Apartment,1.4627014060949996e+18,,43.767168484760504,Entire home/apt,2.0,2026-06-20,13.0,39
"Lovely, spacious, newly renovated one bedroom flat",1.4693844515550333e+18,,43.79858,Entire home/apt,31.0,2026-05-03,1.0,4
Giusti 30,1.4626995495990162e+18,,43.7769104454241,Entire home/apt,1.0,2026-06-02,159.0,7
Cosy Santa Croce Apartment,1.462687244144813e+18,,43.76715421911065,Entire home/apt,1.0,2026-05-27,50.0,22
Rifugio d'Élite su Piazza del Duomo,1.4704621903209444e+18,,43.7713,Entire home/apt,1.0,2026-06-22,8.0,58
Fabulous 3bd apartment in the heart of Florence,1.4682471161023872e+18,,43.77294276605101,Entire home/apt,2.0,2026-06-10,1.0,15
"B&B di Livia breakfast, Suite superior",1.4627410916044152e+18,,43.78053953966317,Private room,2.0,,4.0,0
"Holidey House Bellini,49",1.4628816592556782e+18,,43.7864633,Entire home/apt,1.0,2026-06-22,4.0,51
"Suite & Terrace
Firenze panorama",1.4704137789343913e+18,,43.76874436604247,Entire home/apt,1.0,2026-05-17,1.0,29
Attico 25 Firenze,1.4627674874860452e+18,,43.77393906571444,Entire home/apt,2.0,2026-06-15,1.0,23
"Michelangelo's Suite, Firenze",1.468292492405945e+18,,43.76910242671624,Entire home/apt,1.0,2026-06-15,2.0,21
Raffaelli Rooms Travel Florence & cls San Frediano,1.4628731598951841e+18,,43.7763385,Entire home/apt,2.0,2026-05-25,32.0,26
Il Nido dell'Airone,1.4655019545920392e+18,,43.73526,Entire home/apt,1.0,2026-06-25,1.0,50
Appartamento a Novoli.,1.4705006866060936e+18,,43.80197930185972,Entire home/apt,31.0,,1.0,0
Loft Casa EGLi,1.4630082996326303e+18,,43.77108,Entire home/apt,2.0,2026-05-30,1.0,5
Palazzo Borghese Studio Terrace,1.4703892749153183e+18,,43.7708693,Entire home/apt,3.0,2026-05-23,3.0,8
Le Antiche Mura in San Niccolò,1.4705048151595428e+18,,43.76347519999999,Entire home/apt,2.0,2026-02-15,1.0,7
Coluccio Studio Apartment,1.4698751051130962e+18,,43.76166596292075,Entire home/apt,2.0,2026-06-07,9.0,40
Peaceful New Penthouse with Panoramic Terrace,1.4702459425032916e+18,,43.7725649,Entire home/apt,1.0,2026-06-18,4.0,40
Apartment Lim1939,1.4658067990691116e+18,,43.78448915634213,Entire home/apt,2.0,2026-05-23,58.0,3
Keys of Italy -La casa di Niccolò- 2Bdr by S.Croce,1.4632560235621256e+18,,43.7689972,Entire home/apt,1.0,2026-06-12,64.0,58
Tintori Art Loft,1.4655779424609697e+18,,43.7675418,Entire home/apt,31.0,2024-05-24,36.0,0
GuestHost - Il Covo di Camillo Charming Flat,1.4671577548808717e+18,,43.77602599999999,Entire home/apt,1.0,2026-06-16,102.0,52
"Ukiyo, Stanza con due letti",1.4690588812739904e+18,,43.7777882,Entire home/apt,1.0,2026-06-18,3.0,36
Casa di Rebecca Near City Center,1.4705048431227753e+18,,43.7866162,Entire home/apt,2.0,2025-06-24,1.0,0
[SMN] Boutique 2BR • Terrace • Center Florence,1.4629873363092662e+18,,43.7819125,Entire home/apt,2.0,2026-05-29,9.0,27
Sunny and renovated 2-BR near the Duomo & Station,1.4692153419510075e+18,,43.77697,Entire home/apt,1.0,2026-06-09,15.0,8
Industrial Pop House,1.4702517369936445e+18,,43.778879313276434,Entire home/apt,1.0,2026-06-23,1.0,19
Holiday Home - 6 posti letto,1.4626130696693952e+18,,43.76890377727722,Entire home/apt,1.0,2024-06-16,2.0,0
Vista mozzafiato sull’Arno,1.4656891422005135e+18,,43.7663777,Entire home/apt,1.0,2024-09-22,1.0,0
Firenze Buckley Premium,1.470506434369425e+18,,43.774792881498534,Entire home/apt,2.0,2025-05-22,7.0,0
Iris nel centro storico,1.4669327715205394e+18,,43.774668213405704,Entire home/apt,3.0,2026-06-23,2.0,23
Porta al Prato Home Design Near the Station S.M.N,1.4705069028902336e+18,,43.77859912023574,Entire home/apt,1.0,2026-06-15,1.0,57
Taddea Garden Terrace - Italian Nights Collection,1.4627054192253555e+18,,43.77558,Entire home/apt,1.0,2026-05-23,9.0,27
Puccini Elegant Apartment With Terrace,1.4625114121213542e+18,,43.771988,Entire home/apt,1.0,2026-05-22,26.0,9
"Casa D'Azeglio   Centro, Silenzioso e Signorile",1.470507927706913e+18,,43.7750861,Entire home/apt,2.0,2026-06-18,1.0,18
带外部私人浴室的双人间,1.4635505999156972e+18,,43.775,Private room,31.0,2024-08-18,1.0,0
Firenze Buckley Suite,1.470506434369425e+18,,43.77581,Entire home/apt,2.0,2025-05-25,7.0,0
Firenze Buckley Prestige Residence,1.470506434369425e+18,,43.77394,Entire home/apt,2.0,2025-09-06,7.0,2
Firenze Pepi Private Garden & Jacuzzi,1.470506434369425e+18,,43.77219,Entire home/apt,2.0,2025-06-29,7.0,0
Keys of Italy -Ghib 80 Big- Trilo comodo e ampio,1.4632560235621256e+18,,43.7700493,Entire home/apt,1.0,2026-06-02,64.0,34
Studio Orticoltura garden,1.4705088653424044e+18,,43.7870657,Entire home/apt,3.0,2026-06-20,1.0,9
Elegant Suite close to SMN Station & Duomo,1.4692153419510075e+18,,43.77271730640309,Entire home/apt,2.0,2025-11-28,15.0,11
Mirra Fine Studio in Residence Garden & Rooftop,1.4627919342162122e+18,,43.7673241,Entire home/apt,1.0,2025-06-09,15.0,0
Domus Giorgio 1600's Suite with Garden and Rooftop,1.4627919342162122e+18,,43.7673241,Entire home/apt,1.0,2024-05-24,15.0,0
Keys of Italy -MudivaMasai TOT - by Train Station,1.4632560235621256e+18,,43.7742191,Entire home/apt,1.0,2025-06-25,64.0,0
La Casa di Benedetta + Parking!,1.4687449467631393e+18,,43.7703657,Entire home/apt,1.0,2026-05-28,1.0,53
Suite Faenza 8,1.4699584603857462e+18,,43.77586799625493,Entire home/apt,1.0,2026-06-27,6.0,49
Numa | 1 Bedroom Duplex Apartment with Sofa Bed,1.4705098864342958e+18,,43.766849,Entire home/apt,1.0,2024-05-01,7.0,0
Numa | 3 Bedroom Duplex Apartment with Sofa Bed,1.4705098864342958e+18,,43.766849,Entire home/apt,1.0,2026-06-20,7.0,12
Numa | 2 Bedroom Apartment w/ Terrace & Sofa Bed,1.4705098864342958e+18,,43.766849,Entire home/apt,1.0,2025-09-15,7.0,1
River Rooftop ~ Private Parking & Pet's Journeys,1.4705099879364526e+18,,43.7636925,Entire home/apt,2.0,2026-06-05,1.0,19
"[DUOMO] Artistic Suite Historic Palace, A/C, WIFI",1.4697069927326116e+18,,43.7713103,Entire home/apt,1.0,2026-06-23,3.0,57
"Casale dei cento Acri, Stanza matrimoniale deluxe.",1.4701273716991373e+18,,43.75849533081055,Private room,1.0,2026-02-21,9.0,3
"Casale dei cento Acri, Stanza tripla deluxe 1",1.4701273716991373e+18,,43.75849533081055,Private room,1.0,2024-06-03,9.0,0
"Casale dei cento Acri, Stanza quadrupla deluxe",1.4701273716991373e+18,,43.75849533081055,Private room,1.0,2026-06-12,9.0,4
"Casale dei cento Acri, Stanza matrimoniale deluxe.",1.4701273716991373e+18,,43.75849533081055,Private room,1.0,2024-04-28,9.0,0
"Casale dei cento Acri, Stanza matrimoniale deluxe.",1.4701273716991373e+18,,43.75932,Private room,1.0,2026-03-16,9.0,2
"Casale dei cento Acri, Stanza matrimoniale deluxe.",1.4701273716991373e+18,,43.75906,Private room,1.0,2026-02-27,9.0,1
Pilati37,1.4704526738371254e+18,,43.7685812,Entire home/apt,3.0,2026-06-16,2.0,5
Florence Rock Apartment,1.468242790753057e+18,,43.809583422157424,Entire home/apt,3.0,2025-04-15,1.0,0
Contemporary Ceramic Apartment,1.4654683498765821e+18,,43.76639556117157,Entire home/apt,1.0,2026-05-17,1.0,3
Casa Costanza,1.4626369835483228e+18,,43.78757315609727,Entire home/apt,2.0,2026-05-24,4.0,24
NEW! Ghirlandaio Garden 61,1.4692923743017482e+18,,43.76996364809008,Entire home/apt,1.0,2026-06-06,1.0,15
Ponte alle Mosse APT - Dolcevita Holiday,1.4630276797484099e+18,,43.7801232,Entire home/apt,1.0,2026-05-31,5.0,5
C4-Best located tiny house,1.4705118782553244e+18,,43.775731,Entire home/apt,1.0,2026-06-08,1.0,25
La casa (T),1.4691488690181614e+18,,43.77892,Private room,31.0,2024-05-29,3.0,0
Lovely Guelfa Courtyard,1.4625339288517727e+18,,43.7773,Entire home/apt,3.0,2024-08-12,103.0,0
Little flat by Ponte Vecchio - Cozy and Central,1.463645205460758e+18,,43.76885837569693,Entire home/apt,1.0,2026-06-14,2.0,28
L'angolino Firenze | Your Tiny House in Florence,1.4695120183612022e+18,,43.76906453292188,Entire home/apt,2.0,2026-06-19,1.0,26
( tornabuoni) tornabuoni apartment,1.470513091396283e+18,,43.77164,Entire home/apt,2.0,2026-06-15,1.0,20
Buondelmonti Rooftop,1.470366832294672e+18,,43.7699524,Entire home/apt,2.0,2026-06-17,2.0,34
LuVi House - Sweet Dreams in Florence,1.465579628809493e+18,,43.7696759,Entire home/apt,1.0,2025-08-30,86.0,1
Lomi Home,1.4638607763668884e+18,,43.7593927,Entire home/apt,2.0,2026-06-18,1.0,32
appartamento da sogno con vista. centro storico,1.4703800582681254e+18,,43.782722721389646,Entire home/apt,1.0,2026-06-18,9.0,41
Piazza Signoria Breathtaking View,1.470514037460961e+18,,43.7700182,Entire home/apt,2.0,2026-06-05,2.0,38
Romantic Apartment in Florence,1.46669200565046e+18,,43.7835962,Entire home/apt,2.0,2025-05-17,1.0,0
Florence Rooftop Retreat,1.4703830033636908e+18,,43.78692,Entire home/apt,2.0,2026-06-10,1.0,13
Roby Apartment in centro 3 camere da letto 3 bagni,1.470612560455061e+18,,43.7819125,Entire home/apt,2.0,2026-06-10,2.0,34
Homelink De' Medici - Deluxe Room,1.470514967076875e+18,,43.77034216094684,Private room,1.0,2026-06-02,2.0,46
Santa Croce Luxury Suite by DH,1.4630276797484099e+18,,43.76940604553917,Entire home/apt,1.0,2026-06-11,5.0,33
Villa Dante,1.4627513958578153e+18,,43.78942,Entire home/apt,1.0,,28.0,0
Rinascimento Giraldi scan QR in photo darkroom,1.4628509221283372e+18,,43.7714453,Entire home/apt,1.0,2026-06-20,5.0,53
[6 tram stops to Center] San Donato Apartment,1.4695291056529723e+18,,43.7887947,Entire home/apt,1.0,2025-09-10,23.0,4
Top Studio apartment w/ Terrace - Centro Storico,1.4705156179723907e+18,,43.76879110724374,Entire home/apt,2.0,2026-06-02,3.0,5
Old Sweet Florence- Art Apartment,1.4680799762071895e+18,,43.778616689201634,Entire home/apt,1.0,2026-06-17,2.0,85
Vanni 1 private apartment Firenze,1.4705158422244257e+18,,43.77400412003867,Private room,2.0,2026-06-25,2.0,15
"splendida matrimoniale in centro, bagno A/C",1.4703800582681254e+18,,43.7827186,Private room,2.0,2025-04-27,9.0,0
camera accogliente con bagno in centro storico,1.4703800582681254e+18,,43.7827186,Private room,2.0,2026-06-03,9.0,3
Flower House - Oltrarno Collection,1.470516087550191e+18,,43.75999,Entire home/apt,1.0,2026-05-18,1.0,10
Top Floor&Elevator 'Charming' Studio Ponte Vecchio,1.4656254077782638e+18,,43.76744664061425,Entire home/apt,1.0,2026-06-13,3.0,66
Two cozy peaceful bedrooms,1.4627958618739446e+18,,43.76948669999999,Private room,3.0,2026-06-04,13.0,1
Villa Tortorelli con Piscina - Suite con vasca,1.4627141726346086e+18,,43.77572876821791,Private room,1.0,,7.0,0
"Patty""s house",1.4704977252815706e+18,,43.797385,Entire home/apt,3.0,2026-06-22,1.0,7
Panzani 13,1.4626995495990162e+18,,43.7741673335453,Entire home/apt,1.0,2024-10-11,159.0,0
Terracielo Firenze Isolotto Park,1.4637198306084787e+18,,43.7761657,Entire home/apt,1.0,2026-06-18,2.0,7
The Real Florence: 1700s Home with Fresco 3 Beds,1.46388208278955e+18,,43.7888464,Entire home/apt,2.0,2026-06-21,1.0,14
Comfort A/C & Wi-Fi • 10 min' Firenze Station,1.4656655877836698e+18,,43.78323,Entire home/apt,1.0,2025-06-24,1.0,0
Loft 42 By MMega,1.4626271213019407e+18,,43.77042205043384,Entire home/apt,1.0,2026-06-06,259.0,8
Villa Tortorelli - Suite Famigliare con Piscina,1.4627141726346086e+18,,43.77453,Private room,1.0,,7.0,0
Buonincontro apartment casa con 2 camere da letto,1.4705174209106278e+18,,43.80200142645699,Entire home/apt,1.0,,1.0,0
Casa Tosca,1.466996067567764e+18,,43.76255678122742,Entire home/apt,1.0,2026-06-09,1.0,72
Pazzi penthouse by geco vacation rentals,1.4631634459091185e+18,,43.7716,Entire home/apt,1.0,2026-06-10,27.0,17
Riverside Retreat by FlorenceHospitality,1.4673009396028552e+18,,43.7678138,Entire home/apt,1.0,2026-05-31,16.0,37
Florence Garden Suite Duomo,1.4625589775636042e+18,,43.77642789999999,Entire home/apt,2.0,2026-06-13,1.0,8
Oasis within iconic city center Room 2,1.4700111116469947e+18,,43.7681,Private room,1.0,2024-10-29,5.0,0
"Santarosa Rooms, Stanza doppia standard 1",1.4628179715981007e+18,,43.7716281,Private room,2.0,2026-03-17,19.0,3
Luxury apt,1.4668945849141394e+18,,43.7848,Entire home/apt,1.0,,1.0,0
Oasis in the center of Florence Room 4,1.4700111116469947e+18,,43.76824,Private room,1.0,2025-05-25,5.0,0
Casa Ilaria,1.4628723356351741e+18,,43.7847512,Entire home/apt,2.0,2024-06-20,2.0,0
Romantic Novella By MMega,1.4626271213019407e+18,,43.77361,Entire home/apt,1.0,2026-06-11,259.0,13
"Santarosa Rooms, Stanza tripla superiore 3",1.4628179715981007e+18,,43.771629333496094,Private room,2.0,2024-10-05,19.0,0
Aleardi Apartment with private parking,1.4705194862440763e+18,,43.76808459113762,Entire home/apt,2.0,2026-06-25,1.0,52
Dante Apartment by FlorenceHospitality,1.4673009396028552e+18,,43.7864633,Entire home/apt,2.0,2026-05-09,16.0,2
Situato in posizione strategica,1.4705160915519337e+18,,43.79741680983816,Entire home/apt,1.0,,1.0,0
La Farina Sweet Home,1.4704670064224358e+18,,43.77842,Entire home/apt,2.0,2026-06-15,10.0,20
Garden Villa for Groups – Central Florence Base,1.4700838087901317e+18,,43.78635,Entire home/apt,1.0,2026-05-19,1.0,4
YiD vintage accogliente 2 bedrooms,1.462988130311036e+18,,43.77052288263177,Entire home/apt,1.0,2026-06-08,80.0,14
Venere Apartment,1.4654668068548042e+18,,43.79449458815036,Entire home/apt,1.0,2026-06-15,2.0,2
Appartamento vista Boboli,1.4701627851382618e+18,,43.766439390557274,Entire home/apt,3.0,2025-10-18,1.0,10
matrimoniale e singolo  parcheggio gratis,1.4703980034395802e+18,,43.7836,Private room,3.0,2024-06-16,3.0,0
Borgo Pinti Living,1.4670822434946514e+18,,43.77316,Entire home/apt,1.0,2024-03-31,127.0,0
Burella 4rooms 4bathrooms in the heart of Florence,1.4693262147900183e+18,,43.769969,Entire home/apt,1.0,2026-06-10,1.0,74
Authentic Florence in historic center,1.4655068455499471e+18,,43.77024673506578,Entire home/apt,31.0,2024-05-06,1.0,0
Brunelleschi Apartment,1.469998646177477e+18,,43.7722631,Entire home/apt,1.0,2026-06-17,6.0,79
Casa Casamorata,1.4705218521006436e+18,,43.7954701,Entire home/apt,2.0,2025-06-25,1.0,0
"Apartment Santa Maria, ""The Florentine Charm""",1.4704181954878725e+18,,43.7739661,Entire home/apt,3.0,2026-06-08,2.0,12
Santo Spirito casina de Lili,1.4682275448687304e+18,,43.765933875581666,Entire home/apt,2.0,2026-06-06,10.0,41
Il Giglio,1.4700683571209006e+18,,43.77628634182179,Entire home/apt,1.0,2025-11-29,1.0,11
La Limonaia della Torretta,1.465419112402053e+18,,43.80800713559764,Entire home/apt,2.0,2026-06-17,1.0,10
Queen House/Netflix/Sauna gratuita/vicino stazione,1.4705226676792842e+18,,43.78156,Entire home/apt,1.0,2026-06-19,2.0,92
Vivi Firenze nel relax residenziale,1.4705227468631265e+18,,43.796998252321686,Entire home/apt,2.0,2025-07-27,1.0,3
Casa Zamia By MMega,1.4626271213019407e+18,,43.7675653,Entire home/apt,1.0,2026-06-13,259.0,5
Apt Mercato Centrale San Lorenzo,1.4705235873074248e+18,,43.77707056980019,Entire home/apt,2.0,2026-06-06,3.0,36
Cozy corner under Piazzale Michelangelo,1.4625817364913495e+18,,43.7631859,Entire home/apt,1.0,2026-06-23,4.0,20
[Lungarno] Panoramic apartment,1.4695291056529723e+18,,43.76216,Entire home/apt,1.0,2026-06-19,23.0,23
La Dimora Nova Florence,1.4702873386278538e+18,,43.76811,Entire home/apt,2.0,2026-06-19,11.0,8
"Le stanze di Caterina, French room",1.4694671734357632e+18,,43.77286770409048,Private room,1.0,2026-06-14,3.0,27
Magnolia 84 Apt vista cortile + vicino aeroporto,1.4667670970169162e+18,,43.79429626750654,Entire home/apt,1.0,2026-06-17,1.0,52
La casa bella,1.4691488690181614e+18,,43.77263,Entire home/apt,31.0,,3.0,0
Meliana - Sweet Dreams in Florence,1.465579628809493e+18,,43.792794,Entire home/apt,1.0,2025-10-31,86.0,1
Pratellino Florence Apartment,1.4631403477761298e+18,,43.78269,Entire home/apt,2.0,2026-05-20,4.0,3
Alla Limonaia: exclusive loft with jacuzzi,1.4638667487243095e+18,,43.76755077623127,Entire home/apt,2.0,2026-06-21,1.0,61
Boutique Hotel Borgo BHB27,1.462988130311036e+18,,43.7728936,Private room,31.0,,80.0,0
Ponte Vecchio Room,1.470522056963939e+18,,43.774249,Private room,2.0,2026-06-03,6.0,34
Piazza Della Signoria Room,1.470522056963939e+18,,43.774249,Private room,2.0,2026-06-06,6.0,27
Exclusive Loft degli Artisti,1.4634036589510456e+18,,43.75101887938513,Entire home/apt,1.0,2026-01-26,1.0,3
15 min Ponte Vecchio - Oltrarno Luxury Apartment,1.4638695803371208e+18,,43.7716726,Entire home/apt,1.0,2026-05-12,3.0,2
On the Roof of CityCenter,1.46274438580165e+18,,43.776668163707114,Entire home/apt,31.0,2025-01-06,1.0,0
Tintori 1st floor loft in the heart of the city,1.4681778452459203e+18,,43.76861,Entire home/apt,1.0,2026-06-07,46.0,24
Acheni Apartment,1.4879864765908756e+18,,43.77024617137735,Entire home/apt,2.0,2026-06-19,1.0,32
GuestHost - Gioberti Cozy Apartment with Terrace,1.4671577548808717e+18,,43.7700921,Entire home/apt,1.0,2026-06-25,102.0,32
Moon - Curato nido nel quartiere San Frediano,1.4628445493603617e+18,,43.76948,Entire home/apt,1.0,2026-05-30,1.0,7
Superior 2-level Studio with view of Florence,1.4694685815095252e+18,,43.77789,Entire home/apt,1.0,2024-04-10,4.0,0
Superior 2-level studio in the city center,1.4694685815095252e+18,,43.77789,Entire home/apt,1.0,2024-08-27,4.0,0
Viola's courtyard,1.466927093367927e+18,,43.7661123,Entire home/apt,2.0,2026-05-17,6.0,3
Apartment in Villa - Private Parking and Terrace,1.462698017980141e+18,,43.75100992635906,Entire home/apt,2.0,2026-06-07,1.0,9
Residenza Proconsolo-1 minute from Dome,1.4702623771317637e+18,,43.7718535,Entire home/apt,1.0,2026-06-02,7.0,30
"Sant'Ambrogio Guest House, Stanza con letto queen.",1.4627013503949348e+18,,43.77265133854122,Private room,1.0,2026-06-13,3.0,52
La Casa di Luca e Benedetta,1.4705247788706952e+18,,43.78624,Entire home/apt,2.0,2026-06-22,1.0,11
Palazzo Benci with river view,1.4627685989414874e+18,,43.7668843,Entire home/apt,31.0,,46.0,0
Great Apartment at the Duomo,1.4686102060472e+18,,43.77399986527027,Entire home/apt,1.0,2025-06-26,4.0,0
Gaddi By MMega,1.4626271213019407e+18,,43.77218,Entire home/apt,1.0,2026-06-14,259.0,4
Balcone sul Verde - Sweet Dreams in Florence,1.465579628809493e+18,,43.7809378,Entire home/apt,1.0,2026-02-09,86.0,1
Magenta Apartment,1.4658057024845353e+18,,43.77708,Entire home/apt,3.0,2025-10-14,16.0,4
Next Stop Duomo,1.470047176735357e+18,,43.774921402202395,Entire home/apt,2.0,,1.0,0
Dante Alighieri Birthplace. Duomo view. A.C & lift,1.463750965119561e+18,,43.771367031785786,Entire home/apt,1.0,2026-05-28,5.0,30
Good Hope Apartment Relaxing in Florence,1.4630355622370383e+18,,43.7694133,Entire home/apt,1.0,2026-06-11,1.0,22
Pepi Comfort Apartment,1.469534420414424e+18,,43.7728628,Entire home/apt,1.0,,47.0,0
Toscanella Comfort Apartment,1.4670822434946514e+18,,43.7672678,Entire home/apt,1.0,2026-05-18,127.0,8
Guicciardini  old - Firenze,1.4625969323297958e+18,,43.76880363112935,Entire home/apt,1.0,2026-06-14,8.0,29
Nordic Comfort Terrace Apartment • WiFi Parking,1.46550125584059e+18,,43.799067,Entire home/apt,2.0,2026-06-09,1.0,25
Tucano - Sweet Dreams in Florence,1.465579628809493e+18,,43.79606964677981,Entire home/apt,1.0,2025-10-11,86.0,2
Pavone - Sweet Dreams in Florence,1.465579628809493e+18,,43.7961316,Entire home/apt,1.0,2026-05-31,86.0,5
Appartamento  Florence Arno d' Argento,1.4638809613381501e+18,,43.77382178767617,Entire home/apt,1.0,2026-06-22,3.0,65
New! central design apartment,1.4705298954828828e+18,,43.7785873,Entire home/apt,1.0,2026-06-13,2.0,83
Florence Oltrarno Relax,1.4631025023529254e+18,,43.77053859999999,Entire home/apt,2.0,2026-06-18,4.0,37
Lory’s House,1.462767203347116e+18,,43.7697955,Entire home/apt,2.0,2025-09-03,6.0,1
Luxury Duplex Apartment Scarlatti Florence,1.4700708700081405e+18,,43.7813767458674,Entire home/apt,1.0,2026-05-26,11.0,7
"Casa Spadi, with lovely relaxing garden",1.468369252956916e+18,,43.77482,Entire home/apt,1.0,2025-10-22,7.0,1
Mazzei Apartment Florence – Romantic Retreat,1.4625432409051205e+18,,43.76030129999999,Entire home/apt,1.0,2026-06-17,1.0,53
Terme Studio by Halldis,1.469840452530337e+18,,43.7693,Entire home/apt,2.0,2025-11-01,29.0,1
"Thiago, lovely 1 br contemporary style flat by hal",1.469840452530337e+18,,43.76588,Entire home/apt,2.0,2024-07-24,29.0,0
Fossi - Flo Apartments,1.4652865101990093e+18,,43.77126,Entire home/apt,1.0,2026-06-22,26.0,16
Casetta Antonia (Accogliente vicino al Centro),1.4705310842884672e+18,,43.782276,Entire home/apt,2.0,2026-06-18,1.0,8
Gavinana apartment well served area,1.4627867581161126e+18,,43.75927181197541,Entire home/apt,3.0,2026-06-01,1.0,13
[20 Minutes Ponte Vecchio] Lovely Apartment,1.4683135075571684e+18,,43.766989,Entire home/apt,1.0,2026-04-29,1.0,12
Terrace on Ponte Vecchio scan QR in photo darkroom,1.4628509221283372e+18,,43.76739117527415,Entire home/apt,1.0,2026-06-13,5.0,47
Piume - Sweet Dreams in Florence,1.465579628809493e+18,,43.7961316,Entire home/apt,1.0,,86.0,0
Centro firenze Poggio Imperiale boutique home,1.462904343880815e+18,,43.7506257,Entire home/apt,2.0,,1.0,0
Top Floor Apartment with Elevator - Fantastic View,1.4669973348478956e+18,,43.77858724345032,Entire home/apt,2.0,2026-05-07,1.0,24
[Centro Storico] - 5 minuti dalla Stazione SMN,1.4638378736845542e+18,,43.773963495937295,Entire home/apt,31.0,2024-11-01,5.0,0
Brunelleschi Santo Spirito,1.4625339288517727e+18,,43.7666712,Entire home/apt,3.0,,103.0,0
Ariento Giuditta 2 bdr,1.4625339288517727e+18,,43.7755141,Entire home/apt,3.0,,103.0,0
Casa Nunzia,1.4702783212906401e+18,,43.76060485459467,Entire home/apt,31.0,,1.0,0
Firenze centro Poggetto White House,1.4671388003611581e+18,,43.79426685357856,Entire home/apt,1.0,,1.0,0
"Spacious in Santa Croce, in Florence Beating Heart",1.465423829837483e+18,,43.76930203122866,Entire home/apt,1.0,2026-06-22,10.0,59
Novoli Chic: Cuore di Firenze,1.4705334171025418e+18,,43.79741904386243,Entire home/apt,2.0,2025-06-01,1.0,0
The Color house in Florence,1.46731088161031e+18,,43.767665667123325,Entire home/apt,2.0,2026-06-18,13.0,20
Divina Commedia Luxury home: elevator and A.C,1.463750965119561e+18,,43.77146,Entire home/apt,1.0,2026-05-31,5.0,30
Sui tetti di Chiasso Perduto (Garage organizzato),1.462706031679236e+18,,43.76779,Entire home/apt,1.0,2026-06-20,5.0,59
Santo Spirito cozy apartment,1.4705340823223793e+18,,43.7665657,Entire home/apt,2.0,2026-06-12,1.0,7
Aleardi Bice Apartment by Mamo Florence,1.4626390518884895e+18,,43.7687,Entire home/apt,1.0,2026-03-07,197.0,11
Gianfranco - city center apt,1.4682191133462518e+18,,43.77234,Entire home/apt,2.0,2024-06-18,6.0,0
Palazzi Rossi room,1.470522056963939e+18,,43.79596,Private room,1.0,2026-06-05,6.0,45
Stanza San Niccolò,1.4705350411235763e+18,,43.7636103,Private room,2.0,2026-06-22,1.0,34
Casa degli Scacchi,1.4625787674903795e+18,,43.78613421514366,Entire home/apt,2.0,2026-06-17,12.0,29
grande appartamento centro 6 posti con terrazza,1.4703800582681254e+18,,43.78324,Entire home/apt,1.0,2024-07-07,9.0,0
Quaint 2-BR outside ZTL,1.468498271241803e+18,,43.78479122792629,Entire home/apt,2.0,2025-10-27,13.0,2
Luxury Suites Piazza Signoria/C1,1.4705311844083174e+18,,43.76987039999999,Private room,1.0,,7.0,0
Luxury Suites Piazza Signoria/C3,1.4705311844083174e+18,,43.76987039999999,Private room,1.0,2026-01-18,7.0,1
Luxury Suites Piazza Signoria/C6,1.4705311844083174e+18,,43.76987039999999,Private room,1.0,2024-05-25,7.0,0
Charme Of Santa Croce,1.4637768305794332e+18,,43.77141,Entire home/apt,1.0,2026-06-19,24.0,28
"TOP: 3 BT, 3 BD, 2 KIT, A.C and elevetor",1.463750965119561e+18,,43.77235,Entire home/apt,1.0,2026-06-04,5.0,1
Contessina de Bardi PonteVecchio,1.462661312531639e+18,,43.7666676,Entire home/apt,3.0,2026-06-17,12.0,13
Michelangelo Private Garden,1.4670822434946514e+18,,43.7587713,Entire home/apt,1.0,2024-08-18,127.0,0
"Style, Love & Comfort:fall in love with Casa Vita!",1.470536724101411e+18,,43.78856,Entire home/apt,2.0,2026-06-21,1.0,72
"Sant'Ambrogio Guest House, Stanza con letto queen.",1.4627013503949348e+18,,43.7732614,Private room,1.0,2026-06-10,3.0,51
Magnifico trilocale con terrazza in centro storico,1.4634401877310241e+18,,43.78326632525547,Entire home/apt,1.0,2026-06-25,1.0,40
"GreenPeak, 2 bedrooms & 2 baths",1.4705372231274406e+18,,43.78641661092662,Entire home/apt,2.0,2026-06-07,1.0,59
Charming View By MMega,1.4626271213019407e+18,,43.77498,Entire home/apt,1.0,2026-06-19,259.0,17
"Appartamento "" La Loggia Dei Tessitori""",1.4703294215805074e+18,,43.77921,Entire home/apt,2.0,2026-06-23,2.0,48
Chic Florence Retreat: City Gem,1.4705378932882122e+18,,43.78116992616889,Entire home/apt,1.0,2025-09-29,1.0,2
Sveva San Lorenzo - Florence,1.4691348079819794e+18,,43.7754445,Entire home/apt,2.0,2025-01-01,4.0,0
"Apartment in the center, beautiful panoramic view",1.4705383160722243e+18,,43.77789,Entire home/apt,1.0,2026-05-17,1.0,16
MONO Suite AC Parking,1.4705383345381158e+18,,43.79789,Entire home/apt,3.0,,2.0,0
Relaxing Work-Space  Studio in  Florence,1.4657211843539978e+18,,43.789106210184784,Entire home/apt,31.0,,1.0,0
Unconventional Apt near the station!,1.4625367805731602e+18,,43.7755963,Entire home/apt,1.0,2026-06-22,6.0,46
Next to the Duomo,1.4636297882469217e+18,,43.77222413851451,Entire home/apt,2.0,2024-11-26,7.0,0
Panzani White,1.4691321978716974e+18,,43.77265,Entire home/apt,1.0,2026-06-25,4.0,38
Florence Terrace Dome View Villa,1.470549270441483e+18,,43.77016,Entire home/apt,2.0,2026-06-15,2.0,21
Elegant Luxury Stay in Piazza Repubblica,1.4704514849658258e+18,,43.77107,Entire home/apt,1.0,2026-04-27,8.0,9
YiDwonderful balcony view of Flr,1.462988130311036e+18,,43.77047,Entire home/apt,1.0,2026-05-25,80.0,2
The green oasi in Florence,1.4704157747767519e+18,,43.78862,Entire home/apt,2.0,2026-06-22,1.0,14
Apartment next Central Market | A/C & Wi-Fi,1.4654782478830344e+18,,43.7762164,Entire home/apt,1.0,2026-05-21,2.0,1
Nel cuore di San Frediano,1.4697617913571476e+18,,43.7649795535454,Entire home/apt,2.0,2026-05-22,1.0,19
Biblioteca apartment with view,1.4625339288517727e+18,,43.76675,Entire home/apt,1.0,2026-05-31,103.0,4
Uffizi Palace Centro elegant apartment + garage,1.4634984185056996e+18,,43.76859,Entire home/apt,1.0,2026-06-22,4.0,41
Essenza Holiday House - Florence City - by HOST4U,1.4679632787226227e+18,,43.76568,Entire home/apt,2.0,2025-03-12,1.0,0
roby house,1.469056513160898e+18,,43.78039,Entire home/apt,2.0,2026-06-15,2.0,9
Oasi Fiorentina con giardino vicino al centro,1.4638853476391002e+18,,43.786974,Entire home/apt,2.0,2026-06-18,1.0,58
Luminoso vicino al centro,1.4705512452281564e+18,,43.76606,Entire home/apt,1.0,2026-06-16,1.0,31
Bright apartment in Florence downtown,1.4626232748775122e+18,,43.7740754,Entire home/apt,3.0,2026-06-05,2.0,12
Palazzo Capponi- Appartamento Giovanni,1.4626216959405757e+18,,43.76507368764593,Entire home/apt,1.0,,9.0,0
Botticelli Apartment - Florence Dolce Vita,1.4638623584396344e+18,,43.7725,Entire home/apt,1.0,2026-06-04,13.0,9
Rifugio Urbano a Santa Maria Novella Stazione Cen.,1.4628731598951841e+18,,43.77597720000001,Entire home/apt,2.0,2026-06-08,32.0,37
L’OASI-Appartamento d’arte {Firenze Centro},1.4690886124540744e+18,,43.76997027573587,Entire home/apt,1.0,2026-06-22,7.0,38
YiD quiet apartment with parking,1.462988130311036e+18,,43.79037,Entire home/apt,1.0,2026-06-08,80.0,1
Isabella in Oltrarno,1.4625339288517727e+18,,43.7666712,Entire home/apt,3.0,,103.0,0
San Gallo Suite II with balcony,1.4625339288517727e+18,,43.7774453,Entire home/apt,31.0,2024-09-23,103.0,0
YiD apartment with little garden,1.462988130311036e+18,,43.78489,Entire home/apt,1.0,2026-05-19,80.0,11
"David Suite [Florence Centre, Luxury]",1.470515097281529e+18,,43.77157,Entire home/apt,1.0,2026-06-19,3.0,38
"Tornabuoni Deluxe: 2 Suite, 2 Bagni - 5 min Duomo",1.470515097281529e+18,,43.77139,Entire home/apt,1.0,2026-06-12,3.0,2
Residenza 5 - Appartamento in pieno Centro Storico,1.4670136542860577e+18,,43.7789514,Entire home/apt,3.0,2026-06-06,4.0,9
Sallustio home,1.4656986087511112e+18,,43.7928389079392,Entire home/apt,1.0,,4.0,0
Torretta penthouse luxury apartment in florence,1.4631634459091185e+18,,43.7716,Entire home/apt,1.0,,27.0,0
4BR Duplex w/ Balcony • A/C • Sant’Ambrogio,1.462532713918206e+18,,43.77304969106556,Entire home/apt,1.0,2026-06-21,2.0,1
Warm Retreat in the Heart of Florence cls station,1.4628731598951841e+18,,43.77597720000001,Entire home/apt,2.0,2026-05-29,32.0,15
Duomo Suite,1.4669202651101563e+18,,43.77605,Entire home/apt,2.0,2026-06-16,1.0,45
Monolocale 1 Piano,1.4625180380165386e+18,,43.777995,Entire home/apt,2.0,2026-05-24,6.0,38
Suite Arno View,1.4705541991204216e+18,,43.766309897925275,Private room,31.0,,4.0,0
Loft Firenze Fiera Congressi & Fortezza,1.467237861188667e+18,,43.777995,Entire home/apt,1.0,2026-03-01,4.0,40
Cozynest,1.4670822434946514e+18,,43.7713715,Entire home/apt,1.0,2025-01-04,127.0,0
Luxury Art Apartment in Florence,1.4686711475937923e+18,,43.77167910656891,Entire home/apt,3.0,2024-05-19,1.0,0
Luxury apartment SS. Annunziata,1.469487526552503e+18,,43.7768568,Entire home/apt,1.0,2026-06-20,1.0,7
Ghibellina Comfort Apartment,1.4670822434946514e+18,,43.769411,Entire home/apt,1.0,2026-06-11,127.0,2
Ponte Vecchio Top Terrace View,1.470429240225861e+18,,43.7674763942392,Entire home/apt,2.0,2026-06-09,1.0,10
[SMN] Chic Apartment • Balcony • Center Florence,1.4629873363092662e+18,,43.780876101424155,Entire home/apt,2.0,2026-05-31,9.0,24
Attico San Marco,1.4682275448687304e+18,,43.77964,Entire home/apt,2.0,2026-06-07,10.0,32
Ardiglione Apartment by Mamo Florence,1.4626390518884895e+18,,43.76762658222924,Entire home/apt,1.0,2026-06-05,197.0,16
Keira Apartment by Mamo Florence,1.4626390518884895e+18,,43.76999866292843,Entire home/apt,1.0,2026-06-16,197.0,29
"Golden Luxe, Private SPA Sauna+Jacuzzi, Duomo View",1.4638435611492111e+18,,43.76674,Entire home/apt,2.0,2026-06-24,19.0,18
Exquisite 2BR apartment nearby Borgo San Frediano,1.4690749154331356e+18,,43.76938,Entire home/apt,1.0,2025-07-01,12.0,1
Santa Croce Charming Apartment,1.4670822434946514e+18,,43.76809,Entire home/apt,1.0,2026-05-31,127.0,4
YiD balcony on Pontevecchio view,1.462988130311036e+18,,43.76671,Entire home/apt,1.0,2024-08-03,80.0,0
Agnolo Apartment by Mamo Florence,1.4626390518884895e+18,,43.769483639947325,Entire home/apt,1.0,2026-04-24,197.0,10
UNYCA - Santa Croce Plaza,1.470449032762e+18,,43.76854,Entire home/apt,1.0,2025-12-25,40.0,1
Apt Florentia - Piazza Libertà - Fortezza da Basso,1.4703076441015432e+18,,43.7857118,Entire home/apt,2.0,2026-06-21,7.0,41
Signoria Art,1.4702913819910188e+18,,43.7699575984174,Entire home/apt,1.0,2026-06-26,2.0,42
Santa Maria Novella 900 Suite,1.4625194391757798e+18,,43.77246,Entire home/apt,2.0,2026-06-26,26.0,52
Erbosa Apartment,1.4655748845277138e+18,,43.75862,Entire home/apt,4.0,2026-01-04,1.0,7
Appartamento 1 camera da letto,1.4705686142497551e+18,,43.78042149355118,Entire home/apt,1.0,2025-04-17,1.0,0
Camera con balcone privato,1.468251278075048e+18,,43.79273,Private room,31.0,,3.0,0
Nice apartment in Firenze with WiFi,1.4698715563297664e+18,,43.79186,Entire home/apt,1.0,2025-10-22,2.0,7
Casa del Riccio - Apartment with Private Garden,1.4695488042691553e+18,,43.7366462,Entire home/apt,2.0,2026-05-20,2.0,27
Loft storico con affaccio sulle colline di Firenze,1.4696398018742858e+18,,43.74573,Entire home/apt,1.0,2026-06-18,1.0,30
Junior Suite King bed,1.4705541991204216e+18,,43.76599189290346,Private room,31.0,,4.0,0
Suite Roof Terrace,1.4705541991204216e+18,,43.7673,Private room,31.0,,4.0,0
Sant'Egidio Suite • 5 Min Walk to the Duomo,1.462728914969133e+18,,43.77253,Entire home/apt,1.0,2026-05-22,1.0,40
Morden 2 bedrooms apt in the heart of Florence,1.468254435418435e+18,,43.77666,Entire home/apt,5.0,2026-05-02,6.0,3
Elegant and characteristic flat,1.462985408394587e+18,,43.7861301,Entire home/apt,1.0,2025-11-14,7.0,14
Landy Apartment,1.4638805324515195e+18,,43.7842981,Entire home/apt,1.0,2026-06-23,22.0,53
Dolce Vita Apartament,1.4635973558598262e+18,,43.7729633,Entire home/apt,1.0,2026-06-24,7.0,43
"[5 min from Uffizi] Suite in centre, Wifi, Comfort",1.463337693313707e+18,,43.7685077,Entire home/apt,1.0,2026-06-01,1.0,2
Silverkammer · Design studio & rooms · ex facto...,1.470571144831189e+18,,43.7670900795107,Private room,2.0,2026-06-23,3.0,19
L'Affresco,1.4705712679489871e+18,,43.7676242384103,Entire home/apt,2.0,2026-05-03,1.0,2
Tintori Luxury Palace by Mamo Florence,1.4626390518884895e+18,,43.768372908491926,Entire home/apt,1.0,2026-04-08,197.0,18
Stanza-monolocale soppalco+bagno privato separato,1.4670273018333996e+18,,43.77180761375129,Private room,2.0,2026-06-15,1.0,11
Canova house in Florence,1.4669313857954437e+18,,43.77929338645526,Entire home/apt,2.0,2026-06-01,1.0,3
Dimora Machiavelli,1.4705721248924326e+18,,43.7589783583439,Entire home/apt,1.0,2026-04-11,1.0,2
Tiny Ponte Vecchio By MMega,1.4626271213019407e+18,,43.76702600777906,Entire home/apt,1.0,2026-06-26,259.0,10
"Appartamento, Novoli Università",1.4705729028638118e+18,,43.7912,Entire home/apt,1.0,2026-06-23,1.0,43
in Historical center of Florence,1.4705733385232952e+18,,43.76989,Entire home/apt,1.0,2026-05-27,2.0,55
6 people + Terrace + Lift + Florence Chic Novella,1.4672310893897925e+18,,43.7717074,Entire home/apt,1.0,2026-06-18,7.0,30
Casa Clori - 4 posti letto a due passi dal Duomo,1.465552070414e+18,,43.7754905,Entire home/apt,1.0,2025-05-14,1.0,0
Sweet Home Santa Croce,1.4670822434946514e+18,,43.7685233,Entire home/apt,1.0,2026-06-03,127.0,3
Wonderfull with Garden near Michelangelo’s David,1.4694117521132541e+18,,43.7820452,Entire home/apt,2.0,2026-06-10,2.0,27
Splendido appartamento zona Santo Spirito Oltrarno,1.4705047264223112e+18,,43.766289748628736,Entire home/apt,1.0,2026-06-22,1.0,30
Santa Maria Novella Elegant,1.4670822434946514e+18,,43.7748146,Entire home/apt,1.0,2024-09-28,127.0,0
Il giardino di Foscolo,1.4668287128390904e+18,,43.76052869999999,Entire home/apt,2.0,2026-05-31,43.0,5
Florence Viola Apartment,1.4625716948401088e+18,,43.76853115744036,Entire home/apt,1.0,2026-06-02,1.0,49
Santo Spirito 2 Bedroom,1.462625585543148e+18,,43.76784,Entire home/apt,1.0,2025-05-29,37.0,0
Pepi 64,1.4626995495990162e+18,,43.77254,Entire home/apt,1.0,2026-06-08,159.0,16
Tommaso Apartment with free parking,1.4705383294072003e+18,,43.7984014,Entire home/apt,1.0,2025-01-27,11.0,0
[Otello Apartment] Wi-Fi & Netflix,1.4703322227667686e+18,,43.78748813374682,Entire home/apt,2.0,2026-06-15,19.0,20
Studiolo,1.4628487279018657e+18,,43.7745285,Entire home/apt,1.0,2026-06-20,8.0,23
Angelico Comfort Apartment,1.4670822434946514e+18,,43.7682551,Entire home/apt,1.0,2025-11-04,127.0,6
Rucellai apartment 1 bedroom,1.4625339288517727e+18,,43.7748622,Entire home/apt,3.0,2026-05-31,103.0,1
Appartamento Mami's Firenze,1.4625853442599107e+18,,43.7946835,Entire home/apt,2.0,2025-10-24,1.0,4
Fanciful 2-BR outside ZTL,1.468498271241803e+18,,43.78607439484523,Entire home/apt,2.0,,13.0,0
Elegant & Spacious Apartment by the Duomo,1.4698737413177324e+18,,43.77132627367506,Entire home/apt,2.0,2025-09-10,4.0,1
Camera 2 letti singoli/matrimoniale  wifi,1.4705673522613668e+18,,43.77218449999999,Private room,28.0,2025-05-31,3.0,0
"Sant'Anna Apartment, Firenze",1.4696667940909274e+18,,43.780902262177776,Entire home/apt,1.0,2026-06-18,2.0,31
Casa Aretina,1.4638875149524045e+18,,43.76679,Entire home/apt,2.0,2026-06-08,1.0,35
La Giraffa Appartamento a Firenze,1.4638875233308506e+18,,43.7881039,Entire home/apt,3.0,2025-10-12,1.0,5
Sweet Living La Pergola,1.4653008448789542e+18,,43.7749769526435,Entire home/apt,2.0,2026-06-24,21.0,27
Stanza con bagno privato super centrale,1.468958385009096e+18,,43.77417,Private room,1.0,2025-02-17,6.0,0
Unique Apartment Florence Wi-Fi,1.4705774915422633e+18,,43.7767772,Entire home/apt,1.0,2026-06-22,1.0,76
Cobalt Cove 2 bedrooms,1.4627685989414874e+18,,43.77866360000001,Entire home/apt,1.0,2026-04-11,46.0,2
FerrHouse Eco & Chic Apartment • Florence,1.4625905410702392e+18,,43.78285,Entire home/apt,2.0,2026-06-13,1.0,43
Stanza Leonardo da Vinci,1.468958385009096e+18,,43.7741655126853,Private room,1.0,2025-12-22,6.0,1
Charming Flat • San Marco,1.4632319784976852e+18,,43.78145209770077,Entire home/apt,2.0,2026-05-21,6.0,19
Dimora Luciano quiet home stay,1.470578680591412e+18,,43.76577510000001,Entire home/apt,2.0,2026-06-02,5.0,7
Twin Flat Faenza in Florence,1.46731088161031e+18,,43.77711404909414,Entire home/apt,2.0,,13.0,0
Apt residenziale e spazioso 4pax,1.4628564814992796e+18,,43.78333627290343,Entire home/apt,1.0,2026-06-20,35.0,36
Stanza Michelangelo,1.468958385009096e+18,,43.77415776569009,Private room,1.0,2025-12-01,6.0,2
San Pierino Apartment,1.4705792679378068e+18,,43.77146,Entire home/apt,2.0,2026-06-10,1.0,21
Ibisco Florence Apartment,1.4705793152700513e+18,,43.77265,Entire home/apt,3.0,2024-06-23,1.0,0
Firenze - Cozy House 10 minuti dal centro,1.470421040184004e+18,,43.78613,Entire home/apt,1.0,2025-08-22,1.0,2
Delizioso bilocale in centro con A/C,1.462883847889268e+18,,43.77812,Entire home/apt,1.0,2026-05-22,3.0,11
"Abaco, historic center | by Acacia®",1.4625121549969098e+18,,43.7664742,Private room,1.0,2026-04-16,29.0,5
Piazza San Marco - 10 mins to Duomo,1.468459978759862e+18,,43.7803534,Entire home/apt,2.0,2026-06-21,2.0,55
Elegant Penthouse in Santo Spirito,1.4657176099646845e+18,,43.7682442,Entire home/apt,2.0,2026-06-20,31.0,38
Modern Apartment 2 Bedrooms Florence City center,1.4637697329859034e+18,,43.772362084783346,Entire home/apt,1.0,2026-06-19,1.0,56
City Jungle-real Fiorentino life,1.467231411426187e+18,,43.78761919999999,Entire home/apt,1.0,2026-06-12,3.0,50
"Althea Rooms, Ampia camera matrimoniale",1.468178860579681e+18,,43.7648484,Private room,1.0,2026-06-12,6.0,45
"Residenza Bellieri Libertà / Fortezza da Basso,...",1.4703076441015432e+18,,43.7857118,Private room,2.0,2026-05-19,7.0,2
Friends of Florence Lux New Bright Apt near center,1.4628832688539884e+18,,43.77753,Entire home/apt,2.0,2026-06-17,2.0,69
Accademia Frescoes Apartment,1.4705809511629466e+18,,43.7766172,Entire home/apt,1.0,2026-04-06,1.0,11
Florence Design apartment with large terrace,1.4669388100518083e+18,,43.775791221986665,Entire home/apt,1.0,2026-06-09,17.0,8
Repubblica Exclusive with Balcony,1.4627685989414874e+18,,43.77271,Entire home/apt,1.0,2026-03-15,46.0,3
appartamento,1.4695625448736412e+18,,43.8012941,Private room,31.0,,1.0,0
Florence Tramway Apartment,1.4705383294072003e+18,,43.7670935,Entire home/apt,1.0,2025-12-28,11.0,5
10 Alloggi romantici a Firenze,1.4691116771602486e+18,,43.7816,Private room,365.0,,2.0,0
Antiche dimore fiorentine,1.4691116771602486e+18,,43.78237,Private room,365.0,,2.0,0
Apartment Florence Today with a private balcony,1.470582469487323e+18,,43.795412485034895,Entire home/apt,1.0,2026-06-14,1.0,45
Italian Experience- Atelier La Scala,1.462534952149325e+18,,43.77431,Entire home/apt,1.0,2026-04-25,8.0,3
"Next to DUOMO, /w AC in each room! Ample, Quiet",1.4878887553421248e+18,,43.77475,Entire home/apt,2.0,2026-06-22,2.0,26
"Residenza Bellieri Libertà / Fortezza da Basso,...",1.4703076441015432e+18,,43.7857118,Private room,2.0,2026-05-26,7.0,4
affitto appartamento 4 posti,1.4705832323142692e+18,,43.79944,Private room,31.0,,1.0,0
Top-Floor Santa Croce Apartment with Duomo Views,1.468673832610009e+18,,43.76995600000001,Entire home/apt,1.0,2026-06-23,2.0,36
Pinti Apartment: Your Florentine Home near Duomo,1.462577067420354e+18,,43.7742145,Entire home/apt,1.0,2026-06-14,18.0,1
"Stella: Near the Center, Free Parking & A /C!",1.462641292657412e+18,,43.7792986,Entire home/apt,1.0,2026-06-19,2.0,35
La petite,1.4685696321070587e+18,,43.7710519248222,Private room,1.0,2025-06-16,1.0,0
Monolocale Lolù,1.4699044535400653e+18,,43.76559721178953,Entire home/apt,2.0,2026-06-05,2.0,34
The Loft Centro Storico,1.463888756879542e+18,,43.76773499999999,Entire home/apt,2.0,2026-06-01,1.0,38
Alloggio zona Campo di Marte con  posto auto,1.4702602649943532e+18,,43.77443,Entire home/apt,2.0,2026-05-26,2.0,8
Maria Novella - Sweet Dreams in Florence,1.465579628809493e+18,,43.7693226,Entire home/apt,1.0,2025-09-30,86.0,2
Una stanza luminosa,1.4668330230257073e+18,,43.76032784224339,Private room,31.0,2024-10-25,1.0,0
Ponte Vecchio dream home,1.4629886731058783e+18,,43.76774,Entire home/apt,1.0,2025-05-24,19.0,0
Florence Haven: Cozy 1BR with Classic Charm,1.4630848248232323e+18,,43.77818,Entire home/apt,1.0,2025-04-11,12.0,0
"Your home in Florence · 2 bathrooms, A/C, WiFi",1.4673091363117204e+18,,43.7749866,Entire home/apt,1.0,2026-06-19,1.0,22
Ponte vecchio Terrace apartment,1.470586283932308e+18,,43.7674788,Entire home/apt,2.0,2026-05-01,1.0,40
Keys of Italy -Vigna 1Anastasia-Florence 1Bedr Apt,1.4632560235621256e+18,,43.77127,Entire home/apt,1.0,2026-01-22,64.0,15
Acquamarina - Sweet Dreams in Florence,1.465579628809493e+18,,43.76792409999999,Entire home/apt,1.0,2025-11-11,86.0,16
Andrea - Sweet Dreams in Florence,1.465579628809493e+18,,43.7703949,Entire home/apt,1.0,2025-11-02,86.0,15
In the heart of Florence,1.462634264262081e+18,,43.77128918947721,Entire home/apt,2.0,2026-06-18,1.0,17
Florence Charm Urban apartment,1.4705822858645599e+18,,43.792228908825614,Entire home/apt,2.0,2026-06-21,1.0,41
Cozy aparment in Santa Croce,1.4703733865659965e+18,,43.77031,Entire home/apt,1.0,2026-06-09,1.0,25
Heart of Florence ~ Cozy & with Private Courtyard,1.4628731598951841e+18,,43.77773029999999,Entire home/apt,2.0,2026-06-03,32.0,37
Appartamento Vista  Duomo,1.463877295824031e+18,,43.77758,Entire home/apt,2.0,2026-06-13,2.0,34
Factory Art House - Casa su tre livelli,1.46285655329201e+18,,43.78093,Entire home/apt,3.0,2026-05-08,1.0,7
Samuele Home Florence,1.470216473584156e+18,,43.7576,Entire home/apt,2.0,2026-04-18,30.0,1
Greci 16 Bilo,1.4686982020396887e+18,,43.769302845858405,Entire home/apt,2.0,2025-08-16,64.0,1
Elegante Apt del centro + garage,1.4625988711450104e+18,,43.7779131,Entire home/apt,1.0,2026-06-26,23.0,68
Nel centro di Firenze con stile lovely house,1.4625988711450104e+18,,43.7779131,Entire home/apt,1.0,2026-06-24,23.0,42
Lovely apartment next to the city centre + garage,1.4625988711450104e+18,,43.78105,Entire home/apt,1.0,2026-06-26,23.0,53
Glamorous Apt with garage next to the city centre,1.4625988711450104e+18,,43.78105,Entire home/apt,1.0,2026-06-22,23.0,56
Attractive apt next to the city centre + garage,1.4625988711450104e+18,,43.7808851,Entire home/apt,1.0,2026-06-25,23.0,55
Firenze Dream Homes - Mona Lisa (Free Parking),1.470588016887608e+18,,43.780803,Entire home/apt,2.0,2026-06-08,2.0,5
Santa Croce Rainbow,1.462634725210817e+18,,43.7690069,Entire home/apt,2.0,2026-04-28,1.0,19
Country chic next to the city centre + garage,1.4625988711450104e+18,,43.78105,Entire home/apt,1.0,2026-06-24,23.0,63
COZY Apt + garage next to the city centre,1.4625988711450104e+18,,43.78105,Entire home/apt,1.0,2026-06-25,23.0,62
Comfy & chic next to the city centre+ garage free,1.4625988711450104e+18,,43.78105,Entire home/apt,1.0,2026-06-23,23.0,51
Quiet downtown apt with private stunning terrace!,1.4625988711450104e+18,,43.7799197,Entire home/apt,1.0,2026-06-18,23.0,45
Steiner Suite,1.46702036264839e+18,,43.77502039381003,Entire home/apt,2.0,2026-06-18,1.0,23
Luxury Studio with Private Patio - Golden Fish,1.4658550336321472e+18,,43.768097,Entire home/apt,1.0,2026-06-24,1.0,59
Casa Wanda,1.465605822567981e+18,,43.77293239999999,Entire home/apt,2.0,2026-06-20,1.0,13
The Campuccio Arch,1.4658067990691116e+18,,43.7650806,Entire home/apt,2.0,2026-06-16,58.0,41
At 5mn from center: in front of “Poggio Imperiale”,1.4628813624965125e+18,,43.747307144407095,Entire home/apt,31.0,,1.0,0
GuestHost - Sant'Ambrogio Gem: Chic Florence Nest,1.4671577548808717e+18,,43.7742693,Entire home/apt,1.0,2026-06-07,102.0,51
Living Florence,1.4630920034345492e+18,,43.79116988025102,Entire home/apt,2.0,,1.0,0
Santa Maria Novella Comfort,1.4670822434946514e+18,,43.77526,Entire home/apt,1.0,2024-10-08,127.0,0
Suite San Firenze: Modern Stay in Antique Tower,1.4628899024020398e+18,,43.77022702571934,Entire home/apt,2.0,2026-06-01,18.0,32
modern loft in the historic center | Int. 7,1.463081071618776e+18,,43.7714453,Entire home/apt,2.0,2026-02-17,5.0,2
Ohana Florence Suite,1.4705901851225964e+18,,43.77299499999999,Entire home/apt,2.0,2026-06-15,1.0,8
Family Apartment Via Dei Neri,1.4625114121213542e+18,,43.76828739818361,Entire home/apt,1.0,2026-06-25,26.0,4
"San Frediano bilo, AC",1.4705869495935188e+18,,43.76683,Entire home/apt,1.0,2026-06-25,2.0,41
Lovely and cozy central suite AC,1.468517064759802e+18,,43.76999148764257,Entire home/apt,1.0,2026-05-18,9.0,9
"Alderotti Elegant in Careggi, Near Hospital & Tram",1.4704599847620762e+18,,43.7990198,Entire home/apt,1.0,2026-06-24,34.0,25
Carmine Comfort Apartment,1.4670822434946514e+18,,43.7686312,Entire home/apt,1.0,2026-06-03,127.0,6
Cozy Apartment in Florence,1.4654511136419576e+18,,43.78639,Entire home/apt,31.0,,1.0,0
Giglio Oro By MMega,1.4626271213019407e+18,,43.76942124863442,Entire home/apt,1.0,2026-06-14,259.0,7
Spectacular 1BR stunning views,1.4630546590197005e+18,,43.76752,Entire home/apt,4.0,2026-04-03,11.0,19
"Albizi, Two-bed room a2",1.462653052328609e+18,,43.77191,Private room,1.0,2026-04-19,51.0,22
"Albizi, One-bed room a5",1.462653052328609e+18,,43.77228,Private room,1.0,2026-05-05,51.0,16
Strategic residential 4 room apartment,1.470591574929764e+18,,43.792552264131935,Entire home/apt,3.0,2024-11-03,1.0,0
Appartamento San Gaggio,1.4705901955523612e+18,,43.75129334484582,Entire home/apt,2.0,2026-06-15,1.0,22
Stalla - Villa with garden in the historic center,1.463538010453156e+18,,43.763777705979194,Entire home/apt,2.0,2026-05-26,14.0,14
Medieval meets Modern!,1.4705928855590592e+18,,43.7712139,Entire home/apt,2.0,2026-06-17,1.0,14
appartamento palazzo bardi apartments n.2,1.4669510420284106e+18,,43.766464516094175,Entire home/apt,1.0,2026-04-10,2.0,2
Porta al Prato Family Home,1.4630784357907942e+18,,43.7814392,Entire home/apt,2.0,2026-05-09,4.0,6
Santa Croce Deluxe Suite,1.465464245407337e+18,,43.76981481099083,Entire home/apt,2.0,2026-06-05,9.0,14
Appartamento moderno a due passi dal Centro,1.465632469219662e+18,,43.7859886,Entire home/apt,2.0,2026-06-07,2.0,17
10 minuti Duomo luxury Living - nel Centro Storico,1.4638695803371208e+18,,43.773662020238405,Entire home/apt,1.0,2026-06-04,3.0,15
Double View Penthouse,1.4638885079859256e+18,,43.7668081,Entire home/apt,1.0,2026-05-13,1.0,2
Residenza 3 Monolocale in pieno Centro Storico,1.4670136542860577e+18,,43.7789514,Entire home/apt,3.0,2026-05-25,4.0,6
Residenza 1  Monolocale in pieno Centro Storico,1.4670136542860577e+18,,43.7789514,Entire home/apt,3.0,2026-05-02,4.0,6
"[Florence Suite Deluxe] Wifi, Smart Work, Duomo",1.4658036883841756e+18,,43.78518390000001,Private room,1.0,2026-06-21,1.0,45
amazing apartment Piazza Santa Croce Firenze,1.4694237231142587e+18,,43.7691465,Entire home/apt,1.0,2026-06-17,1.0,83
Torrigiani Charming Apartment,1.4670822434946514e+18,,43.7670207,Entire home/apt,1.0,2025-04-18,127.0,0
Casa nel cuore di Firenze,1.4685776752885885e+18,,43.7670205,Entire home/apt,1.0,2026-05-08,1.0,21
Brizio's Flat - Sweet Dreams in Florence,1.465579628809493e+18,,43.7877607,Entire home/apt,1.0,2025-10-13,86.0,7
B&Black&White,1.4705941515365425e+18,,43.7923842,Private room,1.0,2026-06-15,1.0,66
Monolocale quartiere San Niccolò,1.4703774998473533e+18,,43.7634075,Entire home/apt,1.0,2026-06-19,16.0,45
Lasca in Florence near piazza della libertà,1.4659173449196992e+18,,43.7864,Entire home/apt,2.0,2024-10-05,1.0,0
Les Griffes in Santa Croce,1.4632271944279636e+18,,43.76907,Entire home/apt,2.0,2026-06-07,3.0,23
Penthouse Luisa Duomo: in the center of Florence,1.4653199050721807e+18,,43.772817343281744,Entire home/apt,2.0,2026-06-26,1.0,38
"[Centro Storico] A/C, WiFi, 5 Min Museo Uffizi",1.4705953129897953e+18,,43.7699266,Entire home/apt,2.0,2026-06-18,1.0,28
Elegante Appartamento in centro,1.4705954915813478e+18,,43.78078938865435,Entire home/apt,1.0,2026-06-05,8.0,51
In Dimora Luciano stanza tripla con bagno privato,1.470578680591412e+18,,43.76577510000001,Private room,2.0,2025-05-28,5.0,0
In Dimora Luciano Stanza doppia,1.470578680591412e+18,,43.76577510000001,Private room,2.0,2025-12-08,5.0,3
La casa di Walter two steps from the centre,1.4681778452459203e+18,,43.78399,Entire home/apt,1.0,2026-04-26,46.0,3
Ca’ Lillá - Mandela Forum Cozy Room,1.4656299870491395e+18,,43.7744089,Private room,2.0,2026-06-18,2.0,29
Loft,1.469308919154053e+18,,43.7989978,Entire home/apt,1.0,2024-09-22,5.0,0
Loft Superior,1.469308919154053e+18,,43.798285550907195,Entire home/apt,1.0,2026-05-09,5.0,1
Firenze AMIHouse Vicino al Centro Storico,1.469232149295218e+18,,43.78888,Entire home/apt,2.0,2026-06-25,1.0,14
Casa Pinocchio with view,1.469324486921359e+18,,43.7768487,Entire home/apt,1.0,,55.0,0
Fiesolana's Flower,1.469324486921359e+18,,43.77322,Entire home/apt,1.0,2024-10-02,55.0,0
Appartamento Blue Tower,1.4705967070160965e+18,,43.78645399155928,Entire home/apt,2.0,2025-10-16,1.0,8
The Library Apartment,1.4658067990691116e+18,,43.7653498,Entire home/apt,2.0,2026-06-15,58.0,14
Modern Florentine Terrace,1.4627685989414874e+18,,43.77421409999999,Entire home/apt,1.0,2026-05-23,46.0,10
"Residenza Madiba, Room 2 - Residenza Madiba Bou...",1.4705965916224049e+18,,43.773832,Private room,1.0,2026-07-01,6.0,75
Duomo 1 - Alfani,1.4625787674903795e+18,,43.77632,Entire home/apt,2.0,2026-06-19,12.0,40
"Residenza Madiba, Room 34 Residenza Madiba Bout...",1.4705965916224049e+18,,43.773832,Private room,1.0,2026-06-12,6.0,73
UNYCA - Luxury Central Suite,1.4705942955572984e+18,,43.77373,Entire home/apt,31.0,2024-10-13,1.0,0
Appartamento Firenze,1.4705973343685975e+18,,43.76794,Entire home/apt,1.0,2026-02-15,2.0,12
Repubblica - Openspace vista Duomo  Firenze,1.467171183667747e+18,,43.772,Entire home/apt,1.0,,2.0,0
Casa Vacanza in un ex convento del '600,1.4705960829003082e+18,,43.77063700632156,Entire home/apt,1.0,2026-06-26,1.0,41
"Residenza Madiba, Room 5 - Residenza Madiba Bou...",1.4705965916224049e+18,,43.773832,Private room,1.0,2026-07-01,6.0,83
Dimora i Due Cipressi,1.4705968299966328e+18,,43.7624411,Entire home/apt,5.0,2026-05-30,1.0,6
Palazzo Fioravanti in Centro a Firenze,1.4655723398831903e+18,,43.77084,Entire home/apt,2.0,2026-01-01,1.0,4
Monolocale Fiorentino 2,1.469308919154053e+18,,43.80003,Entire home/apt,1.0,,5.0,0
"Margarita's room 1, Firenze Centro",1.4705987196773076e+18,,43.7851478,Private room,1.0,2026-05-31,1.0,14
"Leone Suite 3 double beds, 2 bedrooms, 2 bathrooms",1.4625777373890665e+18,,43.768585536475385,Entire home/apt,2.0,2026-05-04,2.0,19
Appi House,1.462788453231625e+18,,43.77298649999999,Entire home/apt,2.0,2026-05-28,7.0,2
Cozy room with private bathroom,1.4626014896614807e+18,,43.77272,Private room,2.0,,4.0,0
Lion 32,1.4625935724950666e+18,,43.76874220000001,Entire home/apt,2.0,2026-06-12,5.0,25
Cestello rooftop,1.4690456176040643e+18,,43.7705324,Entire home/apt,1.0,2026-06-05,2.0,27
Cappelle Medicee Apartment,1.462813600762926e+18,,43.775102318153685,Entire home/apt,1.0,2026-06-12,6.0,46
Cavour 46 First,1.4626995495990162e+18,,43.77759286947021,Entire home/apt,1.0,2025-10-16,159.0,6
Casa Gioia,1.4667410288696822e+18,,43.7889668,Entire home/apt,1.0,2026-06-17,1.0,20
City Apartment - Il Ghiro,1.4638835225940493e+18,,43.76931,Entire home/apt,1.0,2026-06-04,1.0,23
Le5vie-Firenze nel verde,1.462902210498232e+18,,43.7408104,Entire home/apt,3.0,2026-06-19,2.0,7
"Residenza Madiba, Room 6 - Residenza Madiba Bou...",1.4705965916224049e+18,,43.773832,Private room,1.0,2026-07-01,6.0,62
"Casa Beatrice

 per 5 ospiti 2 camere da letto",1.4637578797100687e+18,,43.77447,Entire home/apt,1.0,2025-11-06,1.0,9
"Speziali, Stanza con un letto",1.4685631114438042e+18,,43.76987,Private room,1.0,2026-04-03,8.0,12
La Casa di Ugo,1.4701225028340403e+18,,43.77331639293634,Entire home/apt,2.0,2026-03-31,1.0,6
Standard room with AC at Room Mate Isabella,1.4704550681050834e+18,,43.77135,Private room,1.0,,1.0,0
Urban San Niccolò charming  2bdr apartment,1.4627685989414874e+18,,43.76351,Entire home/apt,1.0,2024-11-30,46.0,0
Residenza Madiba Entire B&B 12 Guests,1.4705965916224049e+18,,43.77383,Entire home/apt,1.0,2025-06-28,6.0,1
Tornabuoni Apartment,1.469998646177477e+18,,43.77141121132615,Entire home/apt,1.0,2026-06-23,6.0,75
Casa Viola - Modern and spacious flat with terrace,1.463538010453156e+18,,43.768549214168694,Entire home/apt,2.0,2025-10-11,14.0,7
Vivi Firenze with balcony,1.4625339288517727e+18,,43.7712511,Entire home/apt,31.0,,103.0,0
"Corsini Tintori, Stanza matrimoniale 1",1.4673041903272924e+18,,43.767327,Private room,1.0,2026-07-02,15.0,11
"Palazzo Oliveto, Stanza queen",1.4673041903272924e+18,,43.7701924,Private room,1.0,2026-06-05,15.0,3
"Palazzo Oliveto, Stanza quadrupla deluxe",1.4673041903272924e+18,,43.7701924,Private room,1.0,2026-04-11,15.0,2
"appartamento ""il pomelo""",1.465409585505653e+18,,43.77214,Entire home/apt,1.0,2026-06-25,1.0,53
Appartamento firenze,1.4705973343685975e+18,,43.76880973563054,Entire home/apt,1.0,2026-06-22,2.0,33
Unique & Luxurious Artisanal Apartment in SSpirito,1.4655840230923528e+18,,43.76895928928592,Entire home/apt,1.0,2026-06-25,1.0,37
Design 2BR • Near Tram T2 • Easy City Access,1.4629873363092662e+18,,43.78846422479757,Entire home/apt,2.0,2026-06-15,9.0,25
Toscanella Suite Florence,1.4628406137666588e+18,,43.766405880115336,Entire home/apt,1.0,2026-06-17,21.0,33
Appartamento Blu - Firenze Oltrarno (San frediano),1.4698942161863434e+18,,43.77152328244444,Entire home/apt,2.0,2026-06-15,1.0,6
Bright 3BR Apartment – near Duomo & Uffizi,1.4629873363092662e+18,,43.770824,Entire home/apt,2.0,2026-06-12,9.0,26
"""Moon"" appartamento santa croce",1.4706047850424806e+18,,43.7693028,Entire home/apt,1.0,2026-06-01,1.0,21
Scarlatti,1.4626995495990162e+18,,43.769198,Entire home/apt,1.0,2025-10-12,159.0,3
La Sosta,1.4706050823769853e+18,,43.79529162787142,Entire home/apt,4.0,2026-03-24,1.0,2
Mansarda Nonna Gina with terraces,1.4706017293426427e+18,,43.7781636,Entire home/apt,2.0,2026-06-21,5.0,35
Angelico Urban Loft,1.4704670064224358e+18,,43.76793029560679,Entire home/apt,2.0,2026-05-28,10.0,8
Comfort & Lux Flat in Florence,1.4698140267159173e+18,,43.787845673867125,Entire home/apt,1.0,2026-06-22,5.0,59
Casa Gledi con vista su Fiesole,1.470605334405948e+18,,43.7817093,Entire home/apt,1.0,2026-06-20,1.0,21
Luxury: Penthouse with Terrace over Florence,1.4704959469999524e+18,,43.7810193,Entire home/apt,1.0,2026-06-24,15.0,38
Santa Croce Deluxe Apartment,1.4670822434946514e+18,,43.7680885,Entire home/apt,1.0,2025-07-24,127.0,1
[TopFloor Apt] a 50metri dal Duomo Firenze,1.470481710551191e+18,,43.77193420618608,Entire home/apt,1.0,2026-06-20,11.0,148
Artist Home · Cozy Room · Easy Center,1.4625227955828342e+18,,43.77181261238515,Private room,1.0,2026-06-02,3.0,10
Marsilio Ficino Apartment by Mamo Florence,1.4626390518884895e+18,,43.78091,Entire home/apt,1.0,2026-06-13,197.0,15
Fiesolana Comfortable Loft,1.469534420414424e+18,,43.774023429201065,Entire home/apt,1.0,,47.0,0
Fiesolana Sweet House,1.469534420414424e+18,,43.77223313325804,Entire home/apt,1.0,,47.0,0
Magia di Firenze - Cristina,1.465579628809493e+18,,43.77457,Private room,1.0,,86.0,0
Cavour 36,1.4686982020396887e+18,,43.77706981186721,Entire home/apt,1.0,2024-12-30,64.0,0
City Center: Barone 2,1.4703236023005194e+18,,43.77618,Private room,1.0,2026-06-12,2.0,35
"Officina 32, Florence apartment",1.4706073252469804e+18,,43.77444939999999,Entire home/apt,1.0,2026-05-01,1.0,3
Casa Legnaia Firenze,1.4681875359599846e+18,,43.77013,Entire home/apt,1.0,2026-04-20,1.0,19
La Corte di San Lorenzo near SMN Station,1.46256590598913e+18,,43.77759349999999,Entire home/apt,1.0,2026-05-24,1.0,15
[Duomo Elegance] Renaissance Baptistery View 5*,1.470261724232687e+18,,43.7723969,Entire home/apt,2.0,2026-06-19,7.0,52
YiD Corte al Duomo,1.462988130311036e+18,,43.77198,Entire home/apt,1.0,2026-06-09,80.0,19
"Firenze, a 3 km dalla stazione - W",1.4625132235860086e+18,,43.7970020955573,Private room,1.0,2025-05-10,6.0,0
Monolocale in Villa e terrazzo,1.4706087516338112e+18,,43.79814141774537,Entire home/apt,1.0,2024-07-12,2.0,0
Central Florence Apt Steps from Duomo,1.465672081121017e+18,,43.77055446325275,Entire home/apt,2.0,2026-06-26,2.0,20
Elegante attico con vista.,1.4704680137040072e+18,,43.772626178117335,Entire home/apt,1.0,2026-06-12,1.0,52
Santa Croce Nest,1.4670822434946514e+18,,43.7694009,Entire home/apt,1.0,2025-08-04,127.0,1
Peach&Lilac Hideaway,1.4658067990691116e+18,,43.76327138547239,Entire home/apt,2.0,2026-06-05,58.0,25
[Santo Spirito] Terrace Apartment view Duomo,1.4695291056529723e+18,,43.7664103,Entire home/apt,1.0,2026-06-17,23.0,30
[Santo Spirito] view on Palazzo Pitti,1.4695291056529723e+18,,43.76528,Entire home/apt,1.0,2026-06-18,23.0,14
DUOMO 16 view,1.4699598341445087e+18,,43.7747921,Entire home/apt,1.0,2026-06-22,1.0,36
Antichi Bastioni,1.4706101061010179e+18,,43.7628226,Entire home/apt,3.0,2026-04-09,1.0,1
Casa Lori - ai piedi di piazzale Michelangelo,1.463457560580882e+18,,43.7636691,Entire home/apt,2.0,2026-06-22,1.0,25
Design Loft Central Florence • Parking Available,1.4704649720240294e+18,,43.778810889564696,Entire home/apt,2.0,2026-06-17,9.0,49
Relax & nature close city center,1.4704381286801408e+18,,43.77104509999999,Entire home/apt,1.0,2026-06-23,5.0,57
Palazzo Benci River View,1.469643388775053e+18,,43.7668843,Entire home/apt,7.0,2024-10-18,1.0,0
Florence Tribute,1.4705172523928594e+18,,43.7819434,Entire home/apt,2.0,2026-06-19,1.0,13
GuestHost - Pisana 236 - Suite 2,1.4671577548808717e+18,,43.77097,Private room,2.0,2025-09-02,102.0,5
Florence Rifredi Apartment,1.4654810207634424e+18,,43.80482,Entire home/apt,2.0,2026-06-24,1.0,33
"Alloggio  Bilocale
Fiammetta",1.4690693723706732e+18,,43.780665786643645,Entire home/apt,3.0,,4.0,0
La casa di Francys - Careggi- posto auto riservato,1.4706115201404828e+18,,43.8076,Entire home/apt,1.0,2026-06-14,1.0,26
Camera con cucina vicino al centro di  Firenze,1.470611011064486e+18,,43.80389,Private room,1.0,,3.0,0
Panoramic House - Elegante Appartamento Con Vista,1.4657176099646845e+18,,43.7711942,Entire home/apt,2.0,2026-05-16,31.0,31
Romantic Home - Charm ed Eleganza a Firenze,1.4657176099646845e+18,,43.7711942,Entire home/apt,2.0,2026-06-14,31.0,6
cosy double room,1.462623591328832e+18,,43.7747,Private room,2.0,2026-06-12,4.0,43
Centrale completamente rinnovato,1.4672946894641582e+18,,43.7734061,Entire home/apt,3.0,2026-06-22,1.0,48
Santa Felicita Studio - Ponte Vecchio,1.462625585543148e+18,,43.76625,Entire home/apt,2.0,2024-10-09,37.0,0
Belle Donne Florence Apartment,1.4631634459091185e+18,,43.7719449,Entire home/apt,2.0,2025-10-17,27.0,4
Majestic apartment with parking,1.4625988711450104e+18,,43.780871,Entire home/apt,1.0,2026-06-26,23.0,82
al 72,1.4656770552657603e+18,,43.77634,Entire home/apt,1.0,,1.0,0
[Duomo] La terrazza più prestigiosa di Firenze,1.4635015572442058e+18,,43.7680805,Entire home/apt,1.0,2026-06-23,36.0,58
appartamento santa croce,1.47002173491541e+18,,43.769068566621314,Entire home/apt,1.0,2026-06-23,2.0,29
Sui tetti di Firenze,1.4629182948844895e+18,,43.774206235876505,Entire home/apt,3.0,,2.0,0
Home Cavour centro storico,1.4695470207129917e+18,,43.77848,Entire home/apt,2.0,2026-06-10,5.0,18
The Painting on the Arno • Parking • View,1.4670635681161206e+18,,43.76584,Entire home/apt,1.0,2026-06-18,1.0,29
Double accomodation SanFrediano,1.4637937350595592e+18,,43.76631,Private room,1.0,2026-06-22,1.0,43
Friendly & small 1-BR apt with beautiful terrace,1.4701666537774935e+18,,43.76622,Private room,3.0,,29.0,0
Italian Experience- Florentine Loft,1.462534952149325e+18,,43.81452,Entire home/apt,1.0,2025-05-30,8.0,0
Appartamento accogliente,1.470610405853574e+18,,43.7996173,Entire home/apt,1.0,2025-10-05,1.0,17
Private room shared Bathroom 8,1.4638868449500206e+18,,43.777995,Private room,1.0,2026-06-10,4.0,7
Sangiovanni Bright Loft,1.4626345059502743e+18,,43.7727,Entire home/apt,1.0,2025-10-12,12.0,3
LC41 Suites - City View,1.4706146988425613e+18,,43.7646329,Entire home/apt,1.0,2026-06-11,2.0,8
Amorino Central Apartment,1.462813600762926e+18,,43.776,Entire home/apt,1.0,2026-06-10,6.0,49
Casa Galletti Firenze,1.46972546834318e+18,,43.76209067002083,Entire home/apt,2.0,2026-06-15,1.0,39
Stanza privata in oltrarno,1.462513658428019e+18,,43.765678997444965,Private room,3.0,,8.0,0
Dora penthouse - Uffizi view,1.469931265433095e+18,,43.77000255246655,Entire home/apt,1.0,2026-06-21,17.0,37
Paradiso per amanti della Lettura a Firenze,1.4635011000805814e+18,,43.772721,Entire home/apt,3.0,2026-05-03,1.0,2
San Niccolò Tower Flat - Sweet Dreams in Florence,1.465579628809493e+18,,43.7642959,Entire home/apt,1.0,2026-05-31,86.0,8
"Filippo's House Uffizi - 
WiFi A/C",1.4626969668685066e+18,,43.7678688,Entire home/apt,1.0,2026-06-20,13.0,36
Ilaria Florence Apartment,1.470216473584156e+18,,43.76622589999999,Entire home/apt,2.0,2026-06-11,30.0,7
Maison Galli,1.4706164799291494e+18,,43.7662133,Entire home/apt,3.0,2026-05-09,1.0,12
i fragoli a sant'ambrogio Apartments Florence,1.4629675966027333e+18,,43.7700821,Entire home/apt,1.0,2026-06-18,3.0,13
Sweet House in Santo Spirito,1.4670822434946514e+18,,43.76762,Entire home/apt,1.0,2025-10-14,127.0,1
Bright Top position - Tramvia - Apt San Donato,1.4706167490064248e+18,,43.7931922,Entire home/apt,2.0,2026-05-29,1.0,4
Comfort nel cuore di Firenze x6,1.4704126393133924e+18,,43.7743384,Entire home/apt,1.0,,2.0,0
Casa Florencia  S.Croce,1.4632855855678067e+18,,43.7680638630842,Entire home/apt,2.0,2026-06-16,1.0,19
"Magenta, With Style in Florence",1.4631580809431263e+18,,43.776298458674525,Entire home/apt,3.0,2026-06-24,2.0,48
La Nicchia di Niccolò App 1,1.470617232541932e+18,,43.7890058,Private room,2.0,2026-06-02,4.0,1
[David's Gem] 2 bedroom apartment,1.4703322227667686e+18,,43.7676175,Entire home/apt,2.0,2026-06-09,19.0,18
La Nicchia di Niccolò App 3,1.470617232541932e+18,,43.7890058,Entire home/apt,2.0,2024-09-28,4.0,0
Via San Gallo 19 -The Big,1.462909246083019e+18,,43.77812,Entire home/apt,2.0,2026-06-08,2.0,2
King Room • Private Bath | TramwayEasy T2,1.4631533525157942e+18,,43.78994,Private room,2.0,2026-06-22,4.0,19
Mille Luxury House,1.469073622420918e+18,,43.78325,Entire home/apt,1.0,2026-06-08,1.0,39
Golden Grove Apartment 3bd,1.4627685989414874e+18,,43.772757,Entire home/apt,1.0,2026-05-29,46.0,1
"B&B Soggiorno Battistero Vista Duomo, Deluxe suite",1.4706176751880773e+18,,43.772952,Private room,1.0,2026-06-01,2.0,14
Purple lily nel cuore di firenze,1.4701158938098376e+18,,43.7686988,Entire home/apt,2.0,2026-06-19,1.0,41
Attico Moderno con vista Panoramica,1.4637306218482296e+18,,43.780686,Entire home/apt,1.0,2026-06-11,4.0,27
"SUITE

Il Gatto con gli Stivali",1.4690693723706732e+18,,43.771440529370864,Entire home/apt,3.0,,4.0,0
Santa Croce - Historic Loft with a View.,1.470462284276321e+18,,43.7690182,Entire home/apt,1.0,2026-06-22,1.0,4
EMMApartment,1.4699098266371922e+18,,43.789129328710374,Entire home/apt,3.0,2026-06-24,1.0,28
WelcHome Cellini,1.4696036285732984e+18,,43.7642563,Entire home/apt,2.0,2025-08-16,2.0,4
Maison Belfiore,1.4706184724374554e+18,,43.78215270009131,Entire home/apt,2.0,2026-06-10,1.0,59
House Firenze Isolotto Parck,1.4637198306084787e+18,,43.775310968398685,Entire home/apt,2.0,2026-06-20,2.0,14
Monolocale in villa AC,1.4706191145411418e+18,,43.79772,Entire home/apt,2.0,,4.0,0
Casa Vacanze La Francesca,1.4681778452459203e+18,,43.772796727198994,Entire home/apt,1.0,2026-05-28,46.0,16
Terme Apartment by Mamo Florence,1.4626390518884895e+18,,43.76854,Entire home/apt,1.0,2026-06-10,197.0,43
2 - Monolocale a due passi dal centro.,1.470619756267994e+18,,43.77542,Entire home/apt,1.0,2026-06-16,16.0,20
"Seminterrato Brevi soggiorni, Firenze",1.4706198693288742e+18,,43.79975,Entire home/apt,2.0,2024-10-22,1.0,0
[Sant’Ambrogio] Suite +Apartment,1.470481710551191e+18,,43.7687869700507,Entire home/apt,1.0,2026-06-17,11.0,128
Old Bridge + Lift | Luxury & Comfort,1.4672310893897925e+18,,43.7681191,Entire home/apt,1.0,2025-01-02,7.0,0
Suite Franz Fiorentino (AC),1.4701830553104596e+18,,43.77443,Private room,1.0,2024-10-01,3.0,0
Casetta con giardino in Santo Spirito,1.4630528810470072e+18,,43.76522,Entire home/apt,2.0,2025-12-08,1.0,11
Benci Apartment in Florence,1.470258311767424e+18,,43.76688,Entire home/apt,2.0,2026-06-15,1.0,3
Your home in downtown Florence,1.4625607783550925e+18,,43.7713,Entire home/apt,2.0,2026-06-22,1.0,28
[33 Duomo] Camera con Wi Fi,1.470619756267994e+18,,43.7717083,Private room,1.0,2026-06-20,16.0,22
[35 Duomo] Camera con wifi e netflix,1.470619756267994e+18,,43.7717083,Private room,1.0,2026-05-20,16.0,15
[36 Duomo] Camera con bagno privato,1.470619756267994e+18,,43.7717083,Private room,1.0,2026-06-25,16.0,66
Quiet Independent at the Duomo,1.4686102060472e+18,,43.77217640368135,Entire home/apt,1.0,2026-06-13,4.0,17
Camera quadrupla,1.470014263989933e+18,,43.77411,Private room,1.0,2026-06-09,4.0,24
Camera doppia,1.470014263989933e+18,,43.7752869,Private room,1.0,2026-03-13,4.0,18
Florence Elegant Suite,1.4700871987625165e+18,,43.78750400000001,Entire home/apt,1.0,2026-06-25,1.0,55
all'ombra del campanile giotto,1.470620895083325e+18,,43.7709440420433,Entire home/apt,1.0,2026-06-07,1.0,49
Renaissance Imperial Suite,1.4628594009339466e+18,,43.768502986809565,Entire home/apt,1.0,2026-06-18,4.0,22
Tranquilla stanza singola.,1.4706142904200218e+18,,43.78060042305192,Private room,31.0,2024-09-28,2.0,0
[12 - Duomo] Centrale e silenzioso,1.470619756267994e+18,,43.7717772,Entire home/apt,1.0,2026-06-22,16.0,69
[22 Duomo] Camera caratteristica,1.470619756267994e+18,,43.774441,Private room,1.0,2026-03-11,16.0,7
Am Collection Cavour,1.4654455258427512e+18,,43.7768705,Private room,1.0,2026-06-12,8.0,15
AM Collection Cavour,1.4654455258427512e+18,,43.7768705,Private room,1.0,2026-06-12,8.0,35
Artsy Loft,1.4689920933423007e+18,,43.768155884191835,Entire home/apt,1.0,2026-06-12,1.0,41
Elegante appartamento in palazzo storico del 1600,1.4699362376396529e+18,,43.77338,Entire home/apt,3.0,2026-06-07,2.0,17
Magic Fló Santa Croce,1.470622295606927e+18,,43.7693598,Entire home/apt,1.0,2026-05-15,1.0,1
Standard single room Assaporarte,1.4700602829682232e+18,,43.773546936360646,Private room,1.0,2026-05-31,4.0,2
Rustic Medieval House-Dimora Medievale Fiorentina,1.4657176099646845e+18,,43.7680686,Entire home/apt,2.0,2026-05-30,31.0,14
Pitti Secret Rooftop,1.4670822434946514e+18,,43.766749,Entire home/apt,1.0,2025-10-30,127.0,11
Central and New Apt in Florence*,1.4626320048020557e+18,,43.7702714,Entire home/apt,2.0,2025-07-09,2.0,1
Appartamento Talenti con parcheggio,1.462788453231625e+18,,43.7733719,Entire home/apt,2.0,2026-05-26,7.0,2
Iris Loft,1.4699022228041526e+18,,43.7951353,Entire home/apt,2.0,2025-04-30,1.0,0
Bella Benci - Frescoed Apartment Central Florence,1.462610361964703e+18,,43.7670468,Entire home/apt,2.0,2026-06-14,1.0,32
Casa Giulietta,1.4652751888315436e+18,,43.76476,Entire home/apt,1.0,2026-05-23,1.0,7
Healthy Home | Caracciolo,1.4626798078547236e+18,,43.79515,Entire home/apt,1.0,2026-06-18,8.0,80
Walk to the best restaurants and sites,1.470619262269182e+18,,43.7846776,Private room,1.0,2024-11-03,5.0,0
Boutique hotel where locals like to hang,1.470619262269182e+18,,43.7846776,Private room,1.0,,5.0,0
Accogliente alloggio con posto auto privato,1.4706242598512922e+18,,43.784142944426186,Entire home/apt,1.0,2025-10-16,1.0,13
S. Niccolò cozy place,1.470624313429776e+18,,43.7645317,Entire home/apt,2.0,2025-10-12,1.0,5
Hedera luxury Suite by Mazzini 34 Collection,1.4706244273337477e+18,,43.7743821,Private room,2.0,2026-06-06,6.0,11
Al Parco: Wide & Sunny Flat,1.4706250871858926e+18,,43.7911103,Entire home/apt,31.0,,6.0,0
Folia luxury Suite by Mazzini 34 Collection,1.4706244273337477e+18,,43.77323184711688,Private room,2.0,2026-06-07,6.0,6
Michelangelo terrace flat w/ free private parking,1.4628179715981007e+18,,43.7589161,Entire home/apt,2.0,2026-06-22,19.0,40
Apartment Tacconi by Hôtea,1.4706261933306478e+18,,43.77067210000001,Entire home/apt,1.0,2026-06-03,12.0,37
YiD Aleardi luminous and comfy,1.462988130311036e+18,,43.76769,Entire home/apt,1.0,2026-01-12,80.0,1
"Cozy Suite Santa Croce – for 3, A/C & Wi-Fi",1.4702487931652116e+18,,43.76919,Entire home/apt,1.0,2026-06-21,19.0,66
1min Duomo | AC | King size bed,1.4656548617106673e+18,,43.77284,Entire home/apt,2.0,2026-06-15,1.0,36
Chic central flat Duomo - Market,1.4691621246346365e+18,,43.77680531020602,Entire home/apt,3.0,2026-06-02,2.0,18
[Galleria Accademia]Accademia Luxury Art Apartment,1.4706269326616223e+18,,43.77700332444074,Entire home/apt,1.0,2026-06-21,10.0,47
"Cappelle Medicee, Duomo a 5 min",1.4705756073080259e+18,,43.7755683,Entire home/apt,2.0,2026-01-01,2.0,6
4th Floor City Center,1.463010210974105e+18,,43.76643,Entire home/apt,31.0,2025-10-21,1.0,2
Appartamento Lumà - Careggi,1.4638674156342925e+18,,43.7985193,Entire home/apt,1.0,2025-03-22,5.0,0
Irene’s & Elena’s House,1.46261485236495e+18,,43.77197724461452,Entire home/apt,1.0,2025-10-10,19.0,4
apartment 20,1.466998204354024e+18,,43.7840138,Entire home/apt,1.0,,1.0,0
Guest Garden House:A un passo dal centro,1.470628462400292e+18,,43.7845496,Entire home/apt,31.0,2024-09-13,1.0,0
Celestes Loft 37,1.4638960438993746e+18,,43.77941728836065,Entire home/apt,1.0,,3.0,0
Rustico monolocale a Firenze,1.4626931505274117e+18,,43.73226,Entire home/apt,2.0,2026-06-08,1.0,6
Borgo 10 Florence Boutique Apartment,1.4670822434946514e+18,,43.7680885,Entire home/apt,1.0,2025-05-24,127.0,0
San Lorenzo Dome,1.4690835043325156e+18,,43.775890792773694,Entire home/apt,2.0,2026-06-21,1.0,28
San Niccolò 31,1.4626995495990162e+18,,43.76423429572464,Entire home/apt,1.0,2025-09-04,159.0,1
Il ricordo,1.4627231511967703e+18,,43.76865,Entire home/apt,2.0,2026-06-12,5.0,37
Poggi 7,1.4702962153778186e+18,,43.781624,Entire home/apt,1.0,2026-05-29,3.0,7
Tripoli House 13,1.4698751051130962e+18,,43.7667732,Entire home/apt,2.0,2026-06-09,9.0,43
(2min from Uffizi) Attico gusto Fiorentino,1.4633446991865513e+18,,43.76855,Entire home/apt,2.0,2026-06-12,2.0,53
Michelangelo Deluxe Garden,1.4670822434946514e+18,,43.75796,Entire home/apt,1.0,2025-05-22,127.0,0
Pietrapiana Five Senses - S. Ambrogio City Center,1.465633846560065e+18,,43.771494,Entire home/apt,1.0,2026-06-16,5.0,26
Venere Suite Apartament,1.4637768305794332e+18,,43.781500510890744,Entire home/apt,1.0,2026-06-16,24.0,36
Napoleone - New Apartment near historic center,1.55504179422075e+18,,43.7729649,Entire home/apt,1.0,2026-06-08,10.0,34
[Casa Panicale] San Lorenzo - Duomo,1.4626144563783365e+18,,43.777171,Entire home/apt,1.0,2026-06-26,2.0,80
MOSIA Yellow Apt. [Close to City Center],1.4638363993318505e+18,,43.78767,Entire home/apt,2.0,2026-06-12,21.0,30
Panorama sul Parco.,1.46256179055529e+18,,43.79581499410179,Entire home/apt,31.0,2026-06-10,4.0,4
Cozy house with garden & free parking in Florence,1.466964536285408e+18,,43.73763105561208,Entire home/apt,2.0,2024-11-03,1.0,0
GuestHost - Historic Centre Lions' Apartment,1.4671577548808717e+18,,43.76787607255605,Entire home/apt,2.0,2026-06-19,102.0,20
coco's apartment,1.4689739109983647e+18,,43.79203,Entire home/apt,2.0,2026-05-07,2.0,5
Art Gallery Apartment in Florence,1.4669388100518083e+18,,43.767162886866934,Entire home/apt,1.0,2025-03-25,17.0,0
Irene Loft By MMega,1.4626271213019407e+18,,43.79085772031156,Entire home/apt,7.0,2025-10-06,259.0,2
Faenza Huge Apartment,1.469534420414424e+18,,43.7757702,Entire home/apt,1.0,2026-01-04,47.0,2
Santa Croce One_Three,1.4658067990691116e+18,,43.7690177,Entire home/apt,2.0,2026-06-23,58.0,42
Donatello By MMega,1.4626271213019407e+18,,43.7694385,Entire home/apt,1.0,2026-06-08,259.0,16
Pratovecchio Loft,1.465464245407337e+18,,43.77057,Entire home/apt,2.0,2024-10-08,9.0,0
102 - Superior Room,1.470606742192314e+18,,43.77203,Private room,1.0,2026-05-29,3.0,85
103 - Apartment,1.470606742192314e+18,,43.77203,Entire home/apt,1.0,2026-06-12,3.0,80
Stanza Ap Wi fi e cucina,1.470479494749183e+18,,43.79957,Private room,2.0,2025-04-01,3.0,0
Ponte Vecchio Guelfo with balcony,1.4627685989414874e+18,,43.7676221,Entire home/apt,2.0,2026-06-18,46.0,5
Alla Chiesina,1.470633456857327e+18,,43.7519883,Private room,2.0,2026-06-25,1.0,21
Quiet & Modern Retreat • Walk to Center • 4.99,1.463897634223188e+18,,43.779855,Entire home/apt,1.0,2026-06-24,1.0,52
Lily Loft Florence,1.463862336625632e+18,,43.7852,Entire home/apt,1.0,2026-06-25,2.0,59
[Santo Spirito] Prestige View +2Suite,1.470481710551191e+18,,43.76568,Entire home/apt,1.0,2026-06-13,11.0,157
Luxury river view apartment. Biblioteca Nazionale,1.4700708700081405e+18,,43.7668182132618,Entire home/apt,1.0,2026-05-26,11.0,4
Frimi boutique apartment,1.4632214283971113e+18,,43.78074,Entire home/apt,1.0,,5.0,0
FestinaLente 1 San Frediano,1.4633797887242788e+18,,43.769173599999974,Private room,1.0,2026-06-23,5.0,98
FestinaLente 3 San Frediano,1.4633797887242788e+18,,43.76917359999999,Private room,1.0,2026-06-25,5.0,84
Duomo Modern Suite,1.462610075745398e+18,,43.774004,Entire home/apt,1.0,2026-07-01,17.0,25
Spartaco Prestigious Apartment,1.4670822434946514e+18,,43.78164659999999,Entire home/apt,1.0,2025-03-31,127.0,0
Stanza Privata Firenze Novoli letto a castello,1.4637475453701376e+18,,43.80476,Private room,1.0,2026-06-19,3.0,4
My Luxury M&G Florence,1.4705302330761377e+18,,43.77383,Entire home/apt,1.0,2026-05-25,2.0,16
Boho - Sweet Dreams in Florence,1.465579628809493e+18,,43.79624,Entire home/apt,1.0,2025-10-30,86.0,9
Appartamento Cuore Di Firenze,1.4698779213680049e+18,,43.78778394164968,Entire home/apt,1.0,2026-06-18,1.0,7
Spedaluzzo - Belvedere House Stunning Hill Views,1.4704599847620762e+18,,43.8112162,Entire home/apt,1.0,2026-06-20,34.0,17
StellaRosa Amorino city center,1.470635961571803e+18,,43.7751218,Entire home/apt,2.0,2026-06-12,1.0,33
Pietro charming with garden,1.4628529233473603e+18,,43.7606228,Entire home/apt,3.0,2026-06-15,12.0,9
Single Room in Florence,1.4625241118215084e+18,,43.78409984948205,Private room,2.0,2024-10-13,1.0,0
[Accademia] Prestigioso appartamento vista Duomo,1.4635015572442058e+18,,43.7789623,Entire home/apt,1.0,2026-06-07,36.0,42
Ampia camera a Firenze,1.4625994973531067e+18,,43.7623455,Private room,1.0,2026-06-21,1.0,26
DAFstudio603,1.4702195456620204e+18,,43.79997508941578,Entire home/apt,2.0,2026-05-29,2.0,34
Loft di charme in Santo Spirito,1.465518582882648e+18,,43.76656,Entire home/apt,2.0,2026-06-19,1.0,46
[DUOMO] Elegante appartamento con tre camere,1.4704621903209444e+18,,43.77312,Entire home/apt,1.0,2026-06-18,8.0,67
Florentine Apartment,1.4698636083654177e+18,,43.76593336099296,Entire home/apt,12.0,,1.0,0
Two-room apartment with garden,1.4697063599745905e+18,,43.8000873048407,Entire home/apt,1.0,2025-12-16,1.0,1
"Camera due letti, bagno privato",1.4705232177378296e+18,,43.7851399,Private room,2.0,2026-02-12,4.0,4
Great apartment in the heart of Florence,1.4706378970228882e+18,,43.7795807,Entire home/apt,2.0,2024-10-24,1.0,0
Ponte Vecchio White apartment,1.470638143258516e+18,,43.76754709999999,Entire home/apt,2.0,2026-06-26,1.0,28
Il Magnifico - Flo Apartments,1.4652865101990093e+18,,43.7832,Entire home/apt,1.0,2026-05-26,26.0,9
"[Elegante Appartamento]10"" dal Duomo [2 bedrooms]",1.4638497178278346e+18,,43.7774024,Entire home/apt,1.0,2026-05-26,6.0,12
Nido Loft,1.4670785042297608e+18,,43.76976,Entire home/apt,1.0,2026-06-20,2.0,42
Vintage Flat- Ponchielli 8,1.4706391711195484e+18,,43.7830816,Entire home/apt,1.0,,1.0,0
"Central Bellissimo Suite + wifi, a/c",1.4699700433616143e+18,,43.77739,Entire home/apt,2.0,,21.0,0
Brunelleschi con posto auto,1.4698439552836375e+18,,43.7770375,Entire home/apt,3.0,2024-10-19,2.0,0
Villino Dante,1.4698751051130962e+18,,43.77265488828091,Entire home/apt,2.0,2026-06-01,9.0,19
Moderno e luminoso • centro in pochi minuti,1.4706399402374308e+18,,43.7864436,Entire home/apt,1.0,2026-06-06,1.0,17
Sam's central & cosy apartment,1.4626735740306624e+18,,43.78415390298953,Entire home/apt,1.0,2026-06-15,1.0,2
Casa degli Aliotti,1.4698751051130962e+18,,43.7709443,Entire home/apt,2.0,2026-06-07,9.0,35
Dimora nuvola apartament,1.4635973558598262e+18,,43.77503,Entire home/apt,1.0,2026-06-21,7.0,25
San Giuseppe in Santa Croce,1.4630041441268134e+18,,43.7684161,Entire home/apt,2.0,2026-05-30,8.0,9
Central Retreat near Ponte Vecchio,1.4639007615283415e+18,,43.76653,Entire home/apt,2.0,2025-09-21,1.0,5
New Station Apartment Florence,1.4655778371627446e+18,,43.78989,Entire home/apt,7.0,2025-07-27,1.0,1
Jolie's room,1.4633123326235146e+18,,43.80826,Private room,1.0,2026-05-27,1.0,3
The Romana Apartment,1.4658067990691116e+18,,43.7642951,Entire home/apt,2.0,2026-06-20,58.0,46
long period rental in Florence,1.4692741736201682e+18,,43.77481184023958,Entire home/apt,31.0,,4.0,0
Santa Maria Novella Red,1.462625585543148e+18,,43.77508,Entire home/apt,31.0,2024-11-20,37.0,0
(central) Lussuosissimo 2 Suites Apartment,1.4699700433616143e+18,,43.77739,Entire home/apt,2.0,2025-05-30,21.0,0
Isola Verde 2 Bedrooms Apartment,1.4706421406409562e+18,,43.775523013915866,Entire home/apt,3.0,2025-06-06,1.0,0
Oasi Eco con Balcone nel Cuore di Firenze,1.470642148525816e+18,,43.77791,Entire home/apt,1.0,2026-05-24,1.0,6
La Perla nel cuore di Firenze,1.470120600289071e+18,,43.79738,Entire home/apt,1.0,2025-06-16,1.0,0
Healthy Home | Le Cure,1.4626798078547236e+18,,43.79550070743175,Entire home/apt,1.0,2026-06-20,8.0,3
"il terrazzino 
vista duomo",1.470642606816523e+18,,43.7745,Entire home/apt,2.0,2026-06-17,1.0,9
Lettera dall' Oltrarno Elegante A/C Free Wi FI,1.4630020306954388e+18,,43.76463,Entire home/apt,2.0,2025-06-15,15.0,0
Egidio Spacious and bright 300mt from the Duomo,1.4704599847620762e+18,,43.7721133,Entire home/apt,1.0,2026-06-18,34.0,19
Firenze Ponte Vecchio 2 BDR 2 BTH Right,1.4636711608643205e+18,,43.76647,Entire home/apt,1.0,2026-06-26,1.0,9
La Dimora di Cristiano,1.466932465113603e+18,,43.73732,Entire home/apt,1.0,2025-08-08,3.0,1
Golden Luxe Penthouse + view Piazza della Signoria,1.4638435611492111e+18,,43.77031323062445,Entire home/apt,1.0,2026-06-13,19.0,36
Central Duomo Room with Private Bath,1.470619756267994e+18,,43.774441,Private room,1.0,2026-06-26,16.0,96
loft delle cure,1.4625464745370685e+18,,43.79047,Entire home/apt,1.0,2026-06-19,13.0,26
YiD Romito 3bdr design apartment,1.462988130311036e+18,,43.78832,Entire home/apt,1.0,2026-05-31,80.0,9
Large Central Florence Flat 2 Bedrooms 2 Bathrooms,1.4689606340229962e+18,,43.78156,Entire home/apt,1.0,2026-06-26,3.0,56
Biliotti House,1.466932465113603e+18,,43.737691,Entire home/apt,2.0,2026-06-07,3.0,2
GuestHost - Casa di Ebe Campo di Marte Flat,1.4671577548808717e+18,,43.7744307,Entire home/apt,2.0,2026-06-16,102.0,34
Duomo - Amazing Maisonette,1.4626840330065997e+18,,43.7739074,Entire home/apt,1.0,2026-06-13,15.0,26
Pinti Studio,1.4658067990691116e+18,,43.77131,Entire home/apt,2.0,2026-06-19,58.0,24
Mdr Appartamento via delle Ruote,1.462764521992158e+18,,43.7807523,Entire home/apt,1.0,,35.0,0
Swing Statuto,1.4625787674903795e+18,,43.78556,Entire home/apt,1.0,2026-06-22,12.0,33
Double room in a peaceful area (+ private parking),1.4697272349051254e+18,,43.76896779385723,Private room,1.0,2024-10-24,1.0,0
Mazzini Cozy Appartment,1.46731088161031e+18,,43.77536,Entire home/apt,2.0,2026-03-14,13.0,3
Attico Brunelleschi,1.4628445804523436e+18,,43.77372544356879,Entire home/apt,31.0,,1.0,0
[200 mt from the Duomo] in the heart of Florence,1.462985408394587e+18,,43.7763,Entire home/apt,1.0,2026-06-21,7.0,58
Lila rooms 1,1.4706454288008832e+18,,43.77593,Private room,1.0,2026-06-17,3.0,31
Nel centro di Firenze.,1.4705916171509117e+18,,43.7774963,Private room,31.0,2024-10-06,1.0,0
Un Bacio a Firenze,1.468219127397129e+18,,43.77019310000001,Entire home/apt,1.0,2025-07-02,4.0,1
Sweet Florence close to Bargello 1,1.470703511306581e+18,,43.7693,Entire home/apt,30.0,2026-04-29,4.0,20
L'appartamento di Ettore,1.4698613241044237e+18,,43.76633,Entire home/apt,1.0,2026-06-22,2.0,34
Ricorboli on the river,1.4628529233473603e+18,,43.76383591917063,Entire home/apt,3.0,2026-06-18,12.0,12
Elegant Apt in Historic Center – Central Market,1.4689606340229962e+18,,43.78160439802252,Entire home/apt,1.0,2026-06-23,3.0,67
Ser Brunellesco Lapi Luxury,1.4706469083228705e+18,,43.772822519250674,Entire home/apt,2.0,2026-06-03,2.0,19
The Secret Pupi's Terrace in the city center,1.467291034771734e+18,,43.7698203,Entire home/apt,1.0,2026-05-23,2.0,16
Firenze Parlagio Charming Central Suite,1.4669218187996718e+18,,43.76947,Entire home/apt,2.0,2025-06-21,3.0,0
Firenze Parlagio Elite - Central Suite,1.4669218187996718e+18,,43.76793,Entire home/apt,2.0,2025-06-13,3.0,0
Orcagna 10 Elegante appartamento,1.470647017282134e+18,,43.7665215,Entire home/apt,1.0,2026-05-28,1.0,9
Servi 1368 - Luxury Apartment,1.4706469083228705e+18,,43.77312,Entire home/apt,2.0,2026-06-20,2.0,22
UNYCA - Charming San Lorenzo Apartment [Florence],1.470449032762e+18,,43.77660239999999,Entire home/apt,1.0,,40.0,0
UNYCA - Spacious Family Retreat in Florence,1.470449032762e+18,,43.7728006,Entire home/apt,1.0,2025-02-07,40.0,0
UNYCA - Santa Croce Terrace,1.470449032762e+18,,43.7685391,Entire home/apt,1.0,2025-12-23,40.0,1
UNYCA - Florence Renaissance Apartment,1.470449032762e+18,,43.7709513,Entire home/apt,1.0,2025-05-06,40.0,0
Chi_Ama FirenzeTourist Rental and Smart Working,1.463562540525954e+18,,43.7448359,Entire home/apt,1.0,2026-06-14,1.0,16
Piazza Santo Spirito Magic,1.469853500089983e+18,,43.7666365,Entire home/apt,2.0,2026-06-21,7.0,53
"Bargellino, pieno centro.",1.4706479227025864e+18,,43.7689274,Entire home/apt,1.0,2026-06-11,1.0,36
La Magnolia Firenze,1.470648299261225e+18,,43.76252,Entire home/apt,1.0,2024-11-03,3.0,0
Santo Spirito Room,1.4705826830167777e+18,,43.7653533,Entire home/apt,2.0,2026-06-26,4.0,41
"Romito 38, Camera matrimoniale 2 persone 3 minu...",1.468686554271747e+18,,43.78811779999999,Private room,1.0,2026-06-19,10.0,3
"Romito 38, Stanza matrimoniale 2 pax 3 min cent...",1.468686554271747e+18,,43.78769728336152,Private room,1.0,2026-06-19,10.0,5
Cavour Rosa Apartment by Mamo Florence,1.4626390518884895e+18,,43.77596,Entire home/apt,1.0,2026-06-18,197.0,11
Dream House Scialoia,1.470648586235358e+18,,43.7756103,Entire home/apt,1.0,2026-06-24,1.0,81
Talla Home,1.4631491005931773e+18,,43.7732797,Entire home/apt,2.0,2026-06-23,2.0,49
[Pontevecchio] Design e comfort in palazzo storico,1.4635015572442058e+18,,43.7668315,Entire home/apt,1.0,2026-06-23,36.0,59
Irene’s House,1.46261485236495e+18,,43.77309,Entire home/apt,1.0,,19.0,0
Elena’s House,1.46261485236495e+18,,43.77117861418642,Entire home/apt,1.0,,19.0,0
Canacci Charme (AC),1.47053710623606e+18,,43.774194,Entire home/apt,1.0,2026-05-28,1.0,11
Independent Micro-Apartment With Garden,1.4698892870351434e+18,,43.77667409914224,Private room,1.0,2026-06-15,1.0,34
Appartamento Azeglio - San Firenze Collection,1.4668287128390904e+18,,43.77564756282788,Entire home/apt,1.0,2026-05-15,43.0,1
L'Accademia. Appartamento centralissimo,1.4684953574194342e+18,,43.7786385,Entire home/apt,1.0,2025-10-01,1.0,6
Lion's apartment,1.463862336625632e+18,,43.78777,Entire home/apt,1.0,2026-06-24,2.0,68
Timeless charm with Cupola view,1.4636538670362365e+18,,43.7735277,Entire home/apt,1.0,2026-06-17,1.0,52
Il sogno di Melina,1.4706507963353974e+18,,43.77497,Entire home/apt,31.0,,1.0,0
Tommy House San Frediano,1.4706509242395973e+18,,43.76934929999999,Entire home/apt,1.0,2025-05-18,1.0,0
White Iris Apartment,1.470216473584156e+18,,43.770154,Entire home/apt,2.0,2025-09-22,30.0,3
Santa Croce With Courtyard,1.4637768305794332e+18,,43.77104651801054,Entire home/apt,1.0,2026-06-15,24.0,39
Silverkammer · Design studio & rooms · ex facto...,1.470571144831189e+18,,43.76561138254884,Private room,2.0,2025-06-30,3.0,1
Filo 48,1.4671213938224397e+18,,43.78414,Entire home/apt,3.0,,1.0,0
[Santa Croce] Breath-taking Penthouse,1.4695291056529723e+18,,43.76872827427041,Entire home/apt,1.0,2026-06-22,23.0,78
Victoria’s luxurious flat,1.462733094366044e+18,,43.7685,Entire home/apt,3.0,2026-05-26,10.0,14
Santa Maria Novella Apartment,1.4625114121213542e+18,,43.77596,Entire home/apt,1.0,2026-06-24,26.0,14
Micheli Charming Apt [Steps from Duomo-Quiet Stay],1.4638363993318505e+18,,43.78031,Entire home/apt,2.0,2026-06-07,21.0,28
Casa Laura,1.4625464745370685e+18,,43.7753308,Entire home/apt,1.0,2026-06-19,13.0,21
Purple Lily Apartment,1.470216473584156e+18,,43.770154,Entire home/apt,2.0,2026-05-31,30.0,4
La Corte di Peretola Boutique Apartment,1.4626050715613955e+18,,43.79619,Entire home/apt,1.0,2025-06-19,1.0,0
"Attico Vista Duomo, 7 min. con Tranvia da Stazione",1.4686259249527316e+18,,43.7917057,Entire home/apt,2.0,2026-06-24,1.0,39
Tommy - Sweet Dreams in Florence,1.465579628809493e+18,,43.77647,Entire home/apt,1.0,2026-04-26,86.0,7
Duomo View • In the Heart of Florence,1.4638303902155103e+18,,43.7716887,Entire home/apt,1.0,2026-06-20,1.0,83
Sauro River View By MMega,1.4626271213019407e+18,,43.76871353609485,Entire home/apt,1.0,2026-05-20,259.0,9
Loft moderno vista centro città J House,1.470611004633313e+18,,43.77039,Entire home/apt,2.0,2026-05-30,1.0,23
Monolocale Tiziana,1.4706527521522304e+18,,43.769571913411774,Entire home/apt,30.0,2026-04-05,1.0,7
Roof-top Anguillara: Duomo e Bargello View,1.4704649720240294e+18,,43.76903179429806,Entire home/apt,2.0,2026-05-25,9.0,69
Lungarno Suite Love [near to City Center],1.4638363993318505e+18,,43.76729,Entire home/apt,2.0,2026-06-03,21.0,16
Boutique Apartments - Primavera,1.4655779424609697e+18,,43.780507,Private room,1.0,2026-05-15,36.0,2
Boutique Apartment,1.4655779424609697e+18,,43.780507,Entire home/apt,1.0,,36.0,0
Charming Vico,1.4693711550113638e+18,,43.7741015,Entire home/apt,7.0,,1.0,0
Numa | Extra Large Room near Florence Cathedral,1.470651730121686e+18,,43.77273162875798,Entire home/apt,1.0,2026-05-31,4.0,12
Casa di Anna,1.4706535076763546e+18,,43.79578,Entire home/apt,1.0,2026-06-21,1.0,24
Monolocale Leopolda,1.4627456928205975e+18,,43.7807644,Entire home/apt,1.0,2025-06-16,1.0,0
"UNYCA- Elegant En-suite ""Santa Maria Novella""",1.470449032762e+18,,43.7750531,Entire home/apt,1.0,2025-04-05,40.0,0
UNYCA - Luxury Duomo Loft [Florence],1.470449032762e+18,,43.7750531,Entire home/apt,1.0,2024-12-27,40.0,0
UNYCA- Florence Residenza Storica,1.470449032762e+18,,43.7750531,Entire home/apt,1.0,2025-01-26,40.0,0
Lucrezia Suite,1.4706537387846333e+18,,43.77475,Entire home/apt,1.0,,4.0,0
Finestra sull'Arno Atto I,1.4706538529759263e+18,,43.76371,Entire home/apt,31.0,,1.0,0
Suites Clarice & Lucrezia,1.4706537387846333e+18,,43.77365083214855,Entire home/apt,1.0,,4.0,0
Irene and Elena House - Florence,1.468219127397129e+18,,43.7723534,Entire home/apt,1.0,2026-03-13,4.0,2
New Flat Lungarno del Pignone,1.4625469161106289e+18,,43.774444263575155,Entire home/apt,1.0,2026-06-08,2.0,9
Francesco Apartment by Mamo Florence,1.4626390518884895e+18,,43.7676959436948,Entire home/apt,1.0,2026-06-16,197.0,19
Santa Croce's Vintage By MMega,1.4626271213019407e+18,,43.7723942,Entire home/apt,1.0,2026-06-16,259.0,3
[Florence Comfort 5*] Steps from Iconic Sights,1.470261724232687e+18,,43.7708936,Entire home/apt,2.0,2026-06-07,7.0,21
Sprone 13,1.4671621115168476e+18,,43.7667,Entire home/apt,1.0,2026-06-07,6.0,17
Palazzina Maresa - Loft 4,1.4626613442108127e+18,,43.7595869677608,Entire home/apt,1.0,2026-06-19,8.0,35
[4min from City Center] • 2 Rooms with Workspaces,1.470653865262782e+18,,43.78534699999999,Entire home/apt,1.0,2026-06-07,2.0,59
Studio alle Antiche Mura,1.4706558825867873e+18,,43.76935813448003,Entire home/apt,2.0,2026-06-15,1.0,2
Adele Apartment by Mamo Florence,1.4626390518884895e+18,,43.76876,Entire home/apt,31.0,2026-06-13,197.0,5
"c-hotels Alamanni21, Stanza con un letto 1",1.470655861981997e+18,,43.77763366699219,Private room,1.0,2026-03-05,4.0,11
Casa Omero Firenze,1.4704055931777277e+18,,43.807559282525915,Entire home/apt,4.0,,1.0,0
San Gallo Florence studio,1.4706562029289155e+18,,43.7773762,Entire home/apt,2.0,2026-06-15,1.0,6
[Stazione SMN] Flavio & Bea Guest House,1.4706532894738227e+18,,43.77368996863605,Entire home/apt,2.0,2026-05-27,3.0,8
"Annalena Garden View: quiet, centrally located apt",1.4687307575990024e+18,,43.76389,Entire home/apt,2.0,2026-06-20,1.0,26
Florence between city centre and train station,1.4706542520800904e+18,,43.7864436,Entire home/apt,2.0,2026-06-20,1.0,65
Red Lily Apartment,1.470216473584156e+18,,43.770154,Entire home/apt,2.0,2026-05-13,30.0,6
Arco Apartment,1.469831846274305e+18,,43.77288,Entire home/apt,1.0,,2.0,0
"c-hotels Alamanni21, Stanza con un letto 3",1.470655861981997e+18,,43.77763,Private room,1.0,2026-06-09,4.0,7
Cozy 1-BR Near Ponte Vecchio,1.4630546590197005e+18,,43.767051362762366,Private room,1.0,2026-02-08,11.0,3
Maison Costa dei Magnoli,1.4670822434946514e+18,,43.766287,Entire home/apt,1.0,,127.0,0
[Careggi] Comfy Apartment,1.4695291056529723e+18,,43.79791,Entire home/apt,1.0,2025-09-29,23.0,15
Charming flat next to the city center (no stairs),1.4670378953170478e+18,,43.78323557290992,Entire home/apt,2.0,2026-06-21,3.0,73
Firenze Romantica,1.4625469161106289e+18,,43.7741125,Entire home/apt,2.0,2026-06-02,2.0,18
Cozy classic Italian house,1.4706150775666796e+18,,43.76766,Entire home/apt,2.0,2026-05-24,1.0,16
La Casa di Lia - centro storico,1.4639115687803384e+18,,43.77441,Entire home/apt,2.0,2026-06-25,1.0,30
Suite Firenze Centrale [Duomo-Stazione-Mercato],1.463663485307551e+18,,43.779099725547326,Entire home/apt,1.0,2026-06-23,2.0,114
The Florence Gateway,1.4625600569288064e+18,,43.78693,Entire home/apt,1.0,2026-06-23,1.0,71
Modern flat - short walk from Santa Maria Novella,1.4670378953170478e+18,,43.783177479234645,Entire home/apt,2.0,2026-06-22,3.0,64
Azzurra Elegant Home,1.469355847041194e+18,,43.76850351587753,Entire home/apt,1.0,2026-06-17,5.0,12
Little Home - Sweet Dreams in Florence,1.465579628809493e+18,,43.7720413,Entire home/apt,31.0,,86.0,0
Studio Vittoria,1.4628614587759227e+18,,43.76903,Entire home/apt,2.0,2026-06-25,2.0,29
"House ofJasmin&Medlar, Firenze. Free park, No ZTL",1.4693682934895252e+18,,43.7677825071449,Entire home/apt,3.0,2026-06-01,1.0,2
CASA VI' - Milù Holidays Firenze Trilocale,1.4626786031330806e+18,,43.7780837,Entire home/apt,1.0,2026-04-13,4.0,16
UNYCA - Cozy Studio in Florence,1.470449032762e+18,,43.7745779,Entire home/apt,1.0,2025-06-07,40.0,0
Apt. Luna -Firenze a portata di mano,1.4629981277215572e+18,,43.7706217,Entire home/apt,2.0,2026-06-15,1.0,8
Charming Suite,1.462678268561112e+18,,43.768648,Entire home/apt,3.0,2026-01-02,3.0,3
Volte e archi,1.462563017517e+18,,43.77259424866063,Entire home/apt,2.0,2026-06-26,1.0,42
Luxurious View on Santa Croce (centre),1.4638443643906227e+18,,43.7690826,Entire home/apt,1.0,2026-06-10,1.0,31
[San Frediano] Quiet and modern,1.462985408394587e+18,,43.7712199,Entire home/apt,1.0,2026-06-20,7.0,70
[Elegant 2-Bedrooms loft] Ultra-fast Wifi & A/C,1.4625828430907133e+18,,43.78223,Entire home/apt,2.0,2026-06-07,3.0,22
San Frediano 36,1.4625464745370685e+18,,43.7694508,Entire home/apt,1.0,2026-06-25,13.0,28
Magenta apt,1.469056513160898e+18,,43.7760583,Entire home/apt,2.0,2026-05-17,2.0,9
Loft nuovo a 15 minuti da centro Firenze Duomo,1.4655769175030917e+18,,43.78467369260197,Entire home/apt,1.0,2026-06-14,5.0,46
Appartamento Allegri - San Firenze Collection,1.4668287128390904e+18,,43.76856,Entire home/apt,1.0,2026-06-12,43.0,24
Keys of Italy -VVecchia24 -Central Studio St Croce,1.4632560235621256e+18,,43.7702804,Entire home/apt,1.0,2026-05-22,64.0,18
Keys of Italy -Senese38-2Bedrs Apt by Porta Romana,1.4632560235621256e+18,,43.7572203,Entire home/apt,1.0,2026-06-04,64.0,5
"Loft Baldovini, cozy, quiet with private parking",1.465594555204638e+18,,43.76381,Entire home/apt,1.0,2026-04-20,2.0,12
[Duomo] Suggestiva Penthouse con Vista Duomo,1.4635015572442058e+18,,43.7715439,Entire home/apt,1.0,2026-06-25,36.0,76
Tower View Apartment,1.4670822434946514e+18,,43.7675095,Entire home/apt,2.0,2025-04-28,127.0,0
Celestes by London 53,1.4638960438993746e+18,,43.78084,Entire home/apt,2.0,,3.0,0
Bonsi Home- vista Duomo Firenze,1.4706621699714043e+18,,43.76622776138623,Entire home/apt,1.0,2026-06-22,1.0,70
CS Giorgio Hidden Gem Close to Ponte Vecchio,1.4704599847620762e+18,,43.7663279,Entire home/apt,1.0,2026-06-04,34.0,28
"Strange Uncle B&B, Strange Uncle Bourbon St Roo...",1.4706624851168532e+18,,43.77577,Private room,1.0,2026-06-15,4.0,29
"Strange Uncle B&B, Strange Uncle, The Green Ens...",1.4706624851168532e+18,,43.77602386874575,Private room,1.0,2026-05-30,4.0,28
Mimi’s house,1.4657631630360942e+18,,43.7877435,Entire home/apt,1.0,2026-06-20,1.0,49
PeacockHouse a Firenze,1.4653605786437256e+18,,43.80475344782118,Entire home/apt,2.0,2026-06-22,1.0,29
Oasi di charme ed eleganza nel cuore di Firenze,1.4704018304015724e+18,,43.77435879999999,Entire home/apt,1.0,2026-06-15,1.0,79
Florentia Viola Apartament I,1.4639147878785843e+18,,43.79704201822627,Entire home/apt,2.0,2025-08-11,1.0,1
"New Florence ""Ercole""suite with pool",1.4639148727683907e+18,,43.75044,Entire home/apt,1.0,2026-06-19,6.0,10
"New Florence ""Armònia"" suite with pool",1.4639148727683907e+18,,43.74892607782832,Entire home/apt,1.0,2026-06-14,6.0,20
Gorgeous & Brilliant apt in the heart of Florence,1.4704381286801408e+18,,43.7805296,Entire home/apt,2.0,2026-06-21,5.0,21
La tua casa a Firenze,1.465630342484103e+18,,43.78934756964003,Private room,3.0,,1.0,0
Attico con terrazza panoramica,1.470663947858155e+18,,43.7807712,Entire home/apt,1.0,2026-06-05,1.0,67
Spacious Luxury APT w/ Terrace in Florence Centre,1.467034201062469e+18,,43.78485,Entire home/apt,3.0,,1.0,0
S.Spirito Mini Suite,1.4699844458661363e+18,,43.766804168543146,Private room,1.0,2026-06-20,2.0,32
Orto Apartment by Mamo Florence,1.4626390518884895e+18,,43.76980573408048,Entire home/apt,1.0,2026-05-22,197.0,21
Tigro & Nero House,1.4685378720911713e+18,,43.793066797930706,Private room,1.0,2026-06-22,2.0,45
Valia Florence Pitti 3 next to Pitti Palace,1.4626969668685066e+18,,43.7661822,Entire home/apt,1.0,2026-06-09,13.0,43
Santo Spirito Nest,1.4670822434946514e+18,,43.7684039,Entire home/apt,1.0,2026-02-23,127.0,8
Ricasoli Luxury Palace,1.4670822434946514e+18,,43.7675095,Entire home/apt,2.0,2026-02-21,127.0,8
Exclusive Suite at Boboli Garden 3' to Pitti Plaza,1.4628731598951841e+18,,43.7624134,Entire home/apt,2.0,2026-06-07,32.0,34
Florence Central Station Santa Maria Novella,1.4636833238705452e+18,,43.7755,Entire home/apt,1.0,2024-12-08,3.0,0
Oasi di Pace con Giardino Privato,1.4631350299319455e+18,,43.77975258558577,Entire home/apt,1.0,2026-06-26,11.0,79
Firenze Centro+Chic+Art on Arno,1.4706189213293793e+18,,43.7724077,Entire home/apt,1.0,2026-06-20,2.0,98
Madame Isabella Belfiore,1.4706250871858926e+18,,43.7824087,Entire home/apt,2.0,2026-06-26,6.0,15
Stanza centrale con balcone e bagno privati,1.4639163537635523e+18,,43.7933923,Private room,1.0,2025-06-18,1.0,0
[18 minuti da Firenze] - Parcheggio gratuito,1.463543520580606e+18,,43.77271,Entire home/apt,1.0,2026-05-24,7.0,18
Freedom Florence Apartment+private parking,1.4635973558598262e+18,,43.76182,Entire home/apt,1.0,2026-06-23,7.0,16
Casa Petri,1.4627963955769697e+18,,43.78533,Entire home/apt,1.0,2026-06-02,1.0,6
Luxurious View on Pitti Palace - 2 Bedr ( Centro ),1.4632774976285443e+18,,43.7653676,Entire home/apt,1.0,2026-06-13,1.0,61
Mon Amour Apartment,1.4706664653053711e+18,,43.75651879999999,Entire home/apt,2.0,2026-05-25,1.0,12
Central Nest By MMega,1.4626271213019407e+18,,43.77912788692532,Entire home/apt,1.0,2026-06-07,259.0,28
New Duomo Amazing Terrace view.,1.4639148727683907e+18,,43.772448529763565,Entire home/apt,1.0,2026-06-21,6.0,54
Luxury House in Florence,1.470666964707339e+18,,43.77473,Entire home/apt,31.0,,1.0,0
Libertà luxury apartament,1.4684162388054124e+18,,43.78454640268391,Entire home/apt,3.0,2026-06-21,1.0,11
Leone,1.4626995495990162e+18,,43.76876,Entire home/apt,1.0,2026-04-14,159.0,2
UNYCA - Florence Elegant Residence,1.470449032762e+18,,43.7733533,Entire home/apt,1.0,2025-01-31,40.0,0
Il loggiato di San Frediano,1.4682275448687304e+18,,43.7683564,Entire home/apt,2.0,2026-06-12,10.0,40
Santo Spirito apartment,1.4706678172204332e+18,,43.76693,Entire home/apt,2.0,2026-06-12,1.0,22
7even Rooms | Pac-Mac Room,1.4706683406858465e+18,,43.7981835,Private room,2.0,,1.0,0
Alloggi Palmini 2,1.4655225541661235e+18,,43.78328,Entire home/apt,1.0,,2.0,0
[Davanti Duomo] Calzaioli Sunshine,1.4705179877922263e+18,,43.7717363,Entire home/apt,1.0,,1.0,0
Casa Daniela,1.4639181303437169e+18,,43.79104,Entire home/apt,1.0,2026-06-26,1.0,94
Santo Spirito Apartment,1.4705826830167777e+18,,43.7653533,Entire home/apt,2.0,2026-06-20,4.0,23
Novella Apartment by Mamo Florence,1.4626390518884895e+18,,43.77671,Entire home/apt,1.0,2026-05-27,197.0,23
Keys of Italy -VittorioE247-Charming Modern Studio,1.4632560235621256e+18,,43.79325,Entire home/apt,1.0,,64.0,0
Minnesota Apartment by Mamo Florence,1.4626390518884895e+18,,43.77129,Entire home/apt,1.0,2026-06-15,197.0,30
[Stazione SMN] Flavio Guest House,1.4706532894738227e+18,,43.77468870656394,Entire home/apt,2.0,2025-01-04,3.0,0
[Stazione SMN] Bea Guest House,1.4706532894738227e+18,,43.77493,Entire home/apt,2.0,2024-12-30,3.0,0
New! 10 minutes from Ponte Vecchio,1.47066921373146e+18,,43.7638741,Entire home/apt,1.0,2026-06-24,1.0,53
Apartment inVilla/ spectacular view over Florence,1.470669254184954e+18,,43.78323,Entire home/apt,31.0,,1.0,0
Laura 10,1.4626995495990162e+18,,43.77541,Entire home/apt,1.0,2026-05-24,159.0,6
"Room privat, shared bathroom",1.4696798692883236e+18,,43.78215,Private room,1.0,2026-06-23,2.0,24
San Frediano Suite,1.4681778452459203e+18,,43.769076019455746,Entire home/apt,1.0,2026-06-11,46.0,19
Vespucci Luxury Apartment by Mamo Florence,1.4626390518884895e+18,,43.77540626073901,Entire home/apt,1.0,2026-06-13,197.0,43
Ponte Vecchio Vista Suite,1.4706699744838298e+18,,43.7677369,Entire home/apt,2.0,2026-06-22,1.0,74
Amanti avventura on the road,1.46391881754265e+18,,43.79722125681711,Entire home/apt,1.0,2025-10-11,3.0,1
L'oasi in San Frediano,1.4698653055253076e+18,,43.76885,Entire home/apt,1.0,2026-06-12,1.0,40
Florence Cozy apartment in central Florence,1.4669388100518083e+18,,43.77937029178866,Entire home/apt,1.0,2026-05-29,17.0,1
Maison - Luxury and Design Three-Room Apartment,1.4704599847620762e+18,,43.7805617,Entire home/apt,1.0,2026-06-19,34.0,24
Pilastri 44 Cozy Apt in the Heart of Florence,1.4704599847620762e+18,,43.7730038,Entire home/apt,1.0,2026-06-14,34.0,45
Bella Vista City View By MMega,1.4626271213019407e+18,,43.76727,Entire home/apt,1.0,2026-06-10,259.0,12
Keys of Italy -Orsini70 -1Bedr Apt with River View,1.4632560235621256e+18,,43.7633519,Entire home/apt,1.0,,64.0,0
Monolocale pieno centro,1.469815042299263e+18,,43.7765,Entire home/apt,1.0,2026-06-13,3.0,59
"Ukiyo, Stanza con letto queen size",1.4690588812739904e+18,,43.777788147437434,Private room,1.0,2026-06-18,3.0,32
Roped Rooms Florence - Raffaello,1.470171380633571e+18,,43.7793391,Private room,1.0,2024-12-29,5.0,0
Roped Rooms - Michelangelo,1.470171380633571e+18,,43.7793391,Private room,1.0,2025-06-27,5.0,1
Cute Apartment With Breathtaking Views on Duomo,1.4690749154331356e+18,,43.77429,Private room,1.0,2026-05-13,12.0,5
Charming Apartment in the Heart of Santo Spirito,1.4704959469999524e+18,,43.7651319,Entire home/apt,1.0,2026-02-19,15.0,1
Next to Uffizi & Signoria (Dimora Storica),1.4626574953358241e+18,,43.7704664,Entire home/apt,1.0,2026-06-11,3.0,46
Cavour 83 Prestige House by 360 Rentals,1.4706713714497334e+18,,43.78082283097446,Entire home/apt,1.0,2026-04-18,1.0,15
Ginella la casa vintage,1.4686117032970606e+18,,43.7892358,Entire home/apt,1.0,2026-06-04,5.0,4
"House at The Hoxton, Florence",1.470669532780082e+18,,43.78294127764823,Entire home/apt,1.0,2026-05-26,2.0,1
Brunelleschi Luxury apartment close to Duomo,1.470103334520223e+18,,43.77451298331706,Entire home/apt,2.0,2026-06-21,1.0,24
Red house blues,1.4639204303436175e+18,,43.7717416,Entire home/apt,2.0,2025-10-06,2.0,12
[Santa Croce] Suite center of Florence-9 min Duomo,1.4701697402156083e+18,,43.77043080000001,Entire home/apt,1.0,2026-06-23,2.0,83
Appartamento Casa Paolo,1.470632632351863e+18,,43.76397,Entire home/apt,2.0,2025-05-01,3.0,0
La Mandorla Suite – Duomo View & Historic Charm,1.4638299566284306e+18,,43.77352789069312,Entire home/apt,1.0,2026-06-26,2.0,19
Il Portico di Margherita,1.4692082058940613e+18,,43.740239,Entire home/apt,2.0,2025-06-17,1.0,0
Macci 65 - Sant' Ambrogio Flat,1.4706738346011267e+18,,43.7709,Entire home/apt,1.0,2026-05-23,2.0,35
[Eleganza e Comfort a Firenze]VicinoCentro Careggi,1.462836393277576e+18,,43.7928209,Entire home/apt,1.0,2026-06-17,2.0,26
"Finestra sull' Arno I + Netflix, wifi, A/C",1.4699700433616143e+18,,43.7638079,Entire home/apt,1.0,2026-05-27,21.0,41
"(vista Arno) Finestra sull' Arno VII + wifi, a/c",1.4699700433616143e+18,,43.7638079,Entire home/apt,1.0,2026-05-22,21.0,9
Fiesolana 27 Double,1.4626995495990162e+18,,43.773216,Entire home/apt,1.0,2026-05-05,159.0,6
Corsica 11,1.4706695156289943e+18,,43.7875665,Entire home/apt,2.0,2026-03-11,9.0,5
Elegante Suite ai piedi di Pz.Michelangelo,1.4638435611492111e+18,,43.76436,Entire home/apt,1.0,2026-06-15,19.0,31
Apartment Strozzi with Unique Location and View,1.470674457583433e+18,,43.76917,Entire home/apt,2.0,2026-06-22,1.0,41
Rinascimento Privato By MMega,1.4626271213019407e+18,,43.76409270734699,Entire home/apt,2.0,2026-05-13,259.0,8
Lungarno68,1.4671602172766052e+18,,43.7657224,Entire home/apt,1.0,2026-06-06,1.0,15
Tower San Niccolo: City View & Location,1.4706748534391685e+18,,43.76426,Entire home/apt,2.0,2026-05-23,1.0,15
Apartment Costa San Giorgio: City Unique View,1.4706749735906245e+18,,43.766840420693775,Entire home/apt,1.0,2026-06-17,1.0,22
Florentia Boutique_Blu Marino,1.4698579751968594e+18,,43.7883,Private room,1.0,,7.0,0
Florentia Boutique_Giallo Ocra,1.4698579751968594e+18,,43.7873009,Private room,2.0,,7.0,0
[Historic Center]NEWComfort Apt +Suite,1.470481710551191e+18,,43.76923,Entire home/apt,1.0,2026-06-21,11.0,148
Florentia Boutique_Verde Antico,1.4698579751968594e+18,,43.7873009,Private room,1.0,,7.0,0
Top location in Oltrarno! Cozy and bright apt,1.4626476353990766e+18,,43.7683229,Entire home/apt,2.0,2026-06-11,1.0,38
"b&b due abeti, stanza luna",1.4630880212698522e+18,,43.784308705113816,Private room,1.0,,3.0,0
Firenze Station | Modern & Elegant Apt with Style,1.4706754002904666e+18,,43.78392,Entire home/apt,1.0,2025-06-23,1.0,0
[Porta al Prato] Penthouse with a view,1.4706269326616223e+18,,43.77793,Entire home/apt,1.0,2026-06-14,10.0,35
Ambrogio 33 tre camere tre bagni,1.4706754540610634e+18,,43.77225632209606,Entire home/apt,2.0,2026-04-17,1.0,4
4 Ricasoli Boutique,1.468246927708786e+18,,43.77442848392841,Private room,1.0,2026-02-07,15.0,4
Torre Benci By MMega,1.4626271213019407e+18,,43.7679772,Entire home/apt,1.0,2026-06-12,259.0,32
"Althea Rooms, Stanza con un letto",1.468178860579681e+18,,43.764,Private room,1.0,2026-06-19,6.0,95
Appartamento Careggi Firenze con Parcheggio,1.470676038484393e+18,,43.80475,Entire home/apt,2.0,2025-09-04,1.0,1
Caterino Apartment,1.4627203073989578e+18,,43.77014,Entire home/apt,1.0,2026-01-02,7.0,13
Accogliente e Luminoso Appartamento Zona Soffiano,1.4701442999182925e+18,,43.76932421129889,Entire home/apt,1.0,2026-06-11,5.0,38
Appartamento Careggi - Fronte Tramvia,1.4659031889162493e+18,,43.7944256,Entire home/apt,2.0,2026-05-02,1.0,40
The Batoni Apartment,1.4658067990691116e+18,,43.7733247,Entire home/apt,2.0,2026-06-18,58.0,17
NH Florence - La Casina dell'Angela,1.470369337282611e+18,,43.77391,Entire home/apt,1.0,2026-05-24,8.0,6
Prestigious Apt [Prime Location],1.4638363993318505e+18,,43.78632107619777,Entire home/apt,2.0,2026-06-09,21.0,18
[-20%] Il Rifugio Fiorentino- 90m Ponte vecchio,1.46318971016856e+18,,43.7688661,Entire home/apt,1.0,2026-06-21,5.0,54
La Corte Segreta: Oasi in Centro,1.4631350299319455e+18,,43.7700495,Entire home/apt,1.0,2026-06-25,11.0,59
San Frediano Charming Apartment,1.4670822434946514e+18,,43.765686,Entire home/apt,1.0,2025-02-23,127.0,0
Corsi 57 - Stylish Apartment,1.4706780911145027e+18,,43.80124,Entire home/apt,2.0,2026-05-31,1.0,7
Casa di Botticelli – Exclusive Stay with View,1.4706781904771156e+18,,43.7732,Entire home/apt,2.0,2026-06-25,1.0,35
Stunning Apartment with View of Ponte Vecchio,1.4628594009339466e+18,,43.76764,Entire home/apt,1.0,2026-06-22,4.0,28
Studio Fiera Congressi & Fortezza,1.4638868449500206e+18,,43.777995,Entire home/apt,1.0,2026-05-27,4.0,25
Elegant Apartment With Parking,1.4625114121213542e+18,,43.77806,Entire home/apt,1.0,2026-06-06,26.0,17
Corte Santa Maria - Florence Dolce Vita,1.4638623584396344e+18,,43.77481,Entire home/apt,1.0,2026-06-02,13.0,25
Florence Apt • Outside ZTL • Walk to Duomo,1.467086224296221e+18,,43.77919,Entire home/apt,1.0,2026-06-10,1.0,37
[Duomo] Cozy and modern flat,1.462985408394587e+18,,43.7741278,Entire home/apt,1.0,2026-06-21,7.0,57
Due Strade APT - Oltrarno Collection,1.47067990518053e+18,,43.74978,Entire home/apt,1.0,2026-04-15,1.0,10
Yome - Borgo dei Greci 17,1.4626710073191992e+18,,43.76922,Entire home/apt,2.0,2026-05-10,6.0,23
Terrazza vista Duomo | 5 min Santa Maria Novella,1.470582035592652e+18,,43.78109,Entire home/apt,1.0,2026-06-11,3.0,4
La Stanza a Casa del Fotografo + Box Auto,1.4629384479809597e+18,,43.78995,Private room,1.0,2026-06-05,2.0,19
Attico Casa Letizia a Firenze Toscana,1.4626827959600023e+18,,43.79902,Entire home/apt,1.0,,1.0,0
Accogliente camera singola in Florence,1.4668911383507863e+18,,43.76351,Private room,1.0,2025-06-26,1.0,0
Along The River Apartment (oasi nel centro città),1.4671603944286595e+18,,43.79226,Entire home/apt,2.0,2025-09-19,1.0,3
via del porcellana apartment,1.47002173491541e+18,,43.77285,Entire home/apt,2.0,2026-06-25,2.0,54
The Heart of Florence. Best central spot,1.470131127887164e+18,,43.76655,Entire home/apt,1.0,2026-06-23,1.0,24
[Four Season's] Luxury Apartment 300 mt from Duomo,1.4701558827066696e+18,,43.76985,Entire home/apt,2.0,2026-06-03,5.0,51
Acciaiuoli 18,1.4626995495990162e+18,,43.76931366250776,Entire home/apt,1.0,2026-06-03,159.0,23
Appartamento Centralissimo,1.4658120381912942e+18,,43.77436,Entire home/apt,2.0,,3.0,0
Meri apartment,1.4686894264295176e+18,,43.78817,Entire home/apt,1.0,,2.0,0
[Villa Strozzi] Travel Apartment,1.4695291056529723e+18,,43.7718645,Entire home/apt,1.0,2026-03-27,23.0,12
Wine Apartments Florence Barbaresco 2,1.4627648749364001e+18,,43.7783237,Entire home/apt,1.0,2025-10-03,44.0,1
Wine Apartments Florence Barbaresco 4,1.4627648749364001e+18,,43.7783237,Entire home/apt,1.0,,44.0,0
"Casa Spontini, cozy apartment with balcony",1.4679456465759964e+18,,43.7838181,Entire home/apt,1.0,2026-06-03,5.0,12
Gelso Uno,1.4629886731058783e+18,,43.77057350297387,Entire home/apt,1.0,2026-06-01,19.0,1
Centrale 3 bedrooms 2 bathrooms,1.4630374264726305e+18,,43.77402,Entire home/apt,1.0,2026-06-12,2.0,24
Santo Spirito Rooftop Retreat,1.4670822434946514e+18,,43.7653989,Entire home/apt,1.0,2026-02-15,127.0,2
Romana Central Apartment,1.469534420414424e+18,,43.7648609,Entire home/apt,1.0,2025-06-20,47.0,0
Monolocale indipendente centro Firenze,1.463872626535326e+18,,43.77672778009136,Entire home/apt,1.0,2026-06-14,3.0,19
Sant'Ambrogio Apartments - Donatello,1.469534420414424e+18,,43.7709683,Entire home/apt,1.0,2025-10-01,47.0,1
Sant'Ambrogio Apartments - Michelangelo,1.469534420414424e+18,,43.7709683,Entire home/apt,1.0,2026-05-18,47.0,4
Cozy Loft in Uguccione: Live Like a Local,1.462577067420354e+18,,43.76075,Entire home/apt,2.0,2026-03-29,18.0,7
"Two Bedrooms ""Verdi"" Comfortable Apartment",1.4669170060118057e+18,,43.7700430524718,Entire home/apt,3.0,2026-06-20,1.0,25
Enjoy Firenze Flat,1.4878887609329341e+18,,43.76786,Entire home/apt,30.0,2025-07-12,1.0,1
Near Duomo | Cozy Apt | AC,1.4692842843323517e+18,,43.78014959175754,Entire home/apt,1.0,,2.0,0
Family Apartment Casa di Fabrina,1.4673476705231232e+18,,43.7904259,Entire home/apt,2.0,2026-05-10,1.0,8
Dimora Patella · Fiorentina con Suite e Vista,1.4639275697116626e+18,,43.7898466,Entire home/apt,2.0,2026-04-24,1.0,10
"Casa Le Formiche 
Your home in Florence",1.4706861454297068e+18,,43.7380419,Entire home/apt,1.0,2026-06-18,1.0,18
YiD appartamento al Carmine,1.462988130311036e+18,,43.76824433945135,Entire home/apt,1.0,2025-10-20,80.0,1
YiD quiet apartment near metro,1.462988130311036e+18,,43.78484326552401,Entire home/apt,1.0,2026-04-08,80.0,7
Appartamento Aurora with private parking space,1.4654454523887421e+18,,43.7709993,Entire home/apt,2.0,2026-06-07,2.0,19
"Casa Camillo, Firenze Centro con Terrazza",1.470686754583038e+18,,43.77512450279217,Entire home/apt,2.0,2026-06-01,1.0,60
Lc Living Firenze a pochi passi dal centro,1.4636582075633175e+18,,43.7642927,Entire home/apt,1.0,2026-06-14,1.0,25
Casa Bargellina By MMega,1.4626271213019407e+18,,43.7693977,Entire home/apt,1.0,2026-06-10,259.0,8
Vintage Top-Floor Retreat in Central Florence,1.463928066738396e+18,,43.7749377,Entire home/apt,1.0,2026-06-19,14.0,38
Airport FLR Residence,1.4639204303436175e+18,,43.79556998222357,Entire home/apt,2.0,2025-07-25,2.0,3
Flat for 3 City center,1.468441318767874e+18,,43.77413,Entire home/apt,1.0,2026-06-08,4.0,25
Casa Stibbert: Garden Retreat,1.4706873113003436e+18,,43.79216,Entire home/apt,1.0,2026-06-11,2.0,13
2 Apartments attached infront train station,1.4683753301515517e+18,,43.8006782,Entire home/apt,2.0,2025-04-28,3.0,0
A due passi da Palazzo Pitti,1.4625410267924582e+18,,43.76512823532117,Entire home/apt,31.0,2026-06-01,3.0,5
"Matrimoniale 2. ""il borghetto""",1.4706873903315205e+18,,43.76811181650852,Private room,2.0,2026-06-10,4.0,11
20 Canacci House by 360 Rentals,1.4625115071325087e+18,,43.77442749999999,Entire home/apt,2.0,2026-06-15,22.0,36
San Frediano Boutique Nº8,1.462643270173371e+18,,43.7701601,Private room,1.0,2026-06-21,9.0,75
Orchidea 2 bedroom apt 15 min walk from SMN,1.4706870569398367e+18,,43.781919332953706,Entire home/apt,2.0,,1.0,0
Anna's Apartment – Your Home Away from Home,1.4657176099646845e+18,,43.7849538,Entire home/apt,1.0,2026-02-20,31.0,8
Stile e Comfort a Sant’Ambrogio Firenze Centro,1.4631350299319455e+18,,43.77195,Entire home/apt,1.0,2026-06-12,11.0,57
NH Florence - Casa Giotto,1.470369337282611e+18,,43.7724298,Entire home/apt,1.0,2025-12-06,8.0,2
"Historical center, huge.bright.elevator 6/8 guests",1.470438247017222e+18,,43.7713034,Entire home/apt,1.0,2026-05-26,4.0,1
Appartamento Ines - San Firenze Collection,1.4668287128390904e+18,,43.78842266121212,Entire home/apt,1.0,2026-01-15,43.0,5
[Centro Storico] Loft 27,1.470678994998e+18,,43.76740925195375,Private room,2.0,2025-09-25,3.0,2
new modern central flat,1.470688922133328e+18,,43.773776,Entire home/apt,1.0,2026-06-14,1.0,67
Bright Cozy 2BDRM 15 min Florence Center Elevator,1.4626422174522547e+18,,43.7690196,Entire home/apt,3.0,2026-06-23,9.0,17
Florence Central Market,1.469534420414424e+18,,43.7772526,Entire home/apt,1.0,2025-07-30,47.0,2
Santa Maria Novella Nest,1.469534420414424e+18,,43.77439570000001,Entire home/apt,1.0,2025-10-09,47.0,1
Alloggio Underground,1.4626755837138033e+18,,43.769044239978655,Entire home/apt,3.0,2026-06-26,2.0,15
Relax a Firenze • Luminoso • A/C e Wi-Fi veloce,1.465569272084839e+18,,43.7880845,Entire home/apt,1.0,2026-05-28,1.0,16
Numa | Large Room near Porta San Niccolò,1.4706894493007977e+18,,43.76543,Entire home/apt,1.0,2025-03-17,10.0,0
"Numa | L Studio w/ Balcony, Kitchen & Sofa Bed",1.4706894493007977e+18,,43.76482740675264,Entire home/apt,1.0,,10.0,0
Numa | 1 Bedroom Apartment with Sofa Bed,1.4706894493007977e+18,,43.76419,Entire home/apt,1.0,2025-06-10,10.0,0
Appartamento nel centro di Firenze,1.4697086540492406e+18,,43.7700031,Entire home/apt,2.0,2026-06-25,1.0,23
Numa | 2 Bedroom Duplex Apartment with Sofa Bed,1.4706894493007977e+18,,43.76330016091988,Entire home/apt,1.0,,10.0,0
GuestHost - Sweet Faenza - San Lorenzo Lovely Nest,1.4671577548808717e+18,,43.776068,Entire home/apt,1.0,2026-06-23,102.0,27
Santo Spirito House,1.4699844458661363e+18,,43.7657421,Entire home/apt,1.0,2026-06-22,2.0,46
Spazioso e moderno Appartamento in centro storico,1.4706902709176988e+18,,43.774017,Entire home/apt,1.0,2026-05-30,1.0,24
10 min to Center & Airport - Bright Modern Apt,1.469029257822708e+18,,43.793113,Entire home/apt,2.0,2026-05-29,1.0,45
Suite Monique {5 Minuti dalla Stazione},1.4690886124540744e+18,,43.77864,Entire home/apt,1.0,2026-06-13,7.0,37
The Roofs of Florence Apartment,1.4638805324515195e+18,,43.768771,Entire home/apt,1.0,2026-06-22,22.0,31
Santa Croce Luxury Apartment,1.4670822434946514e+18,,43.7722288,Entire home/apt,1.0,2026-06-08,127.0,19
Leonardo Bianchini-S.Lorenzo,1.4706910461835338e+18,,43.775316,Entire home/apt,1.0,2025-04-25,4.0,0
Giotto Bianchini-S.Lorenzo,1.4706910461835338e+18,,43.775316,Entire home/apt,1.0,2025-04-17,4.0,0
Your Home in Florence with parking!,1.4689736032152906e+18,,43.790181637704215,Entire home/apt,1.0,2026-06-19,2.0,45
Il Borghetto,1.4706873903315205e+18,,43.76751,Entire home/apt,3.0,2026-06-19,4.0,5
Maison San Gallo By MMega,1.4626271213019407e+18,,43.7834047,Entire home/apt,1.0,2026-06-10,259.0,22
"Antica Posta, Antica Posta Double 3",1.4626995495990162e+18,,43.7822,Private room,1.0,2026-06-06,159.0,21
"Antica Posta, Antica Posta Double 5",1.4626995495990162e+18,,43.78218,Private room,1.0,2026-06-06,159.0,19
"B&B di Alessandra, Stanza con due letti",1.4706916671431762e+18,,43.80050809999999,Private room,1.0,2025-09-14,4.0,2
Casa Savioli,1.4689695375044244e+18,,43.7677369,Entire home/apt,2.0,2026-06-22,2.0,6
Bright 3BD Apartment near Santa Croce.Teatro Verdi,1.4700708700081405e+18,,43.77016739904468,Entire home/apt,1.0,2026-06-18,11.0,37
GuestHost - Porta Romana Apartment,1.4671577548808717e+18,,43.7625196,Entire home/apt,1.0,2026-02-17,102.0,17
Moro Central Studio Apartment,1.4626143312775265e+18,,43.77203,Entire home/apt,2.0,2026-06-24,4.0,69
Cosimo By MMega,1.4626271213019407e+18,,43.769682,Entire home/apt,1.0,2026-06-03,259.0,3
Magenta House Relax - San Frediano & SMN Station,1.4706925095658596e+18,,43.7764618,Entire home/apt,2.0,2025-10-23,1.0,16
"Air Green Serragli, Stanza doppia",1.4655833248565637e+18,,43.765709244274746,Private room,1.0,,5.0,0
Santo Spirito Artistic home,1.4706925361277683e+18,,43.7680644,Entire home/apt,1.0,2026-06-15,1.0,21
Relaxing Garden Apt Near Historic Florence,1.4628564814992796e+18,,43.7737496,Entire home/apt,1.0,2026-03-20,35.0,12
La Maison de Paulette,1.4654804277475768e+18,,43.7858229,Entire home/apt,1.0,2025-07-21,1.0,3
Tu Casa in Firenze,1.4701343208931287e+18,,43.76744,Entire home/apt,2.0,2026-02-23,1.0,4
Novella Style Florence 2,1.470216473584156e+18,,43.774259,Entire home/apt,1.0,2026-06-10,30.0,20
"Ponte Vecchio, Art & Design in Historic Palace",1.4631075183523287e+18,,43.77004537041317,Entire home/apt,2.0,2026-06-24,1.0,26
Palazzina Maresa - Loft 1,1.4626613442108127e+18,,43.7596878437829,Entire home/apt,1.0,2026-05-19,8.0,11
Appartamento Mercadante,1.4629930167865684e+18,,43.7841634,Entire home/apt,1.0,2026-06-13,1.0,5
"B&B di Alessandra, Stanza con letto queen size 12",1.4706916671431762e+18,,43.79957,Private room,1.0,2026-04-10,4.0,1
"B&B di Alessandra, Stanza con letto queen size 11",1.4706916671431762e+18,,43.80025,Private room,1.0,2025-06-22,4.0,0
Luxury Loft | Palazzo storico,1.470283465455452e+18,,43.7710167,Entire home/apt,2.0,2026-06-17,1.0,2
Mama's Home Florence | Camera Family Superior,1.470252499034613e+18,,43.772308716691,Private room,1.0,2026-05-07,3.0,3
"Altafronte escape, bright and cheery 2 br apartmen",1.469840452530337e+18,,43.76864599186808,Entire home/apt,2.0,2025-05-04,29.0,0
Elegant Apartment with Balcony near the Duomo • AC,1.470574318326691e+18,,43.77660710000001,Entire home/apt,1.0,2026-06-18,15.0,84
Oltrarno Classic By MMega,1.4626271213019407e+18,,43.7651511,Entire home/apt,1.0,2026-06-10,259.0,3
Albizi 25 Luxury Home,1.4625194391757798e+18,,43.771407205298026,Entire home/apt,2.0,2026-06-20,26.0,31
Duomo Suite - Dolcevita Holiday,1.4630276797484099e+18,,43.77465,Entire home/apt,1.0,2026-06-01,5.0,16
Apartment Oltrarno Always Florence Collection,1.4706166701494423e+18,,43.7695712,Entire home/apt,2.0,2026-06-16,15.0,42
Casa di G.,1.4706871448179267e+18,,43.750829,Entire home/apt,3.0,2026-06-05,1.0,29
Appartamento in Piazza Dalmazia,1.4703774998473533e+18,,43.79484917908605,Entire home/apt,2.0,2026-05-27,16.0,8
Casa di Claudio-Near City Center,1.4706943713036193e+18,,43.7856844,Entire home/apt,2.0,2026-05-28,2.0,12
Terme Terrace by Halldis,1.469840452530337e+18,,43.76963,Entire home/apt,2.0,2026-06-07,29.0,4
3BR • Luxury Iconic Views Florence • Ponte Vecchio,1.4626012957157926e+18,,43.7689861,Entire home/apt,1.0,2026-05-18,11.0,5
Casina Bellavita a Firenze,1.4653407618629038e+18,,43.76758,Private room,2.0,2025-10-12,1.0,1
Lilli’s sunshine apartment,1.4681955856929708e+18,,43.78362850787403,Entire home/apt,1.0,2026-06-13,1.0,28
Alloggi Francesco 6,1.4706951632711782e+18,,43.78526971510738,Entire home/apt,1.0,,1.0,0
Oltrarno | Tuscan Stone Flat,1.4629141385681818e+18,,43.765693976295054,Entire home/apt,1.0,2026-05-06,1.0,2
On the Ponte Vecchio Suite,1.470216473584156e+18,,43.7674134,Entire home/apt,1.0,2026-06-05,30.0,11
Firenze alloggio,1.4632979255825981e+18,,43.79939,Private room,1.0,,4.0,0
Suite Signoria - self check in - vicino al Duomo,1.4628199818689052e+18,,43.7694273,Entire home/apt,1.0,2026-06-08,2.0,32
"Modì House-Elvira Room, Firenze, Posto auto gratis",1.4706946170006543e+18,,43.77803458594234,Entire home/apt,1.0,2026-06-18,2.0,46
Giada 103 - Florence Center by Train Station,1.4630627350317842e+18,,43.77659978589288,Entire home/apt,1.0,2026-06-08,1.0,15
[Palazzo di Lusso] Centro Storico + idromassaggio,1.4706622246991199e+18,,43.782737498376335,Entire home/apt,3.0,2026-06-01,1.0,3
Ponte Sospeso Apartment,1.466846243499588e+18,,43.7728745,Entire home/apt,2.0,2026-06-19,2.0,45
Florentine Room in a Shared Charming Apartment,1.4630360865700744e+18,,43.7889517,Private room,2.0,2026-06-11,5.0,19
Charm in Florence Center with Parking,1.469491602625992e+18,,43.78351,Entire home/apt,1.0,2026-06-25,1.0,23
Solo nel Cuore di Firenze,1.4706960039233923e+18,,43.7795671,Entire home/apt,1.0,2026-06-18,3.0,65
Elegante Appartamento•Terrazza•Vicino al Centro,1.4706399328717297e+18,,43.786443548014105,Entire home/apt,1.0,2026-05-18,1.0,29
l'Antica Vigna in S.Croce,1.4706959638603558e+18,,43.7701343,Entire home/apt,1.0,2026-06-24,1.0,36
Amazing View Florence Attic,1.470216473584156e+18,,43.7690756,Entire home/apt,1.0,2026-06-16,30.0,13
Luxury Suite a few steps from Santa Croce,1.4706837152886894e+18,,43.76688,Entire home/apt,2.0,2026-06-15,4.0,4
13 min from the Duomo | Boutique Luxury Suite,1.4706837152886894e+18,,43.76688,Entire home/apt,2.0,2026-06-16,4.0,14
Silk Art Florence Apartment,1.470216473584156e+18,,43.7727405,Entire home/apt,1.0,2026-06-18,30.0,10
Demidoff Nuovo Luminoso con Tram 50m e Parcheggio,1.4704599847620762e+18,,43.7887947,Entire home/apt,1.0,2026-06-22,34.0,25
Borgo Flat 3 Floor View,1.4628406137666588e+18,,43.77018083125397,Entire home/apt,1.0,2026-06-13,21.0,36
Skyline Florence Apartment,1.470216473584156e+18,,43.7673926,Entire home/apt,2.0,2025-04-27,30.0,0
2 Posto letto con amico,1.470695170633052e+18,,43.79714,Private room,3.0,2025-09-22,2.0,2
Santa Maria Novella penthouse,1.4626271213019407e+18,,43.7724725,Entire home/apt,1.0,2026-05-30,259.0,37
buon Talenti House,1.4706968494719834e+18,,43.7802928,Entire home/apt,1.0,,1.0,0
Exclusive Michelangelo townhouse,1.470694038566714e+18,,43.7589161,Entire home/apt,3.0,2026-06-18,1.0,23
Magnolia Luxury Suite by Mazzini 34 Collection,1.4706244273337477e+18,,43.77475996784199,Private room,2.0,2026-06-06,6.0,10
Ghiberti apartment,1.4629886731058783e+18,,43.77002060124197,Entire home/apt,31.0,2026-05-31,19.0,1
YiD Ghirlandaio cozy apartment,1.462988130311036e+18,,43.76892,Entire home/apt,2.0,2025-10-05,80.0,2
Calatafimi 23,1.4706695156289943e+18,,43.7828308,Entire home/apt,2.0,2026-04-04,9.0,6
[Porta Romana] - Cozy Apartment,1.4625848812621696e+18,,43.7617002,Entire home/apt,1.0,2026-06-16,1.0,10
Appartamento 2 Camere + Parcheggio su Richiesta,1.463755097259311e+18,,43.76786,Entire home/apt,1.0,2026-06-10,4.0,22
[City Center] Comfort and Attractions Nearby,1.4698646088029125e+18,,43.7740734,Entire home/apt,1.0,2026-06-24,1.0,63
Santa Maria Novella - Flo Apartments,1.4652865101990093e+18,,43.77614,Entire home/apt,1.0,2026-06-13,26.0,14
Florence Spotlight By MMega,1.4626271213019407e+18,,43.7960031,Entire home/apt,2.0,,259.0,0
Elegant Apartment in Historic Florence Villa,1.4638934024253386e+18,,43.75521,Entire home/apt,3.0,2026-06-26,2.0,30
Palazzuolo Studio,1.4706984691472036e+18,,43.77276,Entire home/apt,1.0,,5.0,0
Camera Matroniale 3,1.4686117032970606e+18,,43.7731723,Private room,1.0,2026-01-03,5.0,5
Toscanella - Flo Apartments,1.4652865101990093e+18,,43.7668301,Entire home/apt,1.0,2026-06-14,26.0,15
Venosta Florence,1.4706987547793649e+18,,43.76530161274283,Entire home/apt,3.0,2026-06-09,1.0,10
Appartamento Bonu - San Firenze Collection,1.4668287128390904e+18,,43.7582279,Entire home/apt,2.0,2025-04-06,43.0,0
La Casa di Angelique - Florence Dolce Vita,1.4638623584396344e+18,,43.773904,Entire home/apt,1.0,2026-06-15,13.0,7
Bargello - Nine Luxury Suite + parking,1.4672310893897925e+18,,43.77096117414798,Entire home/apt,2.0,2026-06-05,7.0,34
"[1km from Center, Wifi, A/C] Orcagna Design",1.4697069927326116e+18,,43.7673918,Entire home/apt,1.0,2025-12-17,3.0,3
City View Luxury Apartment,1.4668547047673487e+18,,43.76843,Entire home/apt,1.0,2025-10-19,2.0,1
Lift- No ZTL,1.4706992263158769e+18,,43.780686,Entire home/apt,1.0,2026-06-11,1.0,34
New Luxury Apartment in the Heart of Florence,1.462536905056911e+18,,43.76579348756744,Entire home/apt,3.0,2026-06-13,1.0,29
Del Re Florence Home,1.470216473584156e+18,,43.7683334,Entire home/apt,2.0,2026-06-18,30.0,5
Casa Elena Near Center of Florence,1.4706996012851684e+18,,43.7818922,Entire home/apt,2.0,,1.0,0
[1 min from Duomo] St Elisabeth apartment,1.470554101181198e+18,,43.77214241653241,Entire home/apt,2.0,2026-06-15,3.0,34
Il nido di Dedy,1.4671614828575734e+18,,43.77967,Entire home/apt,2.0,2026-01-03,1.0,2
[2 minuti dalla stazione] Incantevole appartamento,1.463543520580606e+18,,43.77442,Entire home/apt,1.0,2026-06-18,7.0,34
2BR a few steps from Santa Croce,1.4692019531515164e+18,,43.76778,Entire home/apt,100.0,,8.0,0
Rufus - Sweet Dreams in Florence,1.465579628809493e+18,,43.7952913,Entire home/apt,1.0,2025-12-30,86.0,5
Monticelli apt - 6 posti letto,1.470428355741746e+18,,43.76939359001905,Entire home/apt,1.0,2025-08-06,1.0,2
Soggiorno Relax Dei Medici,1.466764347687798e+18,,43.7721564,Entire home/apt,1.0,2026-05-10,5.0,29
Florence F&M Via Maggio,1.4629316962092186e+18,,43.7660185621766,Entire home/apt,1.0,2026-06-10,4.0,23
Sweet Nest By MMega,1.4626271213019407e+18,,43.7694009,Entire home/apt,1.0,2026-06-06,259.0,17
Cristian&Camilla House a Firenze by TuscanyWeGo,1.468293129355226e+18,,43.7910517,Entire home/apt,1.0,2026-06-05,3.0,15
Frediano's Apartment,1.470700843227989e+18,,43.7700965,Entire home/apt,1.0,2026-03-16,1.0,28
Incantevole Loft nel Cuore di Firenze - Via Senese,1.47029766153972e+18,,43.7583585,Entire home/apt,1.0,2026-06-21,2.0,63
MIK House/Netflix/vicino stazione treni,1.4707012715146342e+18,,43.7791381,Entire home/apt,1.0,2026-06-22,1.0,100
Park View Suite,1.4631900698194844e+18,,43.775337,Entire home/apt,3.0,2026-06-11,1.0,22
Piccola dimora storica,1.4706757271968172e+18,,43.7792995,Entire home/apt,1.0,2025-05-30,1.0,0
(Santa Croce) Conciatori Prestige Home,1.4699700433616143e+18,,43.7685855,Entire home/apt,1.0,2026-06-08,21.0,52
Charm Florence Apartment,1.4707018788005565e+18,,43.7727984,Entire home/apt,1.0,2026-06-16,3.0,16
The Charme of Santa Croce,1.470216473584156e+18,,43.7680476,Entire home/apt,1.0,2026-05-23,30.0,7
Spacious 2BR Top Floor Direct Tram to City Center,1.467220424993166e+18,,43.7900378,Entire home/apt,1.0,2026-06-22,1.0,20
Modern Loft just steps from the Tram 1BDR,1.463543520580606e+18,,43.79048147572525,Entire home/apt,1.0,2026-06-13,7.0,57
Authentic experience / Serragli home with terrace,1.4627143549021402e+18,,43.76608066249825,Entire home/apt,1.0,2026-05-20,1.0,13
La Corte di Angelico,1.470702226178258e+18,,43.7675711,Entire home/apt,1.0,2026-05-09,1.0,7
Lily Florence,1.4637768305794332e+18,,43.7803426,Entire home/apt,1.0,2026-06-19,24.0,32
Benedetta Florence Apartments,1.470216473584156e+18,,43.774259,Entire home/apt,2.0,,30.0,0
Blu’s house in Florence,1.4704959469999524e+18,,43.7996347,Entire home/apt,1.0,2026-06-14,15.0,15
Ferrucci Terraces / 90sqm Apt,1.4629403427947436e+18,,43.76245181187617,Entire home/apt,2.0,2026-06-02,8.0,28
SR- La tua culla nel cuore del Rinascimento,1.4707027817998979e+18,,43.7683265,Entire home/apt,1.0,2026-06-14,1.0,38
Scaletta House White Apartment,1.4707028268845622e+18,,43.77479823272133,Entire home/apt,2.0,2026-06-25,2.0,63
Frescoes Elegance charming apartment,1.4627685989414874e+18,,43.771494,Entire home/apt,2.0,,46.0,0
Florence modern appartament,1.4630062308699374e+18,,43.782895856414626,Entire home/apt,1.0,2025-10-21,1.0,7
Santa Croce Retreat By MMega,1.4626271213019407e+18,,43.768573,Entire home/apt,1.0,2026-06-18,259.0,27
Adam and Eve Florence,1.4707035760885517e+18,,43.7721066,Entire home/apt,2.0,2025-10-03,1.0,2
Duomo e Charm Florence Suites,1.4707018788005565e+18,,43.7727984,Entire home/apt,1.0,2026-04-03,3.0,2
Piazza della Libertà Poggi,1.469853500089983e+18,,43.78335329220991,Entire home/apt,3.0,2026-06-02,7.0,19
La casa di Giulia,1.4705152154813432e+18,,43.7698095,Entire home/apt,1.0,2026-05-01,1.0,20
GuestHost - Galliano 24 - Lovely Nest in Florence,1.4671577548808717e+18,,43.7832459,Entire home/apt,2.0,2026-05-30,102.0,22
Central groups huge apartment!,1.4692741736201682e+18,,43.7741773,Entire home/apt,31.0,,4.0,0
Keys of Italy - MonaldaBig - Amazing 1 Bedroom,1.4632560235621256e+18,,43.77102328134827,Entire home/apt,1.0,2026-06-04,64.0,9
Nel Cuore di Firenze,1.4636243696792274e+18,,43.77106825178818,Entire home/apt,2.0,,1.0,0
Loggia 17,1.4626155751537418e+18,,43.7722,Entire home/apt,1.0,2026-06-15,19.0,37
1 Mirko apartment with free parking,1.4705383294072003e+18,,43.752614311186655,Entire home/apt,1.0,2026-06-02,11.0,8
Lella apartment with free parking,1.4705383294072003e+18,,43.7517538,Entire home/apt,1.0,2025-06-02,11.0,0
Live Like a Local: Sunny Flat by Via Gioberti,1.4706534175531837e+18,,43.7704088,Entire home/apt,3.0,2026-06-11,1.0,9
Camera privata Palazzuolo,1.470669212238202e+18,,43.77487,Entire home/apt,1.0,2026-06-24,3.0,36
Appartamento Classic - Residenza Pontenani,1.4653263860005599e+18,,43.7669486,Entire home/apt,1.0,2025-09-12,6.0,1
Appartamento Superior - Residenza Pontenani,1.4653263860005599e+18,,43.7669486,Entire home/apt,1.0,,6.0,0
Appartamento Familiare - Residenza Potenani,1.4653263860005599e+18,,43.7669486,Entire home/apt,1.0,2026-06-02,6.0,1
Classic Florence B By MMega,1.4626271213019407e+18,,43.76922889999999,Entire home/apt,1.0,2026-04-12,259.0,1
YiD Settimello with parking,1.462988130311036e+18,,43.77396,Entire home/apt,1.0,2025-12-13,80.0,10
Boboli Historic Apartment [50MT da PITTI],1.470481710551191e+18,,43.76464434348071,Entire home/apt,1.0,2026-06-18,11.0,153
UNYCA - Florence Elegant Three-Bedroom Apartment,1.470449032762e+18,,43.7796461,Entire home/apt,1.0,2026-06-04,40.0,12
Gioberti Penthouse,1.462687244144813e+18,,43.76933917399906,Entire home/apt,2.0,2025-09-18,50.0,1
Casa San Jacopino 10 minutes from the center city,1.4707055580779077e+18,,43.7820237,Private room,31.0,,1.0,0
apt aldobrandini lux,1.462993577082609e+18,,43.77502754470081,Entire home/apt,1.0,,1.0,0
Large apt in Libertà - F. da Basso - garden view,1.470683265863853e+18,,43.7863361,Entire home/apt,2.0,2026-06-06,1.0,18
Toscana Prime Apartment - Vicino alla stazione SMN,1.4669920840431355e+18,,43.7788915,Entire home/apt,2.0,2026-05-03,1.0,2
New! flat in historical center,1.4705298954828828e+18,,43.7763548,Entire home/apt,1.0,2026-06-23,2.0,55
Cadorna habitación doble con bano compartido,1.468506884603608e+18,,43.78648614003361,Private room,1.0,2026-06-20,5.0,52
Stylish Flat in Le Cure | Quiet & Well Connected,1.4637454754236137e+18,,43.78732784862704,Entire home/apt,1.0,2026-05-27,1.0,32
residenza signorile Firenze,1.4707063202060746e+18,,43.7841757,Entire home/apt,1.0,2026-01-04,1.0,2
JJ’s Studio apartment,1.4625108097016604e+18,,43.78387679999999,Private room,2.0,2026-05-18,1.0,5
Angolo fiorentino,1.462730337347165e+18,,43.784885,Entire home/apt,1.0,2026-06-22,1.0,19
"ModìHouse-Lunia, Firenze Posto auto privato gratis",1.4706946170006543e+18,,43.77731247893134,Entire home/apt,1.0,2026-06-20,2.0,36
Da Vinci Room,1.470248129959636e+18,,43.79479,Private room,2.0,2025-06-26,4.0,0
"Elegant, 2 bedrooms, beneath the Duomo, Florence",1.465423829837483e+18,,43.77220336711505,Entire home/apt,1.0,2026-05-03,10.0,12
Duomo Sky Loft Ricasoli,1.4706768398310748e+18,,43.7742,Entire home/apt,2.0,2026-06-04,23.0,6
MyDreamCastelnuovo: Parking free,1.470707326447928e+18,,43.7899937,Entire home/apt,1.0,2026-06-21,1.0,23
"Palazzo Pitti, Luxury & Modern Apt in the Center",1.4630410740413322e+18,,43.7658642,Entire home/apt,2.0,,1.0,0
Yellow Home By MMega,1.4626271213019407e+18,,43.7885831,Entire home/apt,2.0,,259.0,0
The Pavilion apartment,1.469324486921359e+18,,43.777511,Entire home/apt,3.0,,55.0,0
Centro Firenze Intero alloggio 2 camere 2 bagni,1.4707077370038067e+18,,43.77048,Entire home/apt,1.0,2025-10-27,6.0,1
YiD romance with terrace,1.462988130311036e+18,,43.77070855373052,Entire home/apt,1.0,2025-09-08,80.0,2
Ghibellini in San Cristofano,1.4658067990691116e+18,,43.7691898,Entire home/apt,2.0,2026-06-08,58.0,27
YiD Quiet Studio by Sant'Ambrogio market &shopping,1.462988130311036e+18,,43.76898,Entire home/apt,1.0,2026-05-31,80.0,2
YiD Fortezza style and views,1.462988130311036e+18,,43.78332,Entire home/apt,1.0,2026-02-22,80.0,1
Casa Tito - Stylish and Newly Renovated Apartment,1.468194869214629e+18,,43.7650587,Entire home/apt,2.0,2026-06-24,1.0,38
Bright & Modern 4 bedrooms Apartment in Center,1.463928066738396e+18,,43.77602,Entire home/apt,30.0,2025-10-21,14.0,6
Suite Florencia,1.4707084465863903e+18,,43.771061336072385,Entire home/apt,1.0,,1.0,0
YiDsecret garden in S. m. Novella,1.462988130311036e+18,,43.77709995355267,Entire home/apt,1.0,2026-06-12,80.0,6
Centro storico: 1 minuto da Ponte Vecchio!,1.462539685451023e+18,,43.7675326,Entire home/apt,1.0,2026-06-07,9.0,67
Santa Caterina Deluxe,1.4637768305794332e+18,,43.7813694,Entire home/apt,1.0,2026-05-31,24.0,42
Arts&Crafts - Double Room Executive Jacuzzi,1.469345095990717e+18,,43.78188,Private room,1.0,2025-09-26,10.0,1
Arts&Crafts - Suite with Private SPA,1.469345095990717e+18,,43.78019,Private room,1.0,2025-12-28,10.0,1
Dimora Storica Corte San Niccolò,1.4702852923169334e+18,,43.7643127,Entire home/apt,5.0,2026-03-30,4.0,2
Luxury Apartment 'Taddeo Gaddi',1.4702538583420306e+18,,43.77037,Entire home/apt,1.0,,6.0,0
Loft al Conventino By MMega,1.4626271213019407e+18,,43.7689266,Entire home/apt,1.0,2026-06-17,259.0,17
Cameretta Taormina,1.4626531969275863e+18,,43.78772,Private room,31.0,2025-06-26,1.0,0
Sofi in Santo Spirito,1.4630940945976243e+18,,43.7647354,Entire home/apt,1.0,2026-06-08,2.0,16
vintage studio,1.4625443824301325e+18,,43.77884,Entire home/apt,2.0,2026-06-09,2.0,21
Florence Opera House•Free Private Parking•Balcony,1.462814585434557e+18,,43.781307660744105,Entire home/apt,1.0,2026-06-17,1.0,23
Jungle flat,1.4704919126493842e+18,,43.773654148674446,Entire home/apt,3.0,2025-05-30,1.0,0
Compact Central Room with Shared Baths Near SMN,1.463928066738396e+18,,43.77605,Private room,1.0,2026-06-24,14.0,24
Cozy Central Private Room with Shared Baths,1.463928066738396e+18,,43.77604660814118,Private room,1.0,2026-06-11,14.0,16
Giglio Suite,1.4667645943453893e+18,,43.77472040000001,Entire home/apt,1.0,2026-06-14,1.0,50
"Residenza D'epoca Sant'Anna, Stanza matrimoniale .",1.4673041903272924e+18,,43.771451,Private room,1.0,2025-09-02,15.0,24
"Residenza D'epoca Sant'Anna, Stanza familiare",1.4673041903272924e+18,,43.771451,Private room,1.0,2025-09-06,15.0,6
"Residenza D'epoca Sant'Anna, Stanza matrimoniale .",1.4673041903272924e+18,,43.77145004272461,Private room,1.0,2025-07-30,15.0,1
[Bristol] Elevator & Private Parking,1.4703322227667686e+18,,43.7811975,Entire home/apt,3.0,2026-06-02,19.0,24
Casa Firenze Novoli,1.4707102591432532e+18,,43.7973762,Entire home/apt,2.0,2026-06-19,1.0,28
Fortezza Central Design Loft,1.4706768398310748e+18,,43.784120010714,Entire home/apt,2.0,2026-06-11,23.0,8
"Sunny San Lorenzo Flat: Spacious & Warm, Sleeps 4",1.4706984691472036e+18,,43.77575,Entire home/apt,1.0,2026-04-04,5.0,7
Numero 11,1.4707007488189135e+18,,43.7728384,Entire home/apt,1.0,2026-05-27,11.0,13
Florence View Apartment,1.4670822434946514e+18,,43.7629694,Entire home/apt,1.0,2025-07-25,127.0,2
Florence Retreat with Romantic Bathtub,1.4670822434946514e+18,,43.7698976,Entire home/apt,2.0,2026-06-06,127.0,3
Open Space Florence,1.468962328695743e+18,,43.78871,Entire home/apt,1.0,2026-06-26,1.0,88
Maison Niépce,1.4638573649140534e+18,,43.7684203,Entire home/apt,1.0,2026-06-19,1.0,26
Heart of Florence Luxury Apartment,1.4705825400324111e+18,,43.7663744,Entire home/apt,1.0,2026-06-12,2.0,14
A terrace between flowers and sky,1.4704806024991406e+18,,43.773459561290714,Entire home/apt,2.0,2026-06-19,1.0,10
Luminoso alloggio in centro,1.4690646936419758e+18,,43.7786385,Entire home/apt,2.0,2026-05-29,2.0,11
Beatrice Comfort Apartment,1.469534420414424e+18,,43.7728628,Entire home/apt,1.0,2025-05-12,47.0,0
Firenze sui tetti - Attico Piazza Santa Croce,1.4707112460997724e+18,,43.76913650440426,Entire home/apt,2.0,2026-06-08,1.0,31
[Santa Maria Novella Station] Rivadarno Apartment,1.470711566300482e+18,,43.77396290000001,Entire home/apt,2.0,2026-06-19,1.0,26
Matilda's Dream lovely apartment with balcony,1.4627685989414874e+18,,43.7678767,Entire home/apt,3.0,2026-05-30,46.0,1
Penthouse Tower from 1100-Oltrarno,1.470711887476114e+18,,43.7673637,Entire home/apt,2.0,2026-05-27,1.0,5
L'Olmo giallo,1.4671173180420416e+18,,43.7730199,Entire home/apt,2.0,2026-06-23,1.0,58
"Careggi | Tram stop outside, 10 min to center",1.470711240409205e+18,,43.79828785429809,Entire home/apt,1.0,2026-06-14,1.0,24
[San Marco- Duomo] Vista Mozzafiato sul Duomo,1.4638497178278346e+18,,43.7776928,Entire home/apt,1.0,2026-06-02,6.0,31
Santa Croce Lovely studio,1.4706548643787328e+18,,43.76838,Entire home/apt,2.0,,1.0,0
Loft & patio under the vineyard,1.4652869246393277e+18,,43.781186210713855,Entire home/apt,1.0,2026-06-19,2.0,24
Wine Apartments Florence Cabernet 1,1.4627648749364001e+18,,43.79229961518989,Entire home/apt,1.0,2025-12-03,44.0,3
Magnolia Suite by Maison Florence,1.4657176099646845e+18,,43.76744600051516,Entire home/apt,2.0,2026-06-21,31.0,46
Chic Dreams in Florence,1.469853391780148e+18,,43.767665,Entire home/apt,2.0,2026-06-26,1.0,53
La casa di Liszt,1.4655779424609697e+18,,43.77464770417669,Entire home/apt,1.0,2025-07-03,36.0,1
La casa di Liszt - Suite Liszt,1.4655779424609697e+18,,43.77486461788544,Private room,1.0,2026-03-11,36.0,3
Borgo Pinti Apartment,1.4704870801212344e+18,,43.77397528546399,Entire home/apt,2.0,2026-06-14,1.0,22
La casa di Liszt - Suite Riblet,1.4655779424609697e+18,,43.7745197342412,Private room,1.0,2026-06-02,36.0,4
The Luxor Suites - Guelfa,1.4696145343325514e+18,,43.7786684,Entire home/apt,2.0,2026-06-09,8.0,54
Breathe the art of Florence in a Medici apartment,1.4671853228153418e+18,,43.77189282356023,Entire home/apt,1.0,2026-06-24,2.0,49
Florence house with private garage,1.4630360865700744e+18,,43.7885807,Entire home/apt,1.0,2026-06-03,5.0,38
Antique flat near Palazzo Pitti,1.4628531192283446e+18,,43.7652812387611,Private room,1.0,2025-08-17,11.0,1
Lovely and Authentic San Frediano,1.4667812625873823e+18,,43.76865,Entire home/apt,2.0,2026-06-19,1.0,51
Urban Spirit cozy and modern,1.469324486921359e+18,,43.7740046,Entire home/apt,3.0,2025-06-12,55.0,0
Cozy Double Room in S.Spirito,1.4697589174303982e+18,,43.7658703,Private room,1.0,2025-11-02,1.0,27
Camera pressi Careggi / Tramvia,1.4707145208492396e+18,,43.8071834,Private room,1.0,,1.0,0
Casa Magnoli al Ponte Vecchio,1.470714552156148e+18,,43.7661949,Entire home/apt,2.0,2026-06-25,1.0,36
[31 Duomo] Cameraina con bagno privato,1.470619756267994e+18,,43.7718035433179,Private room,1.0,2026-02-12,16.0,18
"Duomo Rooms Florence, Stanza dante",1.4707148450963525e+18,,43.7733942,Private room,1.0,2026-06-10,5.0,45
"Duomo Rooms Florence, Stanza giotto",1.4707148450963525e+18,,43.7733942,Private room,1.0,2026-06-11,5.0,40
Malenchini Suite near the Uffizi,1.4625255738086377e+18,,43.7675187,Entire home/apt,2.0,2026-06-21,4.0,64
15 min to City Center - Tram steps away,1.470574318326691e+18,,43.79127910373971,Entire home/apt,1.0,2026-06-25,15.0,56
Lorenzo's Home,1.4707152323921326e+18,,43.76949990000001,Entire home/apt,1.0,2026-06-21,1.0,40
The Market terrace's Always Florence Collection,1.4706166701494423e+18,,43.7769584,Entire home/apt,2.0,2026-06-20,15.0,70
"Live History, Birthplace of Cellini.",1.467142900864059e+18,,43.77585276737066,Entire home/apt,2.0,2026-06-23,5.0,35
Sophia apt balcone con Zanzariera a/c stazione SMN,1.462624047109911e+18,,43.779147700442145,Entire home/apt,2.0,2026-06-15,18.0,22
"Apt Vicino al Centro, Eventi ,Colline del Chianti",1.4706612620629832e+18,,43.7667322,Entire home/apt,1.0,2026-05-21,1.0,30
Strozzi Apartment,1.469998646177477e+18,,43.7702467,Entire home/apt,1.0,2026-06-13,6.0,66
YiD Lungarno Cellini retreat,1.462988130311036e+18,,43.76381,Entire home/apt,1.0,2026-05-16,80.0,7
Casa Alessia - Romantic urban retreat with terrace,1.463538010453156e+18,,43.76329933377789,Entire home/apt,2.0,2025-09-18,14.0,5
LVL2 By MMega,1.4626271213019407e+18,,43.7722809,Entire home/apt,1.0,2026-06-11,259.0,7
Villino Stella,1.4625464745370685e+18,,43.7793,Entire home/apt,2.0,2026-06-24,13.0,26
"Audrey Attico con balcone, camera, angolo cottura",1.462624047109911e+18,,43.78080773898685,Entire home/apt,2.0,2026-06-10,18.0,27
Centro Firenze 2 camere | a piedi da Ponte Vecchio,1.4707077370038067e+18,,43.77048,Entire home/apt,1.0,2025-11-23,6.0,3
Casa Eleonora Camera Classic,1.4707158246052273e+18,,43.77978,Private room,1.0,2026-06-20,4.0,21
Casa Eleonora Monolocale con Balcone,1.4707158246052273e+18,,43.77856,Entire home/apt,1.0,2026-06-24,4.0,25
Keys of Italy-VignaBlu-Newly Renovated Central 3BR,1.4632560235621256e+18,,43.7710743,Entire home/apt,1.0,2025-11-30,64.0,10
Piazza de' Pitti | Centro storico Firenze | Wi-Fi,1.470582035592652e+18,,43.76472,Entire home/apt,1.0,2026-06-16,3.0,1
Orsini Apartment with balcony and parking,1.4658067990691116e+18,,43.76266,Entire home/apt,2.0,2026-06-18,58.0,32
La terrazza di San Salvi,1.4626853171547154e+18,,43.77239,Entire home/apt,1.0,2026-04-15,1.0,8
Vigna Nuova First Floor,1.4626995495990162e+18,,43.771502833830205,Entire home/apt,1.0,2026-06-08,159.0,10
Santa Croce | Casa nel cuore di Firenze | Wi-Fi,1.470582035592652e+18,,43.76971,Entire home/apt,1.0,2026-06-20,3.0,8
"Holiday AD Rondinelli, Firenze",1.4702551620224448e+18,,43.77213,Entire home/apt,2.0,2026-06-17,4.0,51
NEW Luxury 2-bedroom & 2-bathroom @ Duomo,1.4629746219864732e+18,,43.77650362189048,Entire home/apt,2.0,2025-10-09,4.0,3
Bilocale con terrazza e park,1.4687276350043955e+18,,43.79477097142883,Entire home/apt,2.0,2026-06-04,1.0,17
Orsanmichele Suite,1.4670822434946514e+18,,43.77053189999999,Entire home/apt,1.0,2025-09-24,127.0,2
Residenza Pinzochere,1.4626995495990162e+18,,43.769172,Entire home/apt,1.0,2026-05-26,159.0,9
Casa Carolina By MMega,1.4626271213019407e+18,,43.7687089,Entire home/apt,1.0,2025-10-07,259.0,3
GuestHost - Dimora Ponte Vecchio Lovely Apartment,1.4671577548808717e+18,,43.7670499,Entire home/apt,1.0,2026-06-10,102.0,39
Benvenuti al BorgoHome !,1.4695708458632218e+18,,43.76959,Entire home/apt,1.0,2025-09-20,1.0,2
Firenze Contemporanea,1.4627092917517066e+18,,43.7865082,Entire home/apt,3.0,2026-04-23,1.0,3
Impressive renaissance residence w/lift,1.4628179715981007e+18,,43.7676624,Entire home/apt,1.0,2026-06-19,19.0,10
Art Apartment Oltrarno,1.4625194391757798e+18,,43.7673267,Entire home/apt,2.0,2026-06-19,26.0,29
Cottage.poolgarden tiny house relax comfort,1.4625617848700803e+18,,43.75257149448544,Entire home/apt,3.0,2026-06-21,4.0,19
Charme Central House,1.4629403427947436e+18,,43.76841258226083,Entire home/apt,1.0,2026-06-07,8.0,38
Milton Suite - Piazza della Libertà/Fortezza,1.4633826894382374e+18,,43.78529378598764,Entire home/apt,2.0,2026-06-15,1.0,28
Ruby,1.4704959469999524e+18,,43.77588739999999,Entire home/apt,1.0,2026-06-19,15.0,17
L'angolo di Laura,1.4706808231926612e+18,,43.7688973,Entire home/apt,2.0,2026-06-20,2.0,50
Firenze zona stadio,1.4705321476275128e+18,,43.7792717,Entire home/apt,1.0,,1.0,0
"Old Bridge, Firenze by Short Holidays",1.4628819466000916e+18,,43.76519,Entire home/apt,1.0,2026-06-05,2.0,16
Sunny Retreat Terrace Next to Historic Florence,1.4628741099701266e+18,,43.7736416,Entire home/apt,1.0,2026-06-06,1.0,48
Borghese Palace Luxury Apartment with 3 Bedrooms,1.4707077370038067e+18,,43.7708491,Entire home/apt,1.0,2026-06-07,6.0,10
Elegant Comfort in the Heart of Florence,1.4707098484756887e+18,,43.77572,Entire home/apt,1.0,,39.0,0
Tornabuoni Cozy Apartment,1.4670822434946514e+18,,43.77067210000001,Entire home/apt,1.0,2025-12-08,127.0,4
agnolo first al duomo 2 bedrooms apartment A/C,1.4630020306954388e+18,,43.77062,Entire home/apt,3.0,,15.0,0
Florence Oasis | Puccini & Visarno | Apartment,1.4707077370038067e+18,,43.7871963,Entire home/apt,1.0,2025-07-09,6.0,2
Elegant Loft in the Heart of Florence,1.4707098484756887e+18,,43.7672,Entire home/apt,1.0,2025-12-17,39.0,2
F7 San Lorenzo,1.470719497221696e+18,,43.77466993649474,Entire home/apt,1.0,2026-06-15,1.0,15
Belvedere Terrace central retreat 4+1 with parking,1.469235066000303e+18,,43.76366,Entire home/apt,1.0,2026-06-17,2.0,6
Maddi in Santo Spirito,1.4630940945976243e+18,,43.76485373082146,Entire home/apt,2.0,2026-06-20,2.0,29
TheGreen Florence,1.4707198005208274e+18,,43.780307290026784,Entire home/apt,2.0,2026-05-28,1.0,3
Penthouse Adelaide Duomo View & Terrace,1.4698426615359104e+18,,43.7856594566283,Entire home/apt,1.0,2026-06-16,1.0,27
Incantevole Ap. ai piedi di piazzale Michelangelo,1.4638435611492111e+18,,43.763730758362904,Entire home/apt,1.0,2026-05-24,19.0,13
Kaleidos Apartment 3bdr,1.4625339288517727e+18,,43.77301432985366,Entire home/apt,3.0,2026-06-05,103.0,1
Oriuolo Left,1.4626995495990162e+18,,43.7724668,Entire home/apt,1.0,,159.0,0
Appartamento Mokuren,1.469308404553968e+18,,43.7850092,Entire home/apt,2.0,2026-05-23,2.0,15
CASA MATTA con giardino - 15 minuti dal Duomo,1.4698835629476099e+18,,43.79355,Entire home/apt,2.0,2026-04-15,1.0,13
"Golden Luxe, una finestra sul Duomo. Vivi un sogno",1.4638435611492111e+18,,43.77257321570677,Entire home/apt,1.0,2026-06-19,19.0,51
Bloomy® 3BR/3BA in Santo Spirito w/ Terrace & View,1.4639408688267164e+18,,43.76830540837896,Entire home/apt,2.0,2026-06-23,1.0,29
Casa Cialdini Noah,1.4705352055321405e+18,,43.777059000371274,Entire home/apt,2.0,2026-06-02,3.0,14
Villino Arancio - idromassaggio vista Duomo,1.467030759851699e+18,,43.79010724277552,Entire home/apt,3.0,2026-06-10,1.0,11
Charme in Borgo Ognissanti,1.4630281968759273e+18,,43.77311487259502,Entire home/apt,2.0,2026-06-22,3.0,43
Lillibeth Place - Florence Dolce Vita,1.4638623584396344e+18,,43.767096,Entire home/apt,1.0,2026-06-09,13.0,20
Luxury Two-Bedroom Apartment,1.4707199482576635e+18,,43.772556696005005,Entire home/apt,1.0,2025-12-28,2.0,2
20' to Duomo • Outside ZTL • Easy parking,1.4707209633328476e+18,,43.7749939,Entire home/apt,1.0,2026-06-19,1.0,39
"Camera Frizzante, Casa Chianti",1.4707199020185562e+18,,43.77518407294812,Private room,1.0,2025-09-08,4.0,1
"Camera Rosso, Casa Chianti",1.4707199020185562e+18,,43.77607803281105,Private room,1.0,2025-06-22,4.0,0
"Apostoli ""Casa Doralba""- Ponte Vecchio Apt",1.465934406966803e+18,,43.770647400906334,Entire home/apt,3.0,2026-06-12,34.0,18
Perseo Apartment by Mamo Florence,1.4626390518884895e+18,,43.7690808099611,Entire home/apt,1.0,2026-05-22,197.0,4
YiD  Stylish San Frediano Retreat,1.462988130311036e+18,,43.77039,Entire home/apt,1.0,2026-06-11,80.0,9
Where Modern Art Meets Joyful Living [D&G House],1.470574318326691e+18,,43.7859886,Entire home/apt,1.0,2026-06-24,15.0,67
Toscanella Escape - Toscanelli Escape,1.4627513958578153e+18,,43.76797,Entire home/apt,2.0,,28.0,0
Calzaiuoli Suite Duomo Cathedral - Superior,1.465464245407337e+18,,43.77116852791787,Private room,2.0,,9.0,0
Valia Florence Ponte Vecchio 4,1.4626969668685066e+18,,43.76659890000001,Entire home/apt,1.0,2026-06-13,13.0,48
YiD Your quiet escape in the city center,1.462988130311036e+18,,43.77282,Entire home/apt,1.0,2025-07-31,80.0,1
Camera singola Firenze,1.4701177734096512e+18,,43.775078199354674,Private room,31.0,,1.0,0
Vigna Nuova Third Floor,1.4626995495990162e+18,,43.7713944,Entire home/apt,1.0,2026-05-24,159.0,3
I Portici charming and cozy apartment,1.4627685989414874e+18,,43.7834047,Entire home/apt,3.0,2025-06-17,46.0,0
Three-Bedroom Florence Home,1.469534420414424e+18,,43.7741081,Entire home/apt,2.0,2026-05-31,47.0,12
Nazionale 51,1.4626995495990162e+18,,43.778285004891075,Entire home/apt,1.0,2025-07-29,159.0,1
"Riverside Nook - Appartamento con balcone, Firenze",1.4707220149638623e+18,,43.7657798,Entire home/apt,1.0,2026-05-22,1.0,76
Ponte Vecchio bright 3-rooms 2-bathrooms Elevator,1.4704574578474934e+18,,43.7672549,Entire home/apt,1.0,2026-06-19,11.0,16
Sant'Ambrogio Terrace Tales Apartment,1.4695291056529723e+18,,43.7725649,Entire home/apt,1.0,2026-05-26,23.0,29
1 Posto letto con altra persona,1.470695170633052e+18,,43.7997402937152,Shared room,3.0,2025-06-24,2.0,0
Maison Josephine Firenze,1.467969784717942e+18,,43.7943705,Entire home/apt,1.0,2025-06-30,6.0,1
Serragli Grand Palace,1.4707007488189135e+18,,43.7679231,Entire home/apt,1.0,2025-06-20,11.0,0
Duomo Home,1.4705235873074248e+18,,43.7716,Entire home/apt,1.0,2026-05-26,3.0,34
Tornabuoni Nest By MMega,1.4626271213019407e+18,,43.7705776,Entire home/apt,1.0,2026-06-16,259.0,26
"Statut-ONE, apartment and garage",1.469853500089983e+18,,43.78636246294793,Entire home/apt,2.0,2026-06-07,7.0,34
Mamma Mia Suite Garden & Rooftop,1.4704812736996426e+18,,43.7673241,Entire home/apt,1.0,2026-06-15,1.0,19
"Five Suites Mantellate 9, Junior Suite",1.4707114765221304e+18,,43.7826198,Private room,1.0,2026-05-03,5.0,1
Festina Lente Suite 1 Fortezza da Basso,1.4633797887242788e+18,,43.785422,Private room,1.0,2026-06-22,5.0,109
Sweet Home Ghiacciaie,1.4707233791123423e+18,,43.78100944525569,Entire home/apt,1.0,2026-06-15,1.0,48
Florence sunny suite,1.4631796731462592e+18,,43.7733585,Entire home/apt,1.0,2026-06-20,1.0,20
188florenceapartment,1.4707236525894705e+18,,43.77255,Entire home/apt,1.0,2026-06-26,1.0,49
Vigna Vecchia Cozy Apartment,1.4701044076917107e+18,,43.77018409999999,Entire home/apt,2.0,2026-04-28,1.0,4
"Charming Apt x4 Santa Croce, WiFi AC, 10 min Duomo",1.4702487931652116e+18,,43.7699941,Entire home/apt,1.0,2026-06-14,19.0,42
*Spacious & Central Apartment*,1.4700552867845676e+18,,43.7680885,Entire home/apt,3.0,2026-06-18,6.0,35
Apartment Magnoli&Ponte Vecchio,1.466736655091513e+18,,43.7656699,Entire home/apt,1.0,2026-06-14,2.0,3
[Windows over Oltrarno] Among Domes and Dreams,1.470261724232687e+18,,43.768257,Entire home/apt,2.0,2026-06-15,7.0,40
[Duomo] Apartment in the Heart of Florence,1.4703602667057697e+18,,43.7699468,Entire home/apt,1.0,2026-06-23,2.0,59
Chicca House con giardino privato,1.4685996349887977e+18,,43.7940103,Entire home/apt,1.0,2026-06-21,1.0,22
Apartment Quadrifoglio & S.Croce,1.466736655091513e+18,,43.7694552,Entire home/apt,1.0,2026-04-21,2.0,1
[Santa Croce] Prestigioso Appartamento con Vista,1.4635015572442058e+18,,43.7688997,Entire home/apt,1.0,2026-06-10,36.0,59
YiD a hidden gem in Florence,1.462988130311036e+18,,43.79531755772689,Entire home/apt,1.0,2026-04-04,80.0,6
Historic Charm,1.4630279017724175e+18,,43.7691491,Entire home/apt,2.0,2026-05-01,6.0,2
Torre Carolina,1.4658057024845353e+18,,43.7869181,Entire home/apt,2.0,2026-05-10,16.0,3
Firenze Stay Near Aeroporto,1.4707251401016796e+18,,43.79424,Private room,1.0,2025-10-11,3.0,7
Nel verde collinare di Firenze,1.46391881754265e+18,,43.8137362,Private room,2.0,2026-06-01,3.0,1
Spacious 2BR Home • Santa Croce • Balcony + A/C,1.4699607941069445e+18,,43.7696522,Entire home/apt,2.0,2026-06-10,15.0,48
Camera silenziosa Duomo,1.46261485236495e+18,,43.772268491002954,Private room,1.0,2025-10-04,19.0,1
appartamento a Firenze,1.469758199943898e+18,,43.78262,Entire home/apt,31.0,,1.0,0
"Duomo Rooms Florence, Stanza brunelleschi",1.4707148450963525e+18,,43.7734,Private room,1.0,2026-06-10,5.0,24
The Tower Suite next to Uffizi Gallery,1.4707098484756887e+18,,43.769732699719405,Entire home/apt,2.0,2025-08-15,39.0,1
[Cherubino] 2 Bedrooms Apartment,1.4703322227667686e+18,,43.7699414,Entire home/apt,2.0,2026-06-11,19.0,11
Firenze Room Near Aeroporto,1.4707251401016796e+18,,43.7942,Shared room,1.0,2026-05-06,3.0,10
Florence San Marco Suite & Spa,1.4669356237963756e+18,,43.774839895664854,Entire home/apt,2.0,2026-01-06,2.0,6
Gramsci Apartment by Mamo Florence,1.4626390518884895e+18,,43.77305368122547,Entire home/apt,1.0,2026-06-05,197.0,59
Central Apartment With Garden • AL1,1.462653052328609e+18,,43.775108411608144,Entire home/apt,1.0,2026-03-30,51.0,33
"Viola's Secret Place
Firenze Florence VillaStrozzi",1.4628448459722296e+18,,43.77378,Entire home/apt,3.0,2026-01-03,2.0,3
Amorino Studio By MMega,1.4626271213019407e+18,,43.7750613,Entire home/apt,1.0,2026-06-27,259.0,6
Amorino Nest By MMega,1.4626271213019407e+18,,43.7750613,Entire home/apt,1.0,2025-09-15,259.0,1
Il Rifugio del David By MMega,1.4626271213019407e+18,,43.77675199999999,Entire home/apt,1.0,2026-06-16,259.0,15
Uffizi & Palace View - Florence Dolce Vita,1.4638623584396344e+18,,43.768963,Entire home/apt,1.0,2026-04-22,13.0,3
"Five Suites Mantellate 9, Suite familiare deluxe",1.4707114765221304e+18,,43.78334,Private room,1.0,2026-06-17,5.0,3
"Five Suites Mantellate 9, Suite familiare",1.4707114765221304e+18,,43.781629845632075,Private room,1.0,2026-04-06,5.0,1
Boboli Monolocale con corte (lungo periodo),1.4652871534280123e+18,,43.76251,Entire home/apt,28.0,2026-04-24,3.0,6
"Boutique Hotel - Luxury Private Rooms, One bed C2",1.462653052328609e+18,,43.78515793632894,Private room,1.0,2025-10-17,51.0,6
Modern Comfort in Florence,1.4707098484756887e+18,,43.77937799018638,Entire home/apt,1.0,2026-04-15,39.0,3
Capponi Terrace Retreat,1.4670822434946514e+18,,43.7791141,Entire home/apt,1.0,2025-10-02,127.0,5
Pitti Grand Retreat,1.4670822434946514e+18,,43.7656295,Entire home/apt,1.0,2026-03-26,127.0,4
Maison Santi Apostoli Con Terrazza Panoramica,1.462764521992158e+18,,43.7692193,Entire home/apt,1.0,2026-05-26,35.0,3
Sogni in Toscana apartment,1.4707284267363569e+18,,43.7829232,Entire home/apt,2.0,2025-09-18,1.0,1
Pratolini S. Croce centralissimo e chic free wi/fi,1.4630020306954388e+18,,43.76879599999999,Entire home/apt,2.0,2025-07-09,15.0,1
Cadorna Pajarera de Firenze,1.468506884603608e+18,,43.7864662,Private room,1.0,2025-08-18,5.0,1
corridoni 60,1.4706695156289943e+18,,43.79337,Entire home/apt,2.0,2026-02-15,9.0,3
Locchi stanza con balcone,1.468506884603608e+18,,43.8047638,Private room,1.0,2026-05-29,5.0,12
"Appartamento Pepi 73, 3P",1.4703667701322954e+18,,43.772894,Entire home/apt,3.0,,8.0,0
Ricky-Lerua Holiday Residence Firenze Centrale,1.4700472953017436e+18,,43.7920321,Entire home/apt,1.0,,1.0,0
Zanardelli Bright Flat,1.4707294987576878e+18,,43.7663338,Entire home/apt,1.0,2025-09-21,1.0,1
Toscanelli Retreat,1.4627513958578153e+18,,43.76789,Entire home/apt,2.0,2025-09-09,28.0,1
Palestro Apartment by Mamo Florence,1.4626390518884895e+18,,43.77563,Entire home/apt,1.0,2026-05-30,197.0,31
Stanza casa signorile Un raggio di sole FirenzeNEW,1.4672626734505006e+18,,43.7573358,Private room,1.0,2026-06-24,1.0,49
Maison Farini,1.470729862897847e+18,,43.7736069,Entire home/apt,2.0,2026-06-05,1.0,45
La Corticina - Classic Double,1.4654726763703875e+18,,43.78784676663028,Private room,1.0,2026-02-15,6.0,1
La Corticina - Junior Suite,1.4654726763703875e+18,,43.7878913,Private room,1.0,2026-04-19,6.0,2
"San Frediano Top Suite
Oltrarno
[centro storico]",1.4707007922469302e+18,,43.7715062,Entire home/apt,1.0,2026-06-17,1.0,57
Appartamento Ginny - San Firenze Collection,1.4707298651505964e+18,,43.77010685911427,Entire home/apt,2.0,2026-06-06,10.0,3
San Salvi Cozy Apartment,1.4631403477761298e+18,,43.77168,Entire home/apt,2.0,2026-06-07,4.0,23
Villa Bellosguardo - San Firenze Collection,1.4707298651505964e+18,,43.7663,Entire home/apt,2.0,2026-05-25,10.0,11
Marmora 2,1.4627213776968033e+18,,43.7806571,Private room,2.0,2026-06-11,2.0,20
Appartamento Tornabuoni 2 - San Firenze Collection,1.4707298651505964e+18,,43.7721739062203,Entire home/apt,1.0,2026-02-22,10.0,2
Appartamento Alberto - San Firenze Collection,1.4707298651505964e+18,,43.77189118736662,Entire home/apt,2.0,2026-05-27,10.0,4
Private room in shared Flat,1.4687353723394345e+18,,43.77166121251163,Private room,31.0,2025-07-06,16.0,1
Charming Retreat: Private Room with Shared Bath,1.4689569995018289e+18,,43.77694427334462,Private room,1.0,2026-05-31,6.0,19
Steps from Station:Twin Beds Room with Shared Bath,1.4689569995018289e+18,,43.77701,Private room,1.0,2026-05-12,6.0,15
Wall Up Apartment,1.466772648372241e+18,,43.78646800429995,Entire home/apt,1.0,,1.0,0
Appartamento in villa d’epoca,1.4672669198875505e+18,,43.743344015342075,Entire home/apt,31.0,,1.0,0
Fiorenza Charme Apartment - 200m Uffizi,1.46318971016856e+18,,43.7688661,Entire home/apt,1.0,2026-06-13,5.0,56
"Super centrale, a lato del Duomo",1.470730509637368e+18,,43.77453,Entire home/apt,1.0,2026-06-26,5.0,13
Felicita Stay – Florence Charme Apartment,1.4707098484756887e+18,,43.766270005402475,Entire home/apt,1.0,2026-04-11,39.0,3
La Piccionaia Firenze,1.470648299261225e+18,,43.7625184,Entire home/apt,2.0,2026-06-17,3.0,12
YiD perfect for a holiday near city center,1.462988130311036e+18,,43.78767151335966,Entire home/apt,1.0,2026-03-07,80.0,1
Suite Cetra,1.462687244144813e+18,,43.7836683,Entire home/apt,1.0,2026-06-19,50.0,8
Suite Viella,1.462687244144813e+18,,43.7836683,Entire home/apt,1.0,2026-06-21,50.0,5
The Tower Glimpse,1.4655779424609697e+18,,43.76992329999999,Entire home/apt,1.0,2026-06-02,36.0,20
Rooftop WonderTerraces Apartment,1.4630763050005105e+18,,43.7688273,Entire home/apt,1.0,2026-06-14,1.0,30
Arts&Crafts - Appartament Arte della Lana,1.469345095990717e+18,,43.78019,Entire home/apt,1.0,2026-04-06,10.0,3
Large and quiet room Campo di Marte area,1.4668261761749417e+18,,43.7792717,Private room,31.0,2025-09-01,24.0,1
Private room with balcony Novoli area,1.4668261761749417e+18,,43.78605,Private room,31.0,,24.0,0
Casa Rosa e Silvi,1.4668728636564457e+18,,43.76461377863901,Entire home/apt,1.0,2025-05-18,1.0,0
Panoramic Penthouse on the Arno-Florence,1.4707098484756887e+18,,43.77064,Entire home/apt,1.0,2026-05-30,39.0,6
"Camera e bagno indipendenti, zona Fortezza-Statuto",1.470732230358056e+18,,43.78899863522314,Private room,1.0,2026-06-20,1.0,41
The Court of Santo Spirito,1.4707098484756887e+18,,43.76445784985955,Entire home/apt,2.0,2026-05-24,39.0,1
Serragli 16,1.4671621115168476e+18,,43.76918,Entire home/apt,1.0,2026-05-12,6.0,27
Vicino al Duomo • Bilocale per 4 con Comfort,1.4707329000461294e+18,,43.7765923,Entire home/apt,2.0,2026-06-09,1.0,18
Keys of Italy - Monalda TOT - Amazing 2 Apts,1.4632560235621256e+18,,43.77152,Entire home/apt,1.0,,64.0,0
"[La Dimora]- zona S.Croce, Firenze",1.4707174677913884e+18,,43.7700863,Entire home/apt,3.0,2026-01-09,1.0,2
Gordigiani Apartment,1.462687244144813e+18,,43.7873009,Entire home/apt,1.0,2026-06-14,50.0,14
Italian Experience-Suite Vogel,1.462534952149325e+18,,43.77399,Entire home/apt,1.0,2025-06-16,8.0,0
Spazioso alloggio in centro,1.4690646936419758e+18,,43.7786385,Entire home/apt,2.0,2026-06-24,2.0,12
[ Centrale ] Corte Buonvicini,1.4670758740142003e+18,,43.78216011628062,Entire home/apt,2.0,2026-06-16,1.0,26
Cozy Apartment Cirillo5,1.4707334049493783e+18,,43.78818,Entire home/apt,1.0,2026-06-21,1.0,17
Bright Flat by the Duomo,1.4700330394884037e+18,,43.77085,Entire home/apt,1.0,2025-08-21,12.0,5
"The Wheels Florence, TheWheelsFlorence""Cielo""St...",1.4684049248519726e+18,,43.7798946,Private room,1.0,2026-06-23,6.0,12
"The Wheels Florence, TheWheelsFlorence""Porpora""...",1.4684049248519726e+18,,43.7798946,Private room,1.0,2026-06-02,6.0,6
"The Wheels Florence, TheWheelsFlorence""Pavone""D...",1.4684049248519726e+18,,43.7798957824707,Private room,1.0,2026-05-22,6.0,18
Camera Anna Luxury 1,1.4696939709101478e+18,,43.79173083937048,Private room,1.0,2025-06-14,1.0,0
Posto letto un'altra persona,1.4707339776067295e+18,,43.797737167707325,Shared room,3.0,2025-09-02,1.0,1
La Dimora Moderna - Con Suite Privata,1.5293372930575772e+18,,43.783911087375266,Entire home/apt,1.0,2026-06-12,8.0,18
GuestHost - Novoli Escape in Florence with Parking,1.4671577548808717e+18,,43.79073,Entire home/apt,1.0,2026-06-04,102.0,27
Comfort & Colors Flat In Florence,1.4698140267159173e+18,,43.7861757,Entire home/apt,1.0,2026-06-19,5.0,52
Single room,1.4687353723394345e+18,,43.780581,Private room,31.0,,16.0,0
Firenze Centro con Patio,1.4627409139611917e+18,,43.78102081184465,Entire home/apt,2.0,2026-06-15,3.0,21
"Centro Firenze, Romantico • 5 Minuti Dal Duomo",1.470641816356761e+18,,43.7755,Entire home/apt,28.0,2026-06-04,1.0,49
Duomo View  Monthly Stays in the Heart of Florence,1.4685220646885215e+18,,43.7728933,Entire home/apt,3.0,2025-08-22,16.0,1
MusArt Olive-Room 1-P Occupancy Room,1.4630300319994813e+18,,43.78308703139133,Private room,2.0,2026-05-29,4.0,24
Affittacamere Nonna Lina,1.468644238587084e+18,,43.76920705241643,Private room,1.0,2026-06-10,1.0,22
#Modern Artisti#,1.4704514849658258e+18,,43.7792222,Entire home/apt,1.0,2025-09-28,8.0,8
"Porta S. Frediano, appartamento.",1.4707348394139164e+18,,43.7708337,Entire home/apt,3.0,2026-06-15,1.0,10
Cosy and connected to the Centre and Careggi,1.462985408394587e+18,,43.7887104,Entire home/apt,1.0,2026-06-19,7.0,39
Duomo View Terrace by Belcanto Villas,1.4706017293426427e+18,,43.7739286,Entire home/apt,1.0,2026-06-14,5.0,34
GuestHost - Giardino della Fortezza Chic Apartment,1.4671577548808717e+18,,43.7841757,Entire home/apt,1.0,2026-06-13,102.0,34
Tra duomo e Uffizi APT moderno nel cuore dell’arte,1.4628564814992796e+18,,43.768,Entire home/apt,2.0,2026-05-27,35.0,18
Naomi,1.4701282437116664e+18,,43.76959859999999,Entire home/apt,2.0,2026-05-22,1.0,12
Appartamento super comfort al Polimoda,1.4626611379866621e+18,,43.785253881993,Entire home/apt,2.0,2025-09-24,1.0,4
Puffetta By MMega,1.4626271213019407e+18,,43.77602,Entire home/apt,1.0,2026-06-14,259.0,11
Casa Profumoir,1.4707359390890762e+18,,43.76452,Entire home/apt,1.0,,2.0,0
Loft 6 Ospiti Centro Firenze | Vicino Stazione,1.470245909321182e+18,,43.77358,Entire home/apt,1.0,2026-06-21,4.0,37
Comfort apart,1.463856929895422e+18,,43.7743337,Entire home/apt,3.0,,1.0,0
Guelfa Courtyard Retreat,1.4637768305794332e+18,,43.777714,Entire home/apt,1.0,2026-06-19,24.0,59
Campuccio Suite in Oltrarno Florence,1.4707098484756887e+18,,43.76495,Entire home/apt,1.0,2026-04-03,39.0,5
Elegante Oltrarno • Ingresso privato • Centrale,1.46251750062008e+18,,43.765188750221114,Entire home/apt,1.0,2026-06-18,2.0,45
"La Scala Residence, Stanza milano",1.470733662389202e+18,,43.7738386,Private room,1.0,,5.0,0
"La Scala Residence, Stanza capri 2",1.470733662389202e+18,,43.7738386,Private room,1.0,2026-03-20,5.0,1
The Sunshine Room • Private Bath & Free Parking,1.4707366390657224e+18,,43.7535552,Private room,2.0,2026-01-03,2.0,20
Camera Casa Profumoir,1.4707359390890762e+18,,43.76378775683441,Private room,1.0,2025-06-12,2.0,0
appartamento centro Firenze,1.470101690611065e+18,,43.7750936,Entire home/apt,1.0,2026-01-09,1.0,3
"LUNA in Historic Villa, Garden&Parking, SolarPatio",1.4707371213098834e+18,,43.7938667,Entire home/apt,1.0,2026-06-09,1.0,13
San Gallo Apartment by Mamo Florence,1.4626390518884895e+18,,43.78111310220307,Entire home/apt,1.0,2026-05-29,197.0,12
Gozzoli By MMega,1.4626271213019407e+18,,43.7693748,Entire home/apt,1.0,2026-06-13,259.0,33
Porta a Prato Rock Apartment,1.4695291056529723e+18,,43.77407609999999,Entire home/apt,1.0,2026-06-26,23.0,32
Suite Vintage nel Cuore di Firenze,1.4631350299319455e+18,,43.7700495,Entire home/apt,1.0,2026-06-05,11.0,59
[Ponte alla Vittoria] Urban Garden Loft,1.4706269326616223e+18,,43.77244,Entire home/apt,1.0,2026-06-12,10.0,42
Elegant 2BR • Terrace • Oltrarno Florence • Boboli,1.4629873363092662e+18,,43.76337100000001,Entire home/apt,2.0,2026-06-04,9.0,25
Elegant Suite w/ 2 balcony - T2 Tram Stop Libertà,1.4628731598951841e+18,,43.7855989,Entire home/apt,2.0,2026-06-04,32.0,22
"Flat in Belfiore, live like a local",1.462577067420354e+18,,43.78269343291335,Entire home/apt,1.0,2026-02-19,18.0,10
Il Tiglio (15 min SMN Station),1.4637117820962068e+18,,43.77493,Entire home/apt,1.0,2025-09-30,3.0,5
Elegant Florence Flat • 10 min to SMN • A/C,1.4698874234706604e+18,,43.77975936509509,Entire home/apt,2.0,2026-05-30,2.0,5
Ponte Vecchio Vintage Central Apartment,1.4695291056529723e+18,,43.7669654,Entire home/apt,1.0,2026-06-14,23.0,20
Central Market Loft I,1.469534420414424e+18,,43.776255,Entire home/apt,1.0,2025-10-17,47.0,9
Central Market Loft II,1.469534420414424e+18,,43.776255,Entire home/apt,1.0,2025-09-26,47.0,4
[Pontevecchio] Elegante Suite con vista mozzafiato,1.4635015572442058e+18,,43.7677369,Entire home/apt,1.0,2026-06-23,36.0,78
The Goldsmith Home,1.4638805324515195e+18,,43.7712481,Entire home/apt,1.0,2026-01-30,22.0,27
Classic Florence Studio By MMega,1.4626271213019407e+18,,43.769234,Entire home/apt,1.0,2026-06-12,259.0,7
Appartamento Galileo,1.470738546222666e+18,,43.765896508923994,Entire home/apt,2.0,2026-06-12,1.0,12
Mansarda di Nicolò,1.4706250871858926e+18,,43.792212,Entire home/apt,31.0,2026-04-16,6.0,5
Room near Aeroporto Firenze,1.4707251401016796e+18,,43.79503,Private room,1.0,2026-05-27,3.0,13
[Isolotto] Modern Apartment Florence by Hôtea,1.4706261933306478e+18,,43.7758154,Entire home/apt,1.0,2026-05-19,12.0,11
YHFlorence - private pool and Turkish bath,1.4690315095879726e+18,,43.74976,Entire home/apt,3.0,,1.0,0
Stylish & Quiet House n Florence,1.4627088373629796e+18,,43.7823,Entire home/apt,3.0,2025-10-25,3.0,2
Stanze doppie con bagno privato,1.470578680591412e+18,,43.76577510000001,Private room,2.0,2025-10-26,5.0,1
Fortezza 3 Bedrooms By MMega,1.4626271213019407e+18,,43.780429241358185,Entire home/apt,1.0,2026-06-14,259.0,35
Eleganza Fiorentina – Vicino al Ponte Vecchio,1.4684273782478733e+18,,43.7656392,Entire home/apt,1.0,2026-06-25,1.0,67
Apartment Dolcevita in Florence,1.4635944391141967e+18,,43.7840633,Entire home/apt,3.0,2025-09-09,2.0,1
Family Apartment With parking,1.4625114121213542e+18,,43.7733859,Entire home/apt,1.0,2026-06-21,26.0,3
Soggiorno Calamassi,1.4707403978882662e+18,,43.7660117,Entire home/apt,3.0,2026-06-25,1.0,29
Nugolo atelier - Light & charm in Oltrarno,1.463538010453156e+18,,43.7664479,Entire home/apt,2.0,2026-05-29,14.0,12
Appartamento in centro,1.4700024344317384e+18,,43.77612,Entire home/apt,1.0,2026-06-12,3.0,53
Chic Apartment in the Heart of Florence,1.4707404917490621e+18,,43.781469,Entire home/apt,1.0,2026-06-23,1.0,46
Pecten- Camera privata a Firenze,1.470739484892111e+18,,43.78079786230316,Private room,1.0,2026-06-12,2.0,40
(Central) 3 Suites Apartment Marco,1.4699700433616143e+18,,43.77739,Entire home/apt,2.0,,21.0,0
Deluxe twin,,,43.78235,Private room,1.0,2025-07-30,,2
Standard queen,1.4707407550427438e+18,,43.78235,Private room,1.0,2026-05-28,7.0,7
Executive triple,1.4707407550427438e+18,,43.78235,Private room,1.0,2025-09-04,7.0,1
"Pitti Suite 13 residenza d'epoca, Stanza tripla",1.4705821011291748e+18,,43.7658648,Private room,1.0,2025-12-07,2.0,2
Sara Studio Apartment,1.4704670064224358e+18,,43.7870594,Entire home/apt,2.0,2026-06-02,10.0,13
Montebello Central Apartment,1.4706768398310748e+18,,43.77547,Entire home/apt,2.0,2026-05-12,23.0,3
[ Centrale ] Buonvicini Urban Light,1.4707409246782638e+18,,43.78244,Entire home/apt,2.0,2026-06-06,1.0,44
[Minimal Art] Coverciano cozy apartment w balcony,1.468728126973591e+18,,43.7759955,Entire home/apt,2.0,2026-06-16,8.0,13
Ghibellina Retreat By MMega,1.4626271213019407e+18,,43.7696169,Entire home/apt,1.0,2026-05-16,259.0,4
Premium Florence Suite – SuperKing,1.462700516751073e+18,,43.7731357,Entire home/apt,1.0,,14.0,0
Elegant Superior City Retreat,1.462700516751073e+18,,43.7731357,Entire home/apt,1.0,,14.0,0
Garden view superior room in the heart of Florence,1.462700516751073e+18,,43.7731357,Entire home/apt,1.0,2026-03-14,14.0,1
Suite King Heart Of Florence,1.462700516751073e+18,,43.7731357,Entire home/apt,1.0,2025-07-30,14.0,1
Villa Angela,1.4625391424295846e+18,,43.76371779999999,Entire home/apt,1.0,2025-12-27,18.0,1
Your Family House in Florence,1.469100635666937e+18,,43.770145,Entire home/apt,1.0,2026-06-28,1.0,65
Accogliente e confortevole,1.465663133699366e+18,,43.7842207,Entire home/apt,2.0,2026-04-30,1.0,4
Mariti Modern Apartment,1.4625424770336422e+18,,43.79185353654139,Entire home/apt,1.0,2026-04-03,2.0,1
[Archeological Museum] Design Flat (dx),1.4706269326616223e+18,,43.77747,Entire home/apt,1.0,2026-05-06,10.0,58
Appartamento in affitto,1.4668148506260867e+18,,43.76821,Entire home/apt,3.0,2025-09-20,1.0,3
Santa Croce Suite View Apartment,1.4706768398310748e+18,,43.7696383,Entire home/apt,2.0,2026-06-03,23.0,11
Exclusive Florence 15'to Duomo SmartWork & Fitness,1.4628731598951841e+18,,43.77555538220347,Entire home/apt,2.0,2025-09-29,32.0,13
Cozy Apartment in Florence,1.470742484962259e+18,,43.78486,Entire home/apt,31.0,,1.0,0
Penthouse with terrace near Piazza della Signoria,1.4704574578474934e+18,,43.76907689999999,Entire home/apt,1.0,2026-05-29,11.0,30
Sant'Anna - Sweety Apartments,1.4707425236395668e+18,,43.76949,Entire home/apt,2.0,,1.0,0
Casa Pinedemonte - Private Garden,1.463060850081892e+18,,43.76023,Entire home/apt,31.0,2025-10-14,1.0,1
Lionardo Luxury Appartment,1.470742591864902e+18,,43.7710947,Entire home/apt,1.0,,1.0,0
Verrazzano Loft By MMega,1.4626271213019407e+18,,43.7695507,Entire home/apt,1.0,2026-06-14,259.0,17
La Limonaia di Villa Aurora,1.465579628809493e+18,,43.790132456690195,Entire home/apt,1.0,,86.0,0
San Frediano nel cuore!,1.4652839843095706e+18,,43.7677264,Entire home/apt,3.0,2026-06-19,1.0,10
Keys of Italy -Ghib 80 private Room in Santa Croce,1.4632560235621256e+18,,43.7700493,Entire home/apt,1.0,2026-05-04,64.0,26
Santa Croce suite with a unique view,1.4681778452459203e+18,,43.769817734125105,Entire home/apt,1.0,2026-01-05,46.0,18
Designer Apartment in Oltrarno,1.4707098484756887e+18,,43.7660085869161,Entire home/apt,1.0,2026-05-17,39.0,5
Big double private room,1.4687353723394345e+18,,43.7818573,Private room,31.0,,16.0,0
Appartamento Asse - San Firenze Collection,1.4668287128390904e+18,,43.78579,Entire home/apt,1.0,2025-10-03,43.0,2
Appartamento Galileo~Santa Maria Novella,1.4700000581824753e+18,,43.77365770000001,Entire home/apt,3.0,2026-05-20,3.0,16
Flat for 4: Scala 1,1.4707438187591613e+18,,43.7757,Entire home/apt,1.0,2026-06-06,1.0,34
Maison Sanzio,1.4707436901350433e+18,,43.77059393419286,Entire home/apt,2.0,2026-05-30,1.0,29
ART Guelfa Apartment,1.470743744290508e+18,,43.7784495,Entire home/apt,1.0,2026-06-02,1.0,22
Camera da letto Wilma,1.4638274998732047e+18,,43.76976,Private room,1.0,2026-06-26,3.0,41
Partenope Luxury Suites Florence,1.469725902820813e+18,,43.7681191,Entire home/apt,1.0,2026-06-11,1.0,43
Arno Cozy Apartment,1.470226656593531e+18,,43.77337740000001,Entire home/apt,1.0,2025-10-14,1.0,3
Casa vacanze The Lily Home,1.4627413639879698e+18,,43.7837186,Entire home/apt,1.0,2026-05-09,1.0,9
"Verdi Central Rooms, V2 room",1.462653052328609e+18,,43.76962,Private room,1.0,2026-02-15,51.0,14
Santa Croce Tiny Suite • Centro Firenze • 9' Duomo,1.4701697402156083e+18,,43.77044629495498,Entire home/apt,1.0,2026-06-26,2.0,88
"Golden Luxe, 4 Suites + frescoes near Boboli",1.4638435611492111e+18,,43.762565892921806,Entire home/apt,1.0,2026-03-10,19.0,15
UNYCA - Special Price Apartment,1.470449032762e+18,,43.7740866,Entire home/apt,1.0,2026-04-14,40.0,3
Lucia Penthouse - Magic Views in a Medici Palace,1.463538010453156e+18,,43.767007288787624,Entire home/apt,2.0,2026-06-15,14.0,24
Balcony apt on ponte vecchio,1.4707448179845545e+18,,43.76636,Entire home/apt,2.0,2026-06-21,1.0,40
UNYCA - Spacious 2 bedroom Apartment in Florence,1.470449032762e+18,,43.7749751,Entire home/apt,1.0,2025-11-06,40.0,7
UNYCA - Charming Oltrarno Apartment [Florence],1.470449032762e+18,,43.7594967,Entire home/apt,1.0,2026-05-15,40.0,5
[New apartment] - Boccaccio house,1.463543520580606e+18,,43.78817,Entire home/apt,1.0,2025-10-01,7.0,3
sunny florence apartment,1.4630020306954388e+18,,43.77102,Entire home/apt,1.0,2025-10-06,15.0,1
Healthy Home | Secret Attic,1.4654821821410934e+18,,43.77436,Private room,1.0,2026-04-29,3.0,83
UNYCA - Bright Florence Apartment,1.470449032762e+18,,43.7841751,Entire home/apt,1.0,2026-06-16,40.0,7
CECCO BRAVO.apt. Firenze,1.470736623508786e+18,,43.76991,Entire home/apt,2.0,2026-06-21,1.0,11
"Nice Belfiore , One-bedroom AT1",1.462653052328609e+18,,43.77991,Private room,1.0,,51.0,0
B&B Bonaparte,1.4707457406729492e+18,,43.77563,Entire home/apt,2.0,2026-06-15,1.0,18
Boutique Boccaccio Apartment,1.4702864438451052e+18,,43.7865811,Entire home/apt,1.0,2026-05-30,3.0,7
San Niccolo' Apartment,1.469534420414424e+18,,43.7642927,Entire home/apt,1.0,2026-05-25,47.0,13
Duomo Luxury Apartment,1.462610075745398e+18,,43.7742381,Entire home/apt,1.0,2025-10-17,17.0,18
Tuscan Refined Retreat,1.4707007488189135e+18,,43.7825457,Entire home/apt,1.0,2026-06-10,11.0,30
Pitti Apartment in Central Florence,1.470693631237513e+18,,43.76578,Entire home/apt,3.0,2025-08-26,2.0,1
A Mezzo Apartment City Center,1.4667639292627566e+18,,43.77188,Entire home/apt,1.0,2026-06-19,14.0,61
Michelangelo's Retreat,1.4676445804937843e+18,,43.76662,Entire home/apt,1.0,2025-09-30,4.0,4
Luxury Palazzo Vecchio: Best location & view,1.4707463233837002e+18,,43.768591347866206,Entire home/apt,2.0,2026-05-30,1.0,29
[DUOMO] Loft Sofia Lauren,1.4705285454204884e+18,,43.77587,Entire home/apt,1.0,2026-04-07,1.0,9
Un'oasi di pace vicino al centro storico,1.4684192836731077e+18,,43.748898505309704,Entire home/apt,2.0,2026-01-31,1.0,8
Duomo Luxury Florence Apartment,1.4625697665023974e+18,,43.77322798385054,Entire home/apt,1.0,,1.0,0
Guelfa Luxe Apartment [2 min Duomo],1.4703121418191214e+18,,43.77815,Entire home/apt,1.0,2026-06-26,7.0,87
La Corte di Anna,1.4706808231926612e+18,,43.768790230878,Entire home/apt,3.0,2026-05-24,2.0,4
Sweet Living Accademia,1.4653008448789542e+18,,43.77564,Entire home/apt,2.0,2026-06-27,21.0,32
[brd 41 13] Ponte Vecchio Elegant Central Attic,1.4704574578474934e+18,,43.76669,Entire home/apt,1.0,2026-01-23,11.0,19
Villa dell'Artista - Camere con bagno privato,1.4628564814992796e+18,,43.79765,Private room,1.0,2026-04-21,35.0,5
Villa dell'Artista - Camere con bagno privato,1.4628564814992796e+18,,43.79949,Private room,1.0,2026-04-17,35.0,5
Villa dell'Artista - Camere con bagno privato,1.4628564814992796e+18,,43.79798,Private room,1.0,2026-03-29,35.0,2
Private Room | St. Ambrogio,1.4625242084430188e+18,,43.77321,Private room,1.0,2026-06-10,12.0,38
La Torretta: Duomo View in Cure,1.4626998754679293e+18,,43.7895366602657,Entire home/apt,3.0,2025-10-05,1.0,3
Sweet Living Michelangelo,1.4653008448789542e+18,,43.77382,Entire home/apt,2.0,2026-06-28,21.0,42
Double Room | Hotiday Firenze Guidoni 3*,1.4679226292885215e+18,,43.79772,Private room,1.0,2026-03-10,1.0,22
elisabet near center of florence,1.469232531851628e+18,,43.7812483,Entire home/apt,2.0,,1.0,0
"Gorgeous Florence Apartment, near Duomo.",1.4633033106279293e+18,,43.77469673084525,Entire home/apt,2.0,2026-05-31,3.0,1
Santa Trinita Place By MMega,1.4626271213019407e+18,,43.77147,Entire home/apt,1.0,2026-05-30,259.0,14
Sant’Ambrogio 3‑Bedroom Apartment,1.469534420414424e+18,,43.7701444,Entire home/apt,1.0,2026-05-31,47.0,7
AMOUR - in the heart of Florence,1.4627166404036416e+18,,43.77398,Entire home/apt,3.0,2025-11-02,1.0,5
Casa Maggio By MMega,1.4626271213019407e+18,,43.7663898,Entire home/apt,1.0,2026-06-14,259.0,15
Villa Anna -  Camera con bagno privato in Villa,1.4628564814992796e+18,,43.78578,Private room,1.0,2025-09-11,35.0,3
La Perla di Firenze,1.4702171636904899e+18,,43.77118,Entire home/apt,1.0,2026-06-11,2.0,52
[-20%] Florentine Dream Stay- 90m Ponte vecchio,1.46318971016856e+18,,43.7685707,Entire home/apt,1.0,2026-06-23,5.0,63
Casa Fiore - Ampio appartamento di charme,1.4682534016406932e+18,,43.7789312,Entire home/apt,1.0,2026-01-25,1.0,15
Diana 2: Zona Tranquilla per Famiglie,1.4707495439616445e+18,,43.73767,Entire home/apt,1.0,,2.0,0
Ampio appartamento 6 posti con A/C e balconi,1.469221634688095e+18,,43.77434284920118,Entire home/apt,1.0,2026-03-29,1.0,5
Design apartment with balcony near Duomo,1.4626748215775887e+18,,43.773416,Entire home/apt,1.0,2026-06-25,2.0,42
14th central market square,1.4625935724950666e+18,,43.77694,Entire home/apt,2.0,2026-06-11,5.0,31
Stylish Flat in City Centre,1.4701666537774935e+18,,43.772692,Entire home/apt,2.0,2026-06-08,29.0,14
Cozy Flat in Santa Croce,1.4700330394884037e+18,,43.7693147,Entire home/apt,1.0,2025-09-21,12.0,3
King By MMega,1.4626271213019407e+18,,43.76665999999999,Entire home/apt,1.0,2025-10-09,259.0,4
Elegant 4BR in Historic Santa Croce Palace,1.4670331963730637e+18,,43.7672,Entire home/apt,1.0,2026-06-10,5.0,18
Casa Corso near Duomo,1.4630017364827735e+18,,43.77147343878899,Entire home/apt,1.0,2026-06-18,4.0,19
Oricellari Apartment by Mamo Florence,1.4626390518884895e+18,,43.77577,Entire home/apt,1.0,2026-06-06,197.0,22
[Casa Violetta] 10min to airport,1.4706971285392668e+18,,43.79283,Entire home/apt,3.0,2026-06-20,1.0,11
Central portion of property,1.4701666537774935e+18,,43.772692,Entire home/apt,1.0,2026-05-08,29.0,17
Casa Dosio,1.470601890837438e+18,,43.7716854279046,Entire home/apt,1.0,2026-06-23,1.0,18
Numa | Standard Room near Porta San Niccolò,1.4706894493007977e+18,,43.76441,Entire home/apt,1.0,2025-11-18,10.0,1
Vigna Nuova District Apartment,1.4670822434946514e+18,,43.771058,Entire home/apt,1.0,2025-09-28,127.0,5
Maggio-Boutique Home in Florence,1.4637636951797635e+18,,43.7655147,Entire home/apt,1.0,,18.0,0
Strozzi Luxury Apartment,1.469998646177477e+18,,43.7702467,Entire home/apt,1.0,2026-05-30,6.0,63
SMN Apartment with Private Courtyard,1.4689569995018289e+18,,43.77623,Entire home/apt,1.0,2026-05-18,6.0,7
Monalda Tower Apartment,1.4670822434946514e+18,,43.7704802,Entire home/apt,1.0,2026-05-11,127.0,24
Pop Tower Florence 3 Santa Croce Uffizi,1.4683022202384276e+18,,43.7701667,Private room,1.0,2026-05-11,8.0,4
The Well Home - Historic Charm & Comfort,1.4657176099646845e+18,,43.7657672,Entire home/apt,2.0,2026-06-05,31.0,41
Ponte Vecchio + SPA +Lift,1.4638692761532836e+18,,43.76937729523191,Entire home/apt,2.0,2026-05-30,9.0,14
Appartamento ampio con 3 camere,1.4625095618678874e+18,,43.78159903762132,Entire home/apt,2.0,,1.0,0
Nina in Boboli,1.4657673636724372e+18,,43.7628348,Entire home/apt,2.0,2025-10-19,2.0,3
Ala Grande's House - Florence City Center,1.4707172524502502e+18,,43.77769859537402,Entire home/apt,2.0,2026-05-18,1.0,29
Super Central Station Apt,1.4695700523377503e+18,,43.7814,Entire home/apt,1.0,2025-12-01,4.0,9
Private room with  panoramic view of Florence,1.4632907451764567e+18,,43.772030758837936,Private room,1.0,2026-06-11,5.0,92
Florence Large Frescoed Apartment,1.4670822434946514e+18,,43.786806,Entire home/apt,1.0,2026-01-01,127.0,4
Pop Tower Florence 5 Santa Croce Uffizi,1.4683022202384276e+18,,43.7701667,Private room,1.0,2026-06-04,8.0,4
GuestHost - Modern Apartment with Large Terrace,1.4671577548808717e+18,,43.78001829999999,Entire home/apt,1.0,2026-06-13,102.0,31
Pop Tower Florence 8 Santa Croce Uffizi,1.4683022202384276e+18,,43.7701667,Private room,1.0,2026-05-20,8.0,4
Appartamento Casa Mary,1.4693954420246367e+18,,43.80286781454142,Entire home/apt,2.0,2026-02-13,11.0,1
Camera singola nel verde,1.4668008562826148e+18,,43.78458,Private room,30.0,,1.0,0
Appartamento Pitti,1.4638805324515195e+18,,43.7666378,Entire home/apt,1.0,2026-06-19,22.0,21
Centro storico con terrazza,1.4693617343865935e+18,,43.77302,Entire home/apt,2.0,2026-01-05,4.0,10
Rilassante casa fiorentina,1.4703774998473533e+18,,43.79065,Entire home/apt,2.0,2026-03-23,16.0,5
Camera doppia in appartamento condiviso,1.4689829073149076e+18,,43.80732,Private room,2.0,,1.0,0
"[Duomo 10""a piedi] Wi-fi Veloce- Smart Working",1.4638497178278346e+18,,43.7754554,Entire home/apt,1.0,2026-06-03,6.0,19
BN loft by the river Downtown,1.4707430845544243e+18,,43.7666414,Entire home/apt,1.0,2026-06-23,1.0,47
Camera con bagno privato in dimora d'epoca,1.4628564814992796e+18,,43.7663699,Private room,1.0,2025-09-07,35.0,3
Appartamento a San frediano,1.470753297971214e+18,,43.76842,Entire home/apt,1.0,,1.0,0
Santa Croce Modern Loft,1.4670822434946514e+18,,43.7680962,Entire home/apt,1.0,2025-08-23,127.0,1
Stylish Apartment in Florence's Oltrarno,1.4652768910222756e+18,,43.76819,Entire home/apt,2.0,2025-09-26,3.0,2
[San Frediano] Design moderno ed elegante,1.4635015572442058e+18,,43.7711326,Entire home/apt,1.0,2026-06-22,36.0,52
[San Frediano] Charme con stile contemporaneo,1.4635015572442058e+18,,43.7711326,Entire home/apt,1.0,2026-06-18,36.0,56
TomHouse - Florence Dolce Vita,1.4638623584396344e+18,,43.771148598502336,Entire home/apt,1.0,2026-06-02,13.0,25
Augustus Florence Borgo Pinti | 3 min Duomo,1.4657176099646845e+18,,43.7719864,Entire home/apt,2.0,2026-06-09,31.0,33
Pretty apartment Alfani,1.4690749154331356e+18,,43.7762308,Entire home/apt,1.0,2026-06-08,12.0,14
Healthy Home | Duomo • Jacuzzi & Green Oasis,1.4626798078547236e+18,,43.7759955,Entire home/apt,1.0,2026-06-17,8.0,78
Careggi apartment,1.4702625468689608e+18,,43.8055204,Entire home/apt,1.0,2026-06-13,1.0,10
The PopyLoft,1.4657673636724372e+18,,43.7637,Entire home/apt,2.0,,2.0,0
Quiet vintage Escape: Room +Bath,1.4627088373629796e+18,,43.78239,Private room,2.0,2026-05-30,3.0,5
"Pitti Central Rooms , One bed room P2",1.462653052328609e+18,,43.76492,Private room,1.0,2026-05-05,51.0,12
Fienile fra ulivi a 5 minuti da Porta Romana,1.4707549492363054e+18,,43.73082,Entire home/apt,1.0,2026-06-17,1.0,10
Il giardino incantato a Firenze con giardino NEW,1.4707550086439045e+18,,43.7573358,Entire home/apt,2.0,2026-06-19,1.0,12
"Casa Centro Duomo Stazione SM Novella, A/C, WiFi",1.469641540110508e+18,,43.7740552,Entire home/apt,2.0,2026-06-18,1.0,25
The Florence City Loft,1.469534420414424e+18,,43.76973539999999,Entire home/apt,1.0,2026-03-22,47.0,6
Il Guelfo D'Oro - Feel at Home in Florence,1.4707553379724992e+18,,43.77930424152987,Entire home/apt,1.0,,1.0,0
Appartamento Giusti 2 - San Firenze Collection,1.4707298651505964e+18,,43.77538,Entire home/apt,1.0,2026-06-11,10.0,29
Florence luxury nest with garden balcony,1.468169771445602e+18,,43.76726,Entire home/apt,31.0,,1.0,0
Duomo collection suites B,1.462988130311036e+18,,43.77153,Entire home/apt,1.0,2026-05-21,80.0,18
"B&B Facibeni Rooms, Boboli Room con Bagno Priva...",1.462809833511425e+18,,43.8027891,Private room,3.0,2025-10-15,4.0,5
Alfani Central Apartment,1.469534420414424e+18,,43.7765178,Entire home/apt,1.0,2025-08-10,47.0,1
GuestHost - Ponte Vecchio Charming Apartment,1.4671577548808717e+18,,43.767025,Entire home/apt,2.0,2026-01-13,102.0,9
Rosa di Maggio-Central Apartment,1.4697084741560192e+18,,43.7685643412942,Entire home/apt,1.0,2026-04-29,1.0,13
Attic with Balcony View of the Lungarno,1.4704574578474934e+18,,43.76613993179029,Entire home/apt,1.0,2026-01-01,11.0,20
Ponte Vecchio Bright Spacious Penthouse,1.4704574578474934e+18,,43.7672549,Entire home/apt,1.0,2026-01-01,11.0,14
Santo Spirito charming studio apartment,1.4627958618739446e+18,,43.7651595112378,Entire home/apt,1.0,2026-06-02,13.0,12
Santo Spirito Apartament 100mq in historic center,1.4695737214247872e+18,,43.76794875328769,Entire home/apt,2.0,2026-05-12,1.0,10
[Art of Florence]•NEWCenter Apartment,1.470481710551191e+18,,43.76999,Entire home/apt,1.0,2026-06-22,11.0,144
Libertà 3 bedrooms By MMega,1.4626271213019407e+18,,43.7834257,Entire home/apt,1.0,2026-06-02,259.0,11
Scala Novella 57: Elegante a S. M. Novella,1.4679898578526344e+18,,43.774984,Entire home/apt,1.0,2025-10-26,10.0,2
[Duomo] Elegante Loft nel Cuore di Firenze,1.4638765709540344e+18,,43.7722434,Entire home/apt,2.0,2026-06-16,2.0,55
Puccinotti's House,1.4632712491968215e+18,,43.78676,Entire home/apt,1.0,2026-06-10,6.0,64
Cocoplaces Rooms SMN Camera matrimoniale standard,1.4681805160894528e+18,,43.7771575,Private room,1.0,2026-03-23,19.0,7
New Luxe Space in Florence,1.4639148727683907e+18,,43.74922,Entire home/apt,1.0,2026-04-25,6.0,1
Healthy Home | Giusti,1.4626798078547236e+18,,43.7766127,Entire home/apt,1.0,2026-06-23,8.0,106
[Centro Storico/ Vista] 3 Mn Ponte Vecchio,1.4700531308386478e+18,,43.76522,Entire home/apt,2.0,2026-06-09,1.0,5
Florence Charm Residence,1.4670822434946514e+18,,43.766634,Entire home/apt,1.0,2026-05-16,127.0,2
"Casa del Mare 
stanza singola",1.4689856796572526e+18,,43.78082097913886,Private room,3.0,2026-06-16,2.0,4
Caravaggio's House,1.4632712491968215e+18,,43.77632,Entire home/apt,1.0,2026-06-16,6.0,42
2BR • Iconic River View • Deluxe Condo • Fast WIFI,1.4626012957157926e+18,,43.7684,Entire home/apt,3.0,2026-06-16,11.0,2
Casa accogliente a Firenze,1.466820858967714e+18,,43.76833,Entire home/apt,2.0,2026-05-31,1.0,1
Borgo la Croce 1830 Heritage Apartment,1.4657176099646845e+18,,43.7711163,Entire home/apt,2.0,2026-06-14,31.0,29
"La Loggia del Porcellino, Suite familiare primo...",1.4707284601981614e+18,,43.77104,Private room,1.0,2026-06-21,8.0,40
a place for you in Florence,1.4710381873302392e+18,,43.7600504,Private room,1.0,2026-05-31,1.0,9
Cocoplaces SMN Loft con una camera da letto,1.4681805160894528e+18,,43.7771575,Entire home/apt,1.0,,19.0,0
"La Loggia del Porcellino, Tripla con vista prim...",1.4707284601981614e+18,,43.7702651950019,Private room,1.0,2026-05-03,8.0,6
"La Loggia del Porcellino, Doppia standard primo...",1.4707284601981614e+18,,43.77026132125179,Private room,1.0,2026-04-30,8.0,14
"La Loggia del Porcellino, Stanza singola letto ...",1.4707284601981614e+18,,43.77027681625065,Private room,1.0,2026-06-20,8.0,8
"La Loggia del Porcellino, Stanza singola letto ...",1.4707284601981614e+18,,43.77027294250131,Private room,1.0,2026-05-13,8.0,14
"Suite Cavour, Elegance and Comfort in Florence",1.462577067420354e+18,,43.7803531,Entire home/apt,1.0,2026-01-17,18.0,10
Sand Living,1.4716894230693868e+18,,43.793014,Entire home/apt,2.0,2026-06-10,2.0,4
Renaissance Apartment by Santo Spirito,1.4718471993520643e+18,,43.76759029999999,Entire home/apt,31.0,2026-03-07,1.0,3
Affordable 4-Room 2-Bathroom Lift Ponte Vecchio,1.4704574578474934e+18,,43.76730005051501,Entire home/apt,1.0,2026-01-01,11.0,24
Cocoplaces SMN Appartamento superior,1.4681805160894528e+18,,43.7771575,Entire home/apt,1.0,,19.0,0
Liberty  SMN Apartment Santa Maria Novella Station,1.472394635741272e+18,,43.78073,Entire home/apt,1.0,2026-06-16,1.0,23
Cozy 2 Bedroom in Florence. San Gallo,1.4700708700081405e+18,,43.7793439125849,Entire home/apt,1.0,2026-06-18,11.0,1
Nuovo! Appartamento di Design Vista Duomo,1.4706741131907016e+18,,43.78168,Entire home/apt,1.0,2026-06-22,2.0,35
Cosseria Camera Quadrupla,1.46267723026518e+18,,43.78328,Private room,1.0,2026-06-10,5.0,3
Desiree  Camera Doppia,1.46267723026518e+18,,43.77002,Private room,1.0,2025-12-26,5.0,2
UNYCA - Grazioso Appartamento sull'Arno,1.470449032762e+18,,43.7648976,Entire home/apt,1.0,,40.0,0
Camera Emma,1.4638274998732047e+18,,43.77155118386569,Private room,1.0,2026-06-26,3.0,37
Wine Apartments Florence Sagrantino,1.4627648749364001e+18,,43.77242692639019,Entire home/apt,1.0,2026-05-14,44.0,5
Charme toscano a San Frediano,1.4695291056529723e+18,,43.7711438,Entire home/apt,1.0,2026-03-17,23.0,10
Casa di Ludovico,1.47025696311907e+18,,43.791767,Entire home/apt,2.0,2026-06-19,1.0,54
Super views Terrace Central 3Bdr Ponte Vecchio,1.4746396776925356e+18,,43.76797,Entire home/apt,1.0,2026-06-15,1.0,3
La Dolce Vita Heart of Florence,1.4706768398310748e+18,,43.7758948,Entire home/apt,2.0,,23.0,0
The retreat,1.469324486921359e+18,,43.770405,Entire home/apt,3.0,,55.0,0
Florence  House / Rifredi - Careggi,1.4753825234466273e+18,,43.79706,Entire home/apt,2.0,2026-06-19,1.0,1
Beatrice King Deluxe Room by Locanda Mosconi,1.4699700433616143e+18,,43.77739,Private room,1.0,2026-02-08,21.0,1
Rustic-Chic Loft by the Duomo,1.4630848248232323e+18,,43.7752607,Entire home/apt,1.0,,12.0,0
Deluxe double,1.4760537484514276e+18,,43.781746,Private room,1.0,,2.0,0
Executive double,,,43.781746,Private room,1.0,2026-06-29,,19
Standard double,,,43.781746,Private room,1.0,2026-06-29,,5
Alfani apartment close Accademia and Duomo wifi,1.4760858181163034e+18,,43.7740697,Entire home/apt,1.0,,1.0,0
La casa agli Orti Oricellari,1.4626271213019407e+18,,43.7755963,Entire home/apt,1.0,2026-06-16,259.0,7
Il Nido nel Borgo -  posto auto + vicino aeroporto,1.462915785617458e+18,,43.79750689999999,Entire home/apt,1.0,2026-06-14,1.0,17
Suite Peretola Airport + Park,1.4879109529164723e+18,,43.7962078,Entire home/apt,1.0,2026-06-11,2.0,41
Lorenzo King Deluxe,1.4699700433616143e+18,,43.77739,Private room,1.0,,21.0,0
Tornabuoni Dream,1.4670822434946514e+18,,43.7717509,Entire home/apt,1.0,2025-10-14,127.0,2
Landino Apartment by Mamo Florence,1.4626390518884895e+18,,43.78341,Entire home/apt,1.0,2026-05-25,197.0,24
Pazzi penthouse luxury apartment in florence,1.4709709477431084e+18,,43.77139,Entire home/apt,1.0,2026-06-03,4.0,4
marjo's uno apartment,1.4703293615622067e+18,,43.77826,Entire home/apt,1.0,,2.0,0
Tanagli palace apartment,1.4768470859104696e+18,,43.77169,Entire home/apt,2.0,2026-05-30,1.0,4
Accademia Elegant Nest with patio,1.4768229124341555e+18,,43.78187,Entire home/apt,3.0,2026-06-17,2.0,25
Lovely three bedrooms apartment,1.4690749154331356e+18,,43.7822796,Entire home/apt,2.0,2026-05-10,12.0,4
Akira Apartment by Mamo Florence,1.4626390518884895e+18,,43.76839,Entire home/apt,1.0,2026-06-03,197.0,2
Camera matrimoniale privata in appartamento,1.4776691212298621e+18,,43.7802606,Private room,1.0,2026-06-21,3.0,58
"Spacious Oltrarno Apt 10 Pax, 5 Beds, A/C, Wi-Fi",1.4702487931652116e+18,,43.7687089,Entire home/apt,1.0,2026-06-22,19.0,24
YiD Florentine Charm & Comfort,1.462988130311036e+18,,43.7617,Entire home/apt,1.0,2026-05-17,80.0,7
Suite Libertà appartamento moderno in centro,1.4787569082543951e+18,,43.78480245377946,Entire home/apt,2.0,,1.0,0
Dulcis Vita [ Local Stay - Le Cure ],1.4638363993318505e+18,,43.78815,Entire home/apt,2.0,2026-05-30,21.0,15
Villetta Gualberto con Giardino,1.4802221932265802e+18,,43.777707,Entire home/apt,1.0,2026-06-21,1.0,21
Dadi Home - Florence Dolce Vita,1.4638623584396344e+18,,43.766818624524035,Entire home/apt,1.0,2026-05-25,13.0,23
"""Luminoso e ampio appartamento a Firenze""",1.4804697255803054e+18,,43.796129,Entire home/apt,2.0,2026-06-15,1.0,16
Heart of Florence – Elegant New 4BR,1.462990467580372e+18,,43.7716,Entire home/apt,31.0,2026-06-13,4.0,2
The Duomo Terrace – Romantic Florence Stay,1.469853500089983e+18,,43.78229,Entire home/apt,3.0,2026-06-24,7.0,13
GuestHost - Giardino Bardini Lovely Flat,1.4671577548808717e+18,,43.76501,Entire home/apt,1.0,2026-06-11,102.0,10
stanza privata luminosa affaccia su corte interna,1.4776691212298621e+18,,43.78026070163432,Private room,1.0,2026-06-21,3.0,62
Chic Mamma Magnifico suite,1.4630905194985567e+18,,43.7840195,Entire home/apt,1.0,2026-06-02,2.0,15
Scala Apartment | Your Florence Terrace,1.4658067990691116e+18,,43.77322,Entire home/apt,2.0,2026-06-18,58.0,10
Delightful little apartment in the city center,1.4704381286801408e+18,,43.76709359960631,Entire home/apt,1.0,2026-06-25,5.0,51
Casa Alessandro,1.4678551793679247e+18,,43.7619,Entire home/apt,1.0,,3.0,0
Stanza confortevole in casa con spazi condivisi,1.4776691212298621e+18,,43.77948371877964,Private room,1.0,2026-06-21,3.0,68
Materia Rooms - Sweet Dreams in Florence,1.465579628809493e+18,,43.76985,Entire home/apt,1.0,2026-03-01,86.0,2
"Golden Luxe, Palazzo Belle Arti",1.4638435611492111e+18,,43.771431805074855,Entire home/apt,1.0,2026-06-03,19.0,14
The Luxor Suites - Guelfa,1.4696145343325514e+18,,43.777523275187605,Entire home/apt,2.0,2026-06-12,8.0,71
200 metri dai Giardini di Boboli,1.483038726546094e+18,,43.75872,Entire home/apt,2.0,2026-05-25,1.0,31
Barnaba Apartment by Mamo Florence,1.4626390518884895e+18,,43.77813030642956,Entire home/apt,1.0,2026-06-15,197.0,31
Charming & Spacious Florence Apartment,1.4670822434946514e+18,,43.7666337,Entire home/apt,1.0,2026-05-18,127.0,9
Madame Butterfly Suite - New flat S. M. Novella,1.466779274109451e+18,,43.77626834489643,Entire home/apt,1.0,2026-06-09,10.0,40
Camera Deluxe Matrimoniale,1.4847162221003218e+18,,43.77789019999999,Private room,1.0,2026-06-20,1.0,130
Stanza Fiorentina,1.4625963515644593e+18,,43.77391,Private room,1.0,2026-06-05,1.0,36
Clima 2025  camera da 4 posti,1.46267723026518e+18,,43.77164,Private room,1.0,,5.0,0
Ampia camera vicina al Duomo,1.4855803753220833e+18,,43.78235,Private room,31.0,,1.0,0
Brancacci House 500 m from Ponte Vecchio by Hôtea,1.4706261933306478e+18,,43.76809810253084,Entire home/apt,1.0,2026-05-09,12.0,28
Florence center Attic room with private Bathroom,1.4637741051779482e+18,,43.77618,Private room,31.0,,5.0,0
Appartamento Aurora,1.4654454523887421e+18,,43.77018,Entire home/apt,1.0,2026-01-01,2.0,1
Nido Tornabuoni By MMega,1.4626271213019407e+18,,43.7705499,Entire home/apt,1.0,2026-06-17,259.0,8
La Casetta Di Firenze,1.4862790237516398e+18,,43.77836,Entire home/apt,2.0,2026-06-12,1.0,42
La Dolce Vita in Settignano,1.4670822434946514e+18,,43.7810521,Entire home/apt,31.0,2025-10-05,127.0,3
Spacious Oltrarno Apartment with Private Garden,1.469534420414424e+18,,43.7711932,Entire home/apt,1.0,2026-05-24,47.0,2
San Frediano Lidia's Home: Cuore di Firenze,1.4679898578526344e+18,,43.7686685,Entire home/apt,1.0,2025-10-28,10.0,12
Careggi Casa Diamante,1.4842682239463688e+18,,43.80770719161299,Entire home/apt,1.0,2026-06-07,1.0,10
The Florence Gem: Historic Charm & Terrace,1.4630848248232323e+18,,43.7766,Entire home/apt,1.0,2026-02-20,12.0,17
Artistic 3-room apartment,1.4701626846617073e+18,,43.764373765134,Entire home/apt,1.0,2025-12-07,1.0,4
Florence Rooms -Studio Apartment,1.4627151781953329e+18,,43.77196536742863,Entire home/apt,1.0,2026-06-05,4.0,38
Mariemy House - Free parking,1.4707226507233188e+18,,43.79523735478354,Private room,2.0,,1.0,0
Stylish Penthouse Bargello,1.4695700523377503e+18,,43.77231,Entire home/apt,2.0,,4.0,0
Sant'Orsola Apartament,1.4626995495990162e+18,,43.77745,Entire home/apt,1.0,2025-10-21,159.0,4
Torre medievale del 1200 – appartamento privato,1.4706269326616223e+18,,43.76887360000001,Entire home/apt,1.0,2026-06-24,10.0,13
"Porta Romana, Attico Moderno e Luminoso",1.4905397321129408e+18,,43.75141,Entire home/apt,3.0,2026-05-03,1.0,2
Loft the heart of Florence - UNESC0 Heritage area,1.4879665695309555e+18,,43.7743061,Entire home/apt,1.0,2026-06-15,1.0,28
Patrizia Strategico 4Piano vicino Stazione e Duomo,1.4704599847620762e+18,,43.7737829,Entire home/apt,1.0,2026-06-23,34.0,39
"Charming 80sm flat by Santa Croce, longterm stay",1.4627030737066173e+18,,43.76902287234604,Entire home/apt,31.0,2026-05-12,1.0,1
Central and comfortable studio in Florence,1.4707098484756887e+18,,43.76452739725511,Entire home/apt,2.0,2026-04-05,39.0,5
Il Giglio Nascosto - San Firenze Collection,1.4707298651505964e+18,,43.7796464,Entire home/apt,1.0,2026-06-12,10.0,4
Vetro - Sweet Dreams in Florence,1.465579628809493e+18,,43.769012,Private room,1.0,2026-04-30,86.0,1
"LJ Suites Gioberti, Stanza 7: ampia matrimonial...",1.4625294930544479e+18,,43.7675923,Private room,1.0,,23.0,0
Farinata Apartment by Mamo Florence,1.4626390518884895e+18,,43.76803,Entire home/apt,1.0,2026-06-06,197.0,12
Moderno appartamento 6 piano-comfort e praticità,1.4700552867845676e+18,,43.7924201,Entire home/apt,2.0,2026-06-03,6.0,10
Moderno e spazioso appartamento,1.4682474208287107e+18,,43.7753739,Entire home/apt,2.0,2025-10-12,4.0,2
Modern suite in Florence,1.4698427091529946e+18,,43.7702694,Entire home/apt,2.0,,1.0,0
Fortezza Home By MMega,1.4626271213019407e+18,,43.7792606,Entire home/apt,1.0,2026-06-14,259.0,9
Deservi Elegant Apt. Giotto,1.4631634459091185e+18,,43.7748485,Entire home/apt,1.0,,27.0,0
Deservi Elegant Apt. Brunelleschi,1.4631634459091185e+18,,43.7748485,Entire home/apt,1.0,,27.0,0
Deservi Elegant Apt. Donatello,1.4631634459091185e+18,,43.7748485,Entire home/apt,1.0,,27.0,0
Deservi Elegant Apt. Boccaccio,1.4631634459091185e+18,,43.7748485,Entire home/apt,1.0,,27.0,0
Deservi Elegant Apt. Petrarca,1.4631634459091185e+18,,43.7748485,Entire home/apt,1.0,,27.0,0
Lovely one bedroom near Signoria Square,1.4707098484756887e+18,,43.76927,Entire home/apt,2.0,2026-06-06,39.0,4
Loft 192 (vicino al Centro),1.4940066261930742e+18,,43.78184,Entire home/apt,1.0,2026-06-11,1.0,26
Garden View Palazzo Caccini,1.4941574166948902e+18,,43.7736758,Entire home/apt,2.0,2026-06-16,1.0,30
Casa L'ART 24 - accogliente e funzionale,1.494956386981855e+18,,43.8065573,Entire home/apt,2.0,2026-06-21,1.0,28
"Strange Uncle, apartment for 7, with lift",1.4706624851168532e+18,,43.77606237068474,Entire home/apt,1.0,2026-06-12,4.0,2
"Casa Camilla, bright terraced familyhome, - a/c",1.468369252956916e+18,,43.78176316015396,Entire home/apt,1.0,2026-04-05,7.0,3
Dimora Autentica tra i Monumenti,1.4707326387714194e+18,,43.76976,Entire home/apt,1.0,2026-05-09,7.0,13
Oltrarno Family Apartment in Florence,1.4707098484756887e+18,,43.76898,Entire home/apt,1.0,2026-02-26,39.0,1
La Casa sull’Arno,1.4630742430965233e+18,,43.76266,Entire home/apt,1.0,2025-09-14,1.0,1
Private Room Ensuite with Terrace A/C Wi-Fi,1.4956466447944566e+18,,43.78779,Private room,2.0,2026-05-21,3.0,3
La Casina di Benedetta,1.4963357480513047e+18,,43.77390387629708,Entire home/apt,2.0,,1.0,0
Giuggiola In Florence,1.4964521523764186e+18,,43.7408,Entire home/apt,1.0,2025-10-28,1.0,2
Corte Ghibellina in Santa Croce,1.4704001475544896e+18,,43.76989,Entire home/apt,1.0,2026-06-20,2.0,15
Trilocale Z&I,1.470666150460698e+18,,43.7788777,Entire home/apt,1.0,2025-09-28,2.0,2
Αυθεντικό στυλ Τοσκάνης,1.4978261091732462e+18,,43.7734039,Entire home/apt,31.0,2025-10-07,1.0,1
Elegante nel cuore dell'Oltrarno,1.4978709511296842e+18,,43.7680957,Entire home/apt,1.0,2025-10-23,1.0,6
Casa Medici Riccardi- 2 camere 2 bagni 50mt Duomo,1.4879026659503025e+18,,43.77505312087989,Entire home/apt,1.0,2026-03-12,1.0,4
Boboli Entire Private Building,1.4694551569378038e+18,,43.76281,Entire home/apt,1.0,2026-05-02,3.0,1
"Appartamento
happy place 
stazione Campo di Marte",1.5000020748921155e+18,,43.77485180000001,Entire home/apt,1.0,2026-06-18,1.0,36
Graziosa casa vacanze monolocale Careggi Dalmazia,1.5001222129510915e+18,,43.7984483,Entire home/apt,2.0,2026-06-19,1.0,18
Appartamento Pisana - San Firenze Collection,1.4668287128390904e+18,,43.7702319,Entire home/apt,1.0,2026-05-25,43.0,9
"Alinari 1 Gallery Suites Lusso, silenzio, panorama",1.5012940612673055e+18,,43.77619869999999,Entire home/apt,1.0,2026-06-22,3.0,50
Bright Designer Flat Near Center & Station,1.5014088996952817e+18,,43.7816847,Entire home/apt,2.0,2026-06-04,1.0,18
Alinari 3 Gallery suites Lusso con vista panorama,1.5012940612673055e+18,,43.77613522269207,Entire home/apt,1.0,2026-06-24,3.0,39
"appartamento in pieno centro, 2 bagni e 2 camere",1.4703800582681254e+18,,43.771562290282446,Entire home/apt,2.0,2026-06-19,9.0,17
Fortezza Residence,1.4783050008993523e+18,,43.78065,Entire home/apt,2.0,,1.0,0
Serristori Palace - Studio Fiesole,1.5028430078792463e+18,,43.7648726,Entire home/apt,1.0,,6.0,0
Serristori Palace - Appartamento Pontevecchio,1.5028430078792463e+18,,43.7648726,Entire home/apt,1.0,2026-02-08,6.0,1
Serristori Palace - Appartamento 1 camera da letto,1.5028430078792463e+18,,43.7648726,Entire home/apt,1.0,,6.0,0
Charming Loft Corso Italia,1.470124744346133e+18,,43.7752081,Entire home/apt,2.0,2026-03-31,1.0,6
Via Fra Bartolomeo,1.4653854093443187e+18,,43.78324505082166,Entire home/apt,31.0,,2.0,0
CASA DI DEBI - Santa Croce luxury apartment,1.4768229124341555e+18,,43.77079358990086,Entire home/apt,3.0,2026-06-06,2.0,3
Guest house Cortese camera 2,1.4653098992315612e+18,,43.77293,Private room,2.0,2025-09-18,4.0,1
"bella matrimoniale, bagno A/C, centralissima",1.4703800582681254e+18,,43.771505,Private room,2.0,2026-05-30,9.0,13
~Luxury Oasis~Attico a Firenze Centro,1.4690886124540744e+18,,43.77728,Entire home/apt,1.0,2026-06-18,7.0,18
Guest house Cortese camera 1,1.4653098992315612e+18,,43.77291659999999,Private room,60.0,,4.0,0
Fairy Tale in Florence By MMega,1.4626271213019407e+18,,43.77022,Entire home/apt,1.0,2026-06-17,259.0,5
Idea! - Sweet Dreams in Florence,1.465579628809493e+18,,43.77761,Entire home/apt,1.0,,86.0,0
Executive studio,,,43.781746,Private room,1.0,2026-06-29,3.0,24
Standard queen,,,43.781746,Private room,1.0,2026-06-18,,19
"Bilocale con giardino ""Corte degli Agrumi"" Firenze",1.4626790817997683e+18,,43.78508199747484,Entire home/apt,2.0,2026-06-15,4.0,18
San Niccolò Luxury Retreat,1.4670822434946514e+18,,43.76505,Entire home/apt,1.0,2026-05-25,127.0,1
bohémian view santa maria novella,1.6703063025272627e+18,,43.77442,Private room,1.0,2026-06-18,2.0,28
Family Loft Near the Duomo and Accademia,1.4689569995018289e+18,,43.77498,Entire home/apt,1.0,2026-05-29,6.0,9
Appartamento vicino al centro con servizi olistici,1.4625215281173885e+18,,43.78727990818196,Entire home/apt,31.0,,1.0,0
Lilla Suite - Florence Dolce Vita,1.4638623584396344e+18,,43.76733,Entire home/apt,1.0,2025-11-09,13.0,3
"First floor Accademia, Florence historic center",1.4625303521870387e+18,,43.77825596354482,Entire home/apt,2.0,2026-05-07,2.0,1
Large double room in central guest house,1.4780690749886164e+18,,43.77801165350406,Private room,1.0,,4.0,0
Central guest house - large double room,1.4780690749886164e+18,,43.77802,Private room,1.0,,4.0,0
Appartamento di Lusso con Ascensore,1.5087384508703695e+18,,43.7820164,Entire home/apt,1.0,2026-06-18,1.0,24
~Suite Rosselli~10 minuti dalla Stazione SMN,1.4690886124540744e+18,,43.7788461414733,Entire home/apt,1.0,2026-06-14,7.0,9
T&L appartment,1.5094413247471578e+18,,43.77707715895124,Entire home/apt,1.0,2026-06-19,1.0,12
San Lorenzo loft – Comfort & Style,1.4978606311047626e+18,,43.778006904735506,Entire home/apt,2.0,2026-05-10,1.0,5
[Casa con posto auto]15’ Aeroporto 15’ Stazione,1.4626707931869435e+18,,43.78936,Entire home/apt,1.0,2026-06-02,4.0,20
Large triple room - private bathroom - guest house,1.4780690749886164e+18,,43.77801552675216,Private room,1.0,,4.0,0
Pilastri Lorenz Rooftop with 2 Terraces Duomo View,1.4704599847620762e+18,,43.7731722,Entire home/apt,1.0,2026-06-17,34.0,29
residenza viola,1.5115624069985687e+18,,43.781624982225814,Entire home/apt,2.0,2026-05-29,2.0,4
Camera Paprika in B&B - San Firenze Collection,1.4668287128390904e+18,,43.77082739999999,Private room,1.0,2026-06-08,43.0,9
Camera Curcuma in B&B - San Firenze Collection,1.4668287128390904e+18,,43.77082739999999,Private room,1.0,2026-06-07,43.0,6
Camera Cannella in B&B - San Firenze Collection,1.4668287128390904e+18,,43.77082739999999,Private room,1.0,2026-05-22,43.0,6
Modern San Zanobi quiet and cozy,1.4625339288517727e+18,,43.7803878,Entire home/apt,3.0,2025-10-09,103.0,1
Cozy & Quiet 2BR Outside ZTL & 10min from Center,1.4628531192283446e+18,,43.7754414,Entire home/apt,1.0,2026-06-11,11.0,6
Studio in Torre dei Donati,1.4625787674903795e+18,,43.77233,Entire home/apt,31.0,,12.0,0
"Il Palagio, Santi Apostoli Palazzo degli Altoviti.",1.5128269571028526e+18,,43.769570467287075,Entire home/apt,3.0,2026-06-22,1.0,13
Cozy apartment Florence Beccaria/Oberdan,1.468186263844991e+18,,43.77485100000001,Entire home/apt,1.0,,3.0,0
Superior studio,1.513623725977187e+18,,43.77201,Private room,1.0,,6.0,0
Balcony superior,1.513623725977187e+18,,43.77201,Private room,1.0,2025-03-11,6.0,0
Terrace suite with duomo view,,,43.77201,Private room,1.0,2025-06-30,6.0,0
Classic room,1.5136260294901583e+18,,43.77226,Private room,1.0,,2.0,0
Superior deluxe room,,,43.77226,Private room,1.0,,,0
Caldaie By MMega,1.4626271213019407e+18,,43.7647848,Entire home/apt,31.0,,259.0,0
La tua casa vicino al Mercato Centrale By MMega,1.4626271213019407e+18,,43.776997492519904,Entire home/apt,1.0,2026-04-08,259.0,7
Romantic Vibes in Florence By MMega,1.4626271213019407e+18,,43.77281,Entire home/apt,1.0,2026-04-11,259.0,1
#Macci5#,1.4704514849658258e+18,,43.76798,Entire home/apt,1.0,2026-06-23,8.0,14
1 bed - 1 room - top floor - no elevator,1.4628814257914683e+18,,43.78019,Private room,1.0,2026-06-15,2.0,9
Manifattura Tabacchi Studio 22,1.4625830997776374e+18,,43.78579,Private room,2.0,2026-06-18,2.0,16
Appartamento Noelle - San Firenze Collection,1.4707298651505964e+18,,43.77512,Entire home/apt,1.0,2026-01-03,10.0,3
[Duomo] David large quiet & deluxe apartment,1.4625447553885012e+18,,43.7748373,Entire home/apt,2.0,2026-06-23,1.0,11
"Residenza Villani in oltrarno, Firenze",1.5166635099872064e+18,,43.7668,Entire home/apt,2.0,2026-06-16,1.0,15
San Frediano Novilia Apartment,1.4695291056529723e+18,,43.7707071,Entire home/apt,1.0,2026-04-08,23.0,5
Santa Croce at your Fingertips PLUS,1.5173034126910515e+18,,43.7690266,Entire home/apt,2.0,,1.0,0
Hotel Canada - Camera 10,1.516637531317813e+18,,43.7738318,Private room,1.0,2026-06-09,19.0,7
Hotel Canada - Camera 4,1.516637531317813e+18,,43.7738318,Private room,1.0,2026-06-19,19.0,5
Hotel Canada - Camera 6,1.516637531317813e+18,,43.7738318,Private room,1.0,2026-05-16,19.0,1
Hotel Canada - Camera 9,1.516637531317813e+18,,43.7738318,Private room,1.0,2026-04-05,19.0,1
"camere moderne nel cuore di Santo Spirito, Sta...",1.4625294930544479e+18,,43.76623745808377,Private room,1.0,2026-03-02,23.0,6
"[Airport & University] New Suite, A/C, Wifi",1.5175789485485258e+18,,43.79207,Entire home/apt,1.0,2026-01-03,1.0,5
[Duomo Uffizi] Residence of the Cerchi by Hôtea,1.4706261933306478e+18,,43.7707922,Entire home/apt,2.0,2026-03-18,12.0,8
4 bedroom -Fortezza Magide Apartment,1.5187531986049738e+18,,43.7826712,Entire home/apt,1.0,2026-05-31,1.0,6
Historic Apartment in Florence City Center,1.4692019531515164e+18,,43.7715112,Entire home/apt,1.0,2026-05-08,8.0,3
Il Pozzino Firenze casa tranquilla in città,1.5201533575517258e+18,,43.76856,Entire home/apt,1.0,2026-06-24,1.0,12
Magnolia Blu B&B - San Jacopino,1.5204363313387901e+18,,43.782759696746304,Entire home/apt,1.0,2026-06-24,1.0,69
Michelangelo King Deluxe Suite,1.4699700433616143e+18,,43.77739,Private room,1.0,,21.0,0
Il Granduca Apartment in Central Florence,1.4707098484756887e+18,,43.76615,Entire home/apt,2.0,,39.0,0
Olive Garden Loft · Relax tra Ulivi e Gazebo,1.4705954915813478e+18,,43.78199559999999,Entire home/apt,2.0,2026-04-02,8.0,8
Locanda Mosconi - Suite Roma,1.4699700433616143e+18,,43.77739,Private room,1.0,,21.0,0
Near City Center & Train Station • AirConditioning,1.470574318326691e+18,,43.7788915,Entire home/apt,1.0,2026-06-20,15.0,30
[Finestra sul Duomo] Duomo 2 minuti a piedi,1.4638497178278346e+18,,43.7773335,Entire home/apt,1.0,2026-06-21,6.0,38
Il Villino with free private parking and garden,1.4705383294072003e+18,,43.7746226,Entire home/apt,1.0,2026-05-31,11.0,2
"Porta san frediano a 
Balcony on the ARNO",1.4702301189568596e+18,,43.77120852644029,Entire home/apt,30.0,,1.0,0
Secret garden Florence-Modern apartment near centr,1.5226389448166423e+18,,43.7807,Entire home/apt,2.0,,1.0,0
Casa fiorentina autentica Vista sui tetti e Duomo,1.4627300958617618e+18,,43.78715441934148,Entire home/apt,2.0,2026-06-24,1.0,45
Loft 10’ Stazione Treni SMN 10’ Ospedale Careggi,1.4626707931869435e+18,,43.7842561,Entire home/apt,1.0,2026-06-12,4.0,25
Cool Apt in lively area (Le Cure)next to downtown,1.4625376970117437e+18,,43.7875716,Entire home/apt,6.0,2026-06-20,2.0,7
Appartamento Andrea Firenze,1.4698518259625324e+18,,43.798,Entire home/apt,2.0,2026-06-19,2.0,1
Spacious Ensuite Double Opening onto Terrace,1.462990467580372e+18,,43.77102,Private room,31.0,,4.0,0
"Studio Apartment, live like a local",1.5253070668024463e+18,,43.765593397780435,Entire home/apt,2.0,2026-02-14,1.0,2
attico claudia,1.5253664942300032e+18,,43.78668,Entire home/apt,2.0,2026-05-11,1.0,2
Firenze primi '900,1.470664233455451e+18,,43.78553,Entire home/apt,4.0,2026-04-12,1.0,5
The Central Charm Suite,1.5258400098891773e+18,,43.77409,Entire home/apt,1.0,2026-06-17,1.0,19
Crocifisso Deluxe Apartment,1.4628406137666588e+18,,43.7697,Entire home/apt,2.0,2026-06-13,21.0,5
(vista Arno) Perla sull’ Arno IX,1.4699700433616143e+18,,43.76370887839295,Entire home/apt,1.0,2026-03-13,21.0,6
MDR Appartamento San Zanobi,1.462764521992158e+18,,43.7806631,Entire home/apt,1.0,2026-06-20,35.0,26
Oltrarno Prestige Suite,1.527410926257407e+18,,43.77244,Entire home/apt,1.0,2026-06-23,1.0,23
Depandance Corte Degli Agrumi Florence with garden,1.4626790817997683e+18,,43.78546927523861,Entire home/apt,1.0,2026-06-14,4.0,17
[Carrara Penthouse] Duomo view in City Center,1.4703322227667686e+18,,43.77272986858033,Entire home/apt,1.0,2025-12-30,19.0,2
"La camera nel verde, un’oasi di relax",1.5266765863071053e+18,,43.7540943,Private room,2.0,2026-06-15,1.0,5
GuestHost - Peaceful Apartment in Florence,1.4671577548808717e+18,,43.7817093,Entire home/apt,2.0,2026-06-24,102.0,23
"Il Giglio e il Mirto, Stanza Mirto",1.4628804634777262e+18,,43.78401,Private room,2.0,2026-06-19,3.0,9
App a 10 min dal Centro con parcheggio privato,1.4703121418191214e+18,,43.77979,Entire home/apt,1.0,2026-06-10,7.0,60
Duomo studio,1.4699314153961137e+18,,43.7745779,Entire home/apt,1.0,2026-05-29,2.0,45
Casa Floréa-Parking privato-Florence city,1.5297340348643748e+18,,43.800871169201,Entire home/apt,1.0,2026-06-22,1.0,48
Beautiful Central Apartment SE,1.462653052328609e+18,,43.77317,Entire home/apt,1.0,2026-06-17,51.0,21
Duomo View/5 Min Ponte Vecchio/Tuscan Charm,1.4702012165645988e+18,,43.7653062,Entire home/apt,2.0,2026-06-09,4.0,49
"Cherubini Palace Thematic Apartments ""Travel""",1.4654634667477914e+18,,43.78006085894808,Entire home/apt,1.0,,9.0,0
Borgognissanti White,1.4630013025463995e+18,,43.7721252,Entire home/apt,1.0,2026-06-01,4.0,4
Appartamento Ghibellina - San Firenze Collection,1.4668287128390904e+18,,43.7702523,Entire home/apt,1.0,2025-10-20,43.0,2
Twin room,1.502766097752483e+18,,43.77676,Private room,1.0,2026-06-27,1.0,42
Ruote Charlotte,1.4705383294072003e+18,,43.7815837,Entire home/apt,1.0,,11.0,0
"Ghibellina Tower, Stanza verde",1.4668287128390904e+18,,43.7702523,Private room,1.0,2026-06-08,43.0,9
"Ghibellina Tower, Stanza bianca",1.4668287128390904e+18,,43.7702523,Private room,1.0,2026-06-06,43.0,3
Firenze eleganza nel Centro storico,1.4627453821932762e+18,,43.7682402,Entire home/apt,2.0,2026-05-17,3.0,8
"Partner Professional Srl's B&B, Stanza matrimonia.",1.4667152846733228e+18,,43.782981872558594,Private room,1.0,2026-04-20,8.0,10
"Nice Belfiore , Family room b5",1.462653052328609e+18,,43.78029,Private room,1.0,2025-12-26,51.0,1
Rinascimento n.403 – View over Ponte Vecchio,1.462828081430339e+18,,43.76557,Entire home/apt,2.0,2026-01-03,8.0,2
Heart of Florence Apartment,1.4631634459091185e+18,,43.7700667,Entire home/apt,1.0,2026-06-25,27.0,5
Violetta's Home,1.4704959469999524e+18,,43.77084,Entire home/apt,1.0,2026-06-17,15.0,22
Neri 1,1.533903650548778e+18,,43.7684405,Entire home/apt,1.0,,4.0,0
Appartamento SMN - San Firenze Collection,1.4707298651505964e+18,,43.77839,Entire home/apt,1.0,,10.0,0
Neri 4,1.533903650548778e+18,,43.7684405,Entire home/apt,1.0,2026-05-08,4.0,4
zeus apartment monteverdi,1.4629461147400246e+18,,43.78668147666806,Entire home/apt,2.0,2026-01-08,6.0,4
"Nice Belfiore , One-bedroom AT3",1.462653052328609e+18,,43.77985,Private room,1.0,2026-02-14,51.0,3
Rifredi - Modern apt w/wifi near hystoric centre,1.4671462700221908e+18,,43.793058474515234,Entire home/apt,2.0,2026-06-19,3.0,21
Newly Renovated Room in Novoli area,1.4692153419510075e+18,,43.7919789,Private room,31.0,2026-03-01,15.0,1
Renovated room with private bathroom in Novoli,1.4692153419510075e+18,,43.79131,Private room,31.0,2026-04-14,15.0,1
Niccolò Apartment-Firenze Centro storico,1.4629031938813524e+18,,43.7857414,Entire home/apt,1.0,2026-06-24,1.0,49
New Florence Smart Flat - Parking & Tram Stop,1.4696451629688686e+18,,43.78980205154244,Entire home/apt,2.0,2026-05-29,1.0,3
w* | Modern 2BR apartment in Santa Maria Novella,1.4703013536664796e+18,,43.7731953,Entire home/apt,1.0,2026-06-19,4.0,27
Comfort Oasi Double Room,1.46381309538141e+18,,43.7895174,Private room,1.0,2026-05-03,2.0,2
"Appartamento Firenze Statuto 10min 
Tramvia centro",1.4707555194504177e+18,,43.7889195,Entire home/apt,2.0,2026-05-29,3.0,5
"Cherubini 13, Camera Superior bagno privato ter...",1.4703418830101757e+18,,43.78010289556939,Private room,1.0,2026-06-11,9.0,30
"Cherubini 13, Camera matrimoniale standard, bal...",1.4703418830101757e+18,,43.78166,Private room,1.0,2026-06-10,9.0,28
"Cherubini 13, Stanza matrimoniale bagno privato...",1.4703418830101757e+18,,43.78172,Private room,1.0,2026-06-18,9.0,39
"Cherubini 13, Stanza di lusso",1.4703418830101757e+18,,43.78016975124636,Private room,1.0,2026-06-12,9.0,18
Campuccio Life - Appartamento nel cuore di Firenze,1.538245129885355e+18,,43.76476112539696,Entire home/apt,2.0,2026-06-22,1.0,3
White House - camera matrimoniale bagno privato 2,1.4706074683090578e+18,,43.7689028,Private room,2.0,,2.0,0
Urban 36 | Studio with private entrance,1.4633478700866934e+18,,43.7829321144136,Entire home/apt,4.0,2026-06-01,7.0,3
Largo Alinari Boutique Adapartments Collection,1.462523381569139e+18,,43.77619869999999,Entire home/apt,2.0,2026-06-11,9.0,22
Stanza Grande e Comoda [con Bagno Privato],1.4626707931869435e+18,,43.78898325276788,Private room,1.0,,4.0,0
Largo Alinari Art Adapartments Collection,1.462523381569139e+18,,43.77619869999999,Entire home/apt,2.0,2026-06-09,9.0,21
Maison Borgo S.Frediano Always Florence Collection,1.4706166701494423e+18,,43.7695712,Entire home/apt,2.0,,15.0,0
Appartamento in centro storico,1.4700024344317384e+18,,43.776214625019904,Entire home/apt,1.0,2026-06-10,3.0,56
[Luxury Highest Penthouse] Ponte Vecchio & Uffizi,1.4703197566763932e+18,,43.76721,Entire home/apt,1.0,2026-06-13,2.0,24
Lux Palace Prime,1.4701932472809073e+18,,43.7679,Entire home/apt,2.0,,4.0,0
Dimora AMA - Nido panoramico nel cuore di Firenze,1.5422632526017185e+18,,43.7726598,Entire home/apt,31.0,2026-06-01,1.0,2
Pretty studio in a quiet area-2pax,1.4692071834503631e+18,,43.790994,Entire home/apt,1.0,2026-05-17,4.0,2
5BR • Iconic Florence Views • Deluxe • Santa Croce,1.4626012957157926e+18,,43.7686015,Entire home/apt,1.0,2026-06-06,11.0,3
Evalia's cozy studio,1.4625878619703516e+18,,43.782765,Entire home/apt,1.0,2026-06-24,2.0,20
15' to Duomo • Outside ZTL • Easy parking,1.543509946358476e+18,,43.7872251,Entire home/apt,2.0,2026-06-20,1.0,26
Pinti Apartment town centre- just fully restored,1.4626490631611802e+18,,43.7724679,Entire home/apt,2.0,2026-05-14,3.0,2
Farina Deluxe,1.4629461147400246e+18,,43.7774037,Entire home/apt,2.0,2026-05-31,6.0,8
The Loggia of Borgo SS Apostoli,1.4657176099646845e+18,,43.7691043,Entire home/apt,2.0,2026-06-25,31.0,20
La Casa di Tommaso,1.5455214476699028e+18,,43.7794532,Entire home/apt,2.0,2026-06-24,1.0,31
Roby Apartment by Mamo Florence,1.4626390518884895e+18,,43.76217,Entire home/apt,1.0,2026-04-06,197.0,1
Paolo Apartment by Mamo Florence,1.4626390518884895e+18,,43.76242,Entire home/apt,1.0,2026-06-01,197.0,1
Unique Flat - Private Terrace and Gothic Details,1.5466486047259725e+18,,43.77382,Entire home/apt,1.0,2026-06-04,1.0,13
2 Suits Uffizi [Centre of Florence],1.4703121418191214e+18,,43.76814,Entire home/apt,1.0,2026-06-23,7.0,55
"Gessjca E Luca's B&B, Stanza doppia 4",1.4632560235621256e+18,,43.7775901,Private room,1.0,,64.0,0
"Partner Professional Srl's B&B, Stanza quadrupla .",1.4667152846733228e+18,,43.78297999999999,Private room,1.0,2026-04-16,8.0,27
Historic Florence Apartment- Central&Charming,1.467142900864059e+18,,43.77633,Entire home/apt,2.0,,5.0,0
Bori in Florence - Soggiorno di stile in Firenze,1.548379925770479e+18,,43.779936065028195,Entire home/apt,2.0,,1.0,0
1 posto in camera con letto castello,1.4706120121286126e+18,,43.79786,Shared room,3.0,2026-04-08,1.0,2
Uffizi Soul Apartment - Central Florence,1.4706768398310748e+18,,43.7698194,Entire home/apt,2.0,2026-06-07,23.0,42
"Gessjca E Luca's B&B, Stanza singola 1",1.4632560235621256e+18,,43.7771672949171,Private room,1.0,,64.0,0
"Gessjca E Luca's B&B, Stanza doppia 3",1.4632560235621256e+18,,43.77664868451857,Private room,1.0,,64.0,0
Ponte Vecchio suite | 2 camere Matrimoniali,1.4631350299319455e+18,,43.7677686,Entire home/apt,1.0,2026-06-10,11.0,3
Vintage Fiesolana | Appartamento Vicino al Duomo,1.5491777400504886e+18,,43.7736042,Entire home/apt,2.0,2026-06-15,1.0,4
studio indipendente,1.549255141379457e+18,,43.79818,Entire home/apt,3.0,,2.0,0
studio privato,1.549255141379457e+18,,43.79988,Entire home/apt,2.0,,2.0,0
Joy in Florence Centro Storico,1.473217405867937e+18,,43.7697955,Entire home/apt,2.0,2025-12-08,1.0,2
Suite King Deluxe with Private Hammam,1.462700516751073e+18,,43.77316140000001,Entire home/apt,1.0,,14.0,0
Appartamento Casa Galardi (Firenze),1.5506774037479186e+18,,43.7571597,Entire home/apt,1.0,2026-06-18,1.0,22
La Casa Di Alberto,1.469938500652942e+18,,43.77173,Entire home/apt,1.0,2026-06-05,2.0,4
Vigna Luxury Retreat,1.5514100817243743e+18,,43.771203,Entire home/apt,2.0,2026-06-18,1.0,9
Residenza Conciatori,1.466927093367927e+18,,43.7685161,Entire home/apt,2.0,,6.0,0
Villa Ridente • Eleganza e vista su Firenze,1.4705954915813478e+18,,43.78295,Entire home/apt,2.0,,8.0,0
Blumberg in Santo Spirito with view,1.4627685989414874e+18,,43.7667316,Entire home/apt,3.0,,46.0,0
Duomo View Balcony • Casa Barontini • Colombina,1.5535244008110418e+18,,43.77337,Entire home/apt,2.0,2026-03-25,2.0,1
Two Bedroom Apartment,1.470710846150003e+18,,43.77437,Entire home/apt,1.0,2026-04-06,3.0,1
"Firenze nel verde
Appartamento in zona tranquilla",1.4796163868886874e+18,,43.7542,Entire home/apt,1.0,2026-06-06,1.0,2
Calzaioli Apartment 1 — Steps from the Duomo,1.4626181540201073e+18,,43.77127,Entire home/apt,1.0,2026-06-02,2.0,6
Maffia Simple Apartment,1.469355847041194e+18,,43.76841933926148,Entire home/apt,1.0,2026-06-23,5.0,33
Spacious and cute 2BR apartment by Piazza Pitti,1.4630546590197005e+18,,43.7660642,Entire home/apt,2.0,,11.0,0
Il Guelfo,1.4707374569566894e+18,,43.77772,Private room,1.0,,3.0,0
Comfort Home Free Parking in Florence,1.4706768398310748e+18,,43.7834369,Entire home/apt,2.0,2026-06-17,23.0,3
La Nicchia di San Jacopo,1.5571298058156408e+18,,43.7678138,Entire home/apt,2.0,2026-06-23,1.0,18
Nido Serragli by MMega,1.4626271213019407e+18,,43.764437090624526,Entire home/apt,31.0,,259.0,0
Florence Slow-Life Flat in Oltrarno,1.4626223049623455e+18,,43.7683048,Entire home/apt,2.0,2026-06-26,4.0,18
"Camera Deluxe ""Fellini"" con bagno privato esterno",1.4625795976821435e+18,,43.77559,Private room,1.0,2025-12-29,9.0,1
Appartamento a Novoli vicino alla tranvia.,1.4625704520402783e+18,,43.7968235,Private room,2.0,,6.0,0
"Ampia Camera Deluxe con Balcone""Luciano Pavarotti""",1.4625795976821435e+18,,43.7752588,Private room,1.0,,9.0,0
A 100 metri dal Duomo -lift -terrazza - AC -,1.4693125086985073e+18,,43.77302,Entire home/apt,5.0,,1.0,0
Luxury historic residence - city center,1.4693617343865935e+18,,43.77263,Entire home/apt,30.0,2025-12-25,4.0,1
Historic house for big groups - city center,1.4693617343865935e+18,,43.77149,Entire home/apt,2.0,,4.0,0
cute & cozy room ensuite bathroom ColivingFlorence,1.4627885296105777e+18,,43.7723933,Private room,1.0,2026-06-21,6.0,17
City Terrace,1.4912027621940006e+18,,43.79315,Entire home/apt,1.0,2026-06-18,1.0,16
La Perla Fiorentina,1.4628406137666588e+18,,43.78335230735307,Entire home/apt,2.0,,21.0,0
"La Republica Suites, Stanza con due letti",1.4668287128390904e+18,,43.77118,Private room,1.0,2026-06-09,43.0,8
Apartment Cortile Santa Monaca,1.4697100180785198e+18,,43.76738,Entire home/apt,2.0,2026-05-30,14.0,10
Baracca Cozy Space Apartment,1.559543070616091e+18,,43.7950656,Entire home/apt,1.0,2026-01-02,3.0,1
By the Duomo Apartment,1.4706269326616223e+18,,43.77474153457857,Entire home/apt,1.0,2026-02-19,10.0,8
Baracca Superior Space Apartment,1.559543070616091e+18,,43.79556228366771,Entire home/apt,1.0,2026-03-28,3.0,2
home sweet home,1.5604670383734717e+18,,43.77596,Entire home/apt,31.0,,1.0,0
"Penthouse Lusso, Duomo view, 4 bedrooms, elevators",1.4695856847216625e+18,,43.769984814800544,Entire home/apt,1.0,2026-06-15,2.0,3
Charming Florence Flat San Niccolò 87,1.5608841084829512e+18,,43.76449540000001,Entire home/apt,2.0,2026-05-26,1.0,1
La casa del console Charming Apartment with View,1.5609082363142234e+18,,43.76915326551849,Entire home/apt,2.0,2026-06-08,2.0,8
NEW Oltrarno Luxury - 2 King bedroom - Pitti,1.4638692761532836e+18,,43.7659748,Entire home/apt,2.0,2026-06-24,9.0,7
Appartamento Oltrarno,1.4626066599744072e+18,,43.76317,Entire home/apt,2.0,,1.0,0
"La Casa di Sara | Stanza tripla, bagno in camera",1.5615206362612598e+18,,43.7732158,Private room,1.0,2026-05-02,1.0,2
Appartamento San Frediano - San Firenze Collection,1.4668287128390904e+18,,43.7716202,Entire home/apt,1.0,2026-06-03,43.0,14
"Augustus Suite Vw Duomo Apt w/ 3 bad, 3 bat, Ac",1.4657176099646845e+18,,43.77261,Entire home/apt,2.0,2026-06-07,31.0,28
Serristori Pop Apartment,1.4658067990691116e+18,,43.76429284665934,Entire home/apt,2.0,2026-06-24,58.0,19
Florence Santa Maria Apartment,1.4628406137666588e+18,,43.76435,Entire home/apt,2.0,,21.0,0
cute & cozy room ensuite bathroom ColivingFlorence,1.4626269148127887e+18,,43.77246,Private room,1.0,2026-06-07,6.0,5
Appartamento Vinegia 2 - San Firenze Collection,1.4668287128390904e+18,,43.768769,Entire home/apt,1.0,2026-06-08,43.0,39
[Piazza della Signoria] - Monolocale Storico,1.673845992733156e+18,,43.77001453275144,Entire home/apt,2.0,2026-06-18,1.0,4
Cozy and charming triple room + en suite bathroom,1.4627885296105777e+18,,43.77317,Private room,1.0,2026-05-26,6.0,12
"La Residenza dell’Orafo, Stanza quadrupla superio.",1.5564783794443794e+18,,43.7762673,Private room,1.0,2026-02-24,4.0,2
Hotel Canada - Camera 8,1.516637531317813e+18,,43.7738318,Private room,1.0,2026-04-22,19.0,1
Charming terrace apartment,1.4705383294072003e+18,,43.774839,Entire home/apt,1.0,2026-05-30,11.0,5
Appartamento Bombarde - San Firenze Collection,1.4668287128390904e+18,,43.7697361,Entire home/apt,1.0,2026-05-20,43.0,44
Pepi Nest by MMega,1.4626271213019407e+18,,43.7702813,Entire home/apt,1.0,2026-06-18,259.0,13
UNYCA - Florence Oltrarno Apartment,1.470449032762e+18,,43.7647692,Entire home/apt,1.0,,40.0,0
"DolcevitaFirenze • Wi-fi, TV, 15 mins from Centre",1.56531148533496e+18,,43.76744,Entire home/apt,2.0,2026-06-17,1.0,26
Casa Mara - Cozy Tuscan House in Florence,1.4667608091938163e+18,,43.771417116215005,Entire home/apt,2.0,,1.0,0
Camera moderno con bagno privato esterno,1.5265333778852544e+18,,43.78017282082621,Private room,1.0,2026-06-23,4.0,54
Florentine Apt Pontevecchio,1.4705383294072003e+18,,43.7672434,Entire home/apt,1.0,2026-06-17,11.0,17
Amazing home in Firenze,1.468556439845883e+18,,43.756414218989,Entire home/apt,1.0,2026-04-10,1.0,2
"Spada Boutique 

Luxury Frescoed Suite - Elevator",1.5672889889035965e+18,,43.771539,Entire home/apt,2.0,2026-06-23,1.0,15
"Monolocale alla cattedrale, DUOMO",1.46261485236495e+18,,43.77201598816407,Entire home/apt,1.0,2026-02-15,19.0,1
a casa di paolo,1.5682348481417859e+18,,43.7707742,Entire home/apt,2.0,,2.0,0
UNYCA - Uffizi Museum Apartment [Florence],1.470449032762e+18,,43.7686073,Entire home/apt,1.0,,40.0,0
Casa Vit - Sweet Dreams in Florence,1.465579628809493e+18,,43.77491,Entire home/apt,1.0,,86.0,0
Duomo View • Casa Barontini • Battistero,1.5688946585293463e+18,,43.773391973070886,Entire home/apt,1.0,,4.0,0
Relais de Ricci - Pozzo Apt Std,1.4631634459091185e+18,,43.728642830043256,Private room,1.0,2026-05-31,27.0,1
[Central apartment] a 8 min da Stazione e Centro,1.468728126973591e+18,,43.78412679999998,Entire home/apt,2.0,2026-06-22,8.0,19
Vista Cappelle Medicee. Luminoso appartamento,1.5694276537062234e+18,,43.77470028770965,Entire home/apt,5.0,,1.0,0
BatoniGarden Casa grande con giardino a Firenze,1.526042122423943e+18,,43.77588,Entire home/apt,2.0,2026-06-03,1.0,10
The Duomo Terrace - Luxury Suite,1.4704621903209444e+18,,43.772482,Entire home/apt,1.0,2026-06-19,8.0,31
"Nell'appartamento del Principe, Modern and Luxury",1.4625242084430188e+18,,43.77936,Entire home/apt,1.0,2026-06-10,12.0,17
Serristori con vista!,1.462513658428019e+18,,43.76468,Entire home/apt,3.0,2026-04-01,8.0,2
“Cappelle Medicee” 2 private suites,1.470481243411723e+18,,43.77643488947191,Entire home/apt,1.0,2026-06-14,3.0,7
Atipico Apartment – Florence Old Town Stay,1.4657176099646845e+18,,43.7714524,Entire home/apt,2.0,2026-06-22,31.0,25
Medici's Fresco,1.4670822434946514e+18,,43.7666337,Entire home/apt,1.0,,127.0,0
Vasari Apartment next to Pontevecchio,1.4707098484756887e+18,,43.76877,Entire home/apt,1.0,,39.0,0
Freedom Studio – Bright & New | Tram 150m,1.4703083656143974e+18,,43.790195443494675,Entire home/apt,1.0,2026-06-26,2.0,32
"Piccolo sogno in Signoria
Little dream in Signoria",1.470514037460961e+18,,43.76952,Entire home/apt,1.0,2026-05-30,2.0,9
Affordable 4-Room 2-Bathroom Lift Ponte Vecchio,1.4704574578474934e+18,,43.76612,Entire home/apt,1.0,2026-06-17,11.0,11
"BFlorence | No ZTL, Tram T2 e Patio Privato",1.5717897777640512e+18,,43.7851359,Entire home/apt,1.0,2026-06-14,1.0,26
Accogliente appartamento con posto auto – Firenze,1.5739234031240387e+18,,43.76837,Entire home/apt,2.0,2026-06-15,1.0,8
Appartamento moderno e luminoso vicino al centro,1.5739371276579471e+18,,43.77122,Entire home/apt,1.0,2026-06-22,1.0,8
Borgo Apartment,1.462514433548783e+18,,43.76842339096208,Entire home/apt,5.0,,7.0,0
Mdr Appartamento Rondinelli,1.462764521992158e+18,,43.773081,Entire home/apt,2.0,,35.0,0
Verdi Suite,1.575232194855711e+18,,43.76948503650152,Entire home/apt,2.0,2026-01-03,1.0,1
Cozy florentine house with private patio,1.5754350463951393e+18,,43.76997770000001,Entire home/apt,3.0,2026-06-19,1.0,9
Historic center apartment with Cathedral view.,1.5755037694382694e+18,,43.7717929,Entire home/apt,2.0,2026-06-09,1.0,11
"Colors of Florence apt [2 bedrooms, near bus stop]",1.463781055132603e+18,,43.7680381,Entire home/apt,1.0,2026-06-20,2.0,20
Duomo square • Casa Barontini • San Lorenzo,1.5688946585293463e+18,,43.77341521435106,Entire home/apt,2.0,,4.0,0
Florence family suites,1.5767810613912458e+18,,43.77012,Entire home/apt,2.0,2026-06-16,1.0,9
Borgo San Jacopo Apartment in Florence Center,1.5688058806479741e+18,,43.7680016,Entire home/apt,1.0,2026-06-25,1.0,19
Pergola Apartment by Mamo Florence,1.4626390518884895e+18,,43.77435,Entire home/apt,1.0,2026-06-06,197.0,21
Mdr Marble view Apartment,1.462764521992158e+18,,43.77534989999999,Entire home/apt,1.0,2026-06-20,35.0,25
Casa Boboli,1.4655779424609697e+18,,43.7616529,Entire home/apt,1.0,2026-04-29,36.0,2
appartamento con giardino,1.4700301569301517e+18,,43.79051,Entire home/apt,1.0,2026-06-23,1.0,5
"Lovely and Stylish Room in Santa Croce, for 2",1.5773899196389827e+18,,43.76749748276446,Private room,1.0,2026-06-21,3.0,67
InCorte Florence - Lemon Room,1.5782621013235377e+18,,43.76998,Private room,1.0,2026-02-01,4.0,2
"Golden Luxe ""2 suite near Pz.Michelangelo""",1.4638435611492111e+18,,43.76517450121369,Entire home/apt,1.0,2026-06-16,19.0,10
Casa Magata room with view,1.470664277530529e+18,,43.7701878,Entire home/apt,1.0,2026-05-29,3.0,6
Affresco dei Macci | Rare Central Find,1.4638299173697306e+18,,43.7695185,Entire home/apt,1.0,2026-06-10,2.0,24
Benedetta Minimalist Apartment Near Station,1.4704599847620762e+18,,43.7742149,Entire home/apt,1.0,2026-06-22,34.0,18
InCorte Florence - Olive Room,1.5782621013235377e+18,,43.77102,Private room,1.0,2026-04-28,4.0,5
NH Florence - Dome View,1.470369337282611e+18,,43.7755954,Entire home/apt,1.0,,8.0,0
Firenze Loft,1.5797702088885624e+18,,43.79292547414746,Entire home/apt,1.0,,1.0,0
Mezzo Duomo 15,1.4631407907176468e+18,,43.7718665,Entire home/apt,31.0,,3.0,0
Maison Bronzino - Parcheggio privato gratuito,1.581058890051252e+18,,43.774099396066745,Entire home/apt,2.0,2026-05-22,1.0,15
spacious and very bright apartment with view,1.4654500430117816e+18,,43.78239,Entire home/apt,1.0,2026-05-24,1.0,5
Central apartment Duomo,1.4625115209019948e+18,,43.77049581290074,Entire home/apt,3.0,,2.0,0
"Lovely and Quiet Home, in the Heart of Florence",1.4627231511967703e+18,,43.7736731,Entire home/apt,2.0,2026-06-19,5.0,12
Appartamento Fornace By San Firenze Collection,1.4668287128390904e+18,,43.76438419999999,Entire home/apt,1.0,2026-05-26,43.0,32
Amorino Luxury Stay - Stazione Santa Maria Novella,1.4638692761532836e+18,,43.77498019999999,Entire home/apt,1.0,2026-06-18,9.0,12
"Fully renovated cozy ""Oltrarno"" apartment w/patio",1.582563127265081e+18,,43.7686065,Entire home/apt,2.0,2026-06-01,2.0,4
"Valia Florence Pitti 2, accanto a Palazzo Pitti!",1.4626969668685066e+18,,43.7661756,Entire home/apt,1.0,2026-06-21,13.0,9
GuestHost - Ponte Vecchio Central Flat,1.4671577548808717e+18,,43.7701485,Entire home/apt,1.0,2026-05-22,102.0,9
Valia Florence Ponte Vecchio 2,1.4626969668685066e+18,,43.7661794122019,Entire home/apt,1.0,2026-05-11,13.0,8
busoni 3,1.5797468983488602e+18,,43.78716,Private room,1.0,2026-05-23,4.0,11
[Minerva]Appartamento Minimal con Terrazzo+Parking,1.4699816741040317e+18,,43.78544816378639,Entire home/apt,1.0,2026-06-10,6.0,13
Stanza con bagno ensuite,1.4625242084430188e+18,,43.770943711836544,Private room,1.0,2026-06-12,12.0,24
Agnolo apartment,1.4695765141796268e+18,,43.7712,Entire home/apt,2.0,2026-06-08,2.0,14
relax e confort per gruppi e famiglie,1.5780636392547039e+18,,43.75780424382185,Entire home/apt,1.0,2026-05-02,1.0,4
1800s Luxurious Hideaway Above Florence,1.5854233516171653e+18,,43.78156,Entire home/apt,1.0,,1.0,0
Appartamento Cattedrale,1.4628738219515863e+18,,43.7714842,Entire home/apt,1.0,2026-06-06,2.0,16
Little Jungle House/courtyard/Netflix/near station,1.4705226676792842e+18,,43.7794667,Entire home/apt,1.0,2026-06-18,2.0,23
Vin Novo Rooms & Apartments 108 Flat,1.4627648749364001e+18,,43.7757278,Entire home/apt,1.0,,44.0,0
Santa Rosa Stables,1.5868461129468165e+18,,43.77425,Entire home/apt,1.0,2026-06-13,1.0,14
Mirrors & Parrots - Medici Chapels Cabin,1.4701794762458427e+18,,43.77483472219065,Entire home/apt,2.0,2026-05-27,1.0,15
Certosa Suite Sweet,1.4699700433616143e+18,,43.7296627,Entire home/apt,2.0,2026-06-01,21.0,4
Le Sale di Mozart,1.4685279492299866e+18,,43.77428,Entire home/apt,3.0,,2.0,0
Tornabuoni Dream Apt4 P1,1.5877764506545124e+18,,43.77114,Entire home/apt,1.0,,4.0,0
LOFT 12 Apt in City Center,1.4626155751537418e+18,,43.768,Entire home/apt,1.0,2026-06-24,19.0,18
Casa de Pepi,1.4667152846733228e+18,,43.769590564153106,Entire home/apt,1.0,2026-05-31,8.0,10
Wyndham Garden Florence| 2 Twins| Fashion Houses,1.5884244992349059e+18,,43.79639,Hotel room,1.0,,8.0,0
1 Twin | Wyndham Garden Florence | Visit Uffizi,1.5884244992349059e+18,,43.79639,Hotel room,1.0,,8.0,0
Queen | Wyndham Garden Florence | Central Stay,1.5884244992349059e+18,,43.79639,Hotel room,1.0,2026-02-05,8.0,2
Wyndham Garden Florence |  Queen+Sofa |  Airport,1.5884244992349059e+18,,43.79639,Hotel room,1.0,,8.0,0
"Flat in centro storico ""La casa di Luna""",1.4706051261872028e+18,,43.77615560171442,Entire home/apt,2.0,2026-05-22,1.0,2
Santa Trinita apartment Florence con terrazza,1.5892272040582495e+18,,43.76723319250555,Entire home/apt,3.0,2026-06-24,3.0,14
San Lorenzo Terrace,1.4700260268851139e+18,,43.773978,Entire home/apt,2.0,2026-06-09,5.0,8
Studio Wohnung Nähe Boboli mit kleiner Terrasse,1.4656767926261742e+18,,43.7618934,Entire home/apt,2.0,2026-06-16,1.0,17
[Nido d'Arno] 15min to Santa Croce,1.470678450887279e+18,,43.76890351310729,Entire home/apt,2.0,2026-04-26,1.0,5
stylish & cozy,1.4634243203749612e+18,,43.7714652,Entire home/apt,31.0,,2.0,0
Acacia Firenze • Bambù,1.4625121549969098e+18,,43.7740371,Entire home/apt,31.0,,29.0,0
Suite Rose in Florence,1.4701059241158794e+18,,43.78207,Entire home/apt,2.0,,10.0,0
Artist's House,1.4707149310375084e+18,,43.77937,Entire home/apt,1.0,,1.0,0
Benedetta Suite in Florence,1.4701059241158794e+18,,43.78262,Entire home/apt,2.0,2026-03-30,10.0,2
[Zeus]Modern Luxury Apartment+Garage su richiesta,1.4699816741040317e+18,,43.78004929999999,Entire home/apt,1.0,2026-06-18,6.0,15
Dolce Risveglio Suite,1.4701059241158794e+18,,43.7841859474589,Entire home/apt,2.0,2026-03-13,10.0,1
Elegant Loft Steps from the City Center by Hôtea,1.4706261933306478e+18,,43.7665215,Entire home/apt,1.0,2026-06-08,12.0,12
Florence city break,1.5942549867165548e+18,,43.7992863,Entire home/apt,1.0,2026-06-15,1.0,3
Oriani Central Rooms - O4,1.462653052328609e+18,,43.79087,Private room,1.0,2026-05-21,51.0,3
San Frediano Triple Room with Private Bath,1.4627885296105777e+18,,43.76957,Private room,1.0,2026-05-06,6.0,2
Charming Home and Courtyard [Santa Croce],1.470574318326691e+18,,43.7687395,Entire home/apt,1.0,2026-06-23,15.0,24
Twin room + en suite bathroom Coolest neighborhood,1.4626269148127887e+18,,43.76919,Private room,1.0,,6.0,0
Santa Croce dalla finestra(new 2026),1.4654599126709565e+18,,43.7684565,Entire home/apt,30.0,,3.0,0
Santa Croce Apartment,1.4625976965290158e+18,,43.7689972,Entire home/apt,1.0,2026-06-12,1.0,24
Palazzo Galli Tassi Collection - Loft 1,1.470121341891604e+18,,43.7710045,Entire home/apt,2.0,2026-06-13,5.0,13
New Florence Amazing Private Pool and Garden Wi-Fi,1.4639148727683907e+18,,43.75126824381865,Entire home/apt,1.0,2026-06-26,6.0,12
Baptistery Window Apartment,1.5956226835516946e+18,,43.7735185,Entire home/apt,1.0,2026-05-18,2.0,2
"Duomo view, private terrace 3 bedrooms 3 bathrooms",1.469151955436283e+18,,43.772613,Entire home/apt,2.0,2026-05-12,2.0,2
"Bright Double Room, Firenze",1.4634641681030129e+18,,43.7687280196894,Private room,1.0,2026-06-20,2.0,22
Dino Modern & Stylish apartment,1.5963606161412068e+18,,43.772095639509445,Entire home/apt,3.0,2026-06-11,1.0,23
Atelier q5 nel verde con parcheggio gratuito,1.5963968474500334e+18,,43.79760622862471,Entire home/apt,2.0,2026-06-24,1.0,29
Luxury Historic Apartment near Duomo & David,1.4628636875509396e+18,,43.773860314625935,Entire home/apt,1.0,2026-06-18,1.0,19
Camera privata comoda per centro e aeroporto,1.596948029988691e+18,,43.78868167607823,Private room,1.0,2026-06-21,3.0,25
Residenza Fiorentina,1.5115624069985687e+18,,43.77378,Entire home/apt,2.0,2026-04-21,2.0,1
Duomo Window Apartment,1.5956226835516946e+18,,43.77342553498572,Entire home/apt,1.0,,2.0,0
Podestà Bianco | Street parking | AirCo,1.4632113221398108e+18,,43.746877897892894,Entire home/apt,2.0,2026-06-01,2.0,7
[La Limonaia] Casa con Giardino Privato a Firenze,1.4700982677468874e+18,,43.7574795,Entire home/apt,2.0,2026-06-19,2.0,21
Ponte Vecchio Design Apartment,1.4627303662145928e+18,,43.76617,Entire home/apt,2.0,2026-06-23,1.0,23
Tornabuoni Dream Apt3 P2,1.5877764506545124e+18,,43.76933,Entire home/apt,1.0,,4.0,0
Tornabuoni Dream Apt5 P2,1.5877764506545124e+18,,43.771217893212906,Entire home/apt,1.0,,4.0,0
Santa Reparata's Central Apartment,1.4632712491968215e+18,,43.7781909,Entire home/apt,1.0,2026-06-19,6.0,15
Old City Nest by MMega,1.4626271213019407e+18,,43.7677715,Entire home/apt,1.0,2026-06-09,259.0,7
"Giulia's B&B, 标准双人房",1.5977885388951913e+18,,43.7834,Private room,1.0,,3.0,0
Tintori Family home - 2 apartments up to 8 guest,1.4625194391757798e+18,,43.76742558209654,Entire home/apt,2.0,,26.0,0
appartamento di lusso Cittadella 1,1.4701059241158794e+18,,43.78226,Entire home/apt,2.0,,10.0,0
Designer Apartment near San Lorenzo,1.4707098484756887e+18,,43.78157,Entire home/apt,2.0,,39.0,0
"Panicale, Brand New Designed Apt in a Top Location",1.4704599847620762e+18,,43.7777299,Entire home/apt,1.0,2026-05-28,34.0,13
Leonardo House ensuite,1.4625128786383788e+18,,43.7729807,Private room,1.0,2026-03-16,4.0,1
Paola – Elegant with elevator near Signoria,1.4704599847620762e+18,,43.76812763278231,Entire home/apt,1.0,2026-06-22,34.0,18
Chiara – Elegant with elevator near Signoria,1.4704599847620762e+18,,43.76778,Entire home/apt,1.0,2026-06-20,34.0,19
Appartamento Armonia,1.599355907564098e+18,,43.77864,Entire home/apt,1.0,2026-06-14,2.0,38
Rustic Florentine Dimora,1.5994198958221002e+18,,43.7746552,Entire home/apt,2.0,2026-06-08,1.0,4
Il Duomo di Firenze all'orizzonte,1.4706960039233923e+18,,43.77681,Entire home/apt,2.0,2026-06-25,3.0,19
Borgo in Color - Sweet Dreams in Florence,1.5476585953822884e+18,,43.77151995742354,Entire home/apt,1.0,2025-12-27,2.0,4
Duomo View Penthouse,1.5999540445548157e+18,,43.78070079229804,Entire home/apt,1.0,2026-06-26,1.0,25
Chic Firenze Vagellai !,1.465538901912344e+18,,43.76866,Entire home/apt,2.0,2026-04-06,2.0,1
borgo allegri suite,1.600629139727261e+18,,43.7675668708087,Entire home/apt,1.0,2026-06-21,1.0,15
Private Room with Private Bathroom - Lumi Stays,1.4700747916840061e+18,,43.774637,Private room,1.0,2026-05-31,11.0,5
Soggiorno Esclusivo in Bilocale di Prestigio,1.5992906513799729e+18,,43.76221,Entire home/apt,2.0,2026-03-29,2.0,1
Deluxe Room Private External Bathroom - Lumi Stays,1.4700747916840061e+18,,43.774637,Private room,1.0,2026-05-25,11.0,4
Superior Deluxe Room with Private Bathroom,1.4700747916840061e+18,,43.774637,Private room,1.0,2026-05-03,11.0,4
"Ca’ Lillá, Cozy Room in Florence",1.4656299870491395e+18,,43.7752,Private room,2.0,2026-06-16,2.0,4
Firenze DownTown Apartments,1.6014542772888177e+18,,43.7765843,Entire home/apt,2.0,2026-06-16,1.0,18
Uffizi Romantic Apartment Centro + parking,1.6015284377316209e+18,,43.76842743237043,Entire home/apt,2.0,2026-06-09,1.0,21
Aleardi Apartment in Oltrarno,1.6016941390564012e+18,,43.768889401233075,Entire home/apt,1.0,2026-06-25,1.0,35
Peaceful 2BR Garden Home · Slow Living in Florence,1.462621352246067e+18,,43.7822628,Entire home/apt,1.0,2026-05-27,10.0,9
[The Secret Cellar] Historic Center Hideaway,1.4703322227667686e+18,,43.77458920000001,Entire home/apt,2.0,2026-06-14,19.0,10
[Cozy Apartment] 8min from the Duomo,1.4630797485542236e+18,,43.78079,Entire home/apt,1.0,2026-06-20,1.0,11
Casa Marucelli. Appartamento con giardino.,1.4707046789223972e+18,,43.789,Entire home/apt,1.0,2026-06-16,1.0,18
Stylish Oltrarno Retreat with Elevator and hot tub,1.4707098484756887e+18,,43.76771,Entire home/apt,1.0,2026-06-11,39.0,14
Casa Musa by MMega,1.4626271213019407e+18,,43.769023,Entire home/apt,1.0,2026-05-28,259.0,7
Bargelo121,1.4681918882525501e+18,,43.77054765954198,Entire home/apt,2.0,2026-03-23,3.0,1
Bargello121 Apartment,1.4681918882525501e+18,,43.77042369999999,Entire home/apt,2.0,2026-06-14,3.0,2
Villa Clara - Sweet Dreams in Florence,1.465579628809493e+18,,43.781906,Entire home/apt,1.0,2026-05-31,86.0,1
Botticelli by the Duomo by Charming Italy Tour,1.4692437384608381e+18,,43.77486790108433,Entire home/apt,3.0,2026-04-24,14.0,3
Bmi Florence rooms Red,1.467969784717942e+18,,43.77322,Private room,1.0,,6.0,0
Appartamento Bixio Firenze - Campo di Marte,1.6041907168455946e+18,,43.78281110361542,Entire home/apt,1.0,2026-06-26,1.0,13
Accogliente loft nel cuore di Firenze Santa Croce,1.604543082200434e+18,,43.7700155,Entire home/apt,62.0,,1.0,0
New! Unique along the river central experience,1.4879529509599785e+18,,43.76721,Entire home/apt,1.0,2026-06-18,2.0,9
Deanna Tasso Apartment In Florence,1.4628406137666588e+18,,43.76794,Entire home/apt,2.0,,21.0,0
Appartamento in Santa Croce by Bruno,1.6050095561830374e+18,,43.76995,Entire home/apt,2.0,2026-06-25,1.0,13
Like a Local Borgo San Jacopo | By Maison Florence,1.4657176099646845e+18,,43.76802049943389,Entire home/apt,2.0,2026-05-30,31.0,14
"Arte & Piante ""Vintage""",1.60579474136769e+18,,43.7769561,Entire home/apt,2.0,2026-06-15,1.0,10
Elegante appartamento con parcheggio gratuito,1.4635015572442058e+18,,43.7713698,Entire home/apt,1.0,2026-06-26,36.0,22
Relax con balcone Firenze A/C e WI-FI veloce,1.487907612655753e+18,,43.789839,Entire home/apt,4.0,2026-06-16,1.0,2
Suite Eleonora,1.606474840542316e+18,,43.7888071,Entire home/apt,1.0,,1.0,0
BB Suite,1.6066036164971433e+18,,43.7748372,Entire home/apt,1.0,2026-05-30,1.0,4
Calle 2 - Eleganza smart a 5 minuti dal centro,1.6037866259084828e+18,,43.80028,Entire home/apt,1.0,2026-06-01,2.0,2
Riccardo's home design apartment,1.6073039722634906e+18,,43.7714583,Entire home/apt,3.0,,1.0,0
Uffizi enchanting apartment historical center,1.4704978651737009e+18,,43.7685089,Entire home/apt,1.0,2026-06-14,2.0,21
Design Florence Suite with large terrace,1.4707098484756887e+18,,43.77207,Entire home/apt,1.0,2026-05-28,39.0,3
New Casa Tasso - 2 bedroom flat,1.465343009570341e+18,,43.76741,Entire home/apt,2.0,2026-06-16,1.0,17
Belfiore City Gateway,1.4879033945273935e+18,,43.7816121,Entire home/apt,2.0,2026-06-24,2.0,8
Ognissanti Essential Studio Apartment,1.469534420414424e+18,,43.773370363838296,Entire home/apt,31.0,,47.0,0
Skyline Ghibellina 38,1.4638805324515195e+18,,43.7694406,Entire home/apt,1.0,2026-06-17,22.0,17
Cute One Bedroom Apartment in Florence Outside ZTL,1.4628531192283446e+18,,43.7634629,Entire home/apt,2.0,,11.0,0
[Poggio Imperiale Apt] Hot tub & Private Garden,1.470574318326691e+18,,43.75179,Entire home/apt,1.0,2026-05-31,15.0,7
"Stanza singola Manifattura Tabacchi, solo donne",1.608751501734815e+18,,43.78566,Private room,2.0,2026-06-15,1.0,7
[Uffizi & Santa Croce] Romantic Suite for Couples,1.4706261933306478e+18,,43.7682115,Entire home/apt,1.0,2026-05-05,12.0,9
{Prestige Gallery Residence}-Florence Center,1.4690886124540744e+18,,43.781091227693246,Entire home/apt,1.0,2026-06-26,7.0,10
San Pierino,1.4626995495990162e+18,,43.77147383309846,Entire home/apt,1.0,2026-06-11,159.0,9
San Gallo Suites IV central with balcony,1.4625339288517727e+18,,43.7774253,Entire home/apt,3.0,,103.0,0
Palazzo Capponi,1.469853500089983e+18,,43.7782439,Entire home/apt,1.0,2026-06-17,7.0,17
Zanobi 75,1.4626995495990162e+18,,43.78086351697087,Entire home/apt,1.0,,159.0,0
Homelink Charlotte- Classic room,1.4702650098354196e+18,,43.779647754919885,Private room,1.0,2026-06-05,3.0,15
Remigio studio apt 50 mt from uffizi gallery,1.6109450414424356e+18,,43.7689354,Entire home/apt,2.0,2026-03-22,2.0,1
Bargello studio apt 50 mt from Uffizi gallery,1.6109450414424356e+18,,43.7689354,Entire home/apt,2.0,2026-03-29,2.0,3
Alloggio vicino a Ponte Vecchio con vista fiume,1.55504179422075e+18,,43.76389,Entire home/apt,1.0,2026-05-10,10.0,4
"Isidoro Apartment, Firenze",1.6118161662420106e+18,,43.78044845153751,Entire home/apt,1.0,2026-06-23,1.0,35
Bright flat in the heart of Florence,1.466840783644169e+18,,43.7803878,Entire home/apt,2.0,2026-06-03,1.0,11
UNYCA - Florence Central Market Apartment 2,1.470449032762e+18,,43.7757416,Entire home/apt,1.0,2026-03-14,40.0,2
"Firenze a portata di mano 
Comfort e Relax",1.4654412720298634e+18,,43.74074539507774,Entire home/apt,1.0,,1.0,0
"Brand new, Bellosguardo meets San Frediano. Comfy",1.4628731598951841e+18,,43.7728745,Entire home/apt,2.0,2026-06-12,32.0,13
Keys of Italy -ApoTOT-Deluxe 2Apts by PonteVecchio,1.612395103540919e+18,,43.7692193,Entire home/apt,1.0,2025-12-18,11.0,7
Keys of Italy -TornabuoniTOT-3Apts FashionDistrict,1.612395103540919e+18,,43.7706718,Entire home/apt,1.0,2025-12-28,11.0,1
"Belfiore Balcony Loft, near the tram line",1.462577067420354e+18,,43.78195680293426,Entire home/apt,1.0,2026-04-11,18.0,2
Appartamento suite 6 posti e parcheggio riservato,1.4703774998473533e+18,,43.77054,Entire home/apt,2.0,2026-06-24,16.0,10
Quadruple room,,,43.77676,Private room,1.0,2026-06-26,,9
Keys of Italy -MonaldaSmall-1BR by Palazzo Strozzi,1.612395103540919e+18,,43.7704802,Entire home/apt,1.0,2025-07-25,11.0,2
La Maison Des étoiles,1.6136046743108905e+18,,43.76730327615667,Entire home/apt,2.0,2026-06-26,1.0,6
COCO SUITE - Pitti Place Residence,1.4689598798446328e+18,,43.76582,Entire home/apt,1.0,2026-06-12,4.0,26
Attico Santo Spirito 2,1.4637648036904102e+18,,43.76517111750891,Entire home/apt,1.0,,2.0,0
Full Home A/C • 5 min walk to Center & Station,1.470574318326691e+18,,43.7751917,Entire home/apt,1.0,2026-06-24,15.0,25
Beccaria apartment,1.6145118336814403e+18,,43.7674,Entire home/apt,1.0,,1.0,0
Suite romantica alle antiche mura del centro,1.4703774998473533e+18,,43.76348979999999,Entire home/apt,1.0,2026-06-20,16.0,5
"Newly renovated old abbey with terrace, Center",1.4625637761816827e+18,,43.779464876428605,Entire home/apt,1.0,2026-06-24,15.0,11
Fascino d’Epoca e Comfort nel Centro di Firenze,1.4707326387714194e+18,,43.7726548,Entire home/apt,1.0,2026-06-08,7.0,4
Casa Pavò •Appartamento con terrazzo•,1.469870548064416e+18,,43.76947,Entire home/apt,1.0,,2.0,0
Queen Studio Apartment,1.4625103500673539e+18,,43.77224,Entire home/apt,3.0,2026-06-23,11.0,8
Il cortile segreto,1.470157173253922e+18,,43.77427,Entire home/apt,2.0,2026-06-19,1.0,12
Ponte Vecchio Suite 29,1.4626155751537418e+18,,43.76651,Entire home/apt,1.0,2026-06-12,19.0,4
Historic residence in the center • 5 min Duomo,1.4682418279197363e+18,,43.77672039999999,Entire home/apt,2.0,2026-06-21,3.0,7
Spectacular Luxury Duplex in the Heart of Oltrarno,1.4707098484756887e+18,,43.76575001694575,Entire home/apt,1.0,2026-05-16,39.0,4
San Gallo Suites V bright and modern,1.4625339288517727e+18,,43.7774253,Entire home/apt,3.0,,103.0,0
Michelangelo: Elegant Home in Santa Croce,1.4707098484756887e+18,,43.76998,Entire home/apt,2.0,,39.0,0
Appartamento Centralissimo Lungarno alle Grazie,1.61744175185978e+18,,43.76774,Entire home/apt,1.0,2026-06-25,1.0,23
SMN Station Apartment by Maison Florence,1.4657176099646845e+18,,43.7776319,Entire home/apt,2.0,2026-06-14,31.0,14
Ponte Vecchio Luxury Apartment with Terrace,1.6180316400462917e+18,,43.767143969748226,Entire home/apt,3.0,2026-06-12,1.0,22
Appartamento Balcony Uffizi,1.6179902132350344e+18,,43.7696656,Entire home/apt,1.0,2026-05-26,3.0,3
"Flat No.4 – Easy Car Access, Center Easily Reached",1.4639409346158175e+18,,43.78774,Entire home/apt,3.0,2026-06-21,1.0,8
New Apartment - Centro Storico - Uffizi,1.4634984185056996e+18,,43.7685233,Entire home/apt,31.0,,4.0,0
Two Bedrooms In The Center of Florence,1.4636297882469217e+18,,43.77872438835362,Entire home/apt,1.0,2026-06-18,7.0,1
Stairway to Heaven Apartment,1.4668909453643236e+18,,43.7668734,Entire home/apt,3.0,2026-06-21,2.0,5
"Residenza d’Epoca Palazzo dei Conti, Stanza deluxe",1.6078764034054612e+18,,43.77424,Private room,1.0,,2.0,0
2 BAGNI •NOVITÀ•terrazza•stazione,1.4634927586692206e+18,,43.780016201947035,Entire home/apt,1.0,2026-06-25,1.0,23
Keys of Italy-Benci20-Sartoria-St Croce Open Space,1.612395103540919e+18,,43.7686472,Entire home/apt,1.0,2026-06-05,11.0,18
Keys of Italy -Masai-1Bedroom Flat by TrainStation,1.612395103540919e+18,,43.7742191,Entire home/apt,1.0,2026-04-24,11.0,10
Luxury Apt w PrivateGarden in Historical Center,1.6196484838026301e+18,,43.7722704,Entire home/apt,2.0,2026-06-25,2.0,9
[Pontevecchio] Elegante Appartamento di Design,1.4635015572442058e+18,,43.7672782,Entire home/apt,31.0,,36.0,0
"Dragonfly
Elegante appartamento tra verde e design",1.6204584779191498e+18,,43.79007606459606,Entire home/apt,2.0,2026-06-23,1.0,10
Liberty Sweet home,1.4679898578526344e+18,,43.78309,Entire home/apt,1.0,2026-06-17,10.0,24
Vasari Florence Apartment - 2 Bedrooms,1.468292492405945e+18,,43.773130860735705,Entire home/apt,2.0,,2.0,0
Mariangela’s Apartment,1.4673009396028552e+18,,43.7934737,Entire home/apt,2.0,2026-06-12,16.0,16
Suite Verdi Terrace,1.468222349683796e+18,,43.771401694622575,Entire home/apt,2.0,2026-06-21,2.0,13
Dimora SanLorenzo New appartamento. 5min dal duomo,1.6223426988294656e+18,,43.776481,Entire home/apt,1.0,2026-06-20,1.0,6
"Bright, romantic retreat in central Florence",1.4630848248232323e+18,,43.7750735,Entire home/apt,1.0,2026-04-25,12.0,4
Cortile Santa Monaca - Charm & Relax,1.4697100180785198e+18,,43.76786,Entire home/apt,1.0,2026-06-10,14.0,1
La Terrazza,1.4698751051130962e+18,,43.78123767403226,Entire home/apt,2.0,2026-06-01,9.0,14
Ex Studio d'Artista Ampio Design Loft Rose Garden,1.4625817364913495e+18,,43.7635081,Entire home/apt,2.0,2026-05-19,4.0,1
Grazioso appartamento a due passi dal centro,1.465632469219662e+18,,43.7859886,Entire home/apt,2.0,2026-06-11,2.0,10
Cozy Apartment In Borgo Dei Greci Firenze,1.4625114121213542e+18,,43.7690767,Entire home/apt,2.0,,26.0,0
[Centro] Appartamento a 100 metri da Ponte Vecchio,1.4699386939632271e+18,,43.76605,Entire home/apt,2.0,2026-06-18,2.0,27
Luna apartment,1.4658067990691116e+18,,43.77047,Entire home/apt,2.0,2026-06-09,58.0,16
[ApexPenthouse] Elevator&Terrace,1.4703322227667686e+18,,43.784449573991914,Entire home/apt,2.0,2026-05-24,19.0,7
[RomanticCottage] Pet Friendly & Garden,1.4703322227667686e+18,,43.74927861527395,Entire home/apt,2.0,2026-06-09,19.0,7
Palazzotto Pitti 4,1.516637531317813e+18,,43.76455125881225,Entire home/apt,1.0,2026-04-27,19.0,1
Palazzotto Pitti 2,1.516637531317813e+18,,43.764555132932166,Entire home/apt,1.0,,19.0,0
Palazzotto Pitti 1,1.516637531317813e+18,,43.76464036350654,Entire home/apt,1.0,,19.0,0
Palazzotto Pitti 7,1.516637531317813e+18,,43.76459,Entire home/apt,1.0,,19.0,0
Beatrice Suite Apartment,1.4637768305794332e+18,,43.7648158,Entire home/apt,1.0,2026-06-12,24.0,13
Purgatorio Stanza matrimoniale con bagno in camera,1.4628816592556782e+18,,43.79099268908248,Private room,2.0,2026-05-20,4.0,6
"YiD Bright 2 Bedrooms, Equipped Kitchen",1.462988130311036e+18,,43.773146938351786,Entire home/apt,1.0,2026-06-02,80.0,6
Dimora della Quiete - Firenze centro Fortezza,1.627801613173524e+18,,43.78079983466516,Entire home/apt,2.0,2026-05-27,1.0,8
"Santa Croce – 2-Bedroom, Comfort, A/C & Wi-Fi",1.4702487931652116e+18,,43.7720261,Entire home/apt,1.0,2026-05-20,19.0,13
Palazzo Accademia-Michelangelo-5,1.6252591927919286e+18,,43.77627228508797,Entire home/apt,1.0,2026-06-08,5.0,6
Palazzo Accademia-Giotto-4,1.6252591927919286e+18,,43.77627228508797,Entire home/apt,1.0,2026-05-04,5.0,4
"Holiday AD Borgo Santi Apostoli, Firenze",1.4702551620224448e+18,,43.76915032449164,Entire home/apt,2.0,2026-06-01,4.0,3
Firenze - appartamento luminoso,1.4695286722808197e+18,,43.8074492,Entire home/apt,1.0,2026-05-31,1.0,19
Guasconi Suite,1.626663779526805e+18,,43.7793235,Entire home/apt,2.0,2026-06-12,1.0,17
"Holiday AD Suite Beatrice, Firenze",1.4702551620224448e+18,,43.76913622297703,Private room,1.0,2026-06-14,4.0,10
"Holiday AD Casa Caterina, Firenze",1.4702551620224448e+18,,43.76918,Private room,1.0,2026-06-18,4.0,10
La Casa di Jack,1.6273835464624064e+18,,43.77388211861207,Entire home/apt,2.0,2026-06-12,1.0,9
"Suite ""Prestige""x2, Duomo 2 min walk, Wi-Fi & A/C",1.4702487931652116e+18,,43.7755921,Entire home/apt,1.0,2026-06-18,19.0,24
Dreaming Florence Apartment,1.6275655328789732e+18,,43.79173189999999,Entire home/apt,1.0,2026-06-15,1.0,1
Casa Alessandro il Moro,1.4630020306954388e+18,,43.77880529999999,Entire home/apt,3.0,,15.0,0
GuestHost - Charming Flat near Duomo in Florence,1.4671577548808717e+18,,43.771708414796144,Entire home/apt,1.0,2026-06-10,102.0,8
Apt Dolce Vita Firenze - Salento Reservation,1.4701740231650678e+18,,43.7679503,Entire home/apt,1.0,,1.0,0
"BandBFirenze 8cittadella8's B&B, Stanza doppia",1.46563639997186e+18,,43.7798222,Private room,1.0,,3.0,0
Ricasoli 19 A,1.4704628112949007e+18,,43.7751601,Entire home/apt,2.0,2026-06-21,3.0,14
Large group house + breackfast + parking Florence,1.6284055246094147e+18,,43.7616616,Entire home/apt,1.0,2026-06-21,1.0,17
Stanza con bagno a Peretola,1.6289622640105533e+18,,43.7984321,Private room,31.0,,1.0,0
Nazionale Florence Flat | Near Station & Duomo,1.6290631570290793e+18,,43.777667,Entire home/apt,2.0,2026-06-07,1.0,13
Boutique Villa with terrace on green view,1.4654634667477914e+18,,43.76755110000001,Entire home/apt,2.0,2026-06-15,9.0,11
Santa Maria Novella New Apartment,1.4704554065328814e+18,,43.78137426390764,Entire home/apt,1.0,2026-06-25,2.0,6
"Stradivarious Firenze B&B, Stanza blue",1.4702020193400246e+18,,43.79037,Private room,1.0,,4.0,0
Il Prato 73,1.6297740375232845e+18,,43.77576,Entire home/apt,2.0,2026-06-16,1.0,7
"Casa Ceci
Monolocale silenzioso vicino al centro",1.487882404259818e+18,,43.7719342,Entire home/apt,2.0,,1.0,0
NH Florence - Vanni Pink Paradise,1.470369337282611e+18,,43.77451079999999,Entire home/apt,1.0,2026-06-18,8.0,12
Tora Florence Apartment - Room Rent Superior,1.462871488059458e+18,,43.77211,Private room,1.0,2026-06-12,5.0,28
Modern Living with 2 Terraces in Florence,1.630549790220567e+18,,43.76716,Entire home/apt,2.0,2026-06-24,1.0,3
Tora Florence Apartment - Room Rent Standard,1.462871488059458e+18,,43.77211,Private room,1.0,2026-06-10,5.0,29
Tora Florence Apartment - Room Rent Small,1.462871488059458e+18,,43.7707,Private room,1.0,2026-06-07,5.0,20
Florence — See It All in 1 Day (Walk Everywhere),1.4685220646885215e+18,,43.76898,Entire home/apt,1.0,,16.0,0
2 camere da letto - Perfetto per visitare Firenze,1.4730287207828e+18,,43.7706,Entire home/apt,2.0,2026-06-18,2.0,4
Florence Skyline Studio – Vista Duomo & Campanile,1.4706943713036193e+18,,43.7844505,Entire home/apt,2.0,2026-05-21,2.0,2
Bright Stradivari | Smart & Chill | Self 24h,1.6327520039046285e+18,,43.7904,Entire home/apt,1.0,2026-06-19,1.0,24
Vista Lumina By MMega,1.4626271213019407e+18,,43.7720995,Entire home/apt,1.0,2026-06-06,259.0,8
Hilly windows Fiesole,1.4638435611492111e+18,,43.79825127611876,Entire home/apt,1.0,2026-05-03,19.0,2
[Ponte Vecchio] Prestigioso Appartamento con Vista,1.4635015572442058e+18,,43.7676661,Entire home/apt,31.0,,36.0,0
[10 min Airport & 15 min Center] Urban Park View,1.470574318326691e+18,,43.7911374,Entire home/apt,1.0,2026-06-20,15.0,16
Historic Apartment in the Heart of Florence,1.4707326387714194e+18,,43.7686157,Entire home/apt,1.0,2026-06-23,7.0,2
Futura Ginori Apartment | 31+ Nights,1.462621352246067e+18,,43.77666604009816,Entire home/apt,31.0,,10.0,0
Penthouse in Tower with River View in Florence,1.634798513358982e+18,,43.7662242,Entire home/apt,2.0,2026-06-19,1.0,17
4 beds room,,,43.7876,Private room,1.0,2026-04-19,,1
Libertà Spacious Retreat,1.4670822434946514e+18,,43.784715,Entire home/apt,1.0,2026-06-07,127.0,6
Brunelleschi Prestige By MMega,1.4626271213019407e+18,,43.7719741,Entire home/apt,1.0,2026-06-05,259.0,10
Palazzo Accademia-Brunelleschi-1,1.6252591927919286e+18,,43.77627228508797,Entire home/apt,1.0,2026-05-27,5.0,4
Modern marvellous apartment with free parking,1.4628179715981007e+18,,43.77139421571193,Entire home/apt,2.0,2026-06-23,19.0,12
Ognissanti Prestige By MMega,1.4626271213019407e+18,,43.774024,Entire home/apt,1.0,2026-06-18,259.0,17
"Florjan's B&B, BnB Centrale- M1",1.462653052328609e+18,,43.77622,Private room,1.0,2026-05-25,51.0,5
"Florjan's B&B, BnB Centrale - M3",1.462653052328609e+18,,43.77745,Private room,1.0,2026-06-23,51.0,6
"Florjan's B&B, Central Rooms - S1",1.462653052328609e+18,,43.77631,Private room,1.0,2026-06-20,51.0,1
[Residenza Brunetti] NEWHome+Exclusive Garden,1.470481710551191e+18,,43.79302,Entire home/apt,1.0,2026-06-13,11.0,38
Duomo suite house,1.6358268915753871e+18,,43.7741554,Entire home/apt,1.0,2026-06-02,2.0,12
NEW Luxury Historic Palazzo Largest in City Center,1.6363057251443607e+18,,43.77511,Entire home/apt,2.0,2026-06-20,1.0,3
Romantic Suite Home,1.4703447097569915e+18,,43.7745094680203,Entire home/apt,1.0,,1.0,0
Signoria Design Retreat,1.4670822434946514e+18,,43.77043080000001,Entire home/apt,1.0,2026-04-03,127.0,2
Firenze Neri apartment,1.4696145343325514e+18,,43.7679239,Entire home/apt,1.0,2026-06-10,8.0,21
Serendipity apartment,1.462577067420354e+18,,43.7685154,Entire home/apt,1.0,,18.0,0
Heart of Florence - apartment with terrace,1.4635377657702712e+18,,43.77072,Entire home/apt,2.0,2026-06-03,1.0,2
Limehome Florence Via Guelfa | Studio + Sofa Bed,1.4699006971636662e+18,,43.7788891,Entire home/apt,1.0,2026-03-29,4.0,3
Yid Agnolo three bedroom apartment in Florence,1.462988130311036e+18,,43.77075,Entire home/apt,1.0,,80.0,0
YiD Elegant Renovated Apartment in Central Florenc,1.462988130311036e+18,,43.77198,Entire home/apt,1.0,2026-04-19,80.0,3
YiD Central Studio in the Heart of Florence,1.462988130311036e+18,,43.77423,Entire home/apt,1.0,2026-04-27,80.0,3
YiD charming two-level apt in central Florence,1.462988130311036e+18,,43.77617,Entire home/apt,1.0,2026-06-03,80.0,8
Limehome Florence Via Guelfa | 2-BR Apt + Sofa Bed,1.4699006971636662e+18,,43.7788891,Entire home/apt,1.0,2026-05-31,4.0,8
Boutique House whit Balcony,1.4637768305794332e+18,,43.7834239,Entire home/apt,1.0,2026-06-12,24.0,9
"Bright Apt, Terrace • Elevator • Near SMN Station",1.4699607941069445e+18,,43.7814549,Entire home/apt,2.0,2026-06-12,15.0,12
Florentine Gem in city centre • 1 Stop from SMN,1.4702623771317637e+18,,43.781047,Entire home/apt,1.0,2026-06-16,7.0,9
Michelangelo Rondinella,1.4706695156289943e+18,,43.7737281,Private room,2.0,,9.0,0
Giuliani 81,1.63914768800409e+18,,43.8002416,Entire home/apt,2.0,2026-05-17,1.0,3
Private room in historical city center,1.4687353723394345e+18,,43.76449540000001,Private room,31.0,,16.0,0
Clarice heart of Florence-4 pax,1.4879081555397358e+18,,43.7706291,Entire home/apt,2.0,2026-05-28,1.0,1
Essential Studio - Work Ready Minimalist,1.6399371708558848e+18,,43.7841663,Entire home/apt,28.0,,3.0,0
"Giglio | Bagno privato + A/C, 5 min da San Marco",1.469134945562926e+18,,43.7856244,Private room,1.0,,15.0,0
"Duomo | Camera privata + A/C, 5 min da San Marco",1.469134945562926e+18,,43.7856244,Private room,1.0,2026-06-18,15.0,7
Loggia | Charme fiorentino con bagno privato + A/C,1.469134945562926e+18,,43.7856244,Private room,1.0,2026-06-15,15.0,4
Best Location Ponte Vecchio Apartment,1.640460889247415e+18,,43.76702,Entire home/apt,2.0,2026-06-20,1.0,3
Stanza a pochi minuti di tram dal centro,1.4658057024845353e+18,,43.78919,Private room,31.0,,16.0,0
3 bedrooms house in Gavinana,1.4687353723394345e+18,,43.7560343,Entire home/apt,31.0,,16.0,0
Tintori rooftop retreat,1.4704670064224358e+18,,43.7670679,Entire home/apt,2.0,,10.0,0
The Workspace Loft,1.6399371708558848e+18,,43.7841663,Entire home/apt,28.0,,3.0,0
La Residenza,1.6399371708558848e+18,,43.78335,Entire home/apt,28.0,,3.0,0
GULFI 55 [3 bedrooms - 3 Bathrooms],1.4626155751537418e+18,,43.77743,Entire home/apt,1.0,2026-06-21,19.0,21
Florence Secret Stays - Brand new quiet Apartment,1.462711527015269e+18,,43.7616605,Entire home/apt,2.0,2026-06-22,2.0,8
Appartement dans le centre historique de Florence,1.6421604228681638e+18,,43.77558809402171,Entire home/apt,31.0,,1.0,0
Charming Loft Near Florence Central Market,1.4701666537774935e+18,,43.7769241,Entire home/apt,2.0,2026-06-07,29.0,3
Incanto 22,1.6428415698077716e+18,,43.78569913017952,Entire home/apt,2.0,2026-06-18,1.0,5
[The Urban Nest] Design Studio Santa Novella,1.4703322227667686e+18,,43.7749502,Entire home/apt,31.0,2026-05-31,19.0,1
Spacious & Comfortable Stay in Florence • 4 Guests,1.4628856883258836e+18,,43.7627833,Entire home/apt,1.0,2026-06-24,2.0,12
Maison Il Magnifico - Parcheggio privato gratuito,1.6434745388639112e+18,,43.7840114,Entire home/apt,2.0,2026-06-10,1.0,2
Santa Croce Junior APT,1.6434976627074762e+18,,43.76939829792745,Entire home/apt,1.0,2026-05-24,2.0,2
Acciaiuoli Luxury Suite by MMega,1.4626271213019407e+18,,43.7694002,Entire home/apt,1.0,2026-06-10,259.0,5
B&B Essevu Loft Borgo Pinti,1.6305338549335857e+18,,43.77623,Entire home/apt,2.0,2026-06-05,2.0,1
San Frediano Loft,1.469534420414424e+18,,43.769766,Entire home/apt,1.0,2026-04-19,47.0,2
Daria Apartment by Mamo Florence,1.4626390518884895e+18,,43.79227629979782,Entire home/apt,1.0,2026-03-30,197.0,1
Central Florence Gem,1.4700148221873597e+18,,43.76892,Entire home/apt,2.0,,1.0,0
Accogliente appartamento vicino Via Gioberti,1.6449110113885164e+18,,43.77212,Entire home/apt,2.0,2026-06-25,1.0,18
Pitti Residence - Toscanella Charm & Relax,1.4697100180785198e+18,,43.76623933860576,Entire home/apt,1.0,,14.0,0
"Elegant and full of history, with a nice terrace",1.4625637761816827e+18,,43.78156,Entire home/apt,2.0,2026-06-01,15.0,2
Rosina by MMega,1.4626271213019407e+18,,43.776795,Entire home/apt,1.0,2026-06-20,259.0,4
[10 Min Beccaria] Ampio apt con idromassaggio,1.469134945562926e+18,,43.7566354,Entire home/apt,1.0,2026-06-23,15.0,8
Art Apartment Porta Romana Suite,1.4625194391757798e+18,,43.7630727,Entire home/apt,2.0,2026-06-19,26.0,8
Una finestra sul centro di Firenze,1.4627453821932762e+18,,43.77206755168679,Entire home/apt,3.0,2026-05-25,3.0,5
Quiet A/C flat in Florence center,1.4626520275682153e+18,,43.7686,Entire home/apt,2.0,2026-06-24,1.0,13
Piccola residenza di charme,1.647138332047036e+18,,43.76483372519884,Entire home/apt,31.0,,1.0,0
Titina Apartment Firenze Novoli Center & Airport,1.6472683306246095e+18,,43.79128,Entire home/apt,1.0,2026-04-19,1.0,1
Fontana Apartment • Bright & cozy near tram,1.4702535772077268e+18,,43.78714,Entire home/apt,1.0,2026-04-06,1.0,1
2BR • *New* • Central Location Florence • Deluxe,1.4626012957157926e+18,,43.7750189,Entire home/apt,2.0,2026-06-14,11.0,2
Puccinotti Hideaway,1.4637768305794332e+18,,43.7849538,Entire home/apt,1.0,2026-05-31,24.0,6
Santa Croce Penthouse| 2 Camere con vista basilica,1.4638435611492111e+18,,43.76948173588459,Entire home/apt,1.0,2026-06-01,19.0,11
Camera Open Space in apt. condiviso Centro Storico,1.4627354064858263e+18,,43.77829735726748,Private room,2.0,2026-06-05,2.0,2
Sant’Ambrogio Design Retreat,1.4670822434946514e+18,,43.7701878,Entire home/apt,1.0,2026-04-19,127.0,1
Keys of Italy - Proconsolo-Chic Loft by the Duomo,1.612395103540919e+18,,43.77218149999999,Entire home/apt,1.0,2026-06-25,11.0,7
Appartamento Statuto,1.4638805324515195e+18,,43.7847578,Entire home/apt,1.0,2026-06-25,22.0,16
Romito 38 - Florence Hub for 6,1.468686554271747e+18,,43.78705,Entire home/apt,1.0,,10.0,0
Anettas house、Annettas house 2,1.4704131419668495e+18,,43.7780386,Private room,1.0,2026-05-02,4.0,2
Ponte Vecchio Loft,1.470205752262993e+18,,43.76983629162869,Entire home/apt,3.0,2026-06-20,3.0,9
Romantic Hideaway 5 min Walk from Central Station!,1.4691681906843377e+18,,43.77347,Entire home/apt,1.0,,2.0,0
Stufa Apartment by Mamo Florence,1.4626390518884895e+18,,43.77701,Entire home/apt,1.0,,197.0,0
Rifugio elegante in Piazza d’Azeglio,1.4625365890861947e+18,,43.77347,Entire home/apt,2.0,2026-06-15,2.0,6
Healthy Home | Central Atelier Loft with Terrace,1.4626798078547236e+18,,43.7828762,Entire home/apt,1.0,2026-06-11,8.0,22
Contemporary Vintage Loft Firenze - Home&Work,1.4702314349839058e+18,,43.7800737,Entire home/apt,7.0,,1.0,0
Ghibellina Loft in the Heart of Florence,1.4625294930544479e+18,,43.77010795392317,Entire home/apt,1.0,2026-06-09,23.0,9
Ponte all'Asse 8,1.651387111844696e+18,,43.78349,Private room,1.0,2026-05-20,1.0,1
Borgo Pinti 49,1.4686117032970606e+18,,43.7741277,Entire home/apt,1.0,,5.0,0
Giorgia's Home - Quiet Studio • 10min from Center,1.4632319784976852e+18,,43.78807465942147,Entire home/apt,2.0,2026-06-19,6.0,13
Artemisia Apartment,1.6419337481565704e+18,,43.77418203266498,Entire home/apt,1.0,2026-06-23,1.0,17
Nido guelfa Firenze,1.652303533567388e+18,,43.7773627491277,Entire home/apt,31.0,2026-05-27,1.0,1
"Unique penthouse with terrace, steps to S. Lorenzo",1.4636563675658796e+18,,43.77603135650151,Entire home/apt,31.0,,3.0,0
Lusso nel centro di Firenze via dell'Agnolo,1.6268885078082304e+18,,43.76895,Entire home/apt,2.0,2026-05-12,1.0,1
Elegant room • walk to Duomo & San Marco |A Modino,1.5165554133296998e+18,,43.78098010000001,Private room,1.0,,3.0,0
The Green Gallery in Florence • Air Conditioning,1.470574318326691e+18,,43.7817924,Entire home/apt,1.0,2026-06-21,15.0,16
Casa Aligi by FlorenceHospitality,1.4673009396028552e+18,,43.771263763159425,Entire home/apt,2.0,2026-05-26,16.0,2
Santa Croce Luxury Home - Esclusivo-,1.6541674495648325e+18,,43.769395,Entire home/apt,1.0,,1.0,0
"Via dei Servi – Vista Duomo, centro di Firenze",1.4705226849158505e+18,,43.77361,Entire home/apt,2.0,,2.0,0
5 Minuti Stazione Luxury - Modern Apartment,1.5293372930575772e+18,,43.77779,Entire home/apt,1.0,2026-06-20,8.0,4
Tramvia Royale Suites - Private Free Parking,1.5293372930575772e+18,,43.79362,Entire home/apt,1.0,2026-05-22,8.0,4
Granny House - Sweet Dreams in Florence,1.465579628809493e+18,,43.7842019,Entire home/apt,1.0,2026-05-25,86.0,2
"Dimora Trinità Vecchia
Centro - ottima posizione",1.654455519313437e+18,,43.7782396,Entire home/apt,1.0,2026-06-20,1.0,15
"La Casa di Piero, La Casa di Piero Pesce Ricco ...",1.4676445804937843e+18,,43.7520461018683,Private room,1.0,,4.0,0
Elegant & Bright Studio in Florence Center,1.4703724369275034e+18,,43.7729881,Entire home/apt,2.0,2026-06-06,1.0,5
Camere matrimoniali più salottino e terrazza,1.4703309709931996e+18,,43.78477,Private room,1.0,,1.0,0
Garbo Market Flat,1.4655779424609697e+18,,43.776068,Entire home/apt,1.0,2026-06-12,36.0,6
New Modern Apt w Balcony/lift in city center,1.6196484838026301e+18,,43.76801555925524,Entire home/apt,2.0,2026-06-15,2.0,6
sonia,1.655474315286324e+18,,43.79627,Entire home/apt,2.0,2026-06-14,1.0,4
GuestHost - Coverciano Comfortable Apartment,1.4671577548808717e+18,,43.77843,Entire home/apt,2.0,2026-06-02,102.0,2
Da mamma Grazia in Oltrarno by MMega,1.4626271213019407e+18,,43.76707570000001,Entire home/apt,1.0,2026-06-15,259.0,7
Suites del Fabbro - Firenze - 2/4 ospiti,1.6558571661068634e+18,,43.78273,Entire home/apt,1.0,2026-06-18,2.0,8
Anettas house、双人间 豪华,1.4704131419668495e+18,,43.7784096574041,Private room,1.0,,4.0,0
Urban Zen Garden- entire house with 5 suites,1.4625137997083553e+18,,43.7867016,Entire home/apt,2.0,2026-06-15,9.0,3
Quite Central Rooms - G2,1.462653052328609e+18,,43.77783,Private room,1.0,2026-05-12,51.0,1
Great Central Rooms - SL2,1.462653052328609e+18,,43.77531,Private room,1.0,,51.0,0
Great Central Rooms - SL4,1.462653052328609e+18,,43.77656,Private room,1.0,2026-05-19,51.0,1
Alloggio ampio e luminoso con parcheggio gratuito,1.55504179422075e+18,,43.7678739,Entire home/apt,1.0,2026-06-03,10.0,3
camera tripla con bagno,1.4657154892421842e+18,,43.7774620055823,Private room,1.0,,3.0,0
Noa | Luxury Florence Stay | Duomo District,1.6567589553061888e+18,,43.7805617,Entire home/apt,1.0,2026-06-24,5.0,15
Perfect quiet spot in Cure area district,1.4690406904505935e+18,,43.78988469999999,Entire home/apt,3.0,2026-06-11,2.0,8
[Pazzi House] Heart of Duomo By Hôtea,1.4697442010757778e+18,,43.7714255,Entire home/apt,1.0,2026-05-04,2.0,2
Love Nest | 5 Min Walk from Central Rail Station!,1.4691681906843377e+18,,43.773615769142815,Entire home/apt,1.0,2026-06-26,2.0,1
Fossi Panoramic Terrace by MMega,1.4626271213019407e+18,,43.7715705,Entire home/apt,1.0,2026-06-19,259.0,11
Palazzo Pitti-La finestra su Santa Maria,1.470376813753336e+18,,43.77246,Private room,1.0,,5.0,0
Piazza della Signoria-La finestra su Santa Maria,1.470376813753336e+18,,43.773436,Private room,1.0,,5.0,0
•Leopolda Suite • Modern Flat with AC & Terrace,1.6587746754756086e+18,,43.78323,Entire home/apt,2.0,2026-06-22,1.0,6
Tornabuoni Luxury Apartment,1.469998646177477e+18,,43.77141604751213,Entire home/apt,1.0,2026-06-12,6.0,14
Relax Art Apartment in Florence,1.4706212749027182e+18,,43.785294,Entire home/apt,2.0,2026-05-18,1.0,3
"Serendipity, Home Around a Private Courtyard",1.6595312412662062e+18,,43.7685851294987,Entire home/apt,2.0,2026-06-03,1.0,2
Palazzo Bruciato Residence 6 Guests •3BR• 2 Bath,1.469945289128855e+18,,43.7909775,Entire home/apt,1.0,,1.0,0
downtown big flat in florence city,1.462623591328832e+18,,43.77426898636826,Entire home/apt,30.0,,4.0,0
YellowSquare Florence - Triple private room,1.6601055160945618e+18,,43.78418,Private room,1.0,,4.0,0
YellowSquare Florence - Quadruple private room,1.6601055160945618e+18,,43.78418,Private room,1.0,,4.0,0
San Giorgio - Foscolo,1.4686982020396887e+18,,43.766511,Entire home/apt,2.0,,64.0,0
San Giorgio - Dante,1.4686982020396887e+18,,43.766511,Entire home/apt,2.0,2026-06-11,64.0,1
San Giorgio - D'Annunzio,1.4686982020396887e+18,,43.766511,Entire home/apt,2.0,2026-06-19,64.0,4
San Giorgio - Petrarca,1.4686982020396887e+18,,43.766511,Entire home/apt,1.0,2026-06-16,64.0,1
Dimora Bardi Firenze,1.462687244144813e+18,,43.765123,Entire home/apt,2.0,2026-05-28,50.0,1
"Anny's Roof Garden, terrace, elevator next T2 line",1.4628731598951841e+18,,43.79237,Entire home/apt,2.0,2026-06-21,32.0,7
Comodo appartamento in Santa Croce,1.4625817364913495e+18,,43.76948669999999,Entire home/apt,2.0,,4.0,0
MSM - Maison Sweet Maison | New in Florence,1.66081607697904e+18,,43.79591,Entire home/apt,1.0,2026-06-15,1.0,6
Anguillara Comfort Always Florence Collection,1.4706166701494423e+18,,43.7694917,Entire home/apt,2.0,2026-06-14,15.0,5
Arno Dream by MMega,1.4626271213019407e+18,,43.76928290000001,Entire home/apt,1.0,2026-06-06,259.0,6
Stanza pochi minuti dall'aeroporto e dal centro,1.6615512898481984e+18,,43.7930700706693,Private room,1.0,2026-06-18,1.0,3
Cozy Studio for Couples near Pitti Palace,1.6624353089020058e+18,,43.76690790032522,Entire home/apt,1.0,2026-06-15,1.0,1
"Dalmazia22's B&B, Stanza tripla",1.654531201008929e+18,,43.79685592651367,Private room,1.0,,4.0,0
"Dalmazia22's B&B, Stanza familiare",1.654531201008929e+18,,43.79685509999999,Private room,1.0,,4.0,0
Anguillara Suite Always Florence Collection,1.4706166701494423e+18,,43.7694917,Entire home/apt,2.0,2026-06-10,15.0,9
Firenze Dream Homes - Medusa (Free EV Charging),1.6636357272231596e+18,,43.78089110090006,Entire home/apt,2.0,2026-05-26,1.0,1
spazio beccaria 19,1.6636836804204557e+18,,43.772353683217474,Entire home/apt,1.0,2026-06-18,1.0,3
Luxury Apartment/Jacuzzi & Duomo View,1.4670613222970465e+18,,43.7738412,Entire home/apt,2.0,2026-06-12,2.0,1
2BDR | Private Patio | Bright & Elegant,1.4629873363092662e+18,,43.80514843354021,Entire home/apt,2.0,2026-06-12,9.0,3
Comodo bilocale con Garage privato Firenze Novoli,1.664366351480369e+18,,43.78919891217637,Entire home/apt,1.0,2026-06-14,1.0,11
Apt Fortezza alla Fiera,1.4707347012852733e+18,,43.77851090000001,Entire home/apt,2.0,2026-05-06,4.0,1
Wine Apartments Florence Malvasia,1.4627648749364001e+18,,43.76905439999999,Entire home/apt,1.0,2026-05-27,44.0,2
Casa Sara,1.462542852895066e+18,,43.77083,Entire home/apt,2.0,2026-06-19,1.0,1
Carmine Apt. in San Frediano - Florence,1.4655891548446364e+18,,43.7694663,Entire home/apt,1.0,2026-06-11,1.0,19
Alba's House - Vista Duomo Mercato Centrale,1.6657571393230436e+18,,43.7770455,Entire home/apt,1.0,2026-06-19,1.0,9
Elegant Loft of a perfumer in the historic center,1.4625139362682836e+18,,43.76893219999999,Entire home/apt,3.0,,1.0,0
(NEW) Piazza della Signoria View Luxury Apartment,1.4638692761532836e+18,,43.7700359,Entire home/apt,2.0,2026-06-18,9.0,7
Light-Filled Duomo 2BR/2BA Top-Floor Flat,1.463928066738396e+18,,43.76923,Entire home/apt,1.0,2026-06-23,14.0,11
Confortevole e ben collegato con il centro,1.666866524156325e+18,,43.7675474,Entire home/apt,1.0,2026-06-15,1.0,10
"Apartment for 8, A/C, garden and elevator",1.6672410843403238e+18,,43.7672819,Entire home/apt,1.0,2026-06-12,5.0,1
Perosi Nest Moderno Loft a Novoli,1.667382701026831e+18,,43.79436,Entire home/apt,2.0,2026-06-18,1.0,6
Toc Toc – Boutique Apartment Santa Croce,1.4707098484756887e+18,,43.76908,Entire home/apt,1.0,2026-06-01,39.0,2
[Secrets Vittoria] 16 min to Santa Maria Novella,1.470350160883494e+18,,43.78241,Entire home/apt,2.0,2026-06-16,6.0,7
La Casa di Giuseppe,1.4668287128390904e+18,,43.7699208,Entire home/apt,2.0,,43.0,0
Appartamento centrale Firenze,1.4635273570590392e+18,,43.79224,Entire home/apt,2.0,2026-06-28,3.0,3
NiKKO 119 [Loft Deluxe With Garden City Center],1.4626155751537418e+18,,43.7646038,Entire home/apt,1.0,2026-06-19,19.0,8
Charming apartment Dante Alighieri,1.6688408830525596e+18,,43.76991,Entire home/apt,2.0,2026-06-18,1.0,8
La Casita de El Malo - Sweet Dreams in Florence,1.465579628809493e+18,,43.76111231961536,Entire home/apt,1.0,2026-06-20,86.0,1
Italian Experience- Maison D'Alice,1.462534952149325e+18,,43.77146,Entire home/apt,1.0,,8.0,0
Guerrazzi TOP bello A/C  next stazione ferroviaria,1.462624047109911e+18,,43.7757944,Entire home/apt,2.0,2026-06-16,18.0,8
Agnolo - Easy Access Apartment,1.4653001633634918e+18,,43.7701046,Entire home/apt,1.0,2026-06-18,3.0,5
Suite king,1.470664277530529e+18,,43.7761178,Entire home/apt,1.0,2026-05-18,3.0,1
The Renaissance Chapel by Maison Florence,1.4657176099646845e+18,,43.771572,Entire home/apt,2.0,2026-06-18,31.0,9
"Suite Pratellino - Centro a piedi, Comfort e Relax",1.6703676972991826e+18,,43.7827507,Entire home/apt,1.0,2026-06-16,1.0,7
50MT Tramvia[Florence Boutique Apt],1.470481710551191e+18,,43.77385,Entire home/apt,1.0,2026-06-21,11.0,14
w* | Charming Tuscan Tower with Private Pool,1.4703013536664796e+18,,43.74917,Entire home/apt,1.0,2026-05-22,4.0,4
Home Willy,1.4703592956347057e+18,,43.78109,Private room,1.0,,1.0,0
Dream Boutique Studio,1.6710045248637292e+18,,43.76705540939602,Entire home/apt,2.0,2026-06-21,1.0,11
Appartamento Firenze,1.6710322762091136e+18,,43.7525558,Entire home/apt,1.0,2026-06-16,1.0,4
BAMO Florence - Garage privato gratuito,1.6710870198415227e+18,,43.80510940188726,Entire home/apt,2.0,,1.0,0
Leopoldo Urban Loft | Balcony | 2 min Tram,1.6715866951240266e+18,,43.79179,Entire home/apt,1.0,2026-05-24,1.0,3
Camera indipendente,1.6719878089496888e+18,,43.75374009999999,Private room,2.0,2026-06-19,1.0,3
Dimora di design nel cuore autentico di Firenze,1.4625365890861947e+18,,43.77534,Entire home/apt,2.0,2026-06-01,2.0,3
The Light House,1.4658067990691116e+18,,43.77341,Entire home/apt,2.0,2026-06-17,58.0,6
Penthouse ~ Santa Maria Novella,1.6730585030200005e+18,,43.77248,Entire home/apt,3.0,,2.0,0
Stanza Caravaggio,1.4706599031638725e+18,,43.7864,Private room,1.0,2026-06-21,5.0,13
Vettori Hideaway by MMega,1.4626271213019407e+18,,43.7707509,Entire home/apt,1.0,2026-06-19,259.0,1
"camera grande, a uso singolo, con bagno a comune",1.4699994295891318e+18,,43.78982054496685,Private room,3.0,2026-05-15,2.0,1
Appartamento Firenze centro no ztl,1.6737138737923167e+18,,43.78012,Entire home/apt,2.0,2026-06-20,1.0,12
Appartamento Raffaello,1.6730585030200005e+18,,43.77988,Entire home/apt,3.0,,2.0,0
Golden Roof 4 by MMega,1.4626271213019407e+18,,43.7687318,Entire home/apt,1.0,,259.0,0
"House: 7 Guests, 3 Bedrooms, 2 Bathrooms, Parking",1.468293129355226e+18,,43.792911,Entire home/apt,1.0,2026-05-24,3.0,1
"Otomo, Garden Home with Private Parking",1.4704670064224358e+18,,43.793266,Entire home/apt,2.0,2026-06-22,10.0,4
Deluxe court view,,,43.7754,Private room,1.0,,,0
Suite Eleonora,1.470712668040313e+18,,43.7888071,Entire home/apt,1.0,,2.0,0
Suite Garden appartamento con piscina e posto auto,1.4631549820655624e+18,,43.81664,Entire home/apt,4.0,,5.0,0
Santo Stefano Penthouse al Ponte Vecchio,1.6759063917157978e+18,,43.769636396623,Entire home/apt,2.0,2026-06-22,1.0,2
Le Piazzole Collection - Stella,1.4670822434946514e+18,,43.7427019,Entire home/apt,1.0,,127.0,0
San Niccolò x7 | 10 min Ponte Vecchio | A/C & WiFi,1.4702487931652116e+18,,43.7643048,Entire home/apt,1.0,2026-06-19,19.0,5
[Mercato di San Lorenzo] Monolocale il Fiorino,1.4706316263541763e+18,,43.77654966491617,Entire home/apt,1.0,2026-05-19,2.0,3
Appartamento con divano letto francese,1.4625626163057144e+18,,43.7715,Entire home/apt,2.0,2026-06-08,2.0,1
Trilocale con cortile privato Firenze centro,1.678215769944522e+18,,43.7777732,Entire home/apt,31.0,,1.0,0
Numa | Large Room with Sofa Bed,1.6639260907572716e+18,,43.7755525,Entire home/apt,1.0,,4.0,0
UNYCA - Minimalist 3 bedroom Apartment in Florence,1.470449032762e+18,,43.78385,Entire home/apt,1.0,,40.0,0
Matrimonial room for single use,,,43.77626050000001,Private room,1.0,,,0
[3 Min da Boboli] 3 Camere • Parking Gratuito,1.469134945562926e+18,,43.7514179,Entire home/apt,1.0,2026-06-23,15.0,8
Luxury Ciompi 15,1.4631407907176468e+18,,43.770998006030155,Entire home/apt,1.0,2026-06-25,3.0,5
"Nel cuore di Firenze, come a casa !",1.6789018041321823e+18,,43.78829,Entire home/apt,1.0,2026-06-14,1.0,1
A due passi dal rinascimento,1.4629531754747533e+18,,43.770476279726296,Private room,1.0,2026-06-26,1.0,21
Elegant and bright apartment Laura II,1.4704514849658258e+18,,43.77606,Entire home/apt,1.0,2026-06-24,8.0,8
La Piazzole Collection - Frantoio,1.4670822434946514e+18,,43.7427019,Entire home/apt,1.0,,127.0,0
Stanza privata in stile caratteristico toscano,1.4668261761749417e+18,,43.77203540000001,Private room,31.0,,24.0,0
Terme Prime Apartment,1.4670822434946514e+18,,43.7700174,Entire home/apt,1.0,2026-05-24,127.0,1
Alinari Apartment & Private Parking,1.467264768529401e+18,,43.77589796703353,Entire home/apt,2.0,2026-06-07,1.0,6
Spacest - Apartment in Via Francesco Bar - 199391,1.4704351478440922e+18,,43.78966228998594,Entire home/apt,31.0,,15.0,0
Spacest - Apartment in Via Pietro Collet - 202736,1.4704351478440922e+18,,43.7713,Entire home/apt,31.0,,15.0,0
Double Economy Room,1.6615187851830607e+18,,43.779329317539855,Private room,1.0,,4.0,0
Beautiful apartment in Firenze,1.4698723042246615e+18,,43.77061,Entire home/apt,1.0,2026-06-20,1.0,5
Accademia Suite by FillYourHomeWithLove,1.4666926616413427e+18,,43.782864581199625,Entire home/apt,1.0,2026-06-10,4.0,3
Keys of Italy - Pepi - Elegant 1bdr in Florence,1.612395103540919e+18,,43.7703636,Entire home/apt,1.0,2026-05-27,11.0,1
Borgo Allegri Family Retreat,1.4696556995503752e+18,,43.76873639999999,Entire home/apt,2.0,2026-06-14,3.0,1
Royal Residence San Martino | Santo Spirito,1.6567589553061888e+18,,43.7680644,Entire home/apt,1.0,,5.0,0
Elegant & Spacious 3BR with Terrace in city center,1.4625835142087268e+18,,43.7705,Entire home/apt,1.0,2026-06-24,1.0,5
Luxury suite in San Frediano,1.462516092525658e+18,,43.7703,Entire home/apt,2.0,2026-05-23,2.0,1
[Duomo-Station 2 Minutes away] The mirror suite,1.6831536600040054e+18,,43.77727660000001,Entire home/apt,1.0,2026-06-20,1.0,1
La Divina Commedia - Paradiso,1.4628816592556782e+18,,43.790839857001174,Private room,1.0,,4.0,0
Da Vinci - Flo Apartments,1.4652865101990093e+18,,43.78402579999999,Entire home/apt,1.0,2026-06-15,26.0,3
Suite with garage and garden in San Frediano,1.6834863966914929e+18,,43.76716,Private room,2.0,2026-06-18,1.0,3
[Elegant Suite] 6 Minutes Walk From Duomo,1.4637785842843167e+18,,43.7758,Entire home/apt,1.0,,4.0,0
[Elegant Suite] 6 Minutes Walk From Duomo,1.4637785842843167e+18,,43.77635,Entire home/apt,1.0,2026-06-20,4.0,2
Albero Urban Retreat near SMN Station,1.4638435611492111e+18,,43.77472239999999,Entire home/apt,1.0,2026-06-21,19.0,4
Lovely Nest by MMega,1.4626271213019407e+18,,43.7691465,Entire home/apt,1.0,2026-06-02,259.0,2
Chic Apartment Daucus – Romantic Loft,1.4699607941069445e+18,,43.7643731,Entire home/apt,2.0,2026-06-11,15.0,4
big room to rent,1.4687353723394345e+18,,43.781814,Private room,31.0,,16.0,0
[Florence Cozy Suite] with Wi-Fi and SmartTV,1.4633586048307535e+18,,43.78609,Private room,2.0,2026-06-15,1.0,4
Florence Apartment - Da Elda e Dolfo,1.6849872487279606e+18,,43.7627185,Entire home/apt,1.0,2026-05-24,1.0,1
Modern and Comfortable flat - Florence Center,1.4704514849658258e+18,,43.769631768515566,Entire home/apt,1.0,2026-06-18,8.0,3
Albero Apartment by Maison Florence,1.4657176099646845e+18,,43.77448039999999,Entire home/apt,2.0,2026-06-24,31.0,2
Licia Home Florence,1.6856109630083459e+18,,43.78676220740227,Entire home/apt,1.0,2026-06-22,1.0,3
Minisuite by Bed and Dreams,1.685610478371817e+18,,43.7911374,Private room,1.0,,3.0,0
Spacest - Uffizi gallery two rooms / Bil - 120546,1.4704351478440922e+18,,43.76859,Entire home/apt,31.0,,15.0,0
"Spacest - Apartment in Via San Zanobi, F - 178159",1.4704351478440922e+18,,43.78066790750371,Entire home/apt,31.0,,15.0,0
Loft in Santo Spirito,1.4698984206573028e+18,,43.76213,Entire home/apt,1.0,,1.0,0
Spada Apartment by Maison Florence,1.4657176099646845e+18,,43.77053,Entire home/apt,2.0,2026-06-22,31.0,3
Signoria Lofted Apartment,1.4628654357227894e+18,,43.77025588260531,Entire home/apt,1.0,2026-05-31,1.0,1
Il Campanile by Hôtea,1.4706261933306478e+18,,43.77231829999999,Entire home/apt,1.0,2026-05-24,12.0,1
Adriana's holiday house,1.6870641404899791e+18,,43.7790072,Entire home/apt,1.0,2026-06-26,1.0,5
Ardiglione Central Living,1.469534420414424e+18,,43.766634,Entire home/apt,1.0,,47.0,0
Ponte Vecchio Modern Retreat - Grande,1.4670822434946514e+18,,43.7664019,Entire home/apt,1.0,,127.0,0
Bri&Bri Apartment,1.6878991209229422e+18,,43.80689,Entire home/apt,1.0,,1.0,0
Comfy double with view,,,43.7760202,Private room,1.0,,,0
UNYCA - Florence Terrace Apartment,1.470449032762e+18,,43.77981,Entire home/apt,1.0,,40.0,0
[Casa R&R]Relax 15'min piedi dal Centro 5min Tram,1.470344329572315e+18,,43.7813362,Entire home/apt,1.0,2026-06-14,1.0,1
UNYCA- Bright apartment with balcony (Florence),1.470449032762e+18,,43.7809171,Entire home/apt,1.0,2026-06-16,40.0,1
Romana Apartment by Mamo Florence,1.4626390518884895e+18,,43.76244302769678,Entire home/apt,1.0,,197.0,0
Stanza Rosa by Bed and Dreams,1.685610478371817e+18,,43.79026,Private room,1.0,2026-05-27,3.0,1
florence sky,1.6904753108325765e+18,,43.7760466,Private room,2.0,2026-06-18,2.0,4
[10 Min Duomo] • Family Stay • 2 Baths & A/C,1.469134945562926e+18,,43.7746552,Entire home/apt,1.0,2026-06-26,15.0,2
"Il Pianoforte, authentic with balcony",1.4679456465759964e+18,,43.78191,Entire home/apt,1.0,,5.0,0
Noble Palace Loft | Florence Center,1.467195833471526e+18,,43.77189,Entire home/apt,31.0,,1.0,0
LuxePortinari·HistoricSuite·DuomoView·Terraza,1.691328817571762e+18,,43.77271,Entire home/apt,1.0,,1.0,0
Room 2: balcony and bath near Ponte Vecchio,1.6672410843403238e+18,,43.76717278226013,Private room,1.0,2026-06-21,5.0,2
Room 4: two single with balcony and bathroom,1.6672410843403238e+18,,43.76724905060709,Private room,1.0,2026-06-26,5.0,4
La casa di Pinocchio,1.4703234658526129e+18,,43.776201369472446,Entire home/apt,1.0,2026-06-02,1.0,1
Dimora Donatello,1.4700716981386365e+18,,43.780053248220746,Entire home/apt,1.0,2026-06-25,2.0,5
Cosimo Apartment near Duomo,1.4773897816371366e+18,,43.7703357,Entire home/apt,2.0,2026-06-03,1.0,1
Appartamento,1.465624993362829e+18,,43.7873203,Private room,31.0,,3.0,0
Charming Loft in Authentic Florence,1.465479185360672e+18,,43.7652119,Entire home/apt,5.0,,1.0,0
San Jacopo 27,1.4686982020396887e+18,,43.7676832,Entire home/apt,2.0,,64.0,0
Brunelleschi Central Apartment,1.462653052328609e+18,,43.77586,Entire home/apt,1.0,,51.0,0
YiD Bright Garden Apartment • Easy Tram Access,1.462988130311036e+18,,43.79091,Entire home/apt,1.0,,80.0,0
Sweet Strozzi with elevator,1.4626345059502743e+18,,43.769868023544625,Entire home/apt,2.0,2026-06-15,12.0,1
GuestHost - Florence Modern & Quiet Nest,1.4671577548808717e+18,,43.78353730000001,Entire home/apt,2.0,2026-06-10,102.0,1
The Central Twin Suites: 2 Apartments Together,1.687623161443582e+18,,43.771545939012206,Entire home/apt,1.0,2026-06-13,3.0,1
Brand-New Luxury Flat in Central Florence,1.687623161443582e+18,,43.77235891290328,Entire home/apt,2.0,,3.0,0
Emma by MMega,1.4626271213019407e+18,,43.7659642,Entire home/apt,1.0,,259.0,0
Belfiore Chic Apartment,1.6942562464409375e+18,,43.78144,Entire home/apt,2.0,,1.0,0
Lungarno34 - Bright Modern Flat Private Park View,1.462621352246067e+18,,43.76576267798791,Entire home/apt,3.0,,10.0,0
Loft Rustico Familiare,1.470343665335081e+18,,43.79498,Entire home/apt,1.0,2026-06-14,2.0,3
[14 min Santa Croce] • Relax • Idromassaggio,1.469134945562926e+18,,43.75980149999999,Entire home/apt,1.0,2026-06-12,15.0,1
Leopoldo Oltrarno apartment-2 bdr-4pax,1.4670787214781212e+18,,43.7534047,Entire home/apt,2.0,2026-06-18,9.0,1
Edònico | Urban retreat,1.4670822434946514e+18,,43.781022,Entire home/apt,1.0,,127.0,0
silenzioso e centrale appartamento,1.462909533239037e+18,,43.7663284,Entire home/apt,31.0,,2.0,0
(Palazzo Strozzi) 200 Mq+4 Bedroom Center Florence,1.6956474998217423e+18,,43.77123,Entire home/apt,1.0,,1.0,0
"Exclusive Luxury Apt x4, 100m Duomo, A/C & Wi-Fi",1.4702487931652116e+18,,43.7754422,Entire home/apt,1.0,2026-06-15,19.0,4
S.Ambrogio Courtyard in Florence,1.4707098484756887e+18,,43.77150478022204,Entire home/apt,1.0,,39.0,0
[Big & Bright] 10' Santa Croce 20' Mandela,1.47007543834502e+18,,43.770341388868665,Entire home/apt,2.0,,1.0,0
Classic Florence D by MMega,1.4626271213019407e+18,,43.769234,Entire home/apt,1.0,2026-06-15,259.0,1
"Pitti Place APT
in Santo Spirito Oltrarno",1.6964817085283853e+18,,43.7668695,Entire home/apt,2.0,,1.0,0
Capo di Mondo Living,1.469534420414424e+18,,43.77344799999999,Entire home/apt,1.0,,47.0,0
Armonia e Stile,1.6022514431456192e+18,,43.793292039563504,Entire home/apt,2.0,2026-06-19,2.0,1
Appartamento Luxury,1.4704623899198623e+18,,43.76425796558601,Entire home/apt,1.0,2026-06-07,2.0,1
Orcagna 10 Elegante Appartamento,1.6978149428128942e+18,,43.7665215,Entire home/apt,1.0,,1.0,0
[Medici's Phoenix] 1 min to Signoria Square,1.4701813899830784e+18,,43.7704427,Entire home/apt,2.0,2026-06-16,2.0,1
Locazione Casa(+30 giorni)Zona Social HUB Belfiore,1.6978991601430205e+18,,43.7824120695178,Entire home/apt,31.0,,1.0,0
Aeroport Florence,1.47046113618409e+18,,43.7998505,Entire home/apt,1.0,,3.0,0
Camera accogliente con piccolo terrazzo.,1.4654561512093622e+18,,43.771699204193546,Private room,31.0,,4.0,0
Luxury Serragli Family,1.4704623899198623e+18,,43.76615,Entire home/apt,1.0,,2.0,0
Accademia Cozy Apartment,1.4697100180785198e+18,,43.77462893528834,Entire home/apt,1.0,2026-06-15,14.0,1
Stanza singola accogliente a Firenze,1.4631079262675996e+18,,43.78871,Private room,7.0,,2.0,0
La casa di Ele a due passi da Firenze,1.6994057180241725e+18,,43.76618,Entire home/apt,2.0,,1.0,0
GuestHost - San Lorenzo Escape in Florence,1.4671577548808717e+18,,43.7758583,Entire home/apt,1.0,2026-06-24,102.0,1
[Duomo] Appartamento storico e affrescato,1.4635015572442058e+18,,43.7715439,Entire home/apt,1.0,,36.0,0
Almea Florence - Suite 3,1.6999936345558582e+18,,43.7720033,Private room,1.0,2026-06-24,5.0,1
Bmi Florence rooms Orange,1.467969784717942e+18,,43.77322,Private room,1.0,,6.0,0
Smart double with view,,,43.77638,Private room,1.0,,,0
Comfy double,,,43.77526,Private room,1.0,,,0
Single,,,43.77526,Private room,1.0,,,0
Classic room,,,43.77638,Private room,,,,0
Classic room,,,43.77635,Private room,1.0,,,0
Smart double,,,43.77635,Private room,1.0,,,0
Comfy double with balcony,,,43.77635,Private room,1.0,,,0
Suite Torre Elvira,1.700746659719085e+18,,43.776927039915314,Entire home/apt,2.0,,1.0,0
[Firenze] Casa con corte privata vicino al centro,1.4700982677468874e+18,,43.7574795,Entire home/apt,2.0,2026-06-15,2.0,1
C5 Duomo Deluxe bilocale con ascensore,1.470721812797833e+18,,43.7757247,Entire home/apt,1.0,,2.0,0
San Marco Suite Seven,1.4625339288517727e+18,,43.777466,Entire home/apt,3.0,,103.0,0
Stunning apartment in Santo Spirito,1.4701666537774935e+18,,43.76841049999999,Entire home/apt,31.0,,29.0,0
Spacest - Casa Lares - San Donato Firenz - 164962,1.4704351478440922e+18,,43.79040646198831,Entire home/apt,31.0,,15.0,0
"Spacest - Apartment in Viale Belfiore, F - 177273",1.4704351478440922e+18,,43.78144699070175,Entire home/apt,31.0,,15.0,0
"Spacest - volta della vecchia, Firenze - 189338",1.4704351478440922e+18,,43.76961,Entire home/apt,31.0,,15.0,0
"Spacest - Apartment in Via di Ricorboli, - 211581",1.4704351478440922e+18,,43.76308,Entire home/apt,31.0,,15.0,0
CasadiA Suite,1.4637768305794332e+18,,43.76965149999999,Entire home/apt,1.0,,24.0,0
Indipendenza 13,1.4638211157777367e+18,,43.779744576121224,Entire home/apt,3.0,,4.0,0
[Maison Ariento] Elegant Design - 4 Suites Rooms,1.4699816741040317e+18,,43.77730133726222,Entire home/apt,2.0,2026-06-21,6.0,2
Hidden Gem near train Station,1.4636297882469217e+18,,43.77478,Entire home/apt,31.0,,7.0,0
Duca’s home,1.7022036325318671e+18,,43.79502,Entire home/apt,1.0,2026-06-21,1.0,2
La Maisonette | Boutique Studio in Florence,1.46731088161031e+18,,43.7736495,Entire home/apt,1.0,2026-06-18,13.0,1
The White Terrace by Maison Florence,1.4657176099646845e+18,,43.765520124594495,Entire home/apt,2.0,,31.0,0
View of the Vasari Corridor | Ponte Vecchio 1 Min.,1.6759991584728899e+18,,43.7669127,Entire home/apt,1.0,,1.0,0
Sant’Ambrogio Apartment,1.469998646177477e+18,,43.77420996591528,Entire home/apt,1.0,,6.0,0
2 br nel cuore di firenze,1.4699809236007135e+18,,43.77150246963062,Entire home/apt,2.0,,1.0,0
"Bright 2-bath flat near Accademia, Toc-Toc",1.4707098484756887e+18,,43.77640624990368,Entire home/apt,2.0,,39.0,0
Healthy Home | David Secret Gallery,1.4626798078547236e+18,,43.77704,Entire home/apt,1.0,2026-06-24,8.0,3
Passera Royal Suite,1.467969784717942e+18,,43.7666378,Entire home/apt,1.0,,6.0,0
Albia Suites - Appartament for 3 Guests,1.465579628809493e+18,,43.78364373753612,Entire home/apt,1.0,,86.0,0
Historic Fresco Apartment,1.4707007488189135e+18,,43.7656971,Entire home/apt,1.0,,11.0,0
NEW Central & Cozy Apartment - city center,1.7058052334014733e+18,,43.7800902,Entire home/apt,2.0,,1.0,0
Toscanella Royal Suite,1.467969784717942e+18,,43.7666378,Entire home/apt,1.0,,6.0,0
Alina Apartment by Mamo Florence,1.4626390518884895e+18,,43.77312806593207,Entire home/apt,1.0,,197.0,0
Over the Rooftops of Florence – Historic Center,1.7065118201245588e+18,,43.77068,Entire home/apt,2.0,2026-06-19,1.0,1
Stanza privata accogliente e caratteristica,1.4668261761749417e+18,,43.77241,Private room,31.0,,24.0,0
Country Resort on the hills of Florence,1.4700460903978593e+18,,43.739234,Entire home/apt,3.0,,1.0,0
Studio romantico | A due passi dal Ponte Vecchio,1.708023611947108e+18,,43.7646448,Entire home/apt,1.0,,1.0,0
Ampia e luminosa stanza privata con balcone,1.4668261761749417e+18,,43.76671,Private room,31.0,,24.0,0
casa relax centro storico vicinissimo al Duomo,1.7088209627094226e+18,,43.767653912728576,Entire home/apt,1.0,,1.0,0
Appartamento Zannoni 1,1.7092959056608527e+18,,43.77656924005437,Entire home/apt,2.0,,2.0,0
The Locksmith's house by Maison Florence,1.4657176099646845e+18,,43.77172,Entire home/apt,2.0,,31.0,0
"Viola Apartment | House with Terrace, Firenze",1.7094425662534216e+18,,43.7992702,Entire home/apt,1.0,2026-06-26,1.0,1
Casa Zazzà,1.7096673423159137e+18,,43.78988246124866,Private room,2.0,,1.0,0
"La Stanzina a Casa
del Fotografo",1.4629384479809597e+18,,43.789949,Private room,2.0,,2.0,0
Camera singola con terrazza,1.4687353723394345e+18,,43.77963146111462,Private room,31.0,,16.0,0
Central single room,1.4687353723394345e+18,,43.7706935,Entire home/apt,31.0,,16.0,0
Camera doppia per due persone in casa condivisa,1.4687353723394345e+18,,43.7706935,Private room,31.0,,16.0,0
Spacious Florence Retreat,1.468498271241803e+18,,43.773742,Entire home/apt,2.0,,13.0,0
Romantic Apartment,1.4703084330862723e+18,,43.77043,Entire home/apt,1.0,,2.0,0
Stylish Florence Retreat | 2 Min to Campo di Marte,1.5293372930575772e+18,,43.779208,Entire home/apt,1.0,,8.0,0
Santa Croce Charming Studio,1.4701131472264307e+18,,43.7685,Entire home/apt,2.0,,3.0,0
Viale Corsica 29,1.627778104315488e+18,,43.78861463546316,Entire home/apt,3.0,,2.0,0
King En-Suite Room in Shared Apartment,1.4657081287473974e+18,,43.7815377,Private room,2.0,,3.0,0
Olivuzzo 22,1.4627109893203584e+18,,43.7708682,Private room,1.0,,1.0,0
Elegante appartamento vicino al centro (3-4 pers),1.713143829157726e+18,,43.7833314,Entire home/apt,3.0,,1.0,0
Stunning Apartment in Santo Spirito,1.4701666537774935e+18,,43.7686805,Entire home/apt,31.0,,29.0,0
Stanza privata ampia con balcone vicino al centro,1.4668261761749417e+18,,43.7667898974132,Private room,31.0,,24.0,0
Easy Loft Firenze,1.4682208230602621e+18,,43.77512422781638,Entire home/apt,1.0,,2.0,0
Central Station Bright Boutique Room With Ensuite,1.463928066738396e+18,,43.77570515808562,Private room,1.0,,14.0,0
Appartamento Firenze centrale,1.4635273570590392e+18,,43.79271376828587,Entire home/apt,3.0,,3.0,0
Firenze da fiaba • Terrazza privata e tramvia,1.468579380218451e+18,,43.79119,Entire home/apt,4.0,,1.0,0
Central Station Grand Boutique Room With Ensuite,1.463928066738396e+18,,43.7747446,Private room,1.0,,14.0,0
Ognissanti Blue House by Maison Florence,1.4657176099646845e+18,,43.77405592295098,Entire home/apt,2.0,,31.0,0
